"Ticker","Date","Close","High","Low","Open","Volume","Symbol","Daily_Return","Cumulative_Return","Sector"
"WU","2010-01-04",9.24119853973389,9.31381122934325,9.22183466340049,9.24603950881724,4277900,"WU",NA,1,"Financial_Serv"
"WU","2010-01-05",9.20247268676758,9.27024441448416,9.08629218640178,9.27024441448416,3914900,"WU",-0.00419056606129617,0.995809433938704,"Financial_Serv"
"WU","2010-01-06",9.19763278961182,9.22183671709832,9.1347020241545,9.14438304115672,4207900,"WU",-0.000525934422247306,0.995285703479397,"Financial_Serv"
"WU","2010-01-07",9.49292087554932,9.5510106425089,9.12501563263126,9.15890148391105,8256900,"WU",0.0321047918189352,1.02723914378997,"Financial_Serv"
"WU","2010-01-08",9.58489799499512,9.58973896355332,9.42030875729768,9.48808139379214,5673900,"WU",0.00968902202510757,1.0371920864792,"Financial_Serv"
"WU","2010-01-11",9.66719627380371,9.67687821458565,9.55585672477345,9.66235530341274,5324200,"WU",0.00858624461643378,1.04609767144794,"Financial_Serv"
"WU","2010-01-12",9.60910606384277,9.63815096162285,9.39610799237402,9.61878800420968,5087200,"WU",-0.00600900285001465,1.03981166755881,"Financial_Serv"
"WU","2010-01-13",9.7446460723877,9.80757773908564,9.62846559923801,9.64298850462685,5782200,"WU",0.0141053712639236,1.05447859717429,"Financial_Serv"
"WU","2010-01-14",9.62362289428711,9.72044039943557,9.55585119467528,9.72044039943557,3248600,"WU",-0.0124194534313068,1.04138254934238,"Financial_Serv"
"WU","2010-01-15",9.45419502258301,9.65267010606387,9.43483114940424,9.65267010606387,4712600,"WU",-0.017605414672335,1.02304857772867,"Financial_Serv"
"WU","2010-01-19",9.6139440536499,9.6139440536499,9.39126411084626,9.43967287435317,5510000,"WU",0.0168971584238855,1.04033519162188,"Financial_Serv"
"WU","2010-01-20",9.43967247009277,9.5413300381154,9.36705978960228,9.5413300381154,5009000,"WU",-0.0181269604425217,1.02147707675639,"Financial_Serv"
"WU","2010-01-21",9.40578937530518,9.56069671871251,9.34769865986713,9.47356110721574,6601200,"WU",-0.00358943542744176,1.01781055074876,"Financial_Serv"
"WU","2010-01-22",9.10081005096436,9.42514748053524,9.03303835393526,9.39126163202069,8153700,"WU",-0.0324246389294599,0.984808411142136,"Financial_Serv"
"WU","2010-01-25",9.01851749420166,9.25087936566328,8.95558675032519,9.25087936566328,4601800,"WU",-0.00904233318812926,0.975903445362117,"Financial_Serv"
"WU","2010-01-26",8.86360836029053,9.01851562697888,8.82972251111747,8.93622102613568,6389800,"WU",-0.017176784766535,0.959140561928212,"Financial_Serv"
"WU","2010-01-27",8.88297653198242,8.93138530709514,8.80552286113031,8.8345677568697,5930200,"WU",0.00218513396628229,0.96123641254852,"Financial_Serv"
"WU","2010-01-28",8.83456516265869,8.96042757166487,8.78615640176088,8.93622272955581,5696400,"WU",-0.00544990399889377,0.95599776637989,"Financial_Serv"
"WU","2010-01-29",8.97494983673096,9.12017518574488,8.86845038568851,8.92654107928623,6724300,"WU",0.0158903886594932,0.971188942445273,"Financial_Serv"
"WU","2010-02-01",8.9943151473999,9.0524058562508,8.90717954578381,9.03304197886033,6174400,"WU",0.00215770684195812,0.973284483471222,"Financial_Serv"
"WU","2010-02-02",9.12501430511475,9.13953628308187,8.96526608423594,8.99915193058598,5609400,"WU",0.0145313073394617,0.987427579429271,"Financial_Serv"
"WU","2010-02-03",8.31175327301025,8.81520202791688,8.08423327803481,8.26334450805452,50847200,"WU",-0.0891243569501742,0.89942373137777,"Financial_Serv"
"WU","2010-02-04",8.00677871704102,8.17620799022557,7.85187050205468,8.13264019902946,34294500,"WU",-0.0366919644931648,0.866422107761747,"Financial_Serv"
"WU","2010-02-05",7.98741626739502,8.00678014396434,7.67276065970719,7.95353040671916,16719900,"WU",-0.00241825712065534,0.864326876330159,"Financial_Serv"
"WU","2010-02-08",7.82282304763794,8.0116161319643,7.8131411142571,8.00193512190346,14785800,"WU",-0.0206065659090483,0.8465160675861,"Financial_Serv"
"WU","2010-02-09",7.81314373016357,7.99225586439734,7.71148616558895,7.9148022180585,19461200,"WU",-0.00123731770684598,0.845468658266546,"Financial_Serv"
"WU","2010-02-10",7.95837259292603,8.0358262644073,7.75021550457488,7.81314626640819,15728500,"WU",0.0185877628491305,0.861184029182777,"Financial_Serv"
"WU","2010-02-11",7.82282304763794,7.94384444493843,7.79377817081542,7.89059473466382,15781600,"WU",-0.0170323195735485,0.8465160675861,"Financial_Serv"
"WU","2010-02-12",7.80346202850342,7.90027861622646,7.72600792733679,7.81314304095157,10303100,"WU",-0.00247494018676128,0.844420990951692,"Financial_Serv"
"WU","2010-02-16",7.98741626739502,8.03582503549787,7.80346405658874,7.9196445460433,9555700,"WU",0.0235734137258154,0.864326876330159,"Financial_Serv"
"WU","2010-02-17",7.93900680541992,8.08907314243449,7.93900680541992,7.99225653801105,4641900,"WU",-0.00606071605065923,0.859088436557769,"Financial_Serv"
"WU","2010-02-18",7.96805143356323,7.99709724492772,7.93416557695834,7.93900654551909,4625700,"WU",0.00365847124900837,0.862231386903271,"Financial_Serv"
"WU","2010-02-19",7.91480207443237,7.96805087824887,7.87607525196571,7.93416502400557,6963200,"WU",-0.00668285835939274,0.856469216671574,"Financial_Serv"
"WU","2010-02-22",7.83250665664673,7.93900517665946,7.80346177361056,7.92932324120734,8705700,"WU",-0.0103976596018096,0.847563941297194,"Financial_Serv"
"WU","2010-02-23",7.76473379135132,7.9002771740851,7.76473379135132,7.88575519640365,7570700,"WU",-0.00865276829837068,0.840230166895096,"Financial_Serv"
"WU","2010-02-24",7.74537324905396,7.82766787675797,7.72600983439773,7.80830400044152,7906700,"WU",-0.00249339421255212,0.838135141859748,"Financial_Serv"
"WU","2010-02-25",7.72600698471069,7.76473426139906,7.60498557233218,7.67275772946177,8671700,"WU",-0.0025003655370162,0.83603949763568,"Financial_Serv"
"WU","2010-02-26",7.63887119293213,7.75505209622261,7.60982631335454,7.750211129073,7390900,"WU",-0.0112782439817879,0.826610440202933,"Financial_Serv"
"WU","2010-03-01",7.74537324905396,7.7792591092873,7.6291927611166,7.68728300508528,7732200,"WU",0.0139421196446364,0.838135141859748,"Financial_Serv"
"WU","2010-03-02",7.6679162979126,7.88575519633286,7.65339385857126,7.88091422933241,8930400,"WU",-0.0100004155578711,0.829753442147495,"Financial_Serv"
"WU","2010-03-03",7.60498905181885,7.74053296643295,7.60498905181885,7.70180613368606,7149800,"WU",-0.00820656403238001,0.822944017393424,"Financial_Serv"
"WU","2010-03-04",7.75505208969116,7.79377890353536,7.5904629000233,7.63403068101304,9927800,"WU",0.0197321832878148,0.839182499580242,"Financial_Serv"
"WU","2010-03-05",7.8954381942749,7.90996109893165,7.7550538092075,7.82282551763174,6846600,"WU",0.0181025353485835,0.854373830442806,"Financial_Serv"
"WU","2010-03-08",7.85186958312988,7.92448317550543,7.83250663559787,7.90996027236629,5737000,"WU",-0.00551820051946094,0.849659224327842,"Financial_Serv"
"WU","2010-03-09",7.90511894226074,7.92448281222524,7.76473457829866,7.83250627653414,9019600,"WU",0.00678174268778842,0.85542139455954,"Financial_Serv"
"WU","2010-03-10",7.99225807189941,8.00678098084436,7.81798685784227,7.91480440416747,9640700,"WU",0.0110231269478852,0.864850813185706,"Financial_Serv"
"WU","2010-03-11",8.11812019348145,8.14716508690835,7.93900801682106,7.97773484916378,7827000,"WU",0.0157480051882408,0.878470488278809,"Financial_Serv"
"WU","2010-03-12",8.18589019775391,8.19073116619375,8.07939166203826,8.161686278875,5575800,"WU",0.00834799222692931,0.885803953086548,"Financial_Serv"
"WU","2010-03-15",8.08907604217529,8.17621166371669,8.0309862433615,8.16168967567359,8710300,"WU",-0.0118269550702229,0.875327589532367,"Financial_Serv"
"WU","2010-03-16",7.86155414581299,8.13748293442829,7.82766828381749,7.95837168578911,15668000,"WU",-0.0281270561898587,0.850707201237057,"Financial_Serv"
"WU","2010-03-17",8.16279792785645,8.18709252645817,7.89556383044669,7.91985750230424,10028200,"WU",0.0383186042423809,0.883305113807403,"Financial_Serv"
"WU","2010-03-18",8.16279792785645,8.19681036589886,8.08991598553962,8.18223360673783,6454200,"WU",0,0.883305113807403,"Financial_Serv"
"WU","2010-03-19",8.09477615356445,8.22596422601191,8.05104679608197,8.09477615356445,7976000,"WU",-0.00833314445526826,0.875944404695969,"Financial_Serv"
"WU","2010-03-22",8.21624851226807,8.24054219416163,8.05590780223468,8.05590780223468,6188800,"WU",0.0150062653245975,0.889089058842433,"Financial_Serv"
"WU","2010-03-23",8.28912830352783,8.34257550172328,8.21138742983135,8.22110527072949,6867700,"WU",0.00887020288528827,0.896975459177455,"Financial_Serv"
"WU","2010-03-24",8.20167064666748,8.2794124571343,8.16280020480629,8.2696946149829,5866000,"WU",-0.0105508870966721,0.887511572379188,"Financial_Serv"
"WU","2010-03-25",8.24539661407471,8.37172572978621,8.23082078359449,8.279409047598,12780900,"WU",0.0053313488545158,0.892243206183961,"Financial_Serv"
"WU","2010-03-26",8.28427028656006,8.29884704949701,8.22110616732212,8.29884704949701,5075900,"WU",0.0047145909778306,0.896449767953867,"Financial_Serv"
"WU","2010-03-29",8.35229110717773,8.38630261447392,8.30856176158434,8.33771434973191,3781400,"WU",0.00821084033533153,0.903810373867181,"Financial_Serv"
"WU","2010-03-30",8.25997257232666,8.39116059442334,8.21624323162777,8.38144275721382,5273800,"WU",-0.0110530791691082,0.893820486250966,"Financial_Serv"
"WU","2010-03-31",8.24054050445557,8.30370554721827,8.21138790681206,8.25025834591819,7401800,"WU",-0.00235255840148875,0.891717721356614,"Financial_Serv"
"WU","2010-04-01",8.28912830352783,8.45432789181893,8.23082311162763,8.30856398532411,6969000,"WU",0.00589619079549391,0.896975459177455,"Financial_Serv"
"WU","2010-04-05",8.4397497177124,8.48347813614385,8.29884384398153,8.32313751274834,6680700,"WU",0.0181709594385777,0.913274363863568,"Financial_Serv"
"WU","2010-04-06",8.50291347503662,8.57579540518813,8.43003154488511,8.43003154488511,7567600,"WU",0.00748407943800249,0.920109381751415,"Financial_Serv"
"WU","2010-04-07",8.37658500671387,8.5417845553368,8.34743241776397,8.45918478102533,6621700,"WU",-0.0148570803047258,0.906439242777602,"Financial_Serv"
"WU","2010-04-08",8.45918750762939,8.50777578936982,8.31828251000098,8.36201094414854,6274300,"WU",0.00986111892248704,0.915377747946641,"Financial_Serv"
"WU","2010-04-09",8.4980583190918,8.52721091871245,8.42517635666795,8.4543289562886,5384000,"WU",0.00459509987541292,0.919584000122187,"Financial_Serv"
"WU","2010-04-12",8.48834037780762,8.62924630669281,8.4689056205357,8.50777606182396,5273900,"WU",-0.00114354843415787,0.91853241127877,"Financial_Serv"
"WU","2010-04-13",8.4980583190918,8.52235292439603,8.40574067242455,8.43975311985049,4556900,"WU",0.00114485763431292,0.919584000122187,"Financial_Serv"
"WU","2010-04-14",8.57093811035156,8.61466746207737,8.47376249398414,8.54178551811576,5907000,"WU",0.00857605214311525,0.927470400457209,"Financial_Serv"
"WU","2010-04-15",8.51749229431152,8.61466791579702,8.50291553405379,8.55636272825457,5581700,"WU",-0.00623570201440258,0.921686971412779,"Financial_Serv"
"WU","2010-04-16",8.37658500671387,8.5417845553368,8.33285565991697,8.49319628925757,5843500,"WU",-0.0165432832491979,0.906439242777602,"Financial_Serv"
"WU","2010-04-19",8.40573978424072,8.46890482461304,8.34257567061274,8.34257567061274,6909400,"WU",0.00348050876383249,0.909594112505971,"Financial_Serv"
"WU","2010-04-20",8.45432472229004,8.48347730731083,8.391160633621,8.45432472229004,5264100,"WU",0.00577997169748278,0.914851540732453,"Financial_Serv"
"WU","2010-04-21",8.47376728057861,8.48348419898323,8.40574329127795,8.43975574930064,6088000,"WU",0.00229971747327299,0.916955440806126,"Financial_Serv"
"WU","2010-04-22",8.47862339019775,8.50291706826646,8.37172898250884,8.38144682443409,8236200,"WU",0.000573075641370344,0.917480925633474,"Financial_Serv"
"WU","2010-04-23",8.63896465301514,8.63896465301514,8.43975351394048,8.46404719363467,5103100,"WU",0.0189112377609265,0.934831625559244,"Financial_Serv"
"WU","2010-04-26",8.7021312713623,8.85761309017196,8.6535429712981,8.68269650738347,14884800,"WU",0.00731182738722305,0.94166695304145,"Financial_Serv"
"WU","2010-04-27",9.23174095153809,9.50869303180508,9.15885897148014,9.15885897148014,32835800,"WU",0.0608597668388047,0.99897658424336,"Financial_Serv"
"WU","2010-04-28",9.04710292816162,9.27546662163278,8.92077378068472,9.24145510630136,15051500,"WU",-0.0200003471009119,0.97899670581281,"Financial_Serv"
"WU","2010-04-29",9.07625579833984,9.20258494964637,8.9645034083648,9.0859736392275,8554400,"WU",0.00322234315335092,0.982151369144939,"Financial_Serv"
"WU","2010-04-30",8.86732769012451,9.12970385839565,8.84789200651432,9.07139773430948,11664200,"WU",-0.0230191956746688,0.959543034596448,"Financial_Serv"
"WU","2010-05-03",8.85274982452393,8.96936113142419,8.83331507007936,8.94020853638519,7609800,"WU",-0.00164399761799953,0.957965548133203,"Financial_Serv"
"WU","2010-05-04",8.63896465301514,8.76043490497502,8.55636484461263,8.76043490497502,11105400,"WU",-0.0241490131028622,0.934831625559244,"Financial_Serv"
"WU","2010-05-05",8.54178810119629,8.69241095449865,8.4834819723484,8.55150594379502,5456200,"WU",-0.0112486340345115,0.92431604671944,"Financial_Serv"
"WU","2010-05-06",8.36687278747559,8.57580182321552,7.91986210746646,8.48348414833735,15012300,"WU",-0.0204775992624081,0.905388273122906,"Financial_Serv"
"WU","2010-05-07",8.0413293838501,8.38630534163203,7.94415374950943,8.33285814036083,15320700,"WU",-0.0389086116037041,0.870160872453419,"Financial_Serv"
"WU","2010-05-10",8.37658500671387,8.44460802317833,8.30370307096707,8.37658500671387,11335900,"WU",0.0416915670109328,0.906439242777602,"Financial_Serv"
"WU","2010-05-11",8.15794277191162,8.33771823036278,8.06562511860874,8.33771823036278,9176000,"WU",-0.0261015956534797,0.882779732178175,"Financial_Serv"
"WU","2010-05-12",8.28912830352783,8.323139819927,8.13850547658394,8.18223483388125,7515700,"WU",0.0160807124153766,0.896975459177455,"Financial_Serv"
"WU","2010-05-13",8.2648344039917,8.38630463169279,8.25025764303962,8.25025764303962,8497100,"WU",-0.0029308147547666,0.894346590267034,"Financial_Serv"
"WU","2010-05-14",8.08505821228027,8.26483456044862,8.03161194126615,8.23082304432755,11157600,"WU",-0.0217519411670969,0.874892815852552,"Financial_Serv"
"WU","2010-05-17",8.07534027099609,8.22110415775742,7.94415221686439,8.09963394320825,9021300,"WU",-0.00120196305691643,0.873841227009136,"Financial_Serv"
"WU","2010-05-18",7.86641263961792,8.21138766049354,7.84697695727568,8.15794138754107,9670500,"WU",-0.0258723006544469,0.851232944059705,"Financial_Serv"
"WU","2010-05-19",7.79838943481445,7.95387212840525,7.78381359838788,7.90042492352265,14244400,"WU",-0.00864729679458701,0.84387208015109,"Financial_Serv"
"WU","2010-05-20",7.51657772064209,7.74980033233019,7.47284836510754,7.64776532387361,11139000,"WU",-0.0361371686459088,0.813376932475097,"Financial_Serv"
"WU","2010-05-21",7.72550535202026,7.735223191467,7.38538884870988,7.38538884870988,11210300,"WU",0.027795579204139,0.835985215424528,"Financial_Serv"
"WU","2010-05-24",7.57002401351929,7.72064728901294,7.57002401351929,7.67691793601891,5774600,"WU",-0.0201257175312573,0.819160413118586,"Financial_Serv"
"WU","2010-05-25",7.62346982955933,7.628328748948,7.36109420640783,7.40968247355043,9238400,"WU",0.00706019108322382,0.824943842163016,"Financial_Serv"
"WU","2010-05-26",7.60889577865601,7.80810689861902,7.57974318047089,7.64776621848429,10637400,"WU",-0.00191173458138586,0.823366768492252,"Financial_Serv"
"WU","2010-05-27",7.90042591094971,7.91014375427829,7.68663799144366,7.73036735967773,7301900,"WU",0.0383143810579563,0.854913556610722,"Financial_Serv"
"WU","2010-05-28",7.75465822219849,7.92957515772282,7.72550516792506,7.90528148642905,5441800,"WU",-0.0184506114473135,0.839139878756657,"Financial_Serv"
"WU","2010-06-01",7.62346982955933,7.82268135414632,7.61861137354271,7.7060696056785,8407600,"WU",-0.0169173661662638,0.824943842163016,"Financial_Serv"
"WU","2010-06-02",7.65748119354248,7.70606899345285,7.60889293026009,7.67691640618103,8887600,"WU",0.0044614020575353,0.828624248317793,"Financial_Serv"
"WU","2010-06-03",7.84697580337524,7.8518347232463,7.67205885836625,7.68663515460731,6867200,"WU",0.0247463369537967,0.849129663174752,"Financial_Serv"
"WU","2010-06-04",7.59431934356689,7.7740952403964,7.57488412400079,7.65748392299978,10025100,"WU",-0.0321979404727709,0.821789436826187,"Financial_Serv"
"WU","2010-06-07",7.43883514404297,7.68663399628788,7.4193999308596,7.6429046507823,9292000,"WU",-0.0204737505087451,0.804964324925886,"Financial_Serv"
"WU","2010-06-08",7.50200176239014,7.50200176239014,7.33680262645871,7.47770808526964,8890500,"WU",0.00849146635515265,0.811799652408092,"Financial_Serv"
"WU","2010-06-09",7.53601169586182,7.6720581969173,7.45827083811583,7.53115277640968,6681500,"WU",0.00453344781151373,0.815479903765689,"Financial_Serv"
"WU","2010-06-10",7.80810737609863,7.81296629721735,7.63804930729358,7.63804930729358,6589200,"WU",0.036106058644552,0.844923668994507,"Financial_Serv"
"WU","2010-06-11",7.81782579421997,7.82268471569661,7.71093183859521,7.71093183859521,5209200,"WU",0.001244657335411,0.845975309436983,"Financial_Serv"
"WU","2010-06-14",7.74008512496948,7.92471951262827,7.73036728173888,7.8907079880657,5244500,"WU",-0.00994402680448125,0.837562908284013,"Financial_Serv"
"WU","2010-06-15",7.95872783660889,7.95872783660889,7.80810503408525,7.82268179306915,8854800,"WU",0.0282481016822494,0.8612224704825,"Financial_Serv"
"WU","2010-06-16",7.91484212875366,7.97336262934755,7.8514457724161,7.92947248644009,4842600,"WU",-0.00551416115190638,0.856473550992617,"Financial_Serv"
"WU","2010-06-17",7.93434524536133,7.96848179915228,7.85631857093877,7.9538514488913,3056400,"WU",0.00246411947205031,0.858584004146913,"Financial_Serv"
"WU","2010-06-18",7.90021228790283,7.97336221220435,7.87582835970116,7.91484171467209,4736500,"WU",-0.00430192491037005,0.854890440231829,"Financial_Serv"
"WU","2010-06-21",7.80267524719238,8.04650884866714,7.76366190816248,7.99774194234192,4443300,"WU",-0.0123461290856453,0.844335852502642,"Financial_Serv"
"WU","2010-06-22",7.695387840271,7.8416880848164,7.68563473867499,7.80267474828104,4789200,"WU",-0.0137500797511715,0.832726167193958,"Financial_Serv"
"WU","2010-06-23",7.70514059066772,7.74903070588924,7.56371714444042,7.66125047544621,4536000,"WU",0.00126735008022482,0.833781522768756,"Financial_Serv"
"WU","2010-06-24",7.5734748840332,7.70514531035068,7.54909142007709,7.67100827478176,7002200,"WU",-0.0170880342915471,0.819533835516025,"Financial_Serv"
"WU","2010-06-25",7.80267524719238,7.82218238178302,7.51982830668771,7.60760855204285,12492200,"WU",0.0302635668129556,0.844335852502642,"Financial_Serv"
"WU","2010-06-28",7.6758828163147,7.85144333340764,7.6758828163147,7.84656654902712,4645900,"WU",-0.0162498664702608,0.830615507643421,"Financial_Serv"
"WU","2010-06-29",7.28574991226196,7.57347371953676,7.23210667186741,7.57347371953676,11026500,"WU",-0.0508258025022903,0.788398807896596,"Financial_Serv"
"WU","2010-06-30",7.27111864089966,7.37352878225356,7.2516119694549,7.31988555204941,8062000,"WU",-0.00200820389644176,0.786815542338628,"Financial_Serv"
"WU","2010-07-01",7.3296365737915,7.36864990560216,7.1443230151531,7.27111657607553,8920700,"WU",0.00804799588369875,0.7931478305846,"Financial_Serv"
"WU","2010-07-02",7.26624155044556,7.42229538050055,7.23210499312527,7.38815835810455,5878900,"WU",-0.00864913597116508,0.786287787152639,"Financial_Serv"
"WU","2010-07-06",7.34427261352539,7.52958585069805,7.28087578393434,7.39791587006737,4962800,"WU",0.0107388479364616,0.794731612133168,"Financial_Serv"
"WU","2010-07-07",7.70026350021362,7.72952373088418,7.38328007083975,7.38328007083975,9701900,"WU",0.0484719053092652,0.833253767582767,"Financial_Serv"
"WU","2010-07-08",7.62224102020264,7.77829442919065,7.55396742123246,7.73440429164381,8551200,"WU",-0.0101324428714448,0.824810871385318,"Financial_Serv"
"WU","2010-07-09",7.73927927017212,7.74415605433345,7.58322589761551,7.64174591232424,4157000,"WU",0.01535483457677,0.837475705872561,"Financial_Serv"
"WU","2010-07-12",7.75391054153442,7.78804757168092,7.66613073634185,7.70026730141253,3624900,"WU",0.00189052117794675,0.839058971430529,"Financial_Serv"
"WU","2010-07-13",7.80267524719238,7.84168858622229,7.70026511596996,7.80267524719238,8550000,"WU",0.00628904671994177,0.844335852502642,"Financial_Serv"
"WU","2010-07-14",7.78316879272461,7.81730581412574,7.71001889629134,7.81730581412574,3785500,"WU",-0.0024999700551157,0.842225038154925,"Financial_Serv"
"WU","2010-07-15",7.79292154312134,7.81730546093167,7.64662175686478,7.77341487394875,6341700,"WU",0.00125305651932475,0.843280393729724,"Financial_Serv"
"WU","2010-07-16",7.48081588745117,7.72464951890616,7.42229587171106,7.71977273465888,9662100,"WU",-0.040049890653096,0.809507106170948,"Financial_Serv"
"WU","2010-07-19",7.49544763565063,7.55884445137449,7.42717403446898,7.49057085019283,5167500,"WU",0.00195590272767001,0.811090423327976,"Financial_Serv"
"WU","2010-07-20",7.65149688720703,7.65637367001182,7.38328034400224,7.38328034400224,4150800,"WU",0.0208192037543133,0.827976680114414,"Financial_Serv"
"WU","2010-07-21",7.52958154678345,7.71001882444541,7.48569188837789,7.70026525697149,5623200,"WU",-0.0159335280691836,0.814784090441181,"Financial_Serv"
"WU","2010-07-22",7.82218027114868,7.89045336349126,7.6027297169745,7.61248281656249,10053700,"WU",0.0388598918209777,0.846446512053179,"Financial_Serv"
"WU","2010-07-23",7.95385503768921,7.96848539455144,7.76854183485972,7.8173087609154,4787700,"WU",0.0168335121380667,0.860695179688051,"Financial_Serv"
"WU","2010-07-26",8.13429164886475,8.14892107425121,7.94897753265515,7.98311502891078,9118500,"WU",0.022685428678363,0.880220418800675,"Financial_Serv"
"WU","2010-07-27",8.13916969299316,8.3927560504832,8.0806491919405,8.29034633633081,9606300,"WU",0.000599688865237426,0.880748277184784,"Financial_Serv"
"WU","2010-07-28",8.03188037872314,8.11478385984592,8.01237416971569,8.10503122041798,5636100,"WU",-0.0131818500310152,0.86913838547986,"Financial_Serv"
"WU","2010-07-29",8.00261783599854,8.12941140628255,7.87582426571452,8.07576772227551,8388200,"WU",-0.00364329912110336,0.865971854363924,"Financial_Serv"
"WU","2010-07-30",7.91484212875366,8.01725277225502,7.71489855779822,7.71489855779822,7422500,"WU",-0.010968374229996,0.856473550992616,"Financial_Serv"
"WU","2010-08-02",7.93922424316406,8.09040085075454,7.83681362307584,8.01725093934957,8121700,"WU",0.00308055600020411,0.859111965729143,"Financial_Serv"
"WU","2010-08-03",7.81730651855469,7.93434654942485,7.79779938166725,7.92459298098113,6126000,"WU",-0.0153563775093455,0.84591911806061,"Financial_Serv"
"WU","2010-08-04",7.8660717010498,7.87582526850228,7.71977190986827,7.82218250781645,5083900,"WU",0.00623810546245962,0.851196050731783,"Financial_Serv"
"WU","2010-08-05",7.90996360778809,7.94410110156826,7.83193691087945,7.83193691087945,2993500,"WU",0.00557990168490626,0.855945641009447,"Financial_Serv"
"WU","2010-08-06",7.94410181045532,7.95873123608639,7.78804793763688,7.82218496938745,4800900,"WU",0.00431584825922892,0.859639772514192,"Financial_Serv"
"WU","2010-08-09",8.06601905822754,8.08552527010307,7.96360842288791,7.98311556491516,4273800,"WU",0.0153468888845005,0.872832568583665,"Financial_Serv"
"WU","2010-08-10",8.04651069641113,8.12453739238845,7.94410100674775,7.9489768613637,4863700,"WU",-0.00241858612973487,0.870721547839708,"Financial_Serv"
"WU","2010-08-11",7.82705640792847,7.91483663278991,7.79779664302504,7.91483663278991,4773000,"WU",-0.027273223980246,0.846974164041049,"Financial_Serv"
"WU","2010-08-12",7.83193445205688,7.8807013548524,7.69538777533537,7.71489444343844,5210000,"WU",0.000623228436615932,0.847502022425158,"Financial_Serv"
"WU","2010-08-13",7.79292154312134,7.88557857049788,7.77829165751082,7.79292154312134,3544700,"WU",-0.00498126090997876,0.843280393729724,"Financial_Serv"
"WU","2010-08-16",7.85144281387329,7.91483914632216,7.71489565070846,7.7441558899797,2885800,"WU",0.00750954188722825,0.849613043169115,"Financial_Serv"
"WU","2010-08-17",7.89045572280884,8.017249310894,7.88070215522889,7.91971549539729,3869900,"WU",0.0049688840459504,0.85383467186455,"Financial_Serv"
"WU","2010-08-18",7.92947101593018,7.99286736051097,7.83193717641181,7.87582731117991,2763100,"WU",0.00494461847223309,0.858056558555284,"Financial_Serv"
"WU","2010-08-19",7.83193445205688,7.9050843411745,7.77829123104234,7.87582457155771,4740400,"WU",-0.0123005133226847,0.847502022425158,"Financial_Serv"
"WU","2010-08-20",7.77341318130493,7.85144030608072,7.74415341645514,7.77828996380509,3587200,"WU",-0.00747213489977356,0.841169372985766,"Financial_Serv"
"WU","2010-08-23",7.72465085983276,7.84169091163003,7.72465085983276,7.7978007759371,2581100,"WU",-0.00627296148227929,0.835892749908953,"Financial_Serv"
"WU","2010-08-24",7.59297895431519,7.71001944809088,7.56859596380949,7.61248562576518,4454500,"WU",-0.0170456772619014,0.821644391868442,"Financial_Serv"
"WU","2010-08-25",7.72952318191528,7.76853650998815,7.51494941243894,7.54420964103137,4018600,"WU",0.0179829587862216,0.836419989104342,"Financial_Serv"
"WU","2010-08-26",7.69051027297974,7.8075502635771,7.68075670789217,7.77829003338997,3333000,"WU",-0.00504725945150474,0.832198360408908,"Financial_Serv"
"WU","2010-08-27",7.81730651855469,7.81730651855469,7.59785587932846,7.75390925382201,3727200,"WU",0.0164873644367194,0.84591911806061,"Financial_Serv"
"WU","2010-08-30",7.78804683685303,7.8807034183349,7.76854016364233,7.79779994092049,4808200,"WU",-0.00374293647462987,0.842752896539034,"Financial_Serv"
"WU","2010-08-31",7.64662313461304,7.82705950816325,7.59297943591629,7.76853995517727,5902200,"WU",-0.0181590718703403,0.827449286121845,"Financial_Serv"
"WU","2010-09-01",7.91972017288208,7.92947374622261,7.6710096336102,7.72953014350145,5809700,"WU",0.0357147244556683,0.857001409376726,"Financial_Serv"
"WU","2010-09-02",8.02700424194336,8.04163459749374,7.88558119222972,7.95385432449481,3313900,"WU",0.0135464469349095,0.86861073349199,"Financial_Serv"
"WU","2010-09-03",8.03675746917725,8.13916809335408,7.97823790977759,8.09040117375328,4252600,"WU",0.00121505195959949,0.869666140665849,"Financial_Serv"
"WU","2010-09-07",7.89045572280884,8.0367555159025,7.88557893901886,8.0367555159025,3392300,"WU",-0.0182040763242524,0.85383467186455,"Financial_Serv"
"WU","2010-09-08",7.91484212875366,7.97823941524303,7.88558234353262,7.89533591532357,3122600,"WU",0.00309062071970454,0.856473550992616,"Financial_Serv"
"WU","2010-09-09",7.95385503768921,8.0318817473176,7.89533547054379,8.02212910622786,3948100,"WU",0.0049290823873565,0.860695179688051,"Financial_Serv"
"WU","2010-09-10",7.97823762893677,8.0123741924102,7.88558057797202,7.98311441374034,3213400,"WU",0.00306550611395633,0.863333646023637,"Financial_Serv"
"WU","2010-09-13",8.16842937469482,8.16842937469482,8.00262237566201,8.05138930422786,5341400,"WU",0.0238388168670532,0.88391449870636,"Financial_Serv"
"WU","2010-09-14",8.32935810089111,8.35374109574527,8.08064764674191,8.134291351603,9407500,"WU",0.0197013059444248,0.901328768674087,"Financial_Serv"
"WU","2010-09-15",8.35373878479004,8.36349235209415,8.26595946950714,8.30497280857222,6243500,"WU",0.00292707836589682,0.903967028613433,"Financial_Serv"
"WU","2010-09-16",8.36349391937256,8.37324748850444,8.25620744937647,8.34398771126034,4115000,"WU",0.00116775671754078,0.905022642183532,"Financial_Serv"
"WU","2010-09-17",8.28059387207031,8.38788131665892,8.2171975067559,8.3830045300729,5787700,"WU",-0.00991213099470578,0.896051939201034,"Financial_Serv"
"WU","2010-09-20",8.52442359924316,8.53417716781417,8.29034353444805,8.29034353444805,5397900,"WU",0.0294459227127739,0.922437015349379,"Financial_Serv"
"WU","2010-09-21",8.44152069091797,8.5536848766785,8.39763055956636,8.51954738439826,4690400,"WU",-0.00972533888772911,0.913466002772521,"Financial_Serv"
"WU","2010-09-22",8.35373878479004,8.51466892470241,8.35373878479004,8.44151903022431,5802700,"WU",-0.0103988261525405,0.903967028613433,"Financial_Serv"
"WU","2010-09-23",8.26595687866211,8.42201018600977,8.26108009653861,8.32447640384194,7742100,"WU",-0.0105080980372235,0.894468054454346,"Financial_Serv"
"WU","2010-09-24",8.55855941772461,8.57806655317686,8.36836949782228,8.36836949782228,6173600,"WU",0.0353985078022642,0.926130888858824,"Financial_Serv"
"WU","2010-09-27",8.60732936859131,8.70974000561132,8.54880980185279,8.57319279963522,7370200,"WU",0.00569838316080363,0.931408337520597,"Financial_Serv"
"WU","2010-09-28",8.46590137481689,8.65609125113716,8.46590137481689,8.59757078834181,8262800,"WU",-0.016431112104353,0.916104262711868,"Financial_Serv"
"WU","2010-09-29",8.48541069030762,8.52930082097666,8.43664377510295,8.4707812668523,7285900,"WU",0.00230445815831922,0.918215386653945,"Financial_Serv"
"WU","2010-09-30",8.646897315979,8.67625833571739,8.51966498595268,8.58817434313224,8354600,"WU",0.0190310913125093,0.935690027521907,"Financial_Serv"
"WU","2010-10-01",8.65179061889648,8.87199965792999,8.59306764846558,8.73008729055772,5874000,"WU",0.000565902743916931,0.936219537075937,"Financial_Serv"
"WU","2010-10-04",8.51966381072998,8.70561908795196,8.49519645321807,8.62242876569367,4813200,"WU",-0.0152716141648093,0.921921953532157,"Financial_Serv"
"WU","2010-10-05",8.79370307922363,8.80349039662723,8.51477106681074,8.59306773929962,5896300,"WU",0.0321655026045179,0.951576036529658,"Financial_Serv"
"WU","2010-10-06",8.646897315979,8.80838432459512,8.59796166083503,8.80349066574372,3727100,"WU",-0.0166944189406939,0.935690027521907,"Financial_Serv"
"WU","2010-10-07",8.60285568237305,8.72030069964793,8.58328197951225,8.69583333772943,3350700,"WU",-0.0050933452771054,0.930924235139394,"Financial_Serv"
"WU","2010-10-08",8.68115329742432,8.70072793576763,8.56370826747479,8.62243124913462,2555000,"WU",0.00910135168391801,0.93939690399448,"Financial_Serv"
"WU","2010-10-11",8.73987293243408,8.77902126076001,8.67625631554834,8.73008561701016,2294200,"WU",0.00676403618251824,0.945751018642844,"Financial_Serv"
"WU","2010-10-12",8.68115329742432,8.72030164074082,8.52455992415828,8.70072793576763,5249000,"WU",-0.00671859138727913,0.93939690399448,"Financial_Serv"
"WU","2010-10-13",8.63710880279541,8.73008644136272,8.49519644922728,8.72029912501461,9548700,"WU",-0.00507357641547168,0.934630802017606,"Financial_Serv"
"WU","2010-10-14",8.69093799591064,8.75944734271354,8.64200234817864,8.66157698061938,3526200,"WU",0.00623231620027902,0.940455716706301,"Financial_Serv"
"WU","2010-10-15",8.75455093383789,8.78880559647619,8.6762542954162,8.78391287327319,3760600,"WU",0.007319455961736,0.947339340908695,"Financial_Serv"
"WU","2010-10-18",8.81817054748535,8.81817054748535,8.71540559110471,8.73498022408002,3821300,"WU",0.00726703335536719,0.95422368749793,"Financial_Serv"
"WU","2010-10-19",8.65179061889648,8.7594483090882,8.60774862441579,8.70072627202725,4088700,"WU",-0.0188678510687586,0.936219537075938,"Financial_Serv"
"WU","2010-10-20",8.78880786895752,8.80838250030904,8.65668284081393,8.65668284081393,3345900,"WU",0.0158368661582926,0.951046320579388,"Financial_Serv"
"WU","2010-10-21",8.78880786895752,8.8964664746513,8.72519218380466,8.7937015267954,3060900,"WU",0,0.951046320579388,"Financial_Serv"
"WU","2010-10-22",8.75944995880127,8.80349196157662,8.71540795602592,8.77902459708815,2877700,"WU",-0.003340374552952,0.947869469651446,"Financial_Serv"
"WU","2010-10-25",8.86221027374268,8.90625225331317,8.78880635221209,8.80348732319213,3127100,"WU",0.0117313661730729,0.958989273484203,"Financial_Serv"
"WU","2010-10-26",8.76434326171875,8.86221458243014,8.73987589822595,8.80838526270187,5288600,"WU",-0.0110431832467223,0.948398979205476,"Financial_Serv"
"WU","2010-10-27",8.94051170349121,9.02859570977115,8.73987632624031,8.78881105562238,10837200,"WU",0.0201005867195933,0.96746235513177,"Financial_Serv"
"WU","2010-10-28",8.9356164932251,9.10199715768741,8.9356164932251,8.99433853164123,7297100,"WU",-0.000547531330248327,0.966932639181499,"Financial_Serv"
"WU","2010-10-29",8.60774707794189,8.93561468163214,8.60285342017102,8.93072102386127,12777900,"WU",-0.0366924224570057,0.931453538297184,"Financial_Serv"
"WU","2010-11-01",8.61753463745117,8.80838262906934,8.60774732163234,8.71540499553006,10225300,"WU",0.00113706402159037,0.932512660603365,"Financial_Serv"
"WU","2010-11-02",8.5392427444458,8.7986002248356,8.53434908380463,8.72519718195868,12232300,"WU",-0.0090851846031602,0.924040610936999,"Financial_Serv"
"WU","2010-11-03",8.53434276580811,8.6566813911588,8.48051347197551,8.56370377454877,13773500,"WU",-0.000573818871805983,0.923510378996129,"Financial_Serv"
"WU","2010-11-04",8.89646816253662,8.89646816253662,8.59796151138021,8.62242980521187,20028100,"WU",0.0424315505793054,0.962696356353016,"Financial_Serv"
"WU","2010-11-05",8.92582607269287,8.93561338681639,8.79859378919612,8.9111451015076,9604200,"WU",0.00329995112890724,0.965873207280958,"Financial_Serv"
"WU","2010-11-08",8.90625476837158,8.93561578525336,8.83285082611228,8.86710643473924,6551100,"WU",-0.00219266028285766,0.963755375461077,"Financial_Serv"
"WU","2010-11-09",9.05306148529053,9.08731616319297,8.90136179742114,8.91604184031078,8475600,"WU",0.0164835523726869,0.979641487666948,"Financial_Serv"
"WU","2010-11-10",9.1851863861084,9.19497370245824,8.96497643508625,9.03837944097035,8299700,"WU",0.0145944994444751,0.993938864814488,"Financial_Serv"
"WU","2010-11-11",9.11178493499756,9.15093327370707,8.98944625985907,9.07752932192797,7774600,"WU",-0.00799128597127344,0.985996015107793,"Financial_Serv"
"WU","2010-11-12",8.86221027374268,9.08731289521888,8.82795560815887,9.06773920061512,5747600,"WU",-0.0273903151836133,0.958989273484204,"Financial_Serv"
"WU","2010-11-15",8.85242462158203,8.99433696755116,8.84263730575801,8.90136026733235,5281300,"WU",-0.00110419995219904,0.957930357574263,"Financial_Serv"
"WU","2010-11-16",8.62242889404297,8.79370226591552,8.57349324492087,8.73498023366489,7854700,"WU",-0.0259810997970361,0.933042273355516,"Financial_Serv"
"WU","2010-11-17",8.56860065460205,8.67136469053337,8.53434597595828,8.64689732960782,4121800,"WU",-0.00624281627629387,0.927217461864941,"Financial_Serv"
"WU","2010-11-18",8.72519588470459,8.82306721623595,8.62243182662984,8.65179285274117,8520400,"WU",0.018275473022358,0.944162799575114,"Financial_Serv"
"WU","2010-11-19",8.85242462158203,8.87689197777229,8.67625667022882,8.76434064590542,5540700,"WU",0.0145817628118213,0.957930357574263,"Financial_Serv"
"WU","2010-11-22",8.91604042053223,8.92093407850617,8.76923441479324,8.79370177129313,5668800,"WU",0.00718625706172084,0.964814291371018,"Financial_Serv"
"WU","2010-11-23",8.78391551971436,8.85731852367855,8.73497987261495,8.79370190243837,5456500,"WU",-0.0148187866570915,0.950516914223478,"Financial_Serv"
"WU","2010-11-24",8.94051170349121,8.94540536310345,8.80838569407131,8.83285305876234,3847400,"WU",0.0178276058581615,0.96746235513177,"Financial_Serv"
"WU","2010-11-26",8.88178825378418,8.92093659525029,8.82795986762457,8.86710820909069,2251200,"WU",-0.0065682425854999,0.961107827690925,"Financial_Serv"
"WU","2010-11-29",8.73987293243408,8.82795690450987,8.59306600118452,8.79859495823809,4562100,"WU",-0.0159782374106513,0.945751018642844,"Financial_Serv"
"WU","2010-11-30",8.63221454620361,8.69583116468631,8.61264084823418,8.61753450606898,4707300,"WU",-0.0123180722491906,0.934101189265456,"Financial_Serv"
"WU","2010-12-01",8.82306385040283,8.87689222217739,8.72029889816079,8.72029889816079,4703700,"WU",0.0221089620951501,0.954753197051961,"Financial_Serv"
"WU","2010-12-02",8.92093563079834,8.92093563079834,8.81327793674804,8.82306525439897,4564500,"WU",0.0110927204035863,0.965344007321288,"Financial_Serv"
"WU","2010-12-03",8.9307222366333,8.96497691231134,8.86221288527722,8.87199926877816,6861400,"WU",0.00109703805071454,0.966403026429349,"Financial_Serv"
"WU","2010-12-06",8.98455238342285,9.00901974451043,8.89157473122405,8.92582941009466,4549600,"WU",0.0060275244670294,0.972228044316163,"Financial_Serv"
"WU","2010-12-07",8.97476482391357,9.0971034927964,8.96008384763445,9.07263613236782,4667100,"WU",-0.00108937641983546,0.971168922009982,"Financial_Serv"
"WU","2010-12-08",9.12646675109863,9.13136041105897,8.93072501953626,8.99923439224054,8358600,"WU",0.0169031646133884,0.987584750166124,"Financial_Serv"
"WU","2010-12-09",9.10199546813965,9.22922777225053,9.07263445438169,9.15582383780094,4518500,"WU",-0.00268135343352218,0.984936686405372,"Financial_Serv"
"WU","2010-12-10",9.15582466125488,9.19986665253776,9.11667632826676,9.13625096144576,2813400,"WU",0.00591399911191524,0.990761601094066,"Financial_Serv"
"WU","2010-12-13",9.18029403686523,9.24390973546985,9.1460393581266,9.15093301699926,3507300,"WU",0.0026725474237072,0.993409458458578,"Financial_Serv"
"WU","2010-12-14",9.20476150512695,9.28305818126199,9.17540048491881,9.19986784619726,3681900,"WU",0.00266521618626429,0.99605710942685,"Financial_Serv"
"WU","2010-12-15",9.07753086090088,9.18029585079204,9.05306349507308,9.14604116528504,6508700,"WU",-0.0138222640700911,0.98228934503146,"Financial_Serv"
"WU","2010-12-16",8.98419761657715,9.15611972153095,8.97437322860687,9.14138407648074,7573900,"WU",-0.0102817876087582,0.972189654615501,"Financial_Serv"
"WU","2010-12-17",8.97929000854492,9.04805888564846,8.93999337349923,8.97929000854492,4248400,"WU",-0.000546248896303362,0.971658597089669,"Financial_Serv"
"WU","2010-12-20",9.01366996765137,9.04805438911541,8.92525234851227,9.01858216170412,3712600,"WU",0.00382880596057466,0.97537888931785,"Financial_Serv"
"WU","2010-12-21",9.03331661224365,9.06278977266215,8.96945997181376,9.06278977266215,4234200,"WU",0.00217964987211578,0.977504873789216,"Financial_Serv"
"WU","2010-12-22",9.07261753082275,9.07261753082275,8.95963983961809,9.03823309757834,4301600,"WU",0.00435066324652382,0.981757668316908,"Financial_Serv"
"WU","2010-12-23",8.96946048736572,9.08243813141514,8.9399882621583,9.04805371252229,1990700,"WU",-0.0113701523409944,0.970594934066206,"Financial_Serv"
"WU","2010-12-27",9.07752895355225,9.08735334418706,8.93999123228675,8.93999123228675,1627500,"WU",0.0120484912485815,0.98228913863522,"Financial_Serv"
"WU","2010-12-28",8.97929000854492,9.13156435223377,8.974377812051,9.11191556625809,3152700,"WU",-0.0108222122463053,0.971658597089669,"Financial_Serv"
"WU","2010-12-29",9.03823280334473,9.09226601777296,8.97928833024621,9.00384837121967,3001500,"WU",0.00656430461024348,0.978036860098128,"Financial_Serv"
"WU","2010-12-30",9.11191272735596,9.16103374008538,9.02349602872946,9.04805606664148,2644000,"WU",0.0081520276822217,0.986009843655881,"Financial_Serv"
"WU","2010-12-31",9.12173557281494,9.19050441684914,9.07261456840255,9.10208773319313,2496800,"WU",0.00107802233766946,0.987072784292504,"Financial_Serv"
"WU","2011-01-03",9.20524311065674,9.27401197046449,9.13156205559051,9.17085868075286,6270000,"WU",0.00915478607938058,0.99610922447748,"Financial_Serv"
"WU","2011-01-04",9.14138507843018,9.28874716651524,9.13156068938309,9.21015392794916,4418000,"WU",-0.00693713696193806,0.98919907835823,"Financial_Serv"
"WU","2011-01-05",9.30348587036133,9.31330932474189,9.03332073142735,9.09226614223829,8205800,"WU",0.0177326291957268,1.00674017881551,"Financial_Serv"
"WU","2011-01-06",9.51470470428467,9.53435254810478,9.24453959074102,9.25927617628518,6778200,"WU",0.0227031928533618,1.02959639524839,"Financial_Serv"
"WU","2011-01-07",9.4262866973877,9.56873660447337,9.36242909942432,9.5097921384053,4319400,"WU",-0.00929277467299182,1.02002858794322,"Financial_Serv"
"WU","2011-01-10",9.34278011322021,9.43119773840925,9.24945029364231,9.37225234264813,4707200,"WU",-0.00885890561663297,1.01099225095636,"Financial_Serv"
"WU","2011-01-11",9.45084762573242,9.48523205699549,9.34769433194322,9.37716656775364,3171800,"WU",0.0115669545041833,1.02268635232726,"Financial_Serv"
"WU","2011-01-12",9.40664005279541,9.50979429718931,9.38208000917599,9.4999699049793,5701700,"WU",-0.00467763048222733,1.01790260347185,"Financial_Serv"
"WU","2011-01-13",9.38698768615723,9.41645991169301,9.30839446012504,9.41645991169301,3308200,"WU",-0.00208920151381188,1.01577599981177,"Financial_Serv"
"WU","2011-01-14",9.46067237854004,9.46067237854004,9.34769468952376,9.39190351338326,4307500,"WU",0.00784966326220643,1.02374949936012,"Financial_Serv"
"WU","2011-01-18",9.47540950775146,9.52452959315721,9.45084852814302,9.47049731182977,3512400,"WU",0.00155772535204311,1.02534421990942,"Financial_Serv"
"WU","2011-01-19",9.37716579437256,9.50488005489179,9.36242920923001,9.46067123636954,3922800,"WU",-0.0103682815289974,1.01471316237326,"Financial_Serv"
"WU","2011-01-20",9.42137145996094,9.4410192966703,9.31821727229522,9.39681049294287,6738900,"WU",0.00471418193489846,1.01949670483243,"Financial_Serv"
"WU","2011-01-21",9.48522853851318,9.5392617315436,9.42137189512689,9.48522853851318,3459200,"WU",0.00677789627801289,1.02640674775356,"Financial_Serv"
"WU","2011-01-24",9.6768045425415,9.80451788474598,9.40663939703378,9.45576041775387,10278100,"WU",0.0201972997540816,1.04713739250755,"Financial_Serv"
"WU","2011-01-25",9.6768045425415,9.68662799716109,9.57365030533876,9.65715575949125,4534700,"WU",0,1.04713739250755,"Financial_Serv"
"WU","2011-01-26",9.89293479919434,9.9224079715786,9.68171508163446,9.68171508163446,7469700,"WU",0.0223348788024676,1.07052507925874,"Financial_Serv"
"WU","2011-01-27",9.99117565155029,9.99608784636665,9.8241647754158,9.87328578667395,5987300,"WU",0.00993040531955771,1.08115582720053,"Financial_Serv"
"WU","2011-01-28",9.70136070251465,10.0845033865327,9.69153631492068,9.99117357820041,8038400,"WU",-0.0290070917720954,1.04979464090099,"Financial_Serv"
"WU","2011-01-31",9.96170330047607,9.96661549523371,9.54417611513092,9.71118698926898,10924800,"WU",0.0268356786171185,1.07796659249818,"Financial_Serv"
"WU","2011-02-01",9.9666166305542,10.0697699214988,9.92240780960494,10.0402976865011,7929900,"WU",0.000493221884844752,1.07849826921273,"Financial_Serv"
"WU","2011-02-02",10.2023983001709,10.2220461482237,9.91258528037324,9.96661850210334,10971700,"WU",0.0236571424743954,1.10401245642588,"Financial_Serv"
"WU","2011-02-03",10.1581916809082,10.1876639278521,10.0501252139374,10.1631038782165,8134500,"WU",-0.00433296348192511,1.0992288107686,"Financial_Serv"
"WU","2011-02-04",10.2957229614258,10.3153717382608,10.1581852712017,10.1630974654104,5072400,"WU",0.013538953077255,1.11411121805876,"Financial_Serv"
"WU","2011-02-07",10.3988771438599,10.5708001931792,10.2858994880148,10.2957229395061,11767100,"WU",0.0100191295764816,1.12527364271511,"Financial_Serv"
"WU","2011-02-08",10.5020332336426,10.5118576246794,10.3644955067492,10.374319897786,6982800,"WU",0.00991992581080012,1.13643627376769,"Financial_Serv"
"WU","2011-02-09",10.3202857971191,10.6002743592692,10.3055492118303,10.4971210729636,5687100,"WU",-0.0173059285264135,1.11676918883904,"Financial_Serv"
"WU","2011-02-10",10.4332628250122,10.477471641225,10.2515163022756,10.2859007289065,5669600,"WU",0.0109470832604852,1.12899455413201,"Financial_Serv"
"WU","2011-02-11",10.5118551254272,10.5364160971798,10.3301086189849,10.4087018547824,4121400,"WU",0.00753285925344712,1.13749911120619,"Financial_Serv"
"WU","2011-02-14",10.5462427139282,10.5708036930516,10.492210433668,10.5167704758858,2950500,"WU",0.00327131491926635,1.14122022901933,"Financial_Serv"
"WU","2011-02-15",10.4676485061646,10.5265939138145,10.4332640754127,10.487297287683,3769800,"WU",-0.00745234202318082,1.13271546554891,"Financial_Serv"
"WU","2011-02-16",10.5511531829834,10.5609775730249,10.4283511181808,10.4823843265037,2980200,"WU",0.00797740550513045,1.14175159613952,"Financial_Serv"
"WU","2011-02-17",10.560977935791,10.6395711850119,10.4430880619597,10.4922090769491,4210000,"WU",0.000931154409118263,1.14281474317239,"Financial_Serv"
"WU","2011-02-18",10.6395692825317,10.6592180597762,10.5216794297805,10.5757126302976,4388900,"WU",0.00744167322558052,1.15131919704845,"Financial_Serv"
"WU","2011-02-22",10.3694086074829,10.6101005874635,10.3694086074829,10.5069463463829,5131500,"WU",-0.025392068783497,1.12208482080524,"Financial_Serv"
"WU","2011-02-23",10.2908143997192,10.4185277349793,10.2073089501073,10.3595832628448,6918800,"WU",-0.00757943010433167,1.11358005733481,"Financial_Serv"
"WU","2011-02-24",10.3153743743896,10.3694075875891,10.2613411611902,10.3153743743896,9091200,"WU",0.00238659193689085,1.11623771852073,"Financial_Serv"
"WU","2011-02-25",10.6690425872803,10.7034279509253,10.3448452252984,10.3595818097177,5078100,"WU",0.0342855431179202,1.15450853494892,"Financial_Serv"
"WU","2011-02-28",10.8016691207886,10.8065813156334,10.6248338539958,10.6444826333751,6792200,"WU",0.0124309686106623,1.16886019430761,"Financial_Serv"
"WU","2011-03-01",10.560977935791,10.8213186594011,10.5413291550331,10.7771098396012,5706800,"WU",-0.0222827770695486,1.14281474317239,"Financial_Serv"
"WU","2011-03-02",10.6297435760498,10.6936011572722,10.4872937063089,10.5511503506262,3854400,"WU",0.00651129475668567,1.15025594681747,"Financial_Serv"
"WU","2011-03-03",10.7525434494019,10.8213132105214,10.7034233960514,10.7378078081587,6114600,"WU",0.0115524774867321,1.16354425274706,"Financial_Serv"
"WU","2011-03-04",10.6690425872803,10.8065812311444,10.6346581605406,10.737812377665,7611900,"WU",-0.00776568469725431,1.15450853494892,"Financial_Serv"
"WU","2011-03-07",10.6150102615356,10.777108941661,10.5216804345225,10.7279879307643,6593700,"WU",-0.00506440248059809,1.14866163906065,"Financial_Serv"
"WU","2011-03-08",10.6641311645508,10.708339984104,10.5315056427964,10.6150110867409,6586500,"WU",0.00462749463306035,1.15397706463061,"Financial_Serv"
"WU","2011-03-09",10.6100978851318,10.742724331211,10.5757134591643,10.6543067004916,4433300,"WU",-0.00506682434651219,1.14813006554422,"Financial_Serv"
"WU","2011-03-10",10.3890542984009,10.5560651783257,10.3546698708114,10.5216807507362,5153800,"WU",-0.0208333220978772,1.12421070207848,"Financial_Serv"
"WU","2011-03-11",10.3939657211304,10.472558960326,10.3153724819347,10.408702304819,6652800,"WU",0.000472749741066246,1.12474217239679,"Financial_Serv"
"WU","2011-03-14",10.2908143997192,10.3546710673493,10.18274797263,10.2908143997192,5280800,"WU",-0.00992415447372813,1.11358005733481,"Financial_Serv"
"WU","2011-03-15",10.2122163772583,10.2858974014757,9.98134798129728,9.99608456090279,9235700,"WU",-0.0076376873013162,1.10507488107191,"Financial_Serv"
"WU","2011-03-16",10.0643587112427,10.3502219464465,10.0052141722034,10.1974332190282,9057100,"WU",-0.0144785089302349,1.08907504453773,"Financial_Serv"
"WU","2011-03-17",10.1481504440308,10.2812250066843,10.1136498403956,10.2319380271751,5943000,"WU",0.00832559084907059,1.09814223776248,"Financial_Serv"
"WU","2011-03-18",10.3945808410645,10.4438678036915,10.2713639045322,10.2713639045322,7101100,"WU",0.0242832818051731,1.12480873518423,"Financial_Serv"
"WU","2011-03-21",10.5128707885742,10.5868007751464,10.419225637545,10.4980844152315,4181900,"WU",0.0113799632056786,1.13760901720406,"Financial_Serv"
"WU","2011-03-22",10.5473680496216,10.6163701633213,10.5079386732519,10.527653831472,2873800,"WU",0.00328143108967497,1.141342002801,"Financial_Serv"
"WU","2011-03-23",10.5917310714722,10.6360892577335,10.4389422855004,10.4931580553911,3443900,"WU",0.00420607507407287,1.14614257294998,"Financial_Serv"
"WU","2011-03-24",10.7050876617432,10.7346604048929,10.5473701252275,10.6410152650602,3715300,"WU",0.0107023667336411,1.15840901109473,"Financial_Serv"
"WU","2011-03-25",10.7248048782349,10.8381642618112,10.6656603206767,10.7001609208894,3358500,"WU",0.00184185474371805,1.16054263222698,"Financial_Serv"
"WU","2011-03-28",10.7642297744751,10.8283021566731,10.670584655813,10.6902998134557,3404200,"WU",0.00367604788039026,1.16480884251028,"Financial_Serv"
"WU","2011-03-29",10.4438734054565,10.73466560685,10.3847288305667,10.7248080210232,9305300,"WU",-0.0297611975710707,1.1301427364158,"Financial_Serv"
"WU","2011-03-30",10.409366607666,10.4931541572473,10.379793867764,10.4734389973126,7218000,"WU",-0.00330402298561938,1.12640871883765,"Financial_Serv"
"WU","2011-03-31",10.2368631362915,10.4290812531465,10.2270055559219,10.414294882592,8258500,"WU",-0.0165719469662516,1.10774193328675,"Financial_Serv"
"WU","2011-04-01",10.2368631362915,10.404438242293,10.0397162292517,10.404438242293,10403400,"WU",0,1.10774193328675,"Financial_Serv"
"WU","2011-04-04",10.2565774917603,10.2910780834368,10.2171481098341,10.2565774917603,5096400,"WU",0.00192581997104749,1.10987524482464,"Financial_Serv"
"WU","2011-04-05",10.1925086975098,10.2762962811961,10.1777223215401,10.2467244693277,6322600,"WU",-0.00624660558572864,1.10294229192086,"Financial_Serv"
"WU","2011-04-06",10.3452968597412,10.3600832348116,10.1678641191797,10.2270086793905,5923500,"WU",0.0149902410452467,1.11947566273575,"Financial_Serv"
"WU","2011-04-07",10.3354339599609,10.3995072789035,10.2812191593985,10.3305051708061,4461600,"WU",-0.00095337039758182,1.11840838777808,"Financial_Serv"
"WU","2011-04-08",10.23193359375,10.3995086874296,10.1875754254189,10.3699368885657,3137000,"WU",-0.0100141287353675,1.10720850220416,"Financial_Serv"
"WU","2011-04-11",10.2664365768433,10.2960083826041,10.2171496071947,10.2171496071947,2717100,"WU",0.00337208825459318,1.11094210698983,"Financial_Serv"
"WU","2011-04-12",10.1925086975098,10.3058680930645,10.1530793016615,10.2072941334085,2114200,"WU",-0.00720092885005944,1.10294229192086,"Financial_Serv"
"WU","2011-04-13",10.3009376525879,10.3403670421261,10.1974358575766,10.2220788735114,3499700,"WU",0.0106381027768577,1.11467550537925,"Financial_Serv"
"WU","2011-04-14",10.3255815505981,10.3502245663946,10.1530776198107,10.2270076072708,3114700,"WU",0.00239239366758643,1.11734224799974,"Financial_Serv"
"WU","2011-04-15",10.3748683929443,10.3945835591788,10.1875790140715,10.3157247743828,5481100,"WU",0.00477327520049815,1.12267563004258,"Financial_Serv"
"WU","2011-04-18",10.3551530838013,10.3896536810325,10.2368649189782,10.2762943072526,5510300,"WU",-0.00190029486605095,1.12054221530657,"Financial_Serv"
"WU","2011-04-19",10.4340085983276,10.5177961397247,10.3452922674284,10.3502210569306,4342900,"WU",0.00761509886799473,1.12907525506189,"Financial_Serv"
"WU","2011-04-20",10.4980821609497,10.6607284725113,10.4487961405321,10.5522979114938,5802200,"WU",0.00614083858741884,1.13600872395628,"Financial_Serv"
"WU","2011-04-21",10.5276508331299,10.5867944108046,10.4685063153849,10.5276508331299,5706300,"WU",0.00281657846898589,1.13920838166875,"Financial_Serv"
"WU","2011-04-25",10.5128707885742,10.5818719840321,10.4685126086168,10.5030132063457,4297700,"WU",-0.00140392617402851,1.13760901720406,"Financial_Serv"
"WU","2011-04-26",10.6114454269409,10.7839484269038,10.5670872440731,10.5818726783151,5100000,"WU",0.00937656710038078,1.14827588448787,"Financial_Serv"
"WU","2011-04-27",10.4980821609497,10.527654901285,10.2417916585382,10.414294610141,6990200,"WU",-0.0106831125666818,1.13600872395628,"Financial_Serv"
"WU","2011-04-28",10.5720109939575,10.6015827884103,10.4487940869886,10.4734370923543,4073600,"WU",0.00704212749284909,1.14400864222337,"Financial_Serv"
"WU","2011-04-29",10.4734392166138,10.6459431093721,10.4586528463531,10.5720131382101,6074700,"WU",-0.00932384362824529,1.13334208453391,"Financial_Serv"
"WU","2011-05-02",10.4685106277466,10.5917275620751,10.4586530473834,10.5128687993105,3123800,"WU",-0.000470579793824496,1.13280875664944,"Financial_Serv"
"WU","2011-05-03",10.3255815505981,10.4635839431714,10.3107951770778,10.4438697185484,4788500,"WU",-0.0136532389592849,1.11734224799974,"Financial_Serv"
"WU","2011-05-04",10.2220773696899,10.3748661141642,10.2072909982619,10.3403655209027,4375500,"WU",-0.0100240534057094,1.10614194963333,"Financial_Serv"
"WU","2011-05-05",10.1727886199951,10.2762913216889,10.128430453565,10.1826461992175,3890000,"WU",-0.0048217938401614,1.10080836119425,"Financial_Serv"
"WU","2011-05-06",10.2122211456299,10.3748674926669,10.1727917566533,10.3107950881066,2962700,"WU",0.00387627494365302,1.10507539706251,"Financial_Serv"
"WU","2011-05-09",10.2713632583618,10.3650083874549,10.1826469192284,10.2072899289564,3899100,"WU",0.00579130748233378,1.11147522847806,"Financial_Serv"
"WU","2011-05-10",10.365008354187,10.3748649940042,10.251648065619,10.310792604875,2927300,"WU",0.00911710485450505,1.12160866467928,"Financial_Serv"
"WU","2011-05-11",10.2861480712891,10.4487943550579,10.2270035407956,10.3354340832848,3946900,"WU",-0.00760831831516017,1.11307510893336,"Financial_Serv"
"WU","2011-05-12",10.3502235412598,10.384724135986,10.2319353850253,10.2812223518073,2800000,"WU",0.00622929686862588,1.12000878422398,"Financial_Serv"
"WU","2011-05-13",10.2023620605469,10.379793798421,10.1826469007439,10.3403644188855,2859300,"WU",-0.0142858248542614,1.10400853489732,"Financial_Serv"
"WU","2011-05-16",10.1432209014893,10.2516514963291,10.1284345267094,10.1925078773513,3364500,"WU",-0.00579681045493567,1.09760880667989,"Financial_Serv"
"WU","2011-05-17",10.1333627700806,10.1875785346028,10.0643615716492,10.1235061274981,3779500,"WU",-0.000971893593211995,1.09654204771283,"Financial_Serv"
"WU","2011-05-18",10.1875743865967,10.2417901290442,10.1136444269403,10.1530738014284,2753800,"WU",0.00534981503634477,1.10240834484766,"Financial_Serv"
"WU","2011-05-19",10.2122211456299,10.2713656991301,10.1481487410696,10.2664369079992,3826400,"WU",0.00241929610503063,1.10507539706251,"Financial_Serv"
"WU","2011-05-20",10.1530780792236,10.2664374611298,10.1284341222413,10.217150487236,2605400,"WU",-0.00579140086792569,1.09867546244884,"Financial_Serv"
"WU","2011-05-23",9.98056983947754,10.0495710091502,9.93128288682406,10.0397143706758,3062900,"WU",-0.0169907330959169,1.08000816090733,"Financial_Serv"
"WU","2011-05-24",10.0545015335083,10.0939309144213,9.93128460064651,9.98057156180534,4210600,"WU",0.007407562415758,1.08800838876878,"Financial_Serv"
"WU","2011-05-25",10.1382894515991,10.2072906356711,9.9707143416495,9.98057192225139,3927700,"WU",0.00833337364478817,1.09707516920106,"Financial_Serv"
"WU","2011-05-26",10.0545015335083,10.113646074913,9.9756427716824,10.1037884946671,4302800,"WU",-0.0082645024578189,1.08800838876878,"Financial_Serv"
"WU","2011-05-27",10.0446453094482,10.1284328727097,9.93621473231544,10.1136474404152,4777200,"WU",-0.000980279731144412,1.08694183619796,"Financial_Serv"
"WU","2011-05-31",10.1333627700806,10.1777209519495,10.0347897637602,10.1530779353871,4735000,"WU",0.00883231392440252,1.09654204771283,"Financial_Serv"
"WU","2011-06-01",9.97071552276611,10.1284330707968,9.97071552276611,10.1136476382132,5852300,"WU",-0.0160506685692414,1.07894181473275,"Financial_Serv"
"WU","2011-06-02",10.0298595428467,10.0545025558966,9.89678501620737,9.96578620480374,4731300,"WU",0.00593177289488633,1.08534185254454,"Financial_Serv"
"WU","2011-06-03",9.75877952575684,9.94114097795656,9.73413651819466,9.88199644370867,4911500,"WU",-0.027027299428453,1.05600799331359,"Financial_Serv"
"WU","2011-06-06",9.84750080108643,9.8622871770896,9.73414140527494,9.73414140527494,5919700,"WU",0.00909143147413294,1.06560861762093,"Financial_Serv"
"WU","2011-06-07",9.92142868041992,9.99043081361573,9.77356871227459,9.89678566575262,5736500,"WU",0.00750727324899938,1.0736084326899,"Financial_Serv"
"WU","2011-06-08",9.76371097564697,9.8967855089113,9.7292103796312,9.8869279271723,4614500,"WU",-0.0158966727326486,1.05654163079242,"Financial_Serv"
"WU","2011-06-09",9.85735321044922,9.87213957869026,9.71934992707756,9.7686368811439,3248000,"WU",0.00959084461182968,1.06667475739928,"Financial_Serv"
"WU","2011-06-10",9.67499542236328,9.84257056553828,9.63556603220862,9.79328453289807,4050100,"WU",-0.0184996706714973,1.04694162567379,"Financial_Serv"
"WU","2011-06-13",9.73906803131104,9.8228555965528,9.68978106233281,9.6947098532377,4705100,"WU",0.00662249501427703,1.05387499137006,"Financial_Serv"
"WU","2011-06-14",9.91156768798828,9.92635311427041,9.78342199981121,9.82285137001413,5227100,"WU",0.0177121318100111,1.07254136412848,"Financial_Serv"
"WU","2011-06-15",9.78291702270508,9.86209078065325,9.73838166588103,9.85219382495331,4998000,"WU",-0.0129798503458856,1.05861993773232,"Financial_Serv"
"WU","2011-06-16",9.71858406066895,9.77301635250445,9.66415271265872,9.77301635250445,4180200,"WU",-0.00657605107830548,1.05165839894928,"Financial_Serv"
"WU","2011-06-17",9.76312255859375,9.85219326719936,9.73838111457023,9.79776095775691,7200700,"WU",0.00458281758399886,1.05647795755234,"Financial_Serv"
"WU","2011-06-20",9.79775524139404,9.86703294312686,9.71363305943816,9.73342695816897,3191900,"WU",0.00354729571327653,1.06022559728234,"Financial_Serv"
"WU","2011-06-21",9.88187980651855,9.91651913765129,9.78786159634835,9.83734446745887,3947800,"WU",0.00858610600610822,1.06932880665099,"Financial_Serv"
"WU","2011-06-22",9.69384288787842,9.84229339568325,9.69384288787842,9.82250043509441,6457200,"WU",-0.0190284563586878,1.04898113012055,"Financial_Serv"
"WU","2011-06-23",9.60972213745117,9.64930900845077,9.52065144174571,9.59487670689178,7875500,"WU",-0.00867775054745669,1.03987833354437,"Financial_Serv"
"WU","2011-06-24",9.51570224761963,9.65425675758702,9.5107537711395,9.59982446013101,8658900,"WU",-0.00978383021764251,1.02970434048197,"Financial_Serv"
"WU","2011-06-27",9.57508373260498,9.6295150902777,9.51570295425921,9.54539381534482,3628000,"WU",0.00624036812419241,1.03613007462566,"Financial_Serv"
"WU","2011-06-28",9.70868873596191,9.7482756026765,9.61961804989776,9.62456652621525,5919500,"WU",0.0139534031333829,1.05058761525553,"Financial_Serv"
"WU","2011-06-29",9.85219192504883,9.85714040194453,9.70374139347974,9.76312122857719,5659600,"WU",0.0147809032702186,1.06611624917351,"Financial_Serv"
"WU","2011-06-30",9.91156768798828,9.98084444181799,9.8521869391164,9.91651616237969,4556800,"WU",0.00602665512316021,1.07254136412848,"Financial_Serv"
"WU","2011-07-01",10.0154838562012,10.0402262307212,9.81754957916658,9.89672328998042,4534700,"WU",0.0104843321948783,1.08378624408275,"Financial_Serv"
"WU","2011-07-05",9.5701322555542,9.96105236570814,9.56023530496165,9.94620788364448,11175100,"WU",-0.0444663090711518,1.0355942699863,"Financial_Serv"
"WU","2011-07-06",9.66910076141357,9.69384219634094,9.50085636119679,9.5354947476252,6286500,"WU",0.0103413937463546,1.0463037580937,"Financial_Serv"
"WU","2011-07-07",9.73837661743164,9.79280890173751,9.68394433312577,9.7532210994604,5941600,"WU",0.00716466378078561,1.05380017273301,"Financial_Serv"
"WU","2011-07-08",9.78291702270508,9.83734839140341,9.64931095223293,9.65920790793286,5652100,"WU",0.0045736991927084,1.05861993773232,"Financial_Serv"
"WU","2011-07-11",9.62456512451172,9.7383772317626,9.59487427093089,9.65425503426734,4872400,"WU",-0.0161865727600308,1.04148450908499,"Financial_Serv"
"WU","2011-07-12",9.50085639953613,9.6394099458089,9.49590792376564,9.62456546232267,4607200,"WU",-0.0128534352851461,1.02809785534699,"Financial_Serv"
"WU","2011-07-13",9.47116661071777,9.60972111640753,9.45137364923372,9.56518577328673,3968200,"WU",-0.0031249592215507,1.02488509147327,"Financial_Serv"
"WU","2011-07-14",9.40188884735107,9.59982316063552,9.38209494411,9.50580400789094,4779000,"WU",-0.00731459662934269,1.01738847043771,"Financial_Serv"
"WU","2011-07-15",9.44642734527588,9.48106574370768,9.36230511601626,9.4365303903452,5315000,"WU",0.00473718618119519,1.02220802904078,"Financial_Serv"
"WU","2011-07-18",9.46621799468994,9.49096037596155,9.31281900610732,9.40188969103443,5607100,"WU",0.00209504066359646,1.02434959642827,"Financial_Serv"
"WU","2011-07-19",9.60972213745117,9.6146706143043,9.46621914018671,9.50085847815863,4396600,"WU",0.0151596068083081,1.03987833354437,"Financial_Serv"
"WU","2011-07-20",9.51075553894043,9.61962015408753,9.49591105056623,9.60972319928769,2965600,"WU",-0.010298591061759,1.02916905183322,"Financial_Serv"
"WU","2011-07-21",9.58992385864258,9.67899451374677,9.53549252572059,9.58002785327269,6085600,"WU",0.00832408312651977,1.03773594057192,"Financial_Serv"
"WU","2011-07-22",9.58498191833496,9.68394863653163,9.56023953091661,9.60477488444407,2880700,"WU",-0.000515326334229801,1.03720116791376,"Financial_Serv"
"WU","2011-07-25",9.52064895629883,9.58497819477039,9.46621666894985,9.4909590467563,3315000,"WU",-0.00671185011972441,1.03023962913072,"Financial_Serv"
"WU","2011-07-26",10.0402278900146,10.1639369515841,9.73837747776106,9.89672492555794,10436000,"WU",0.0545738989118036,1.08646382250584,"Financial_Serv"
"WU","2011-07-27",9.67899513244629,10.0451737816398,9.65920217661628,9.99569092015221,6843000,"WU",-0.0359785416750966,1.04737443858933,"Financial_Serv"
"WU","2011-07-28",9.58003044128418,9.73342941994547,9.5602365375471,9.65920416858196,3913600,"WU",-0.0102246865307697,1.03666536327441,"Financial_Serv"
"WU","2011-07-29",9.60477447509766,9.68394822381091,9.41673705786006,9.49096232930054,5723800,"WU",0.00258287632436371,1.0393429416975,"Financial_Serv"
"WU","2011-08-01",9.44147682189941,9.68394650220587,9.38704452540141,9.65425658767303,6585500,"WU",-0.0170017165547848,1.02167232759954,"Financial_Serv"
"WU","2011-08-02",9.14457511901855,9.48601244976262,9.12973063322016,9.37220032078973,7678000,"WU",-0.0314465319866272,0.989544276069831,"Financial_Serv"
"WU","2011-08-03",9.34745597839355,9.38209436309509,8.9416904253324,9.1247802436729,10183300,"WU",0.022185925177984,1.01149823133902,"Financial_Serv"
"WU","2011-08-04",8.83777523040771,9.24354078159471,8.82787827944579,9.24354078159471,7976200,"WU",-0.0545261458480207,0.956345131252013,"Financial_Serv"
"WU","2011-08-05",8.82787990570068,8.9664344132163,8.57551327263226,8.94169203125349,9846900,"WU",-0.00111966240926618,0.955274347558265,"Financial_Serv"
"WU","2011-08-08",8.14995288848877,8.65963457769597,8.13510840468946,8.58540932722363,12140800,"WU",-0.076793864943058,0.881915138328308,"Financial_Serv"
"WU","2011-08-09",8.29345512390137,8.34788740988549,7.86294767102856,8.26871274671532,18426300,"WU",0.0176077380294166,0.897443669048169,"Financial_Serv"
"WU","2011-08-10",8.12026309967041,8.44685496174004,8.0163479362052,8.06583080805038,12884100,"WU",-0.0208829759905284,0.878702374454585,"Financial_Serv"
"WU","2011-08-11",8.50623607635498,8.60025429175688,8.14005733557434,8.16479877250635,8257800,"WU",0.0475320777106639,0.920468924001705,"Financial_Serv"
"WU","2011-08-12",8.37757968902588,8.61510091426481,8.34788977182738,8.55077260303048,7774700,"WU",-0.0151249490578719,0.906546878416825,"Financial_Serv"
"WU","2011-08-15",8.4814920425415,8.49138899291551,8.28355775418715,8.45180213524464,7190600,"WU",0.0124036245995659,0.917791345578616,"Financial_Serv"
"WU","2011-08-16",8.42211246490479,8.47159627434189,8.30830036387706,8.36768018014145,5283200,"WU",-0.00700107685521397,0.911365817831169,"Financial_Serv"
"WU","2011-08-17",8.35778617858887,8.52108214667376,8.26376794569109,8.42211543670365,4181700,"WU",-0.00763778524496885,0.904405001434969,"Financial_Serv"
"WU","2011-08-18",7.93717336654663,8.21428138354528,7.85305070006702,8.09552080483157,9946400,"WU",-0.0503258641767805,0.858890038171952,"Financial_Serv"
"WU","2011-08-19",7.82336235046387,8.1004708946001,7.80851692123166,7.83325883137265,8476500,"WU",-0.0143389857858531,0.846574426122994,"Financial_Serv"
"WU","2011-08-22",7.8728461265564,8.02129665164211,7.83325925694518,8.01634911878795,8235700,"WU",0.00632512900154692,0.851929118577632,"Financial_Serv"
"WU","2011-08-23",8.17469596862793,8.17469596862793,7.87284552116272,7.89263895444628,6572700,"WU",0.0383406251334374,0.884592613553277,"Financial_Serv"
"WU","2011-08-24",8.16479873657227,8.26376637151539,8.04603814093571,8.13510882361945,9016500,"WU",-0.00121071561482491,0.883521623463289,"Financial_Serv"
"WU","2011-08-25",7.96191787719727,8.31325127370735,7.9371764343369,8.20438760376596,8114900,"WU",-0.0248482376505184,0.861567668194102,"Financial_Serv"
"WU","2011-08-26",8.04603672027588,8.09057205375431,7.75408328695068,7.91243071984059,5936800,"WU",0.0105651482941726,0.870670258374037,"Financial_Serv"
"WU","2011-08-29",8.15985012054443,8.18459250076867,8.09552181961201,8.15985012054443,7625200,"WU",0.0141452747763066,0.882986128418295,"Financial_Serv"
"WU","2011-08-30",8.14500427246094,8.20438503811219,8.04603758814251,8.11531436154794,7133100,"WU",-0.00181937754544266,0.881379643283314,"Financial_Serv"
"WU","2011-08-31",8.17469596862793,8.25386970176219,8.10541824426644,8.209334358896,9672900,"WU",0.00364538742691428,0.884592613553277,"Financial_Serv"
"WU","2011-09-01",8.18458938598633,8.29345298606721,8.17964091182471,8.19448539048464,7921000,"WU",0.00121024896783519,0.885663190850784,"Financial_Serv"
"WU","2011-09-02",7.91738080978394,8.06583132243725,7.90748385725362,8.0015030186409,4658700,"WU",-0.032647768092057,0.856748264388217,"Financial_Serv"
"WU","2011-09-06",7.73923921585083,7.81841294132652,7.56604633743828,7.66996197010329,6947200,"WU",-0.0225000663998587,0.837471371551518,"Financial_Serv"
"WU","2011-09-07",7.99655389785767,7.99655389785767,7.82830949370414,7.86294835285569,6891400,"WU",0.0332480589926496,0.865315669117518,"Financial_Serv"
"WU","2011-09-08",7.93717336654663,8.07077842770881,7.90748251399932,7.93717336654663,6290000,"WU",-0.00742576515703141,0.858890038171952,"Financial_Serv"
"WU","2011-09-09",7.69470453262329,7.99655450468501,7.67491109956863,7.86294894954423,7424600,"WU",-0.0305485117592732,0.832652225740934,"Financial_Serv"
"WU","2011-09-12",7.81346464157104,7.81841311750294,7.55120155204495,7.58583993974293,6661400,"WU",0.015434005093275,0.845503384433946,"Financial_Serv"
"WU","2011-09-13",7.9322247505188,7.94706923270415,7.76892836779124,7.82830865609554,6355700,"WU",0.0151994172106313,0.858354543126958,"Financial_Serv"
"WU","2011-09-14",8.07572650909424,8.15984869955668,7.89263717453261,7.97675983690763,6266400,"WU",0.0180909849492167,0.87388302224776,"Financial_Serv"
"WU","2011-09-15",8.15985012054443,8.2390238496114,8.07077943938778,8.14995316845474,5106500,"WU",0.0104168474942115,0.882986128418295,"Financial_Serv"
"WU","2011-09-16",8.1549015045166,8.27861057203837,8.0806762527686,8.20933379625027,4990800,"WU",-0.000606459181814219,0.882450633373302,"Financial_Serv"
"WU","2011-09-19",8.04603672027588,8.11036501095297,7.95696605331902,8.03119129450802,3661100,"WU",-0.0133496136256738,0.870670258374037,"Financial_Serv"
"WU","2011-09-20",8.03119087219238,8.33304124015686,8.03119087219238,8.08067467832469,5347100,"WU",-0.00184511314074478,0.869063773239055,"Financial_Serv"
"WU","2011-09-21",7.93717336654663,8.22912586599375,7.92727641569753,8.08067537855792,10064100,"WU",-0.0117065460330775,0.858890038171952,"Financial_Serv"
"WU","2011-09-22",7.5890531539917,7.82279166761479,7.48958990625015,7.71338233223818,10330900,"WU",-0.0438594694204588,0.821219576807213,"Financial_Serv"
"WU","2011-09-23",7.50948238372803,7.60397234834783,7.45975052385771,7.55921376932018,7579200,"WU",-0.0104849404331579,0.812609138461846,"Financial_Serv"
"WU","2011-09-26",7.70840930938721,7.72830195960159,7.54429482654896,7.58408012697774,8269600,"WU",0.0264900981844269,0.834135234325263,"Financial_Serv"
"WU","2011-09-27",7.95209169387817,8.04160882659692,7.76808462328367,7.84765519713232,10812200,"WU",0.0316125382955746,0.860504366364058,"Financial_Serv"
"WU","2011-09-28",7.86257839202881,8.06647771885354,7.84765854735427,7.94712180712667,12127200,"WU",-0.0112565731502161,0.850818036018001,"Financial_Serv"
"WU","2011-09-29",7.87252521514893,8.03166644562809,7.70841070264772,8.01674754811851,9523900,"WU",0.00126508412688151,0.851894392410232,"Financial_Serv"
"WU","2011-09-30",7.60397434234619,7.79792807756733,7.4846184164924,7.50948435294818,8420600,"WU",-0.0341124182474472,0.822834214593679,"Financial_Serv"
"WU","2011-10-03",7.40504837036133,7.71835805559987,7.40007508783096,7.52937758795067,8351600,"WU",-0.0261607894804502,0.801308221928382,"Financial_Serv"
"WU","2011-10-04",7.51445627212524,7.5293761168012,7.23595914473597,7.2956371006051,9500000,"WU",0.0147747720598046,0.813147368257022,"Financial_Serv"
"WU","2011-10-05",7.59899711608887,7.61391695478546,7.41996332023216,7.51942654015255,5233000,"WU",0.0112504272966796,0.822295623605084,"Financial_Serv"
"WU","2011-10-06",7.79295015335083,7.81284279581024,7.58905044957242,7.59402372875677,8902200,"WU",0.0255235045228953,0.843283489673325,"Financial_Serv"
"WU","2011-10-07",7.86754751205444,7.97695775794453,7.75316493549301,7.79792349998331,7974800,"WU",0.0095724157393125,0.851355749822576,"Financial_Serv"
"WU","2011-10-10",8.14604473114014,8.14604473114014,8.00679670319883,8.0366354308211,4394000,"WU",0.0353982252613012,0.8814922324323,"Financial_Serv"
"WU","2011-10-11",8.1709156036377,8.23059309157105,8.05155967921442,8.05155967921442,4667400,"WU",0.00305312250526736,0.884183536205357,"Financial_Serv"
"WU","2011-10-12",8.28032112121582,8.35491842079223,8.23058927197951,8.24550911131724,5657700,"WU",0.0133896276605057,0.896022424538696,"Financial_Serv"
"WU","2011-10-13",8.18583106994629,8.2405362014173,8.13112688703144,8.19577762995123,4139500,"WU",-0.0114113993752524,0.885797554803103,"Financial_Serv"
"WU","2011-10-14",8.33005809783936,8.33005809783936,8.22064872101979,8.30519263219386,5459200,"WU",0.0176191063143956,0.901404516094211,"Financial_Serv"
"WU","2011-10-17",8.23556518554688,8.38476078096955,8.19080660177572,8.30021689479696,5399000,"WU",-0.0113436078335384,0.891179336764258,"Financial_Serv"
"WU","2011-10-18",8.46432876586914,8.51406061561689,8.17588517559957,8.27037464670854,6659800,"WU",0.0277775204455594,0.915934089011887,"Financial_Serv"
"WU","2011-10-19",8.22561645507812,8.44940834059364,8.16593804980701,8.43448850213684,6456800,"WU",-0.028202154877724,0.890102773975787,"Financial_Serv"
"WU","2011-10-20",8.30518913269043,8.35492004302662,8.13112810084481,8.2852960097109,5004500,"WU",0.00967376464084708,0.898713418717394,"Financial_Serv"
"WU","2011-10-21",8.5488748550415,8.5488748550415,8.39967926689466,8.42454567253066,5680800,"WU",0.0293413814493269,0.925082911949609,"Financial_Serv"
"WU","2011-10-24",8.74282550811768,8.75277206745039,8.52400594557849,8.56876451401959,5235200,"WU",0.0226872724615677,0.94607052002255,"Financial_Serv"
"WU","2011-10-25",8.48919296264648,8.71298577918001,8.47427407391491,8.63838848985417,6286100,"WU",-0.0290103634386497,0.918624670398104,"Financial_Serv"
"WU","2011-10-26",8.57870864868164,8.69806448127138,8.30518498423297,8.62346720447227,7520200,"WU",0.0105446638366022,0.928311258739462,"Financial_Serv"
"WU","2011-10-27",8.94672584533691,9.00143097686311,8.74779938781827,8.91688711384816,7731000,"WU",0.0428989037542183,0.968134794082083,"Financial_Serv"
"WU","2011-10-28",8.95667266845703,9.03126997364832,8.87710208311216,8.94175282799629,5504300,"WU",0.00111178360576473,0.969211150474314,"Financial_Serv"
"WU","2011-10-31",8.68811893463135,8.87212645744309,8.6781733255097,8.80250245081181,5123800,"WU",-0.0299836494830783,0.940150663063401,"Financial_Serv"
"WU","2011-11-01",8.43449306488037,8.59860853101721,8.35492244717822,8.429520731261,6845700,"WU",-0.0291922649378117,0.912705535825795,"Financial_Serv"
"WU","2011-11-02",8.60357761383057,8.63839057590842,8.48422173237519,8.58368544119945,5431300,"WU",0.0200467944723591,0.931002356116279,"Financial_Serv"
"WU","2011-11-03",8.73287677764893,8.74282333450876,8.53395038323152,8.69309149876544,5024100,"WU",0.015028534595946,0.94499395723408,"Financial_Serv"
"WU","2011-11-04",8.6334171295166,8.6781757027708,8.50411468995515,8.65330930176502,4548000,"WU",-0.0113891047205524,0.934231322094851,"Financial_Serv"
"WU","2011-11-07",8.64336585998535,8.68315116739338,8.50411775833553,8.62347368055961,4226100,"WU",0.00115235141769491,0.935307884883323,"Financial_Serv"
"WU","2011-11-08",8.77266597747803,8.79255910008894,8.58865933610856,8.69309538414697,4787000,"WU",0.0149594636611732,0.949299589199243,"Financial_Serv"
"WU","2011-11-09",8.46432876586914,8.63838976570819,8.45438220620836,8.55881823697811,6379200,"WU",-0.0351474924954943,0.915934089011887,"Financial_Serv"
"WU","2011-11-10",8.33502674102783,8.59860489351143,8.30021472907939,8.55384632141882,6337100,"WU",-0.0152761108905287,0.901942178299726,"Financial_Serv"
"WU","2011-11-11",8.60357761383057,8.66325602883637,8.46930284004091,8.47924845207836,3814800,"WU",0.0322195574347513,0.931002356116279,"Financial_Serv"
"WU","2011-11-14",8.42454433441162,8.59860535199097,8.40465121306256,8.5936320716537,2812000,"WU",-0.0208091665415028,0.911628973037324,"Financial_Serv"
"WU","2011-11-15",8.48422145843506,8.51903347083267,8.36983886096973,8.40962415350359,3632600,"WU",0.00708372128563383,0.918086698598229,"Financial_Serv"
"WU","2011-11-16",8.17588806152344,8.4295197310633,8.17091477993758,8.42454644947744,5773000,"WU",-0.0363419788630192,0.884721611203353,"Financial_Serv"
"WU","2011-11-17",8.0465841293335,8.2604304560316,7.98690570966293,8.16096673943276,5273600,"WU",-0.0158152767279751,0.870729494094952,"Financial_Serv"
"WU","2011-11-18",8.05653190612793,8.12615594911695,8.00680004032587,8.08637064618659,3863500,"WU",0.00123627326012405,0.871805953685303,"Financial_Serv"
"WU","2011-11-21",8.11123657226562,8.16594172265623,7.88744411181547,7.92722941703869,8288700,"WU",0.00679010109748167,0.877725604248212,"Financial_Serv"
"WU","2011-11-22",8.18085861206055,8.29524120468104,8.12615348143503,8.13610004128624,8281500,"WU",0.00858340638626881,0.885259479805108,"Financial_Serv"
"WU","2011-11-23",8.05653190612793,8.21567311784938,8.05155862469208,8.12615594911695,8352600,"WU",-0.0151972686276878,0.871805953685303,"Financial_Serv"
"WU","2011-11-25",8.10626029968262,8.17091198966447,8.0266897185943,8.0266897185943,2204500,"WU",0.00617243177760685,0.877187116457737,"Financial_Serv"
"WU","2011-11-28",8.30021858215332,8.33503061026197,8.17588936830435,8.3101641983582,4515600,"WU",0.0239269743753846,0.898175550115639,"Financial_Serv"
"WU","2011-11-29",8.31513500213623,8.37978670525781,8.27037642260786,8.31513500213623,4770400,"WU",0.00179711170679079,0.899789671911505,"Financial_Serv"
"WU","2011-11-30",8.67320346832275,8.68812236216883,8.44443729426759,8.52898117076854,6527700,"WU",0.0430622552844341,0.938536644465655,"Financial_Serv"
"WU","2011-12-01",8.66823101043701,8.69806974951821,8.52898198046404,8.55882071954525,6691200,"WU",-0.000573312721637761,0.93799856946766,"Financial_Serv"
"WU","2011-12-02",8.7279052734375,8.79255695761304,8.65828125837713,8.69309326590731,7495500,"WU",0.0068842492693881,0.944455985434204,"Financial_Serv"
"WU","2011-12-05",8.85223388671875,8.91688556704485,8.78758315494865,8.81244860211654,6427000,"WU",0.0142449544748878,0.95790971795025,"Financial_Serv"
"WU","2011-12-06",8.87710189819336,8.90694062993706,8.79255803445604,8.87710189819336,5513800,"WU",0.00280923570172717,0.960600712128947,"Financial_Serv"
"WU","2011-12-07",8.8820743560791,8.90693980547117,8.73287881405842,8.82736922914924,4810600,"WU",0.000560144283885506,0.961138787126942,"Financial_Serv"
"WU","2011-12-08",8.80250263214111,8.90196536529814,8.75774407022586,8.81244824146764,6935100,"WU",-0.00895868698549315,0.952528245583456,"Financial_Serv"
"WU","2011-12-09",9.04121685028076,9.04121685028076,8.81245069799327,8.84229037995875,6364600,"WU",0.0271189033523281,0.978359767015796,"Financial_Serv"
"WU","2011-12-12",8.74282550811768,8.95169851132415,8.69309366001021,8.95169851132415,7788600,"WU",-0.0330034493259411,0.94607052002255,"Financial_Serv"
"WU","2011-12-13",8.71796131134033,8.9516997979168,8.63839072235446,8.92683434456731,9031000,"WU",-0.00284395436626951,0.943379938636333,"Financial_Serv"
"WU","2011-12-14",8.63838863372803,8.65828080188676,8.5787102321398,8.65330752270807,6861700,"WU",-0.00912744101178752,0.934769293894727,"Financial_Serv"
"WU","2011-12-15",8.66836929321289,8.7632969450231,8.5984221510102,8.7632969450231,7271700,"WU",0.00347063101187712,0.938013533195068,"Financial_Serv"
"WU","2011-12-16",8.88320446014404,9.03808570492206,8.77328793879908,8.78827681524029,11604200,"WU",0.0247838041578781,0.961261076899214,"Financial_Serv"
"WU","2011-12-19",8.76828956604004,8.96314110175864,8.74330906417756,8.93815964695109,4961600,"WU",-0.0129361982626414,0.948826013026285,"Financial_Serv"
"WU","2011-12-20",9.13301181793213,9.15299603022314,8.90818347375121,8.90818347375121,6681000,"WU",0.0415955984511135,0.988292998864098,"Financial_Serv"
"WU","2011-12-21",9.06306552886963,9.13800895247563,8.98312676643877,9.10803120185514,4095000,"WU",-0.00765862241907588,0.980724035946381,"Financial_Serv"
"WU","2011-12-22",9.14799880981445,9.19296447408378,9.08804522608537,9.12301830875151,5144100,"WU",0.00937136343925534,0.989914757320848,"Financial_Serv"
"WU","2011-12-23",9.22794055938721,9.22794055938721,9.10803239996764,9.1679869561501,2361700,"WU",0.00873871447020612,0.998565339734919,"Financial_Serv"
"WU","2011-12-27",9.16798496246338,9.21794692292638,9.15799237978175,9.20295804890394,1946700,"WU",-0.00649718065888902,0.992077480322956,"Financial_Serv"
"WU","2011-12-28",9.08304882049561,9.21294952086036,9.03808315679454,9.19296435790654,2907300,"WU",-0.00926442858660096,0.982886449354129,"Financial_Serv"
"WU","2011-12-29",9.21295166015625,9.22793958290687,9.0930435134251,9.12302031187158,2887000,"WU",0.0143016780188964,0.996943374881928,"Financial_Serv"
"WU","2011-12-30",9.12301731109619,9.23293283787629,9.1030321500753,9.18796717852422,2446300,"WU",-0.00976173026599092,0.987211482565864,"Financial_Serv"
"WU","2012-01-03",9.26790904998779,9.39780978170527,9.25292112709998,9.3778255668731,5402000,"WU",0.0158819975837788,1.00289037294665,"Financial_Serv"
"WU","2012-01-04",9.1430082321167,9.27790530921653,9.09804253975009,9.22794332292634,4604500,"WU",-0.0134766987027412,0.989374721558572,"Financial_Serv"
"WU","2012-01-05",9.18796825408936,9.19796083576956,9.02309446814623,9.11302579737794,3228700,"WU",0.00491742114096812,0.994239893730703,"Financial_Serv"
"WU","2012-01-06",9.14799880981445,9.19796076488538,9.07805264448218,9.15299510061605,3711300,"WU",-0.00435019398952678,0.989914757320848,"Financial_Serv"
"WU","2012-01-09",9.17797756195068,9.20295806575536,9.09803785329642,9.13800818409612,4130700,"WU",0.00327708308226578,0.99315879022495,"Financial_Serv"
"WU","2012-01-10",9.29288864135742,9.41279676507845,9.23293410302438,9.2778997685379,8024400,"WU",0.0125203051141819,1.0055934413054,"Financial_Serv"
"WU","2012-01-11",9.38782024383545,9.39781187700661,9.20296121245983,9.25791948315578,3378400,"WU",0.0102155106062005,1.01586609177058,"Financial_Serv"
"WU","2012-01-12",9.47774982452393,9.49273870237749,9.37782683100297,9.41279992638257,4114100,"WU",0.00957938886266268,1.02559746809604,"Financial_Serv"
"WU","2012-01-13",9.40780544281006,9.43778225133611,9.37782863428401,9.39281656207425,5699500,"WU",-0.00737985102042726,1.01802871157457,"Financial_Serv"
"WU","2012-01-17",9.24292945861816,9.52271516459488,9.22794058130062,9.4777494855876,6574100,"WU",-0.0175254457794832,1.00018730458791,"Financial_Serv"
"WU","2012-01-18",9.39780712127686,9.42778486445658,9.17297976509883,9.25291850768813,3829500,"WU",0.016756339356705,1.01694678248385,"Financial_Serv"
"WU","2012-01-19",9.56767749786377,9.56767749786377,9.32286497162491,9.41279629819123,5439100,"WU",0.0180755334084612,1.03532863802527,"Financial_Serv"
"WU","2012-01-20",9.5177173614502,9.59266078319712,9.46276005923303,9.53770252803476,5208400,"WU",-0.00522176217004901,1.02992239810966,"Financial_Serv"
"WU","2012-01-23",9.44776916503906,9.57766986123971,9.42278866509259,9.49273482729871,3167100,"WU",-0.0073492617772456,1.0223532287957,"Financial_Serv"
"WU","2012-01-24",9.57267665863037,9.61264604320511,9.37782602794668,9.3928139515714,3567400,"WU",0.0132208451973532,1.03586960257062,"Financial_Serv"
"WU","2012-01-25",9.74754333496094,9.77752013595975,9.50772702107983,9.5576880384294,4740900,"WU",0.018267270750539,1.05479211306303,"Financial_Serv"
"WU","2012-01-26",9.56268310546875,9.76253096104145,9.55269147504628,9.76253096104145,4078200,"WU",-0.0189648020162332,1.03478818947051,"Financial_Serv"
"WU","2012-01-27",9.57267665863037,9.61264604320511,9.49273788948089,9.51272305824091,2692100,"WU",0.00104505744375299,1.03586960257062,"Financial_Serv"
"WU","2012-01-30",9.52771091461182,9.53770349892129,9.42778793035295,9.49273782247395,2852200,"WU",-0.00469730103941359,1.03100381120977,"Financial_Serv"
"WU","2012-01-31",9.54269886016846,9.56767936555996,9.4477712243794,9.55269144350314,3229000,"WU",0.00157308987341912,1.03262567286464,"Financial_Serv"
"WU","2012-02-01",9.5926628112793,9.64262383241309,9.53270825179519,9.5926628112793,5338100,"WU",0.0052358302240251,1.03803232557273,"Financial_Serv"
"WU","2012-02-02",9.58266925811768,9.64262285860165,9.51771841249052,9.60764976616178,3515700,"WU",-0.00104179135222708,1.03695091247262,"Financial_Serv"
"WU","2012-02-03",9.85745716094971,9.86744974382751,9.64262139380275,9.67259914243615,5950100,"WU",0.0286755073592103,1.06668600599437,"Financial_Serv"
"WU","2012-02-06",9.73754978179932,9.76253124093473,9.57767225511361,9.7425460736264,6085900,"WU",-0.0121641288612852,1.05371069996292,"Financial_Serv"
"WU","2012-02-07",9.8424711227417,9.90242472558915,9.68259262494273,9.73755088834067,6395700,"WU",0.0107749221614758,1.06506435073574,"Financial_Serv"
"WU","2012-02-08",8.85822010040283,9.1929639411435,8.82324701976418,9.01809758500524,37425400,"WU",-0.100000397264533,0.958557492549869,"Financial_Serv"
"WU","2012-02-09",8.86321830749512,8.91817656206572,8.8182526361092,8.88819976545684,8502300,"WU",0.00056424507808943,0.959098353897106,"Financial_Serv"
"WU","2012-02-10",8.78827476501465,8.85322464188376,8.72332393520047,8.8082589759955,10610600,"WU",-0.00845556770468953,0.950988632830273,"Financial_Serv"
"WU","2012-02-13",8.81325721740723,8.91817744534769,8.79826929409093,8.86321918533386,11061300,"WU",0.0028427026988313,0.953692010783378,"Financial_Serv"
"WU","2012-02-14",8.8332405090332,8.86321730224216,8.69834351017527,8.81825163595619,10588800,"WU",0.00226741273209492,0.955854424191125,"Financial_Serv"
"WU","2012-02-15",8.80825901031494,8.87320984038218,8.76329429719656,8.86821354938124,14760800,"WU",-0.00282812391360959,0.953151149436141,"Financial_Serv"
"WU","2012-02-16",8.89819049835205,8.89819049835205,8.79327124432902,8.81825174682638,10583000,"WU",0.0102099050370561,0.962882732157845,"Financial_Serv"
"WU","2012-02-17",8.97812843322754,8.99311730512962,8.90318597960713,8.94315535173435,5540000,"WU",0.00898361693765635,0.971532901779435,"Financial_Serv"
"WU","2012-02-21",8.84822654724121,9.00810496722306,8.81824976040799,9.00310867726005,4567900,"WU",-0.0144687043577555,0.957476079449756,"Financial_Serv"
"WU","2012-02-22",8.99811553955078,9.00810812297745,8.80326492745677,8.87321110555304,7070000,"WU",0.0169400039103095,0.973695727979662,"Financial_Serv"
"WU","2012-02-23",8.92317295074463,9.03808479978328,8.91817665909792,9.01310429449494,6719100,"WU",-0.00832869821205849,0.965586110110949,"Financial_Serv"
"WU","2012-02-24",8.93316745758057,8.96814151036918,8.8832064309164,8.93816375083608,5592900,"WU",0.00112006198816347,0.966667626409183,"Financial_Serv"
"WU","2012-02-27",8.96813678741455,8.99311728759097,8.80326300859318,8.83323979939389,5992100,"WU",0.00391454990629442,0.970451695075561,"Financial_Serv"
"WU","2012-02-28",8.88320446014404,8.98812373639665,8.86321929155576,8.98812373639665,9369200,"WU",-0.00947045404009646,0.961261076899214,"Financial_Serv"
"WU","2012-02-29",8.72831916809082,8.94815117990146,8.70833495953255,8.90318551946418,8717800,"WU",-0.0174357454844297,0.944500773418311,"Financial_Serv"
"WU","2012-03-01",8.71333312988281,8.81325610012327,8.71333312988281,8.76329509147562,8421400,"WU",-0.00171694434167739,0.94287911815968,"Financial_Serv"
"WU","2012-03-02",8.63838863372803,8.74330787076362,8.60841089205077,8.73831158048408,8844100,"WU",-0.00860112829816632,0.934769293894727,"Financial_Serv"
"WU","2012-03-05",8.56344699859619,8.65837462759541,8.53347020368149,8.63839041530065,7384300,"WU",-0.00867541833429804,0.926659779224134,"Financial_Serv"
"WU","2012-03-06",8.52847290039062,8.56844227318255,8.4885035275987,8.4885035275987,7131600,"WU",-0.00408411451735495,0.922875194567155,"Financial_Serv"
"WU","2012-03-07",8.61840724945068,8.65338034378879,8.53347218336727,8.56344898523631,6009800,"WU",0.0105451878795252,0.93260708688322,"Financial_Serv"
"WU","2012-03-08",8.68335819244385,8.76329792864035,8.65837768003245,8.69335077858659,7324700,"WU",0.00753630469218125,0.939635498048059,"Financial_Serv"
"WU","2012-03-09",8.82824611663818,8.85822291629405,8.66836858121319,8.68835279666868,9875700,"WU",0.0166857016586527,0.955313975636369,"Financial_Serv"
"WU","2012-03-12",8.88320446014404,8.93816176787124,8.77328793879908,8.8032656916815,8885100,"WU",0.00622528447663936,0.961261076899214,"Financial_Serv"
"WU","2012-03-13",9.04807949066162,9.05307578347212,8.90318985799335,8.92317502923535,9122800,"WU",0.0185603102188312,0.979102380687751,"Financial_Serv"
"WU","2012-03-14",9.06817245483398,9.16865120752609,9.01291000326609,9.07822052175048,7476400,"WU",0.00222068829005104,0.981276661879306,"Financial_Serv"
"WU","2012-03-15",9.04305171966553,9.13348239017998,9.01793251484984,9.05812381749668,8929300,"WU",-0.00277020924487005,0.978558320198793,"Financial_Serv"
"WU","2012-03-16",9.06817245483398,9.12343586463829,9.01793403672433,9.03802921232091,6010600,"WU",0.0027779046219351,0.981276661879306,"Financial_Serv"
"WU","2012-03-19",9.04305171966553,9.07821898970198,8.98276428657715,9.0530997848863,7438600,"WU",-0.00277020924487005,0.978558320198793,"Financial_Serv"
"WU","2012-03-20",8.94759559631348,9.02797818884825,8.92247639548489,9.0078830198326,6052300,"WU",-0.0105557422771858,0.968228910767578,"Financial_Serv"
"WU","2012-03-21",8.8471212387085,8.94759903891793,8.8471212387085,8.94257500517199,7627500,"WU",-0.0112292019150237,0.957356472828606,"Financial_Serv"
"WU","2012-03-22",8.90238285064697,8.97271835819497,8.8169762015244,8.83707233460565,4195600,"WU",0.00624628175057581,0.963336391093631,"Financial_Serv"
"WU","2012-03-23",9.00788497924805,9.02798015263484,8.87223896550105,8.90740623760517,5173200,"WU",0.0118509988135825,0.974752889521562,"Financial_Serv"
"WU","2012-03-26",9.15860366821289,9.15860366821289,9.01291052247637,9.03802973297825,5502400,"WU",0.0167318620644094,0.991062320415921,"Financial_Serv"
"WU","2012-03-27",9.1033411026001,9.19377083424747,9.1033411026001,9.1686516240515,4193200,"WU",-0.00603395098366303,0.985082298952776,"Financial_Serv"
"WU","2012-03-28",8.98779106140137,9.10836500612952,8.94759974649198,9.09329386193634,5011400,"WU",-0.0126931463839938,0.972578505131888,"Financial_Serv"
"WU","2012-03-29",8.97774696350098,8.99281811275073,8.91745949179141,8.93755563510688,3726900,"WU",-0.00111752685746397,0.971491622531411,"Financial_Serv"
"WU","2012-03-30",8.84209632873535,9.04305286747644,8.82702422899113,9.04305286747644,6884400,"WU",-0.0151096522676694,0.956812721934007,"Financial_Serv"
"WU","2012-04-02",9.10836505889893,9.14353329810535,8.80693067445044,8.81195470862279,8231400,"WU",0.030113755863329,0.985625946649255,"Financial_Serv"
"WU","2012-04-03",9.0731954574585,9.1334828938716,9.00286091350679,9.11841079520925,6481300,"WU",-0.00386124196966269,0.981820206377665,"Financial_Serv"
"WU","2012-04-04",8.94759559631348,9.02797818884825,8.89735623642022,8.99783495620673,4146300,"WU",-0.0138429577246429,0.968228910767578,"Financial_Serv"
"WU","2012-04-05",9.00286293029785,9.14353300795,8.96267161643102,9.13850897393708,6827400,"WU",0.00617678049812017,0.974209448221324,"Financial_Serv"
"WU","2012-04-09",8.86721324920654,8.9325247063463,8.83204598377873,8.90740454658635,3879300,"WU",-0.0150673937992323,0.95953065082204,"Financial_Serv"
"WU","2012-04-10",8.70142459869385,8.88730996017021,8.68132942780342,8.83204656330823,5251100,"WU",-0.0186968155443347,0.941590483234485,"Financial_Serv"
"WU","2012-04-11",8.8270263671875,8.83707443611762,8.74161969775468,8.76171583561492,3639900,"WU",0.0144346212587426,0.955181985240811,"Financial_Serv"
"WU","2012-04-12",8.94759559631348,8.95261962812641,8.82199767569838,8.84209380295012,3559400,"WU",0.0136590992380136,0.968228910767579,"Financial_Serv"
"WU","2012-04-13",8.82199668884277,8.93754749114222,8.82199668884277,8.91242733488757,2918100,"WU",-0.0140371685464251,0.954637718355612,"Financial_Serv"
"WU","2012-04-16",8.90740489959717,8.93252506035266,8.84209439810519,8.85716553632233,4845500,"WU",0.00968127894022118,0.963879832393869,"Financial_Serv"
"WU","2012-04-17",9.05812549591064,9.09329277246338,8.94257464093341,8.95764674155734,4645800,"WU",0.0169208201504675,0.980189469684469,"Financial_Serv"
"WU","2012-04-18",8.912428855896,9.0129075815905,8.912428855896,9.00285951737382,5744900,"WU",-0.0160846347382164,0.964423480090348,"Financial_Serv"
"WU","2012-04-19",9.06817245483398,9.09329262212521,8.91745528403223,8.93252738440696,7597900,"WU",0.0174748771020996,0.981276661879306,"Financial_Serv"
"WU","2012-04-20",9.04305171966553,9.13850642279037,9.02797962183437,9.08826705492275,4859500,"WU",-0.00277020924487005,0.978558320198793,"Financial_Serv"
"WU","2012-04-23",9.01793193817139,9.05812323824808,8.89233400565221,8.95262047664915,9169300,"WU",-0.00277779916258952,0.9758400817164,"Financial_Serv"
"WU","2012-04-24",9.0731954574585,9.13850692675905,8.89735813934293,8.96266960864348,9475200,"WU",0.00612818101378524,0.981820206377665,"Financial_Serv"
"WU","2012-04-25",9.23395824432373,9.24400630745158,9.098313225042,9.14855162420914,9375400,"WU",0.0177184309121305,0.999216519872501,"Financial_Serv"
"WU","2012-04-26",9.18874835968018,9.24903485138742,9.15860415559004,9.24903485138742,5760000,"WU",-0.00489604603435866,0.994324309792914,"Financial_Serv"
"WU","2012-04-27",9.32941436767578,9.37965373283402,9.1736731980978,9.23395966969874,6938600,"WU",0.0153085058475256,1.00954592930372,"Financial_Serv"
"WU","2012-04-30",9.23395824432373,9.35955615871366,9.1937669500484,9.29424566485475,4772100,"WU",-0.0102317379837671,0.999216519872501,"Financial_Serv"
"WU","2012-05-01",9.25908279418945,9.38468076815678,9.22391551479644,9.23396262445409,4450700,"WU",0.00272088623328648,1.00193527434549,"Financial_Serv"
"WU","2012-05-02",9.07822227478027,9.20884429520892,9.06817420592347,9.19377219192372,9561400,"WU",-0.0195333083664268,0.982364163668504,"Financial_Serv"
"WU","2012-05-03",8.98276615142822,9.10836411805367,8.96769500870449,9.09329297532994,5437700,"WU",-0.010514847561866,0.972034754237289,"Financial_Serv"
"WU","2012-05-04",8.89233493804932,8.95262141536754,8.85214363375841,8.92247817670843,5477700,"WU",-0.0100671899785043,0.962249095700674,"Financial_Serv"
"WU","2012-05-07",8.84209632873535,8.96267025198001,8.82702422899113,8.89735877799143,7465800,"WU",-0.00564965328723724,0.956812721934008,"Financial_Serv"
"WU","2012-05-08",8.80190277099609,8.84711810043419,8.7164961440837,8.79185470706849,7089400,"WU",-0.00454570457558072,0.952463333965938,"Financial_Serv"
"WU","2012-05-09",8.64616298675537,8.73156963670252,8.64113991167293,8.72654656162008,9025700,"WU",-0.0176938769141957,0.935610564969461,"Financial_Serv"
"WU","2012-05-10",8.68133068084717,8.76171329248347,8.63611534202221,8.76171329248347,7395800,"WU",0.00406743362872855,0.939416098844811,"Financial_Serv"
"WU","2012-05-11",8.60094928741455,8.7215232219466,8.59090121997777,8.61602043033328,7387500,"WU",-0.009259109736478,0.930717942097393,"Financial_Serv"
"WU","2012-05-14",8.70142459869385,8.75166396327418,8.54065939862574,8.54065939862574,7470900,"WU",0.0116818862571738,0.941590483234485,"Financial_Serv"
"WU","2012-05-15",8.62607002258301,8.7868352970439,8.61099791876357,8.68635747962415,4975300,"WU",-0.00866002747666757,0.933436283777906,"Financial_Serv"
"WU","2012-05-16",8.58587646484375,8.74161766408217,8.58587646484375,8.6763071477036,5134000,"WU",-0.00465954457059023,0.929086895809837,"Financial_Serv"
"WU","2012-05-17",8.43516063690186,8.60094992903058,8.43516063690186,8.59592589493741,5385400,"WU",-0.017553924582892,0.912777774509838,"Financial_Serv"
"WU","2012-05-18",8.30956268310547,8.50047118801088,8.29951461489031,8.45525583927919,5375000,"WU",-0.0148898117300725,0.899186685295992,"Financial_Serv"
"WU","2012-05-21",8.5054931640625,8.51051719695442,8.26434533466783,8.3145837471145,5946300,"WU",0.0235789160547986,0.920388532666178,"Financial_Serv"
"WU","2012-05-22",8.51051616668701,8.61601796993672,8.46027680208593,8.55070746672064,3456600,"WU",0.000590559833230478,0.920932077164537,"Financial_Serv"
"WU","2012-05-23",8.56075763702393,8.58085281286557,8.42008757318677,8.45023081606744,4369500,"WU",0.00590345748164793,0.926368760525564,"Financial_Serv"
"WU","2012-05-24",8.55573558807373,8.63611822655851,8.48037602603719,8.58085480326148,4159700,"WU",-0.000586636038903349,0.925825319225325,"Financial_Serv"
"WU","2012-05-25",8.49042129516602,8.58085197319545,8.47032612129076,8.57080390713966,3524500,"WU",-0.00763397749210012,0.918757589576743,"Financial_Serv"
"WU","2012-05-29",8.55070781707764,8.58587508626848,8.45022908375846,8.55573184956722,5340300,"WU",0.00710053362675242,0.925281258736366,"Financial_Serv"
"WU","2012-05-30",8.35477638244629,8.54066179610316,8.34975330699077,8.45525513981267,5156000,"WU",-0.0229140603120633,0.904079308168059,"Financial_Serv"
"WU","2012-05-31",8.23922538757324,8.36984737150046,8.19401004858935,8.34472816461444,8482900,"WU",-0.0138305311337625,0.891575411149051,"Financial_Serv"
"WU","2012-06-01",8.02320003509521,8.15382158544525,8.00310437510919,8.15382158544525,7187100,"WU",-0.0262191337554433,0.868199076191069,"Financial_Serv"
"WU","2012-06-04",8.0081262588501,8.08850936113036,7.93276766941525,8.02319836003165,4752400,"WU",-0.0018787735790185,0.866567926705393,"Financial_Serv"
"WU","2012-06-05",8.06338882446289,8.10358013420948,7.94281537434132,7.97295861709216,6349600,"WU",0.00690081097956218,0.872547948168538,"Financial_Serv"
"WU","2012-06-06",8.21913242340088,8.21913242340088,8.06841426685566,8.09353443873148,9681600,"WU",0.019314906217283,0.889401129957496,"Financial_Serv"
"WU","2012-06-07",8.31960773468018,8.37487113795398,8.28444046286459,8.3045365943228,8785100,"WU",0.0122245641149705,0.900273671094589,"Financial_Serv"
"WU","2012-06-08",8.13875102996826,8.32965957413027,8.12367892454624,8.2894682512416,8290700,"WU",-0.0217386096171356,0.880702973210078,"Financial_Serv"
"WU","2012-06-11",8.05334186553955,8.21913114110838,8.0483178319482,8.21410710751703,4511200,"WU",-0.0104941365222035,0.871460755973701,"Financial_Serv"
"WU","2012-06-12",8.17391395568848,8.17391395568848,8.04329198644782,8.10860249195004,4638100,"WU",0.0149716840737703,0.884507991094828,"Financial_Serv"
"WU","2012-06-13",8.0475378036499,8.18402265794908,8.01720767533418,8.08292255161738,4685500,"WU",-0.0154609104920447,0.870832692215013,"Financial_Serv"
"WU","2012-06-14",8.12841796875,8.14863837683965,8.02731833870705,8.04753826471564,4694700,"WU",0.0100502994920279,0.879584821579223,"Financial_Serv"
"WU","2012-06-15",8.20929908752441,8.21435419041799,8.10314481924614,8.1638041256445,8296600,"WU",0.00995041336276807,0.888337054141553,"Financial_Serv"
"WU","2012-06-18",8.27501487731934,8.28512411945283,8.13347488166472,8.17896984583362,6292400,"WU",0.00800504270757895,0.895448230198681,"Financial_Serv"
"WU","2012-06-19",8.39128303527832,8.41655759793383,8.30029306705805,8.31545838314901,5024700,"WU",0.0140505074229726,0.908029732203975,"Financial_Serv"
"WU","2012-06-20",8.55809593200684,8.55809593200684,8.35084147465232,8.41655590281927,9345600,"WU",0.0198793076132943,0.926080734572475,"Financial_Serv"
"WU","2012-06-21",8.44182872772217,8.58336774753114,8.43677362499153,8.57325754206985,8537900,"WU",-0.0135856392833638,0.913499335765301,"Financial_Serv"
"WU","2012-06-22",8.46204853057861,8.4974332870199,8.45193832469187,8.48226894235209,5790100,"WU",0.00239519226326464,0.915687342306823,"Financial_Serv"
"WU","2012-06-25",8.29018211364746,8.41655684392917,8.28512700873667,8.37106186389474,4228700,"WU",-0.0203102613167595,0.897089493100123,"Financial_Serv"
"WU","2012-06-26",8.19919013977051,8.34578525369006,8.19413503610131,8.28512497382207,4771900,"WU",-0.0109758715344938,0.887243154068912,"Financial_Serv"
"WU","2012-06-27",8.34073066711426,8.36095108304466,8.20930085605417,8.20930085605417,4013100,"WU",0.0172627448480798,0.902559406255809,"Financial_Serv"
"WU","2012-06-28",8.30534362792969,8.32050797156031,8.21435370949699,8.25479356611572,4779800,"WU",-0.00424267856101552,0.898730136812844,"Financial_Serv"
"WU","2012-06-29",8.51259994506836,8.51259994506836,8.38117014019647,8.45193966429577,4724300,"WU",0.0249545745996226,0.921157565056869,"Financial_Serv"
"WU","2012-07-02",8.58337020874023,8.60864572964099,8.48732612180496,8.56820586036232,3242100,"WU",0.00831358975266712,0.928815691150318,"Financial_Serv"
"WU","2012-07-03",8.65919589996338,8.6642510047605,8.54798648691466,8.54798648691466,1555100,"WU",0.00883402316096457,0.937020870478207,"Financial_Serv"
"WU","2012-07-05",8.5732593536377,8.64908494645737,8.54798479880611,8.58336956123532,3287700,"WU",-0.00992431021522992,0.927721584681437,"Financial_Serv"
"WU","2012-07-06",8.50754261016846,8.53787226051939,8.43171800221003,8.51765281500617,2534100,"WU",-0.0076653161602249,0.920610305426189,"Financial_Serv"
"WU","2012-07-09",8.54292583465576,8.55809113919934,8.42160629079324,8.50248598670159,3703700,"WU",0.00415904170083305,0.924439162076673,"Financial_Serv"
"WU","2012-07-10",8.44688606262207,8.63392107778154,8.4064461896366,8.56820664574113,4059800,"WU",-0.0112420233878293,0.914046595395982,"Financial_Serv"
"WU","2012-07-11",8.49743366241455,8.51259897191462,8.41149883690549,8.45193869807667,5004100,"WU",0.00598416971860865,0.919516405353548,"Financial_Serv"
"WU","2012-07-12",8.32556629180908,8.43677666361266,8.24974165186467,8.41150114085611,6062500,"WU",-0.0202257972740246,0.900918452948727,"Financial_Serv"
"WU","2012-07-13",8.43677711486816,8.44688636034888,8.28512686270545,8.33567694675969,4022300,"WU",0.0133577487898324,0.91295269532334,"Financial_Serv"
"WU","2012-07-16",8.46710300445557,8.50248775826793,8.37611308655964,8.4317182506432,3713000,"WU",0.00359448746535676,0.916234292343144,"Financial_Serv"
"WU","2012-07-17",8.53787803649902,8.55809845985381,8.42666860053626,8.4974381539523,3235700,"WU",0.00835882497310045,0.923892934427193,"Financial_Serv"
"WU","2012-07-18",8.60864639282227,8.61370149739185,8.51765643889505,8.52776664803421,6536700,"WU",0.0082887523130116,0.931550854124401,"Financial_Serv"
"WU","2012-07-19",8.5732593536377,8.67435950128895,8.54798479880611,8.67435950128895,5217700,"WU",-0.00411063918412021,0.927721584681437,"Financial_Serv"
"WU","2012-07-20",8.47216129302979,8.53787572279902,8.41655610803556,8.52271137355521,7088400,"WU",-0.0117922550150094,0.916781655171945,"Financial_Serv"
"WU","2012-07-23",8.56820487976074,8.57831412280154,8.29017996664661,8.37105969594756,10115000,"WU",0.0113363737314555,0.927174634645116,"Financial_Serv"
"WU","2012-07-24",8.72996234893799,8.85128191524254,8.50248755951557,8.56820292719859,15948800,"WU",0.0188788050060917,0.944678583779176,"Financial_Serv"
"WU","2012-07-25",8.59347915649414,8.83611833657265,8.57325874273973,8.7147987465334,6943100,"WU",-0.0156338809938225,0.929909591222959,"Financial_Serv"
"WU","2012-07-26",8.72996234893799,8.7805124092721,8.63391733071939,8.71985214403872,4899900,"WU",0.0158821811234285,0.944678583779176,"Financial_Serv"
"WU","2012-07-27",8.90688991546631,8.9321644716039,8.70468960971553,8.77040499833329,5564000,"WU",0.0202667044205344,0.963824105409037,"Financial_Serv"
"WU","2012-07-30",8.87655639648438,8.9169962516147,8.83106143894249,8.90688701095377,3135600,"WU",-0.00340562410334287,0.960541682804273,"Financial_Serv"
"WU","2012-07-31",8.81084442138672,8.88666905013013,8.78051476272184,8.88161394632558,4129700,"WU",-0.00740286797746049,0.953430919539626,"Financial_Serv"
"WU","2012-08-01",8.64908123016357,8.8462253727969,8.62380572202978,8.83106006791663,7712500,"WU",-0.0183595559615709,0.935926351216846,"Financial_Serv"
"WU","2012-08-02",8.58842277526855,8.62886263259832,8.47215830596575,8.59347787795506,7120700,"WU",-0.00701328306219091,0.929362434790399,"Financial_Serv"
"WU","2012-08-03",8.72490978240967,8.76029454567957,8.64403004803203,8.70974447065293,4330400,"WU",0.0158919758275227,0.944131840139095,"Financial_Serv"
"WU","2012-08-06",8.77040386199951,8.84622848475061,8.72996399892143,8.72996399892143,4672700,"WU",0.00521427507268494,0.949054803258461,"Financial_Serv"
"WU","2012-08-07",8.89677906036377,8.98271389480983,8.8057891222253,8.81589932961012,4624200,"WU",0.0144092792478825,0.962729998940156,"Financial_Serv"
"WU","2012-08-08",8.92710971832275,8.94733013535737,8.81590031712001,8.89678005693338,4060800,"WU",0.00340917288753535,0.96601211195056,"Financial_Serv"
"WU","2012-08-09",8.91194343566895,9.0130435815143,8.86644943061722,8.932163850503,3881600,"WU",-0.00169890178706777,0.964370952247238,"Financial_Serv"
"WU","2012-08-10",8.92205238342285,8.94732789839688,8.85633797281499,8.88161252362671,3558200,"WU",0.0011343146224926,0.965464852319879,"Financial_Serv"
"WU","2012-08-13",8.85633659362793,8.87150093608851,8.71985172650973,8.83611618479761,3204300,"WU",-0.00736554628585477,0.958353676262751,"Financial_Serv"
"WU","2012-08-14",8.91194343566895,8.98776902713419,8.86139432690871,8.88161377758032,4714500,"WU",0.00627876339761345,0.964370952247238,"Financial_Serv"
"WU","2012-08-15",8.89172267913818,8.95743708937298,8.87655737023986,8.89677778210429,3463000,"WU",-0.00226895027742553,0.962182842507595,"Financial_Serv"
"WU","2012-08-16",8.96249103546143,8.99787578749442,8.88161132676825,8.91699607880124,2638700,"WU",0.00795890277699274,0.969840762204804,"Financial_Serv"
"WU","2012-08-17",8.94227123260498,9.00798563172825,8.90688648198767,9.0029305296169,4206300,"WU",-0.00225604720567559,0.967652755663281,"Financial_Serv"
"WU","2012-08-20",9.00798606872559,9.06359123048583,8.91194105227485,8.93216146170119,3832500,"WU",0.00734878582982346,0.974763828522289,"Financial_Serv"
"WU","2012-08-21",8.97260284423828,9.06359277382611,8.93721808587909,9.0180978090322,3055000,"WU",-0.00392798392641282,0.970934971871805,"Financial_Serv"
"WU","2012-08-22",8.83612155914307,8.9574411934281,8.77040711879971,8.94733194702641,4564400,"WU",-0.0152108911387798,0.956166185711829,"Financial_Serv"
"WU","2012-08-23",8.77545833587646,8.85128295318811,8.75018282066437,8.83106254101843,2332200,"WU",-0.00686536766844624,0.949601753294781,"Financial_Serv"
"WU","2012-08-24",8.80578804016113,8.82095334937483,8.72490831934606,8.77040328282483,2324900,"WU",0.00345619603259603,0.952883763107065,"Financial_Serv"
"WU","2012-08-27",8.78556823730469,8.87655817057392,8.78051409804519,8.82095396125792,2586600,"WU",-0.00229619458976613,0.950695756565543,"Financial_Serv"
"WU","2012-08-28",8.76029872894287,8.83612339560979,8.7400792677744,8.77546404794143,3526400,"WU",-0.00287625201686087,0.9479613159783,"Financial_Serv"
"WU","2012-08-29",8.86139392852783,8.88161337829043,8.74007433746502,8.77040399419013,3260100,"WU",0.0115401543615123,0.958900935893432,"Financial_Serv"
"WU","2012-08-30",8.80073261260986,8.84117247152639,8.75523765080848,8.79567750972501,3096300,"WU",-0.00684557264999578,0.952336709872624,"Financial_Serv"
"WU","2012-08-31",8.90183448791504,8.93216414701048,8.76534957574186,8.83611910168537,4540500,"WU",0.0114878930829366,0.963277052174597,"Financial_Serv"
"WU","2012-09-04",8.92710971832275,8.96249448397078,8.84622997850939,8.90183516119203,3640700,"WU",0.00283932828025819,0.96601211195056,"Financial_Serv"
"WU","2012-09-05",8.93721675872803,8.96754640936599,8.88666669822329,8.92205145132794,4537200,"WU",0.00113217387532819,0.967105805626961,"Financial_Serv"
"WU","2012-09-06",9.13941860198975,9.14952880976104,8.97260403041335,8.98271423818464,4728200,"WU",0.0226246994696923,0.988986283834666,"Financial_Serv"
"WU","2012-09-07",9.17479991912842,9.19502032707656,9.08381001168601,9.14952537335536,4830200,"WU",0.00387128751614123,0.99281493408891,"Financial_Serv"
"WU","2012-09-10",9.22029590606689,9.26073576233271,9.13941619353526,9.17480094724757,4638400,"WU",0.00495879881190898,0.997738103604515,"Financial_Serv"
"WU","2012-09-11",9.26579284667969,9.29106740069078,9.16974780594515,9.20513256722566,3108300,"WU",0.00493443389195961,1.00266137631824,"Financial_Serv"
"WU","2012-09-12",9.34667205810547,9.3517271614598,9.26579233276097,9.28095764282395,4696600,"WU",0.00872879555630942,1.01141340248433,"Financial_Serv"
"WU","2012-09-13",9.46799278259277,9.50843265011914,9.27590365288317,9.31634352040953,4931900,"WU",0.0129800985562658,1.02454164812971,"Financial_Serv"
"WU","2012-09-14",9.660080909729,9.660080909729,9.4376612015361,9.4932663696249,6812200,"WU",0.0202881573261643,1.04532771027417,"Financial_Serv"
"WU","2012-09-17",9.58425617218018,9.67524610462633,9.56403672283791,9.60447658568483,4872100,"WU",-0.00784928596948524,1.0371226341444,"Financial_Serv"
"WU","2012-09-18",9.55392456054688,9.61963992682369,9.45787954438347,9.61963992682369,5383700,"WU",-0.0031647329838014,1.03384041793588,"Financial_Serv"
"WU","2012-09-19",9.44776821136475,9.58425208770694,9.43260290769918,9.58425208770694,5838600,"WU",-0.0111112819145028,1.02235312559758,"Financial_Serv"
"WU","2012-09-20",9.4985933303833,9.51383924781544,9.30038767962654,9.35629196180777,5006600,"WU",0.00537958996045405,1.02785296620809,"Financial_Serv"
"WU","2012-09-21",9.48842620849609,9.59007015456139,9.48334391425798,9.54433047576686,4497500,"WU",-0.00107038184850859,1.02675277105012,"Financial_Serv"
"WU","2012-09-24",9.4630184173584,9.52400402698824,9.43760693888864,9.45793612166445,2445000,"WU",-0.00267776663688914,1.02400336673547,"Financial_Serv"
"WU","2012-09-25",9.32579898834229,9.5189213706517,9.32579898834229,9.47318168048786,4581100,"WU",-0.0145005983254144,1.00915470523057,"Financial_Serv"
"WU","2012-09-26",9.26989555358887,9.43252514708798,9.25464866569251,9.35629264630387,5978400,"WU",-0.00599449278536885,1.00310533463074,"Financial_Serv"
"WU","2012-09-27",9.3613748550415,9.3715394468777,9.2241557732994,9.29022465088582,4433700,"WU",0.00986842849779685,1.0130044079013,"Financial_Serv"
"WU","2012-09-28",9.25972938537598,9.34612646338363,9.24448346942377,9.33088054743142,4599000,"WU",-0.0108579638396583,1.0020052426709,"Financial_Serv"
"WU","2012-10-01",9.21907043457031,9.34104258830047,9.16316713662015,9.31054979220506,5150300,"WU",-0.00439094374290002,0.997605494020238,"Financial_Serv"
"WU","2012-10-02",9.25972938537598,9.29022315597774,9.21398969882201,9.24956576452406,4188800,"WU",0.00441030916232056,1.0020052426709,"Financial_Serv"
"WU","2012-10-03",9.28005981445312,9.30547032402503,9.20890961217276,9.28514211023727,3626600,"WU",0.00219557486304692,1.00420522019435,"Financial_Serv"
"WU","2012-10-04",9.3613748550415,9.45285424286957,9.31055286520937,9.33088204888176,4982800,"WU",0.00876234013726245,1.0130044079013,"Financial_Serv"
"WU","2012-10-05",9.3817024230957,9.44777129613089,9.33596370168126,9.40711390093569,3108300,"WU",0.00217142977062306,1.01520407583039,"Financial_Serv"
"WU","2012-10-08",9.32579898834229,9.41219607316857,9.30546980633669,9.37153867850613,2619100,"WU",-0.00595877296382754,1.00915470523057,"Financial_Serv"
"WU","2012-10-09",9.2902250289917,9.36137523604315,9.26989584449193,9.32580013251742,3504600,"WU",-0.00381457496511078,1.00530520895607,"Financial_Serv"
"WU","2012-10-10",9.1377592086792,9.31563569868151,9.10726640075988,9.2851428907622,4772700,"WU",-0.0164114238176906,0.988806719105761,"Financial_Serv"
"WU","2012-10-11",9.11234569549561,9.25464606514665,9.11234569549561,9.1784135857838,4006400,"WU",-0.00278115373837555,0.986056695602389,"Financial_Serv"
"WU","2012-10-12",9.08693790435791,9.18349960099181,9.06152739072481,9.11234938733997,4356000,"WU",-0.00278828218185959,0.983307291287737,"Financial_Serv"
"WU","2012-10-15",9.06152534484863,9.13267554243646,9.04119713240157,9.09710044364255,4321300,"WU",-0.00279660318764696,0.980557370982486,"Financial_Serv"
"WU","2012-10-16",9.22923755645752,9.23431985209325,9.07677256478064,9.08185486041637,4316300,"WU",0.0185081655931392,0.998705689178203,"Financial_Serv"
"WU","2012-10-17",9.35120868682861,9.36137327695131,9.21398962821817,9.264811609483,3961500,"WU",0.0132157320282381,1.01190431594146,"Financial_Serv"
"WU","2012-10-18",9.31055355072021,9.3817037601145,9.26989614973078,9.33596503218167,3073600,"WU",-0.00434758088178078,1.00750498008328,"Financial_Serv"
"WU","2012-10-19",9.11234569549561,9.32579721932074,9.02086633252075,9.28513983237065,5145900,"WU",-0.0212885146027947,0.986056695602389,"Financial_Serv"
"WU","2012-10-22",9.22415542602539,9.2343200174789,9.09201864517611,9.12251241953665,4299700,"WU",0.0122701370498987,0.9981557463964,"Financial_Serv"
"WU","2012-10-23",9.15808486938477,9.19365995982573,9.05644092296899,9.10726289617688,3925100,"WU",-0.00716277573274741,0.99100618063861,"Financial_Serv"
"WU","2012-10-24",9.1377592086792,9.40711509178836,9.11743099318262,9.20382809007809,4388200,"WU",-0.00221942261897076,0.988806719105761,"Financial_Serv"
"WU","2012-10-25",9.05136203765869,9.2394031185438,9.05136203765869,9.21907393386481,5321900,"WU",-0.00945496254031802,0.979457588617001,"Financial_Serv"
"WU","2012-10-26",9.11234569549561,9.18857817485846,9.06660601400818,9.07168830854551,5724000,"WU",0.00673751172289741,0.986056695602389,"Financial_Serv"
"WU","2012-10-31",6.46961498260498,7.46572229357778,6.3425604811272,7.41998308017232,62740200,"WU",-0.290016511796405,0.700083972310294,"Financial_Serv"
"WU","2012-11-01",6.23583555221558,6.64749189113634,6.22567095882272,6.60683448691391,51040500,"WU",-0.0361349834600626,0.674786449550207,"Financial_Serv"
"WU","2012-11-02",6.07320404052734,6.35272399316132,6.06303993416896,6.29682019650427,25424600,"WU",-0.0260801476123677,0.657187919339112,"Financial_Serv"
"WU","2012-11-05",6.21042490005493,6.26124641583243,6.14943879031722,6.15960289960291,18221300,"WU",0.0225944754386472,0.672036735641195,"Financial_Serv"
"WU","2012-11-06",6.30698537826538,6.39846477446084,6.286656677408,6.35780737274607,19314600,"WU",0.0155481275056712,0.682485648495439,"Financial_Serv"
"WU","2012-11-07",6.37813711166382,6.38321940887394,6.25108258945806,6.33747970333194,17530900,"WU",0.0112814172114042,0.690185053836912,"Financial_Serv"
"WU","2012-11-08",6.29682064056396,6.4340392364624,6.2409163552901,6.38829954293812,14105000,"WU",-0.012749251023649,0.681385711332775,"Financial_Serv"
"WU","2012-11-09",6.27649307250977,6.3933829906423,6.24091747965137,6.29173947820651,11624400,"WU",-0.00322822726174691,0.679186043403685,"Financial_Serv"
"WU","2012-11-12",6.27141237258911,6.36289179941168,6.25616596301022,6.30698748983139,9009900,"WU",-0.000809480686421389,0.678636255419063,"Financial_Serv"
"WU","2012-11-13",6.40354490280151,6.51027066733735,6.27140814962871,6.35272292552757,21958800,"WU",0.0210690227914087,0.692934458151564,"Financial_Serv"
"WU","2012-11-14",6.43912220001221,6.47977960187748,6.30698540161284,6.45945090094484,18788900,"WU",0.00555587533947462,0.69678431561948,"Financial_Serv"
"WU","2012-11-15",6.44928598403931,6.48994386853582,6.30190278851566,6.45436828018568,11400500,"WU",0.00157844248197065,0.697884149584025,"Financial_Serv"
"WU","2012-11-16",6.45944976806641,6.50518945831149,6.3781349785971,6.47469616992331,11625700,"WU",0.001575954927763,0.69898398354857,"Financial_Serv"
"WU","2012-11-19",6.47469902038574,6.53568513933664,6.44420620324759,6.53568513933664,11084400,"WU",0.00236076645331677,0.700634121488337,"Financial_Serv"
"WU","2012-11-20",6.34764051437378,6.37813379711339,6.24091475179657,6.33239411534112,17281400,"WU",-0.01962384747336,0.686884984353618,"Financial_Serv"
"WU","2012-11-21",6.38321876525879,6.39846517067732,6.32731447093334,6.35272546974723,7851200,"WU",0.00560495680315313,0.690734945019654,"Financial_Serv"
"WU","2012-11-23",6.50519037246704,6.50519037246704,6.38321817112268,6.40354687134674,4288500,"WU",0.0191081665369347,0.703933623381971,"Financial_Serv"
"WU","2012-11-26",6.47977781295776,6.55601029924048,6.4238740219954,6.4899424029551,7761200,"WU",-0.00390650512194616,0.701183703076719,"Financial_Serv"
"WU","2012-11-27",6.39846563339233,6.515355557845,6.39338333632712,6.46961585360717,8914000,"WU",-0.012548606127023,0.692384824964122,"Financial_Serv"
"WU","2012-11-28",6.45436859130859,6.46961499580819,6.35780738324518,6.36288967963653,7154700,"WU",0.00873693180823121,0.698434143964887,"Financial_Serv"
"WU","2012-11-29",6.43912220001221,6.51027289561367,6.4137112026778,6.45945090094484,8024700,"WU",-0.0023621816883711,0.69678431561948,"Financial_Serv"
"WU","2012-11-30",6.40862798690796,6.52043606833495,6.35780648420434,6.45436767861329,9707200,"WU",-0.00473577176469647,0.693484504131486,"Financial_Serv"
"WU","2012-12-03",6.41371011734009,6.52043590034475,6.40354601093099,6.46453210340874,7327400,"WU",0.000793013799913347,0.694034446913289,"Financial_Serv"
"WU","2012-12-04",6.51027154922485,6.51027154922485,6.35272378607351,6.4238744669603,13450400,"WU",0.0150554718124385,0.704483462965653,"Financial_Serv"
"WU","2012-12-05",6.54584836959839,6.5661770716755,6.44420485921283,6.52551966752128,8848000,"WU",0.00546472141822888,0.708333268834509,"Financial_Serv"
"WU","2012-12-06",6.57125663757324,6.59158533120244,6.5001059675339,6.5610920484215,8786500,"WU",0.00388158517280357,0.711082724748221,"Financial_Serv"
"WU","2012-12-07",6.60683345794678,6.6576554476469,6.530600958071,6.58142246309671,7802700,"WU",0.00541400562110349,0.714932530617077,"Financial_Serv"
"WU","2012-12-10",6.59158754348755,6.64240905228025,6.53060144213164,6.58650524720594,7260600,"WU",-0.00230759781615057,0.71328275387073,"Financial_Serv"
"WU","2012-12-11",6.71864032745361,6.76946182327341,6.61191455615541,6.6322432514182,10425000,"WU",0.0192749899971505,0.727031271816729,"Financial_Serv"
"WU","2012-12-12",6.72372341156006,6.7592989985154,6.69323060522624,6.74913440662119,13847400,"WU",0.000756564402722212,0.727581317796651,"Financial_Serv"
"WU","2012-12-13",6.79811811447144,6.81350994301036,6.71089693725518,6.71089693725518,9493000,"WU",0.0110645097006029,0.735631648345389,"Financial_Serv"
"WU","2012-12-14",6.72628784179688,6.82377055084605,6.69550418894781,6.78785563679235,8294000,"WU",-0.0105661995665613,0.727858817541494,"Financial_Serv"
"WU","2012-12-17",6.78785562515259,6.80837871274656,6.72115754766153,6.77759457065294,7456400,"WU",0.00915330785773592,0.734521133375419,"Financial_Serv"
"WU","2012-12-18",6.88020849227905,6.88533926487118,6.76220365844454,6.78272625951565,9580700,"WU",0.0136056027450332,0.744514736123956,"Financial_Serv"
"WU","2012-12-19",7.02899789810181,7.06491281912459,6.83916370437183,6.89047045480585,11299700,"WU",0.0216257117774447,0.760615397221433,"Financial_Serv"
"WU","2012-12-20",7.05465364456177,7.06491519381671,6.93664876391558,7.05978441918924,10506900,"WU",0.00364998636105572,0.7633916330473,"Financial_Serv"
"WU","2012-12-21",6.9725604057312,7.02386666349524,6.91099260283591,6.93664597636663,13231000,"WU",-0.0116367497210653,0.754508235674373,"Financial_Serv"
"WU","2012-12-24",6.89560079574585,7.18291771982992,6.85968636372188,6.99308352452154,2071900,"WU",-0.0110374963438242,0.746180353781732,"Financial_Serv"
"WU","2012-12-26",6.88533973693848,6.96743014685112,6.88533973693848,6.90586233941664,4299900,"WU",-0.00148805870747382,0.745069993608941,"Financial_Serv"
"WU","2012-12-27",7.02899789810181,7.03925944390758,6.87507813609718,6.94690748884532,7144600,"WU",0.0208643533437621,0.760615397221433,"Financial_Serv"
"WU","2012-12-28",6.86481666564941,6.99821381729624,6.8596858930559,6.97769121621961,5186800,"WU",-0.0233577011734105,0.74284917006524,"Financial_Serv"
"WU","2012-12-31",6.98282146453857,6.98795223710638,6.7724646822324,6.86481663126336,6289800,"WU",0.0171897961207966,0.755618595847164,"Financial_Serv"
"WU","2013-01-02",7.0597825050354,7.14700369286326,6.98282237438275,7.11108876950637,6666500,"WU",0.0110214819163949,0.763946632536985,"Financial_Serv"
"WU","2013-01-03",6.94177532196045,7.07004168299082,6.90073012557452,7.05464985667043,10128800,"WU",-0.0167154133984698,0.751176948759761,"Financial_Serv"
"WU","2013-01-04",7.19317817687988,7.20343923192031,6.94690649504381,6.96229832225314,9753500,"WU",0.0362159308331567,0.778381521179506,"Financial_Serv"
"WU","2013-01-07",7.0136079788208,7.28040188156471,7.00334643022033,7.28040188156471,10834400,"WU",-0.0249639580229295,0.758950037558957,"Financial_Serv"
"WU","2013-01-08",7.0136079788208,7.04952242032732,6.9417786065102,6.99821614521766,7685900,"WU",0,0.758950037558957,"Financial_Serv"
"WU","2013-01-09",6.85455560684204,6.89047052824763,6.78785702628589,6.86994792571477,11489700,"WU",-0.0226776820801868,0.741738809892449,"Financial_Serv"
"WU","2013-01-10",7.10595846176147,7.11108874568316,6.86481750273364,6.90586270989189,13757900,"WU",0.0366767547510286,0.768943382312194,"Financial_Serv"
"WU","2013-01-11",7.08030414581299,7.1675253217794,7.00847479816495,7.11621857498831,7887200,"WU",-0.00361025413904924,0.766167301283507,"Financial_Serv"
"WU","2013-01-14",7.08030414581299,7.12648012006549,7.00847479816495,7.09569597413135,6531500,"WU",0,0.766167301283507,"Financial_Serv"
"WU","2013-01-15",7.02386856079102,7.11622053472888,7.00334595428233,7.07517532171151,10868500,"WU",-0.00797078541539016,0.760060346132688,"Financial_Serv"
"WU","2013-01-16",6.94177532196045,7.06491140041558,6.92125272376748,7.02386571473231,8243200,"WU",-0.0116877527134877,0.751176948759761,"Financial_Serv"
"WU","2013-01-17",6.89046764373779,6.96742724869458,6.79298495554214,6.96742724869458,9372700,"WU",-0.0073911464780981,0.745624889900507,"Financial_Serv"
"WU","2013-01-18",6.88020849227905,6.93664601219765,6.85455511861582,6.90073109335016,17141800,"WU",-0.00148889044825049,0.744514736123956,"Financial_Serv"
"WU","2013-01-22",7.07517528533936,7.11108972422055,6.88021027986033,6.90586366018869,11474300,"WU",0.0283373379279267,0.765612301793822,"Financial_Serv"
"WU","2013-01-23",6.9725604057312,7.16752535954833,6.9725604057312,7.08543495568794,8232900,"WU",-0.0145035105802658,0.754508235674373,"Financial_Serv"
"WU","2013-01-24",6.91612577438354,7.0546537557224,6.8596887204849,7.0546537557224,9020200,"WU",-0.00809381748794445,0.748401383721674,"Financial_Serv"
"WU","2013-01-25",6.94177532196045,6.97769023577114,6.92125272376748,6.93664503938521,6877600,"WU",0.00370865834625318,0.751176948759761,"Financial_Serv"
"WU","2013-01-28",7.19317817687988,7.23422337563633,7.01360506534738,7.10595700719808,16677700,"WU",0.0362159308331567,0.778381521179506,"Financial_Serv"
"WU","2013-01-29",7.21370315551758,7.28040125852249,7.14187378935399,7.15726562163993,10914300,"WU",0.00285339499912099,0.780602551119448,"Financial_Serv"
"WU","2013-01-30",7.25987720489502,7.2650079777332,7.16752574029497,7.20857094440553,9470100,"WU",0.00640088015572474,0.785599094498416,"Financial_Serv"
"WU","2013-01-31",7.30092477798462,7.35223154441938,7.21883434312708,7.23422666663606,8839500,"WU",0.00565403131914174,0.790040896383,"Financial_Serv"
"WU","2013-02-01",7.37788057327271,7.40353394134968,7.33683538006847,7.38301134474756,6123800,"WU",0.0105405544678587,0.798368365483161,"Financial_Serv"
"WU","2013-02-04",7.47536420822144,7.57797770006836,7.44458055210527,7.47536420822144,16373000,"WU",0.0132129591934406,0.808917174117624,"Financial_Serv"
"WU","2013-02-05",7.61389255523682,7.61902332797611,7.45997279813981,7.47536462706029,14410800,"WU",0.0185313174257151,0.82390747504231,"Financial_Serv"
"WU","2013-02-06",7.58310890197754,7.59337044812446,7.52154109298838,7.55232524213169,10514600,"WU",-0.00404309005360266,0.820576342924877,"Financial_Serv"
"WU","2013-02-07",7.49075317382812,7.62928054296137,7.46509981234503,7.59849690061939,7977800,"WU",-0.012179137784152,0.81058243058198,"Financial_Serv"
"WU","2013-02-08",7.52153921127319,7.60876037451148,7.49588584162123,7.51640843948333,7731600,"WU",0.00410987209572349,0.813913820694712,"Financial_Serv"
"WU","2013-02-11",7.31118392944336,7.53693255127215,7.30092238380243,7.52154072210818,15484900,"WU",-0.0279670524770457,0.791151050159551,"Financial_Serv"
"WU","2013-02-12",7.3573579788208,7.39327240056068,7.23935268135115,7.27013682091198,11977700,"WU",0.00631553655646533,0.796147593538519,"Financial_Serv"
"WU","2013-02-13",7.27013874053955,7.44971187524854,7.09056560583056,7.14700312837778,23618300,"WU",-0.0118546954670852,0.786709506270267,"Financial_Serv"
"WU","2013-02-14",7.25474691390991,7.41379695735077,7.22909353904278,7.35735992408102,15849600,"WU",-0.00211712969710071,0.785043940211551,"Financial_Serv"
"WU","2013-02-15",7.38814115524292,7.44457865926857,7.26500558349157,7.28039740763617,12393700,"WU",0.0183871667634944,0.799478674056891,"Financial_Serv"
"WU","2013-02-19",7.31118392944336,7.42405848500647,7.28039978181799,7.41379693936554,10895700,"WU",-0.0104163177425148,0.79115105015955,"Financial_Serv"
"WU","2013-02-20",7.18291854858398,7.32144649831233,7.13161179180367,7.31118495123727,12135000,"WU",-0.0175437223433579,0.777271315803895,"Financial_Serv"
"WU","2013-02-21",7.13160943984985,7.20856954963943,7.10082578737189,7.14187098354073,8889700,"WU",-0.00714321182776683,0.771719102147461,"Financial_Serv"
"WU","2013-02-22",7.19317817687988,7.22909260346744,7.17265508820429,7.20343923192031,6596800,"WU",0.00863321772586099,0.778381521179506,"Financial_Serv"
"WU","2013-02-25",7.09056615829468,7.25987776053345,7.08543587436128,7.2290940997432,11010700,"WU",-0.0142651851604368,0.767277764654418,"Financial_Serv"
"WU","2013-02-26",7.18291854858398,7.24961713667939,7.08030552432085,7.10595890271101,10566200,"WU",0.0130246849444132,0.777271315803895,"Financial_Serv"
"WU","2013-02-27",7.27526950836182,7.30092239390479,7.16752572547009,7.17265600900023,6701700,"WU",0.0128570245023922,0.787264712156193,"Financial_Serv"
"WU","2013-02-28",7.19831132888794,7.34197007109306,7.19831132888794,7.28553253333477,10184600,"WU",-0.0105780520412921,0.778936985060732,"Financial_Serv"
"WU","2013-03-01",7.31631517410278,7.3419685505621,7.14187280133635,7.16239540464431,20658000,"WU",0.0163932677850812,0.791706307644536,"Financial_Serv"
"WU","2013-03-04",7.22909355163574,7.31118395991563,7.14700314335586,7.30605318707378,9302100,"WU",-0.0119215233886828,0.782267962380984,"Financial_Serv"
"WU","2013-03-05",7.32144451141357,7.377881537118,7.21883102570027,7.24961516927373,8403100,"WU",0.0127749017381212,0.792261358733281,"Financial_Serv"
"WU","2013-03-06",7.40353679656982,7.44971277905697,7.33170743611232,7.35223004062911,6823500,"WU",0.0112125803901504,0.801144652908088,"Financial_Serv"
"WU","2013-03-07",7.38814115524292,7.52666904043614,7.30092000292806,7.40866375053481,9567700,"WU",-0.00207949818444035,0.799478674056891,"Financial_Serv"
"WU","2013-03-08",7.50614738464355,7.51640843892518,7.37788102569058,7.41892622141175,11216900,"WU",0.0159723842467321,0.812248254635996,"Financial_Serv"
"WU","2013-03-11",7.47536420822144,7.56771615516471,7.40353535108546,7.48049498067326,13887900,"WU",-0.00410106208214042,0.808917174117623,"Financial_Serv"
"WU","2013-03-12",7.43944978713989,7.50101758873157,7.35222861256067,7.43944978713989,16301700,"WU",-0.00480437074116658,0.805030836114266,"Financial_Serv"
"WU","2013-03-13",7.51966571807861,7.54036677433453,7.41098504934703,7.42651121170305,8238900,"WU",0.0107825085502136,0.813711087987853,"Financial_Serv"
"WU","2013-03-14",7.53001928329468,7.62834921355923,7.49379205125844,7.52484389392489,7042300,"WU",0.0013768650900495,0.81483145837829,"Financial_Serv"
"WU","2013-03-15",7.59212160110474,7.62834833541843,7.48861629338546,7.50414196615529,13301600,"WU",0.0082472986420941,0.821551616758509,"Financial_Serv"
"WU","2013-03-18",7.59212160110474,7.63869911296647,7.51966763892512,7.545544089243,7405500,"WU",0,0.821551616758509,"Financial_Serv"
"WU","2013-03-19",7.54036521911621,7.64387097259959,7.46273639755569,7.61281914784417,7504000,"WU",-0.00681711709951989,0.815951003183766,"Financial_Serv"
"WU","2013-03-20",7.49896621704102,7.65939980646093,7.49379082851568,7.60247151978666,8398200,"WU",-0.00549031789206194,0.81147117279194,"Financial_Serv"
"WU","2013-03-21",7.49896621704102,7.56624478721374,7.4161619748445,7.45756409594276,8779600,"WU",0,0.81147117279194,"Financial_Serv"
"WU","2013-03-22",7.57659435272217,7.63352213674113,7.4937896302144,7.52484146284883,6416300,"WU",0.0103518449656096,0.819871396566744,"Financial_Serv"
"WU","2013-03-25",7.58694553375244,7.61282198175592,7.50414129498305,7.61282198175592,7760200,"WU",0.00136620499242571,0.82099150896188,"Financial_Serv"
"WU","2013-03-26",7.66975164413452,7.69045270887845,7.54554525567094,7.59729816430692,5907300,"WU",0.010914288235456,0.829952046929552,"Financial_Serv"
"WU","2013-03-27",7.70080327987671,7.75255569356153,7.63352469788937,7.64387547675772,6788800,"WU",0.0040485842544764,0.833312177718722,"Financial_Serv"
"WU","2013-03-28",7.78360605239868,7.78878144084599,7.66974997431903,7.72667826013496,7010900,"WU",0.0107524850996192,0.842272354492973,"Financial_Serv"
"WU","2013-04-01",7.58694553375244,7.83535874361281,7.57141986237123,7.78878123591698,10811600,"WU",-0.0252659907660197,0.82099150896188,"Financial_Serv"
"WU","2013-04-02",7.68010091781616,7.68527630637574,7.55071916514015,7.58694589795273,6176700,"WU",0.0122783778596137,0.831071952928449,"Financial_Serv"
"WU","2013-04-03",7.62317228317261,7.73702835853064,7.49896592471959,7.70080162736989,7752500,"WU",-0.00741248523329852,0.824911644349558,"Financial_Serv"
"WU","2013-04-04",7.59729623794556,7.63352296867375,7.56624440192697,7.62317219215016,3346500,"WU",-0.00339439333991829,0.822111569757957,"Financial_Serv"
"WU","2013-04-05",7.41098642349243,7.53519327761047,7.37475969171545,7.53519327761047,8745900,"WU",-0.0245231735893856,0.80195078502294,"Financial_Serv"
"WU","2013-04-08",7.47826433181763,7.50931616599315,7.36958365253154,7.44721299119426,5403200,"WU",0.00907813136884557,0.809230999600727,"Financial_Serv"
"WU","2013-04-09",7.65940046310425,7.66975074749004,7.48344118657549,7.49379147096128,8566200,"WU",0.0242216807603263,0.828831934534416,"Financial_Serv"
"WU","2013-04-10",7.7680811882019,7.79395763957641,7.66457587625613,7.66457587625613,6254800,"WU",0.0141891947837402,0.840592392296509,"Financial_Serv"
"WU","2013-04-11",7.83018350601196,7.85088456610275,7.73702848882731,7.77325571415034,5351100,"WU",0.00799455055958723,0.847312550676728,"Financial_Serv"
"WU","2013-04-12",7.78360605239868,7.809482501083,7.68527613966094,7.76808038060898,5244200,"WU",-0.00594844981315181,0.842272354492973,"Financial_Serv"
"WU","2013-04-15",7.67492580413818,7.76290543859308,7.60764723111078,7.76290543859308,9528600,"WU",-0.0139627118239117,0.83051194832994,"Financial_Serv"
"WU","2013-04-16",7.76290512084961,7.78878156996289,7.66975010146271,7.73702867173633,7528700,"WU",0.0114632139719173,0.84003228449988,"Financial_Serv"
"WU","2013-04-17",7.59729623794556,7.7732554904291,7.53519305946057,7.7732554904291,7003900,"WU",-0.0213333642915795,0.822111569757957,"Financial_Serv"
"WU","2013-04-18",7.50931596755981,7.6386977016933,7.50414057974196,7.60764586833832,4585400,"WU",-0.0115804712137345,0.812591130389896,"Financial_Serv"
"WU","2013-04-19",7.48861694335938,7.54554474415796,7.42133836411434,7.54554474415796,5459700,"WU",-0.00275644603181689,0.810351266793044,"Financial_Serv"
"WU","2013-04-22",7.48861694335938,7.5351944592638,7.37476084820992,7.48861694335938,7655400,"WU",0,0.810351266793044,"Financial_Serv"
"WU","2013-04-23",7.5558934211731,7.56624370318865,7.41616091232196,7.41616091232196,11903400,"WU",0.00898383217122341,0.817631326573651,"Financial_Serv"
"WU","2013-04-24",7.54036521911621,7.61799453422874,7.48343744954196,7.58176732308876,9730300,"WU",-0.00205511131395418,0.815951003183766,"Financial_Serv"
"WU","2013-04-25",7.59729623794556,7.64387374519734,7.54036795417018,7.57141979018877,8345000,"WU",0.00755016728964469,0.822111569757957,"Financial_Serv"
"WU","2013-04-26",7.54554271697998,7.61282127815002,7.53519243486652,7.61282127815002,8565100,"WU",-0.00681209727048517,0.816511265777574,"Financial_Serv"
"WU","2013-04-29",7.57659435272217,7.60764569180446,7.52484146284883,7.57141896502441,7580600,"WU",0.00411522893804723,0.819871396566744,"Financial_Serv"
"WU","2013-04-30",7.66457366943359,7.76290356408237,7.50414011194629,7.5869443376615,12900000,"WU",0.0116119872089781,0.829391732736684,"Financial_Serv"
"WU","2013-05-01",8.09412097930908,8.1717498177095,7.52484118586564,7.56624329881948,19555300,"WU",0.0560432097597976,0.875873507587488,"Financial_Serv"
"WU","2013-05-02",8.03719520568848,8.12517484649012,7.83018457648007,8.099298394451,8660800,"WU",-0.00703297785715388,0.869713508602957,"Financial_Serv"
"WU","2013-05-03",8.09412097930908,8.15622414873984,8.05789376031039,8.07341992283216,4575000,"WU",0.00708279096920717,0.875873507587488,"Financial_Serv"
"WU","2013-05-06",8.140700340271,8.17692756974555,8.03202013250412,8.07859715288181,5533900,"WU",0.00575471519155501,0.880913910167482,"Financial_Serv"
"WU","2013-05-07",8.14587306976318,8.19245056848625,8.07341962157362,8.15104845707732,3943200,"WU",0.000635415784388804,0.88147365677069,"Financial_Serv"
"WU","2013-05-08",8.17174816131592,8.17174816131592,8.00613974306899,8.1044696180151,7175600,"WU",0.00317646633223154,0.884273628164171,"Financial_Serv"
"WU","2013-05-09",8.33218479156494,8.3425355683385,8.13552447483714,8.1458747580585,8584800,"WU",0.0196330854894074,0.901634647901947,"Financial_Serv"
"WU","2013-05-10",8.27525424957275,8.39946057566848,8.17174897782632,8.35288307999457,5588200,"WU",-0.00683260674317028,0.895474132926816,"Financial_Serv"
"WU","2013-05-13",8.38911247253418,8.52366961541913,8.30630822877489,8.52366961541913,7496000,"WU",0.0137588791265603,0.907794853282718,"Financial_Serv"
"WU","2013-05-14",8.47191619873047,8.48744137473768,8.34253446744756,8.39946175798114,5167800,"WU",0.00987037978896899,0.916755133255089,"Financial_Serv"
"WU","2013-05-15",8.55472087860107,8.56507066744988,8.47709104605697,8.49779259796322,4944600,"WU",0.0097740201777508,0.925715516425581,"Financial_Serv"
"WU","2013-05-16",8.49779415130615,8.59612456662636,8.46156741595252,8.53919627558237,5737600,"WU",-0.00665442252327827,0.919555414242931,"Financial_Serv"
"WU","2013-05-17",8.61682605743408,8.66857896509437,8.48226889235917,8.49779506078864,7630500,"WU",0.0140073887421283,0.93243598440016,"Financial_Serv"
"WU","2013-05-20",8.60129642486572,8.64269853214709,8.53919277039162,8.62717237175254,6119500,"WU",-0.00180224510334189,0.930755506213095,"Financial_Serv"
"WU","2013-05-21",8.59612274169922,8.65305003355324,8.56507041475598,8.59612274169922,3873100,"WU",-0.000601500391446476,0.930195656411767,"Financial_Serv"
"WU","2013-05-22",8.64787292480469,8.72032735281621,8.59094564427919,8.59612103107316,9019300,"WU",0.00602017731254954,0.935795599198729,"Financial_Serv"
"WU","2013-05-23",8.52366828918457,8.6478746354977,8.49779233720011,8.58059656807553,6102000,"WU",-0.0143624492057302,0.922355282438292,"Financial_Serv"
"WU","2013-05-24",8.51331996917725,8.51849437078327,8.44604090304533,8.49261841433528,3697600,"WU",-0.00121406883236586,0.921235479637515,"Financial_Serv"
"WU","2013-05-28",8.49261856079102,8.6375264858703,8.48226778319153,8.59094897377712,5863700,"WU",-0.00243164928150012,0.918995358045362,"Financial_Serv"
"WU","2013-05-29",8.47191619873047,8.508142925553,8.39428637027731,8.4408638725075,5165800,"WU",-0.00243768890741499,0.916755133255089,"Financial_Serv"
"WU","2013-05-30",8.51849269866943,8.58059636390039,8.46156540823735,8.47191618362656,3114700,"WU",0.00549775267441201,0.921795226240723,"Financial_Serv"
"WU","2013-05-31",8.47708988189697,8.58577104027093,8.47191548173534,8.49779143096028,5856300,"WU",-0.00486034539642535,0.917314983056417,"Financial_Serv"
"WU","2013-06-03",8.50296783447266,8.50814322235703,8.36323532290757,8.48744167081954,5058200,"WU",0.00305269295668866,0.920115264044259,"Financial_Serv"
"WU","2013-06-04",8.46674060821533,8.58059617365947,8.44086367031604,8.50296733417009,4263900,"WU",-0.00426053902149931,0.916195077057521,"Financial_Serv"
"WU","2013-06-05",8.34253692626953,8.52367061376828,8.34253692626953,8.4408663603104,4388400,"WU",-0.0146695981007479,0.902754863495204,"Financial_Serv"
"WU","2013-06-06",8.51331996917725,8.51331996917725,8.31148375788598,8.32700992401745,4478400,"WU",0.0204713559456886,0.921235479637516,"Financial_Serv"
"WU","2013-06-07",8.61682605743408,8.63752761534004,8.50814583974162,8.54954796844893,3006900,"WU",0.012158134386066,0.93243598440016,"Financial_Serv"
"WU","2013-06-10",8.68927669525146,8.75137936740302,8.66857514646483,8.70480186973727,4464500,"WU",0.00840804228082064,0.940275945581155,"Financial_Serv"
"WU","2013-06-11",8.6220006942749,8.69962955543662,8.57542318015697,8.61682530525018,5808400,"WU",-0.00774241669773592,0.932995937399609,"Financial_Serv"
"WU","2013-06-12",8.62460517883301,8.69760635139412,8.60374713263476,8.69760635139412,7182300,"WU",0.000302074269123508,0.933277771465494,"Financial_Serv"
"WU","2013-06-13",8.80710887908936,8.94789771951916,8.58810434772071,8.61939141974943,6592500,"WU",0.0211608179704572,0.953026692503349,"Financial_Serv"
"WU","2013-06-14",8.87489891052246,8.91139950973655,8.75496808608569,8.8227547711166,5886000,"WU",0.00769719465987968,0.960362324471609,"Financial_Serv"
"WU","2013-06-17",8.8331823348999,8.93746960187213,8.7758236915969,8.91139803377072,6241400,"WU",-0.00470051276562684,0.955848129105803,"Financial_Serv"
"WU","2013-06-18",8.9322566986084,8.9322566986084,8.84882647217287,8.85404098564594,5566400,"WU",0.0112161574336639,0.966569072204526,"Financial_Serv"
"WU","2013-06-19",8.77582359313965,8.98439911931064,8.76539456818946,8.94268401407644,5419900,"WU",-0.0175132792022336,0.949641278174765,"Financial_Serv"
"WU","2013-06-20",8.59331893920898,8.73932229299402,8.56203286145736,8.69239267908335,7184500,"WU",-0.0207962992867512,0.929892253938789,"Financial_Serv"
"WU","2013-06-21",8.64546394348145,8.71325061792428,8.57767726903861,8.65067845606421,11382700,"WU",0.00606808668936253,0.935534920747457,"Financial_Serv"
"WU","2013-06-24",8.54117774963379,8.60375092121567,8.46817654492728,8.58810737967849,6269900,"WU",-0.0120625329686658,0.924249999922602,"Financial_Serv"
"WU","2013-06-25",8.61939334869385,8.67675100444969,8.54639115885607,8.57246372471481,5150700,"WU",0.00915747234781669,0.932713793739363,"Financial_Serv"
"WU","2013-06-26",8.79668045043945,8.80710847940932,8.64024808109444,8.68196318067316,7228100,"WU",0.0205683967042148,0.951898221060487,"Financial_Serv"
"WU","2013-06-27",8.83839797973633,8.92182820182914,8.82275444013141,8.86446955117782,4904000,"WU",0.00474241727114129,0.956412519624413,"Financial_Serv"
"WU","2013-06-28",8.92182350158691,8.96353859065676,8.72367608258054,8.79146372392289,7326000,"WU",0.00943898679849611,0.965440084771065,"Financial_Serv"
"WU","2013-07-01",8.92704200744629,9.02090025393619,8.92182749465797,8.95311357682127,4311700,"WU",0.000584914715971101,0.966004784884036,"Financial_Serv"
"WU","2013-07-02",8.76018047332764,8.95832797856104,8.67153574615829,8.93225541494265,5892900,"WU",-0.0186916936180505,0.947948519411412,"Financial_Serv"
"WU","2013-07-03",8.82275295257568,8.83318197722058,8.70282215285898,8.70803666518143,2194700,"WU",0.00714282992668508,0.954719554464821,"Financial_Serv"
"WU","2013-07-05",8.885329246521,8.89575728028529,8.81232704276962,8.86968570402423,4077000,"WU",0.00709260412046834,0.96149100231071,"Financial_Serv"
"WU","2013-07-08",8.96354007720947,8.96875458852877,8.90096693594422,8.92703949254072,3270500,"WU",0.00880224339678798,0.969954280136871,"Financial_Serv"
"WU","2013-07-09",8.97397041320801,9.04697259588656,8.91139825041678,9.00004297650985,3960100,"WU",0.00116364024801486,0.971082957975972,"Financial_Serv"
"WU","2013-07-10",9.036545753479,9.04176026739901,8.83839919735273,8.96354454773251,7526600,"WU",0.00697298268098777,0.977854302623741,"Financial_Serv"
"WU","2013-07-11",9.07826137542725,9.10433295191121,8.98961662298812,9.09911943226793,6810600,"WU",0.00461632387930775,0.982368394791427,"Financial_Serv"
"WU","2013-07-12",9.10954666137695,9.11476117512647,9.03133094426781,9.08347508719617,5934500,"WU",0.00344617594227779,0.985753809120011,"Financial_Serv"
"WU","2013-07-15",9.10954666137695,9.23990652141446,9.09390411469521,9.10954666137695,7153500,"WU",0,0.985753809120011,"Financial_Serv"
"WU","2013-07-16",9.07304573059082,9.15126144486285,9.06261670347008,9.13040438518813,6179600,"WU",-0.00400688773469826,0.981804004272816,"Financial_Serv"
"WU","2013-07-17",9.08868598937988,9.09911501273474,9.01047030335126,9.09911501273474,4846300,"WU",0.00172381571232795,0.983496453441808,"Financial_Serv"
"WU","2013-07-18",9.07826137542725,9.18254967049688,9.05740431315345,9.08869040384759,4242700,"WU",-0.00114698802058052,0.982368394791427,"Financial_Serv"
"WU","2013-07-19",9.03132724761963,9.07304234597439,8.86968136581574,9.04697078246506,6558300,"WU",-0.00516994674053525,0.97728960251077,"Financial_Serv"
"WU","2013-07-22",9.09911918640137,9.17733490830669,9.01568895042678,9.03654601213699,7315200,"WU",0.00750630964010368,0.98462544087527,"Financial_Serv"
"WU","2013-07-23",9.06261539459229,9.10954501529099,9.04697285073713,9.0991169842431,3803700,"WU",-0.004011794005692,0.980675326433714,"Financial_Serv"
"WU","2013-07-24",9.09390258789062,9.15647475324578,9.05218747946498,9.10954513194609,5991000,"WU",0.00345233599088946,0.984060947158539,"Financial_Serv"
"WU","2013-07-25",8.94789886474609,9.07304418517868,8.93225532672955,9.02611456569564,5924000,"WU",-0.0160551228401048,0.968261727769759,"Financial_Serv"
"WU","2013-07-26",8.84360980987549,8.94789806486327,8.78625216474207,8.91661198619354,7379600,"WU",-0.0116551445704751,0.956976497350544,"Financial_Serv"
"WU","2013-07-29",8.85403728485107,8.90096689192635,8.81232218906931,8.84360826226405,7326000,"WU",0.00117909713338345,0.958104865595286,"Financial_Serv"
"WU","2013-07-30",9.25554943084717,9.69877312363207,9.02090130097083,9.14083311988914,19775900,"WU",0.0453479167840264,1.00155292531067,"Financial_Serv"
"WU","2013-07-31",9.36504745483398,9.52669432119959,9.31290433104259,9.31290433104259,17460200,"WU",0.0118305266267476,1.01340182386166,"Financial_Serv"
"WU","2013-08-01",9.46412372589111,9.61012709765108,9.42762313159277,9.43805215698276,11824300,"WU",0.0105793666860693,1.02412297335662,"Financial_Serv"
"WU","2013-08-02",9.54755401611328,9.55798304158654,9.42240869413402,9.46933831419707,4122500,"WU",0.00881542683068764,1.03315105449387,"Financial_Serv"
"WU","2013-08-05",9.54233932495117,9.58405443149759,9.46933813713659,9.50583873104388,3973500,"WU",-0.000546180849389132,1.03258676717338,"Financial_Serv"
"WU","2013-08-06",9.58926868438721,9.59969770938296,9.50062396105641,9.54233906647287,3523700,"WU",0.00491801410932065,1.03766504346344,"Financial_Serv"
"WU","2013-08-07",9.54755401611328,9.55276852884991,9.44848125781716,9.55276852884991,2423400,"WU",-0.00435014072990192,1.03315105449387,"Financial_Serv"
"WU","2013-08-08",9.57362651824951,9.64662770695979,9.49019630413303,9.59448357449533,3400100,"WU",0.0027308043601773,1.03597238789821,"Financial_Serv"
"WU","2013-08-09",9.62576866149902,9.68312730073961,9.53712493840575,9.56319650466066,3008400,"WU",0.00544643590912147,1.04161474511251,"Financial_Serv"
"WU","2013-08-12",9.62055492401123,9.67791256737434,9.56841079812675,9.60491138787594,2832000,"WU",-0.000541643755542015,1.04105056099014,"Financial_Serv"
"WU","2013-08-13",9.72484588623047,9.7509184563892,9.59448601913739,9.62055858929612,3067000,"WU",0.0108404310398921,1.0523359978056,"Financial_Serv"
"WU","2013-08-14",9.62055492401123,9.63098295353494,9.46412254635777,9.47455157044796,4381500,"WU",-0.0107241763457563,1.04105056099014,"Financial_Serv"
"WU","2013-08-15",9.49019622802734,9.57884095413606,9.47976720270477,9.52669682208977,4351200,"WU",-0.0135500183735279,1.02694430676095,"Financial_Serv"
"WU","2013-08-16",9.51626873016357,9.59448443862144,9.42762399536021,9.45891007983001,4486700,"WU",0.00274730906608977,1.02976564016529,"Financial_Serv"
"WU","2013-08-19",9.28162002563477,9.53191166932908,9.27119199451275,9.49019656114114,5142400,"WU",-0.0246576374819099,1.00437405231876,"Financial_Serv"
"WU","2013-08-20",9.41197776794434,9.46412189021369,9.28161795955416,9.29726149460489,7630300,"WU",0.0140447186966863,1.01848020334983,"Financial_Serv"
"WU","2013-08-21",9.30768871307373,9.44326300685763,9.29204518105651,9.38068987335498,3260600,"WU",-0.0110804612422478,1.00719497293062,"Financial_Serv"
"WU","2013-08-22",9.47976589202881,9.50062294522366,9.30247646432348,9.31812000014447,2895700,"WU",0.0184876379367281,1.02581562892185,"Financial_Serv"
"WU","2013-08-23",9.54233932495117,9.56319737550768,9.46933813713659,9.52669678160038,3695600,"WU",0.0066007360978164,1.03258676717338,"Financial_Serv"
"WU","2013-08-26",9.50062274932861,9.5892674613535,9.49019472022943,9.53190982032547,2159400,"WU",-0.00437173466609793,1.02807257180758,"Financial_Serv"
"WU","2013-08-27",9.20340347290039,9.40155096443494,9.20340347290039,9.38590742734542,4072700,"WU",-0.0312841888653274,0.995910155303884,"Financial_Serv"
"WU","2013-08-28",9.27640342712402,9.34419008245837,9.20340126611053,9.20340126611053,3263400,"WU",0.00793184330542311,1.00380955860203,"Financial_Serv"
"WU","2013-08-29",9.31812000274658,9.38590666885686,9.25033234206984,9.25033234206984,2810500,"WU",0.00449706353871805,1.00832375396784,"Financial_Serv"
"WU","2013-08-30",9.14083290100098,9.31812237386953,9.09911778941818,9.31812237386953,3680100,"WU",-0.0190260590863124,0.989139326646716,"Financial_Serv"
"WU","2013-09-03",9.14083290100098,9.31812237386953,9.0939032761495,9.26597823574936,3983700,"WU",0,0.989139326646716,"Financial_Serv"
"WU","2013-09-04",9.28162002563477,9.29204905132341,9.12518861857162,9.14083215710458,3197500,"WU",0.0154020017823947,1.00437405231876,"Financial_Serv"
"WU","2013-09-05",9.40154838562012,9.42761994571812,9.26597408506474,9.26597408506474,4572700,"WU",0.0129210590019978,1.01735162870885,"Financial_Serv"
"WU","2013-09-06",9.41719341278076,9.50583813293519,9.27119104633808,9.43283694971385,5567900,"WU",0.00166409047945485,1.01904459386844,"Financial_Serv"
"WU","2013-09-09",9.56841278076172,9.60491337807407,9.44848196257352,9.45369548113241,4102100,"WU",0.0160577957096778,1.03540820377583,"Financial_Serv"
"WU","2013-09-10",9.67791271209717,9.70919978483561,9.59969701938405,9.61012604363019,4705700,"WU",0.0114438971064888,1.04725730872306,"Financial_Serv"
"WU","2013-09-11",9.85520362854004,9.87084716726253,9.67269965504424,9.67269965504424,6166800,"WU",0.0183191274520653,1.06644214883666,"Financial_Serv"
"WU","2013-09-12",9.71085166931152,9.88407222660848,9.70035321100551,9.8473286237255,5191000,"WU",-0.0146472832697725,1.05082166859183,"Financial_Serv"
"WU","2013-09-13",9.66360950469971,9.78433877036257,9.64261358950046,9.72659925267359,3341300,"WU",-0.00486488376309076,1.04570954331839,"Financial_Serv"
"WU","2013-09-16",9.83683013916016,9.96280863493181,9.78958807809727,9.83683013916016,6149800,"WU",0.0179250449199346,1.06445393385558,"Financial_Serv"
"WU","2013-09-17",9.88407230377197,9.89981999135394,9.81583432662631,9.82633178382619,3499700,"WU",0.00480258009373839,1.06956605912902,"Financial_Serv"
"WU","2013-09-18",9.89982032775879,9.92606547343247,9.76334336764175,9.8840726396417,3159000,"WU",0.00159327284370498,1.07127016968557,"Financial_Serv"
"WU","2013-09-19",9.88932228088379,10.0310484762758,9.85257867493508,9.88932228088379,3613700,"WU",-0.00106042802065446,1.07013416477995,"Financial_Serv"
"WU","2013-09-20",9.78433990478516,9.91556764385658,9.77909067507972,9.90507018563389,3323300,"WU",-0.0106157300891655,1.05877390932745,"Financial_Serv"
"WU","2013-09-23",9.78433990478516,9.83158197094592,9.71610192099082,9.80533682360692,3390200,"WU",0,1.05877390932745,"Financial_Serv"
"WU","2013-09-24",9.82633399963379,9.87882530222221,9.72135239564527,9.80533807931142,3777100,"WU",0.00429197015407192,1.06331813534619,"Financial_Serv"
"WU","2013-09-25",9.71610355377197,9.89982261958341,9.6951066314217,9.80533847138391,6235000,"WU",-0.0112178606859816,1.051389980639,"Financial_Serv"
"WU","2013-09-26",9.76334476470947,9.80008837438564,9.70035500441585,9.72135192490981,4627400,"WU",0.00486215597395111,1.05650200271432,"Financial_Serv"
"WU","2013-09-27",9.78433990478516,9.80008759390148,9.67935831424093,9.72135115069626,4609200,"WU",0.00215040445479018,1.05877390932745,"Financial_Serv"
"WU","2013-09-30",9.79483985900879,9.82633424085967,9.70035571226781,9.72135263429396,4262700,"WU",0.00107313874270636,1.05991012062932,"Financial_Serv"
"WU","2013-10-01",9.81583404541016,9.86307610561451,9.7685919852058,9.79483712923575,5659800,"WU",0.0021433925111147,1.06218192404433,"Financial_Serv"
"WU","2013-10-02",9.81058406829834,9.89456972421585,9.77384046898293,9.78958715372497,7641100,"WU",-0.000534847786497702,1.06161381839339,"Financial_Serv"
"WU","2013-10-03",9.78959178924561,9.84733233047541,9.65836401458765,9.76859586591834,7382100,"WU",-0.00213975833717875,1.05934222137462,"Financial_Serv"
"WU","2013-10-04",9.85782814025879,9.89457174708615,9.66885987521727,9.76859323745454,6098100,"WU",0.00697029584912263,1.06672615006307,"Financial_Serv"
"WU","2013-10-07",9.71085166931152,9.8000865625365,9.6951039818525,9.77384141795955,5216500,"WU",-0.0149096199341336,1.05082166859183,"Financial_Serv"
"WU","2013-10-08",9.56912803649902,9.75284710107429,9.54813211547838,9.72660194950141,6258000,"WU",-0.014594356668054,1.03548560236588,"Financial_Serv"
"WU","2013-10-09",9.42215442657471,9.60587250635569,9.34866619347387,9.55863042835817,8431700,"WU",-0.0153591434207717,1.019581430489,"Financial_Serv"
"WU","2013-10-10",9.64785957336426,9.64785957336426,9.50613442546672,9.51138365334261,3916100,"WU",0.0239547280347009,1.04400522636559,"Financial_Serv"
"WU","2013-10-11",9.66360950469971,9.73709670967918,9.6321151313068,9.6321151313068,4123100,"WU",0.00163247933033059,1.04570954331839,"Financial_Serv"
"WU","2013-10-14",9.80533218383789,9.82632809153644,9.63211169027706,9.64785837075404,3877700,"WU",0.0146656049242532,1.06104550634622,"Financial_Serv"
"WU","2013-10-15",9.72135162353516,9.83158244914636,9.64261517650026,9.80533730053081,5469900,"WU",-0.00856478482607243,1.05195787989369,"Financial_Serv"
"WU","2013-10-16",9.75809383392334,9.80008666640439,9.63211533648018,9.79483743719575,5173900,"WU",0.00377953723011434,1.05593379386527,"Financial_Serv"
"WU","2013-10-17",9.61111831665039,9.74234604189593,9.55862702631456,9.72659935562684,6667800,"WU",-0.0150619085832111,1.04002941559214,"Financial_Serv"
"WU","2013-10-18",9.79483985900879,9.81583678103494,9.60062333620865,9.60587156552684,8200300,"WU",0.0191155218680554,1.05991012062932,"Financial_Serv"
"WU","2013-10-21",9.93656349182129,9.94181272096102,9.81583422517166,9.81583422517166,7778500,"WU",0.014469213877157,1.07524618685526,"Financial_Serv"
"WU","2013-10-22",10.046799659729,10.0887925140602,9.94181802449537,9.96281395106665,5162700,"WU",0.0110939932098707,1.08717496075118,"Financial_Serv"
"WU","2013-10-23",10.1045341491699,10.1255310643358,9.92081514622014,10.0100500332993,6919900,"WU",0.00574655526100888,1.09342247174152,"Financial_Serv"
"WU","2013-10-24",10.1675233840942,10.2042669826058,10.0572915873717,10.0625408159002,5005500,"WU",0.0062337594187349,1.10023860437339,"Financial_Serv"
"WU","2013-10-25",10.1255331039429,10.1937710896014,10.0205505093424,10.1937710896014,4035300,"WU",-0.0041298434795887,1.09569479114713,"Financial_Serv"
"WU","2013-10-28",10.1307792663574,10.2357618395459,10.0782889809512,10.1412777239139,7027400,"WU",0.000518112217963905,1.09626248400558,"Financial_Serv"
"WU","2013-10-29",10.0992851257324,10.1675241002212,10.0572922957347,10.1517764135266,6867600,"WU",-0.00310875795404867,1.09285446928871,"Financial_Serv"
"WU","2013-10-30",8.84474945068359,9.07571054230389,8.14136871803082,8.25684876324689,55177200,"WU",-0.124220245238184,0.957099819104017,"Financial_Serv"
"WU","2013-10-31",8.93398475646973,8.95498067419777,8.77651086816248,8.91823706728254,17236700,"WU",0.0100890710679471,0.966756067198076,"Financial_Serv"
"WU","2013-11-01",9.17544174194336,9.30142023025245,8.9707268235896,8.9707268235896,11960300,"WU",0.0270267962231273,0.992884386423711,"Financial_Serv"
"WU","2013-11-04",9.04946708679199,9.32242109433975,9.02847116377441,9.20694101477191,7722900,"WU",-0.0137295466195926,0.979252533952441,"Financial_Serv"
"WU","2013-11-05",9.06521224975586,9.11245431484526,8.90248913614207,9.01797018466646,6748800,"WU",0.00173989946732309,0.980956334914639,"Financial_Serv"
"WU","2013-11-06",9.04946708679199,9.12820355018772,9.01797270167139,9.07046401099803,8103500,"WU",-0.0017368774751293,0.979252533952441,"Financial_Serv"
"WU","2013-11-07",9.12820243835449,9.1544485904152,9.01797160326449,9.08620959624568,9851100,"WU",0.00870055118244664,0.987772570744635,"Financial_Serv"
"WU","2013-11-08",9.03371810913086,9.1859427844144,8.98122780845628,9.11770479282446,9908000,"WU",-0.0103508143976554,0.977548320197762,"Financial_Serv"
"WU","2013-11-11",9.05471515655518,9.08620953763655,8.97597870325758,9.03371823504204,3907800,"WU",0.00232429739014034,0.979820433207134,"Financial_Serv"
"WU","2013-11-12",9.17544174194336,9.20693711491165,9.08095762541454,9.2016878860836,5479100,"WU",0.0133330075326316,0.992884386423711,"Financial_Serv"
"WU","2013-11-13",9.19119071960449,9.23843278450546,9.13345019557261,9.1596963433999,6128500,"WU",0.00171642718727536,0.99458860017839,"Financial_Serv"
"WU","2013-11-14",9.15969944000244,9.24368513906635,9.10720812779037,9.21743898236606,4517000,"WU",-0.00342624590901818,0.991180895055872,"Financial_Serv"
"WU","2013-11-15",8.76601219177246,9.15969535605228,8.51405420573045,9.14919689805301,29228700,"WU",-0.0429803675119143,0.948579575915583,"Financial_Serv"
"WU","2013-11-18",8.77651214599609,8.89199321447274,8.70302492146612,8.83425268023442,11257300,"WU",0.00119780283142747,0.949715787217449,"Financial_Serv"
"WU","2013-11-19",8.70827198028564,8.82900124795975,8.69252429273281,8.80800533241073,11439900,"WU",-0.00777531718469516,0.942331445736521,"Financial_Serv"
"WU","2013-11-20",8.60854148864746,8.80800825917739,8.59804302679043,8.7397692582951,7455500,"WU",-0.0114523859456802,0.931539502331195,"Financial_Serv"
"WU","2013-11-21",8.74501705169678,8.80275758123051,8.58229492441512,8.64528368282622,11430100,"WU",0.0158535058731254,0.946307669302451,"Financial_Serv"
"WU","2013-11-22",8.83949756622314,8.8657427046023,8.7345150103308,8.78175706036357,7468300,"WU",0.0108039257062438,0.956531507056844,"Financial_Serv"
"WU","2013-11-25",8.75026512145996,8.8447492477361,8.73976666272081,8.83950001836652,5944100,"WU",-0.0100947417084148,0.946875568557144,"Financial_Serv"
"WU","2013-11-26",8.81325531005859,8.86049637435284,8.75026555568597,8.75551478531603,5411400,"WU",0.00719866058048342,0.953691804387139,"Financial_Serv"
"WU","2013-11-27",8.82900428771973,8.89199405842987,8.74501859423183,8.78176220998423,4754400,"WU",0.0017869648735988,0.955396018141818,"Financial_Serv"
"WU","2013-11-29",8.75026512145996,8.89199131087417,8.73451743335123,8.81325487270676,2851300,"WU",-0.00891823853447257,0.946875568557144,"Financial_Serv"
"WU","2013-12-02",8.76076412200928,8.87099494202325,8.71877128564373,8.78700926929217,6431500,"WU",0.00119984942211267,0.94801167666089,"Financial_Serv"
"WU","2013-12-03",8.85524559020996,8.88673995771264,8.71351943466609,8.73451534593858,9894400,"WU",0.0107846150044517,0.958235617613403,"Financial_Serv"
"WU","2013-12-04",8.75551414489746,8.88149264323989,8.71877054136277,8.79750697767827,10734000,"WU",-0.0112624143843915,0.947443571009957,"Financial_Serv"
"WU","2013-12-05",8.62953567504883,8.75026494454377,8.61903721652194,8.73451725675343,9657100,"WU",-0.0143884719690677,0.933811305746207,"Financial_Serv"
"WU","2013-12-06",8.80275535583496,8.81325381331215,8.65053072597972,8.68727432596188,4675600,"WU",0.0200728854145623,0.952555593085273,"Financial_Serv"
"WU","2013-12-09",8.77126121520996,8.84999865615851,8.73976683954343,8.80800582154042,3542600,"WU",-0.00357775938918079,0.949147578368396,"Financial_Serv"
"WU","2013-12-10",8.82375335693359,8.88149388552914,8.76076459954595,8.76076459954595,4382100,"WU",0.0059845603084546,0.954827809292765,"Financial_Serv"
"WU","2013-12-11",8.70302677154541,8.85000225303759,8.66628315146951,8.82900532660075,7613400,"WU",-0.0136819990886665,0.941763856076188,"Financial_Serv"
"WU","2013-12-12",8.79750728607178,8.84474934975475,8.64003340673247,8.67152878331322,6115000,"WU",0.0108560523834388,0.951987693830581,"Financial_Serv"
"WU","2013-12-13",8.65736103057861,8.80015118383711,8.61505265022214,8.78428617164803,8555700,"WU",-0.0159302232934827,0.936822317295212,"Financial_Serv"
"WU","2013-12-16",8.70495700836182,8.77899742994507,8.68380332270328,8.71024568195429,3222100,"WU",0.00549774667073369,0.941972729071191,"Financial_Serv"
"WU","2013-12-17",8.71024703979492,8.76313277525265,8.66264997875412,8.704958365378,3388500,"WU",0.000607703338227169,0.942545169043166,"Financial_Serv"
"WU","2013-12-18",8.99053859710693,8.99053859710693,8.78428538737267,8.8689021405309,7212900,"WU",0.0321795186785668,0.972875818915784,"Financial_Serv"
"WU","2013-12-19",8.92707633972168,9.02755912150182,8.81601721936839,8.83717090522605,6948200,"WU",-0.00705878259681522,0.966008500016359,"Financial_Serv"
"WU","2013-12-20",8.99582672119141,9.04871244086513,8.75255281417674,8.93236365584069,7486500,"WU",0.00770133231232903,0.973448052491519,"Financial_Serv"
"WU","2013-12-23",9.0328483581543,9.06457939327424,8.96409761394251,9.05929071930235,2875800,"WU",0.00411542353029978,0.977454203512267,"Financial_Serv"
"WU","2013-12-24",9.08573341369629,9.09102208727501,8.96409694751987,9.02755901304176,1382700,"WU",0.00585474851841732,0.983176952062101,"Financial_Serv"
"WU","2013-12-26",9.11746788024902,9.15448760053094,9.00640871940328,9.1121792046785,4156400,"WU",0.00349277984591714,0.986610972705234,"Financial_Serv"
"WU","2013-12-27",9.09631061553955,9.17563870053032,9.05928990107995,9.12804164779359,1978000,"WU",-0.0023205197964344,0.984321522411692,"Financial_Serv"
"WU","2013-12-30",9.11746788024902,9.14919892496042,9.03285108854416,9.12275655581954,3066300,"WU",0.00232591713318683,0.986610972705234,"Financial_Serv"
"WU","2013-12-31",9.12275409698486,9.18092850386924,9.04342600223163,9.12275409698486,2882900,"WU",0.000579790003679779,0.987182999884729,"Financial_Serv"
"WU","2014-01-02",9.00640392303467,9.12275169748982,8.96938321375644,9.10688567922772,5538000,"WU",-0.0127538430514805,0.97459262284111,"Financial_Serv"
"WU","2014-01-03",8.94823169708252,9.06986817372989,8.91121198755605,9.02755979016944,4222500,"WU",-0.00645898479007452,0.96829774391366,"Financial_Serv"
"WU","2014-01-06",9.02227115631104,9.06457954005988,8.94823173692841,8.98525144661972,5361600,"WU",0.00827420005816964,0.976309633162676,"Financial_Serv"
"WU","2014-01-07",9.22323799133301,9.28141139646294,9.01169604378877,9.02756105940985,9793800,"WU",0.0222745283909359,0.998056469804903,"Financial_Serv"
"WU","2014-01-08",9.21266269683838,9.4294933675284,9.17564297384913,9.29199081877418,10439000,"WU",-0.00114659239028272,0.996912105851552,"Financial_Serv"
"WU","2014-01-09",9.02227115631104,9.28141013286165,9.0116948169074,9.26025644534295,7009200,"WU",-0.0206662879986568,0.976309633162676,"Financial_Serv"
"WU","2014-01-10",8.86890125274658,9.06457709657093,8.83188155303447,9.05400076001831,7206500,"WU",-0.0169990350442052,0.959713311494549,"Financial_Serv"
"WU","2014-01-13",8.6626501083374,8.90063541710142,8.6626501083374,8.87419305333276,6356500,"WU",-0.0232555463784543,0.937394654069067,"Financial_Serv"
"WU","2014-01-14",8.73668575286865,8.75255075894759,8.56216362502358,8.58860597429579,11767300,"WU",0.00854653525253134,0.945406130525603,"Financial_Serv"
"WU","2014-01-15",8.8265962600708,8.86890464861452,8.63620800726828,8.71024743504191,8023300,"WU",0.0102911458355506,0.955135442888666,"Financial_Serv"
"WU","2014-01-16",8.84246063232422,8.86890400368585,8.78428723275157,8.84246063232422,4738800,"WU",0.0017973374770957,0.956852143615872,"Financial_Serv"
"WU","2014-01-17",8.69966983795166,8.97996249330448,8.67851514237939,8.83717132432583,5789100,"WU",-0.016148309877748,0.941400598693575,"Financial_Serv"
"WU","2014-01-21",8.55158805847168,8.73139889527011,8.53043336769013,8.73139889527011,6705800,"WU",-0.0170215401547752,0.925376510601183,"Financial_Serv"
"WU","2014-01-22",8.62563133239746,8.64678603267919,8.50399483191238,8.56216924897552,5435400,"WU",0.00865842384122208,0.933388812642679,"Financial_Serv"
"WU","2014-01-23",8.52514839172363,8.57274444356701,8.48284000553169,8.57274444356701,5925300,"WU",-0.0116493433119984,0.922515445920626,"Financial_Serv"
"WU","2014-01-24",8.32418251037598,8.50928207177503,8.32418251037598,8.49341604923976,7743100,"WU",-0.0235733000897389,0.90076871247652,"Financial_Serv"
"WU","2014-01-27",8.1972599029541,8.37178217021691,8.08620023248178,8.34533929546524,7142200,"WU",-0.015247456103187,0.88703428107391,"Financial_Serv"
"WU","2014-01-28",8.40879821777344,8.45639527065628,8.22369918410819,8.24485337379438,7741200,"WU",0.0258059787445683,0.909925068877007,"Financial_Serv"
"WU","2014-01-29",8.21312046051025,8.37177710874254,8.19196627436965,8.30831455032074,7500800,"WU",-0.0232705973190777,0.888750569008636,"Financial_Serv"
"WU","2014-01-30",8.2871618270874,8.34004755395245,8.23956477378,8.30831601696229,5196900,"WU",0.00901501042547092,0.896762664653892,"Financial_Serv"
"WU","2014-01-31",8.14436912536621,8.26071739983018,8.13379228460889,8.18138932890577,6108500,"WU",-0.0172305916911698,0.881310913335355,"Financial_Serv"
"WU","2014-02-03",8.01215648651123,8.20254469099992,8.00686831755205,8.16023631319258,9357700,"WU",-0.0162336255663063,0.86700404196077,"Financial_Serv"
"WU","2014-02-04",8.05446720123291,8.0861987459728,7.98042777076617,8.0280248356981,14640500,"WU",0.00528081482094257,0.871582529755374,"Financial_Serv"
"WU","2014-02-05",8.0438871383667,8.08090683879234,7.9328275327342,8.02273295178697,10332500,"WU",-0.00131356458495373,0.870437649811423,"Financial_Serv"
"WU","2014-02-06",8.09677600860596,8.16023859304752,8.03860159460102,8.06504446420728,6574800,"WU",0.00657503882507193,0.876160811153737,"Financial_Serv"
"WU","2014-02-07",8.26600742340088,8.28187293930774,8.11263942468613,8.12850494059299,5123300,"WU",0.0209010863848831,0.89447352395471,"Financial_Serv"
"WU","2014-02-10",8.27129745483398,8.3241826846583,8.19725752785305,8.25543143196652,4808100,"WU",0.000639974193360813,0.895045963926686,"Financial_Serv"
"WU","2014-02-11",8.39822006225586,8.47225996676107,8.25014075760104,8.25542892592916,10349100,"WU",0.0153449453504659,0.908780395329296,"Financial_Serv"
"WU","2014-02-12",8.64149379730225,8.9852494655596,8.5410110297863,8.72611054614371,17928000,"WU",0.0289672970275847,0.935105306973646,"Financial_Serv"
"WU","2014-02-13",8.52514839172363,8.60447648974458,8.50928236863484,8.55159075482679,7859100,"WU",-0.0134635756626863,0.922515445920626,"Financial_Serv"
"WU","2014-02-14",8.59918880462646,8.63091984574286,8.49870599759432,8.53572571368206,4779100,"WU",0.00868494124685405,0.930527438367763,"Financial_Serv"
"WU","2014-02-18",8.57803153991699,8.67851431690487,8.5568778550682,8.61505225364717,5930700,"WU",-0.00246037913460974,0.928237988074221,"Financial_Serv"
"WU","2014-02-19",8.48812770843506,8.6256302163402,8.47226269398814,8.55687946674338,7829200,"WU",-0.0104807065657867,0.918509398097998,"Financial_Serv"
"WU","2014-02-20",8.45639610290527,8.53572419594676,8.38764485356998,8.51985918256532,5271700,"WU",-0.00373835156818528,0.915075687049226,"Financial_Serv"
"WU","2014-02-21",8.48283672332764,8.55687611833812,8.4352391768336,8.47754805101102,4932400,"WU",0.00312670079554095,0.917936854927903,"Financial_Serv"
"WU","2014-02-24",8.6467809677124,8.73668637382323,8.48812383466981,8.48812383466981,6337900,"WU",0.0193265825727757,0.935677437351261,"Financial_Serv"
"WU","2014-02-25",8.52514839172363,8.61505383847044,8.39822272879207,8.60447648974458,8998300,"WU",-0.0140668043336535,0.922515445920627,"Financial_Serv"
"WU","2014-02-26",8.66793727874756,8.74197770013283,8.55687815973667,8.55687815973667,7910500,"WU",0.016749138016477,0.937966784446683,"Financial_Serv"
"WU","2014-02-27",8.78428840637207,8.80015342259721,8.51457203471692,8.5727454420618,7703300,"WU",0.0134231621529827,0.950557264688422,"Financial_Serv"
"WU","2014-02-28",8.84774780273438,8.90063352775712,8.77370839292931,8.85832514948119,9019600,"WU",0.00722419317611107,0.957424273993487,"Financial_Serv"
"WU","2014-03-03",8.77371025085449,8.83188466156968,8.68380480189079,8.74726788709932,11050700,"WU",-0.0083679545948407,0.949412591140712,"Financial_Serv"
"WU","2014-03-04",8.86361217498779,8.90063187300786,8.81072645979723,8.86890084737796,5272400,"WU",0.0102467395848347,0.959140974720693,"Financial_Serv"
"WU","2014-03-05",8.91649913787842,8.95880751420893,8.8477473958968,8.85832474215725,5407700,"WU",0.00596675055795724,0.964863929666768,"Financial_Serv"
"WU","2014-03-06",8.87948036193848,8.97996213577194,8.87419168825597,8.94294242870579,4708100,"WU",-0.00415171642676227,0.96085808824038,"Financial_Serv"
"WU","2014-03-07",8.84246063232422,9.03284887128209,8.83188429249104,8.93765475180316,8947500,"WU",-0.00416913243853113,0.956852143615872,"Financial_Serv"
"WU","2014-03-10",8.85304069519043,8.92708014028038,8.82130964853928,8.83717466750896,4980400,"WU",0.00119650664064421,0.957997023559823,"Financial_Serv"
"WU","2014-03-11",8.90592193603516,9.0275583938689,8.8583248858026,8.86361355901858,8210200,"WU",0.00597322916107855,0.963719359317177,"Financial_Serv"
"WU","2014-03-12",8.80544281005859,8.89005959914473,8.76842309092237,8.85832855541535,4503100,"WU",-0.0112822823620319,0.952846405387604,"Financial_Serv"
"WU","2014-03-13",8.56299018859863,8.81343299618664,8.54167649095754,8.81343299618664,8101600,"WU",-0.0275344041963459,0.926610347324627,"Financial_Serv"
"WU","2014-03-14",8.4883918762207,8.65890554589442,8.42444925009306,8.57897739027757,9035000,"WU",-0.00871171293378978,0.918537983977255,"Financial_Serv"
"WU","2014-03-17",8.64824771881104,8.67489111346729,8.50970562379406,8.5843056043192,4207900,"WU",0.0188322882498098,0.935836156059914,"Financial_Serv"
"WU","2014-03-18",8.7601490020752,8.7601490020752,8.61094902299876,8.63759140453233,3456800,"WU",0.0129391857058813,0.947945113873451,"Financial_Serv"
"WU","2014-03-19",8.69620513916016,8.81876171015289,8.63759068505858,8.78146197257611,4106000,"WU",-0.00729940357177616,0.941025679923396,"Financial_Serv"
"WU","2014-03-20",8.79212093353271,8.79212093353271,8.63226459582339,8.65357829989179,3193300,"WU",0.0110296149685611,0.951404830848479,"Financial_Serv"
"WU","2014-03-21",8.63226318359375,8.8081055328431,8.60561978743982,8.80277685361231,7002100,"WU",-0.0181819325675191,0.93410645236958,"Financial_Serv"
"WU","2014-03-24",8.76547431945801,8.80277404583455,8.62160307514164,8.68554517283248,6130900,"WU",0.015431774151353,0.948521372175869,"Financial_Serv"
"WU","2014-03-25",8.71219062805176,8.84540454892001,8.6748908928233,8.82941851253285,4927500,"WU",-0.00607881438748481,0.94275548681185,"Financial_Serv"
"WU","2014-03-26",8.52569007873535,8.81343260673657,8.51503272221498,8.754818162216,4770400,"WU",-0.021406849009468,0.922574062452821,"Financial_Serv"
"WU","2014-03-27",8.70153522491455,8.72817760853573,8.4510928551425,8.46175021512768,5305000,"WU",0.0206253270474597,0.941602454216414,"Financial_Serv"
"WU","2014-03-28",8.63758850097656,8.76547473510508,8.61627480618272,8.72817399061846,3707300,"WU",-0.00734890134730406,0.934682710671998,"Financial_Serv"
"WU","2014-03-31",8.7175178527832,8.74948890388324,8.66423209005555,8.66956076796245,3519800,"WU",0.00925366516332699,0.943331951510508,"Financial_Serv"
"WU","2014-04-01",8.93598747253418,8.94664482704477,8.72817312494276,8.74415915670865,4967500,"WU",0.0250609890843214,0.966972783250204,"Financial_Serv"
"WU","2014-04-02",8.94664573669434,9.01058783757664,8.87737394167357,8.93065970330307,4104900,"WU",0.0011927349039953,0.96812612544,"Financial_Serv"
"WU","2014-04-03",8.80810642242432,8.97329142989508,8.78679170334848,8.87204854696834,5978400,"WU",-0.0154850564499057,0.953134637736933,"Financial_Serv"
"WU","2014-04-04",8.72817516326904,8.8880324692362,8.71219014411138,8.84540405757993,7892800,"WU",-0.00907473812439171,0.944485190502184,"Financial_Serv"
"WU","2014-04-07",8.53101921081543,8.73350391376662,8.45109055717293,8.72284757302083,8263000,"WU",-0.0225884504796958,0.923150733547719,"Financial_Serv"
"WU","2014-04-08",8.58963394165039,8.60029028274752,8.50970528537268,8.54700552823725,7887100,"WU",0.00687077702985952,0.929493496402877,"Financial_Serv"
"WU","2014-04-09",8.73883152008057,8.80277463841723,8.64291735074626,8.64291735074626,7722100,"WU",0.0173694920463059,0.94563832629574,"Financial_Serv"
"WU","2014-04-10",8.55233478546143,8.87737713356423,8.525692403238,8.7548205491897,10845700,"WU",-0.0213411523257541,0.925457314729191,"Financial_Serv"
"WU","2014-04-11",8.41379261016846,8.58963548224952,8.40846393049339,8.50437813196109,12921200,"WU",-0.0161993395684748,0.910465517431764,"Financial_Serv"
"WU","2014-04-14",8.44043159484863,8.5203597203071,8.36050296121954,8.4510884410968,5578200,"WU",0.00316610902056004,0.913348150519414,"Financial_Serv"
"WU","2014-04-15",8.39247608184814,8.53101866611264,8.27524770222659,8.4724042222165,8352400,"WU",-0.00568164227878542,0.908158833052172,"Financial_Serv"
"WU","2014-04-16",8.55233478546143,8.55766346517446,8.39247845943741,8.47773530216245,8541600,"WU",0.0190478593032913,0.925457314729191,"Financial_Serv"
"WU","2014-04-17",8.12604999542236,8.26992128844364,7.77969396937761,7.80633634971118,19583200,"WU",-0.0498442589927287,0.879328580647114,"Financial_Serv"
"WU","2014-04-21",8.25393295288086,8.26459030858438,8.15269061455085,8.15269061455085,8077800,"WU",0.015737407169601,0.893166932556625,"Financial_Serv"
"WU","2014-04-22",8.34451770782471,8.37116058656335,8.27524642637251,8.29656062772929,5822500,"WU",0.010974738401798,0.90296920599057,"Financial_Serv"
"WU","2014-04-23",8.38715076446533,8.41912233832646,8.28057969854645,8.31787944457533,4237300,"WU",0.00510910973328605,0.907582574749754,"Financial_Serv"
"WU","2014-04-24",8.42444896697998,8.45109134584304,8.32320609788547,8.41379160889812,4098400,"WU",0.00444706474964936,0.91161865322532,"Financial_Serv"
"WU","2014-04-25",8.28590488433838,8.38181854912871,8.28590488433838,8.36050434493411,4623100,"WU",-0.0164454771089043,0.896626649531653,"Financial_Serv"
"WU","2014-04-28",8.32853507995605,8.37116349749292,8.2379495656475,8.34452060948967,5534100,"WU",0.00514490525932217,0.901239708696477,"Financial_Serv"
"WU","2014-04-29",8.33919143676758,8.41379141712791,8.24327775707091,8.36583432319418,3460600,"WU",0.00127949954094204,0.902392844490032,"Financial_Serv"
"WU","2014-04-30",8.45641899108887,8.47240451808664,8.31787640198624,8.34984796415251,5443200,"WU",0.0140574245369199,0.915078163804108,"Financial_Serv"
"WU","2014-05-01",8.44576358795166,8.55233412495655,8.41379202031353,8.48306332672045,7073000,"WU",-0.00126003727445806,0.913925131208672,"Financial_Serv"
"WU","2014-05-02",8.69087505340576,8.76547553282681,8.56298982398013,8.72817478494555,9113100,"WU",0.0290218241253836,0.940448905630378,"Financial_Serv"
"WU","2014-05-05",8.66956233978271,8.72817577470269,8.55766211613262,8.62160524626719,6571900,"WU",-0.00245230928900478,0.938142634043266,"Financial_Serv"
"WU","2014-05-06",8.59495830535889,8.71751583618401,8.58430196835157,8.64291537908586,5397600,"WU",-0.00860528265440651,0.930069651507174,"Financial_Serv"
"WU","2014-05-07",8.66956233978271,8.66956233978271,8.49904817304186,8.63226260401321,7529700,"WU",0.00867997630393543,0.938142634043266,"Financial_Serv"
"WU","2014-05-08",8.65890407562256,8.81876035971285,8.61627566544238,8.65357539730735,4263200,"WU",-0.00122938895210982,0.93698929185347,"Financial_Serv"
"WU","2014-05-09",8.71219062805176,8.72284798564319,8.6269338000034,8.65357617764043,2757400,"WU",0.00615396035847273,0.94275548681185,"Financial_Serv"
"WU","2014-05-12",8.786789894104,8.82941830713653,8.71219042538247,8.73883280239972,3675400,"WU",0.0085626301394335,0.950827953357341,"Financial_Serv"
"WU","2014-05-13",8.72817516326904,8.8134330029231,8.53634781898656,8.79211828892421,3765100,"WU",-0.00667077869635779,0.944485190502184,"Financial_Serv"
"WU","2014-05-14",8.52569007873535,8.74948948395581,8.52036140047517,8.74416080569563,5829900,"WU",-0.0231990170621018,0.922574062452821,"Financial_Serv"
"WU","2014-05-15",8.54167556762695,8.56831794088373,8.46174692334452,8.53634688970732,3660600,"WU",0.00187497888663257,0.924303869341275,"Financial_Serv"
"WU","2014-05-16",8.47240447998047,8.48306183671154,8.38714765881485,8.47240447998047,4092700,"WU",-0.00810977741990372,0.916807970692561,"Financial_Serv"
"WU","2014-05-19",8.54700469970703,8.55766103977115,8.42977581192869,8.44576184653704,2867100,"WU",0.00880508241820089,0.924880540436173,"Financial_Serv"
"WU","2014-05-20",8.37649059295654,8.58430447028482,8.36050455827463,8.55766107914831,5328500,"WU",-0.0199501594700577,0.906429026163718,"Financial_Serv"
"WU","2014-05-21",8.32320690155029,8.45642084141154,8.30189269149933,8.42444978042052,8655200,"WU",-0.00636109965324311,0.900663140799699,"Financial_Serv"
"WU","2014-05-22",8.38715076446533,8.39780812514268,8.2912370592238,8.31787944457533,8469200,"WU",0.00768259922784435,0.907582574749754,"Financial_Serv"
"WU","2014-05-23",8.40313339233398,8.41911891868615,8.34451894875816,8.39780471415969,4659600,"WU",0.00190560874813024,0.909312072043848,"Financial_Serv"
"WU","2014-05-27",8.40846157073975,8.47240418438304,8.36050448346459,8.42977577528751,5904200,"WU",0.000634070430278128,0.909888639940626,"Financial_Serv"
"WU","2014-05-28",8.45641899108887,8.49904740186341,8.40313373170606,8.41911925870383,4952800,"WU",0.0057034714312076,0.915078163804108,"Financial_Serv"
"WU","2014-05-29",8.54167556762695,8.54167556762695,8.4724037710131,8.49904665244057,6100900,"WU",0.0100818770484205,0.924303869341275,"Financial_Serv"
"WU","2014-05-30",8.61627674102783,8.62693409898862,8.53634858900511,8.55766228858509,7248500,"WU",0.0087337868091851,0.932376542283007,"Financial_Serv"
"WU","2014-06-02",8.53634738922119,8.63758922659435,8.5150326762954,8.63226156470435,5916700,"WU",-0.00927655345911114,0.923727301444497,"Financial_Serv"
"WU","2014-06-03",8.5043773651123,8.52569157371977,8.44576341848448,8.49904868591774,3550400,"WU",-0.00374516437197192,0.920267790865709,"Financial_Serv"
"WU","2014-06-04",8.66423225402832,8.70153198374117,8.47240391111492,8.49371811497522,7268100,"WU",0.0187967774774191,0.937565859750248,"Financial_Serv"
"WU","2014-06-05",8.65890407562256,8.66956143225297,8.568318576947,8.66423275393776,5548900,"WU",-0.000614962555197485,0.93698929185347,"Financial_Serv"
"WU","2014-06-06",8.66423225402832,8.74416039146177,8.62693252431547,8.69620330573342,4418800,"WU",0.000615340966850777,0.937565859750248,"Financial_Serv"
"WU","2014-06-09",8.7708044052124,8.81876149990825,8.6748912321623,8.68021991116646,6695600,"WU",0.01230024173631,0.949098146468888,"Financial_Serv"
"WU","2014-06-10",8.80810642242432,8.81876276562049,8.69620617995966,8.76014932084543,5172500,"WU",0.00425297560959698,0.953134637736934,"Financial_Serv"
"WU","2014-06-11",8.71219062805176,8.80810481369155,8.68554723407317,8.7921187773044,3989400,"WU",-0.0108894908590533,0.94275548681185,"Financial_Serv"
"WU","2014-06-12",8.58063411712646,8.73635325486454,8.56452543504816,8.73635325486454,3731700,"WU",-0.0151002791997805,0.928519615743866,"Financial_Serv"
"WU","2014-06-13",8.6397008895874,8.66117879283581,8.59137432706394,8.61285325448398,2690100,"WU",0.00688373046265235,0.934911294507933,"Financial_Serv"
"WU","2014-06-16",8.59137630462646,8.67192025264796,8.58600657153545,8.61822394590968,2497900,"WU",-0.00559331689586366,0.929682039368228,"Financial_Serv"
"WU","2014-06-17",8.73098373413086,8.76857083058236,8.55915591016876,8.55915591016876,4156800,"WU",0.0162497165243729,0.944789108965762,"Financial_Serv"
"WU","2014-06-18",8.80615997314453,8.81689943867501,8.63970235410938,8.72561603000957,5698500,"WU",0.00861028279319723,0.95292401037389,"Financial_Serv"
"WU","2014-06-19",8.79004955291748,8.8652237440781,8.76320089595187,8.82226691710467,3846800,"WU",-0.00182944896256501,0.951180684531709,"Financial_Serv"
"WU","2014-06-20",8.87059688568115,8.90818399571144,8.78468319870566,8.81690057527848,6705800,"WU",0.00916346742743192,0.959896797752017,"Financial_Serv"
"WU","2014-06-23",8.96724510192871,8.9833532692595,8.83300491192482,8.85985254025705,3975300,"WU",0.0108953453181451,0.970355204833307,"Financial_Serv"
"WU","2014-06-24",8.96724510192871,9.06926690892828,8.90817909059216,8.96187537142799,5629800,"WU",0,0.970355204833307,"Financial_Serv"
"WU","2014-06-25",9.0102014541626,9.01557118438465,8.90280889806426,8.94039598544729,4778700,"WU",0.00479036222893556,0.975003557755192,"Financial_Serv"
"WU","2014-06-26",9.12833595275879,9.14444514961253,8.98335625359023,9.00483518272856,10498100,"WU",0.0131111939280353,0.987787018481444,"Financial_Serv"
"WU","2014-06-27",9.26257801055908,9.28942565309484,9.09075064031767,9.11222854951189,18105400,"WU",0.0147060820827614,1.00231349545552,"Financial_Serv"
"WU","2014-06-30",9.31090068817139,9.33237858837324,9.23572650120769,9.26257413250287,8587600,"WU",0.0052169792855961,1.00754254419898,"Financial_Serv"
"WU","2014-07-01",9.33237934112549,9.36459773028423,9.27331434267759,9.33237934112549,4794800,"WU",0.00230682870255379,1.00986677225899,"Financial_Serv"
"WU","2014-07-02",9.29479217529297,9.39144529370525,9.25720507905965,9.34848846598552,4907900,"WU",-0.00402760801491236,1.00579942475304,"Financial_Serv"
"WU","2014-07-03",9.33774948120117,9.34848894472396,9.27331474840764,9.30016238304301,1376600,"WU",0.00462165319009396,1.01044788087305,"Financial_Serv"
"WU","2014-07-07",9.37533760070801,9.37533760070801,9.28942393150946,9.34312023080149,3915800,"WU",0.00402539386845927,1.01451533157711,"Financial_Serv"
"WU","2014-07-08",9.30552959442139,9.38070377037694,9.25720304582958,9.27868196705764,7721100,"WU",-0.00744591920416277,1.0069613323868,"Financial_Serv"
"WU","2014-07-09",9.33774948120117,9.39681550640492,9.30016238304301,9.3162715783272,3906300,"WU",0.00346244525395962,1.01044788087305,"Financial_Serv"
"WU","2014-07-10",9.28942489624023,9.32164329366444,9.20888095102337,9.23035988263951,3809700,"WU",-0.00517518541895185,1.00521862573334,"Financial_Serv"
"WU","2014-07-11",9.5203161239624,9.54179505069114,9.26794487992933,9.30016224585084,9453800,"WU",0.0248552768660219,1.03020361298683,"Financial_Serv"
"WU","2014-07-14",9.37533760070801,9.56327413614422,9.37533760070801,9.56327413614422,4157000,"WU",-0.0152283307998027,1.01451533157711,"Financial_Serv"
"WU","2014-07-15",9.2786865234375,9.37533864391165,9.24109839283041,9.35923046925188,7726700,"WU",-0.0103090770046733,1.00405661490146,"Financial_Serv"
"WU","2014-07-16",9.43440246582031,9.47198956342572,9.32701090468653,9.35385853892708,6684900,"WU",0.0167821104840089,1.02090680394494,"Financial_Serv"
"WU","2014-07-17",9.30552959442139,9.49346605848161,9.27868196705764,9.37533404006993,4513000,"WU",-0.0136598869791507,1.0069613323868,"Financial_Serv"
"WU","2014-07-18",9.40755558013916,9.41829504435856,9.30553271839825,9.34311981899446,3047800,"WU",0.0109640171128935,1.01800167366711,"Financial_Serv"
"WU","2014-07-21",9.40755558013916,9.41829504435856,9.34311981899446,9.39144638381006,2688400,"WU",0,1.01800167366711,"Financial_Serv"
"WU","2014-07-22",9.44514274597168,9.49883904326786,9.40218591296907,9.42366381738453,2709100,"WU",0.00399542320131193,1.02206902117306,"Financial_Serv"
"WU","2014-07-23",9.46124839782715,9.49883548460125,9.39681266037776,9.47198683392596,2895200,"WU",0.00170517823696606,1.02381183102464,"Financial_Serv"
"WU","2014-07-24",9.50957679748535,9.53642545628275,9.46125125999326,9.498838358138,3570600,"WU",0.00510803623645503,1.02904149895682,"Financial_Serv"
"WU","2014-07-25",9.40755558013916,9.48272978133158,9.37533718748097,9.48272978133158,2518000,"WU",-0.0107282605229256,1.01800167366711,"Financial_Serv"
"WU","2014-07-28",9.43440246582031,9.46125112423246,9.35385853892708,9.40755483157977,3173400,"WU",0.00285375786010028,1.02090680394494,"Financial_Serv"
"WU","2014-07-29",9.40218544006348,9.47198990611735,9.38607624443337,9.41292490381688,3750800,"WU",-0.00341484538883668,1.01742056505305,"Financial_Serv"
"WU","2014-07-30",9.48809909820557,9.54179539278092,9.40755516842836,9.41829463217776,4800700,"WU",0.00913762642629923,1.02671737409494,"Financial_Serv"
"WU","2014-07-31",9.38070583343506,9.50420760931497,9.35385820016683,9.46125078158287,6410900,"WU",-0.0113187334637787,1.01509623379493,"Financial_Serv"
"WU","2014-08-01",9.0102014541626,9.44513936043535,8.9994619937185,9.44513936043535,13501500,"WU",-0.0394964287177512,0.975003557755192,"Financial_Serv"
"WU","2014-08-04",9.13907337188721,9.17666046529509,8.96187634284182,9.04778999182313,11033100,"WU",0.0143028897167524,0.988948926115205,"Financial_Serv"
"WU","2014-08-05",9.08000946044922,9.16592312936003,9.02631316133703,9.07463972812083,5104200,"WU",-0.00646278993882196,0.982557556945499,"Financial_Serv"
"WU","2014-08-06",9.13370323181152,9.165920592694,9.04241985583498,9.04241985583498,4917500,"WU",0.00591340478181047,0.988367817501145,"Financial_Serv"
"WU","2014-08-07",9.07463645935059,9.17128955810281,8.95650546319306,9.14981166069751,9447700,"WU",-0.00646690295949352,0.981976138737078,"Financial_Serv"
"WU","2014-08-08",9.12833595275879,9.23572855010699,9.02631308769517,9.09611858322301,12128700,"WU",0.00591753660311876,0.987787018481444,"Financial_Serv"
"WU","2014-08-11",9.23573017120361,9.27868701284853,9.12833755500538,9.15518519696899,5904800,"WU",0.011764928350645,0.999408261979576,"Financial_Serv"
"WU","2014-08-12",9.18202781677246,9.26794144348848,9.1337012737233,9.20887544105701,3223800,"WU",-0.00581463007641699,0.99359707264085,"Financial_Serv"
"WU","2014-08-13",9.34848594665527,9.34848594665527,9.21961549822548,9.24646312425079,3498400,"WU",0.0181286893488549,1.01160968530869,"Financial_Serv"
"WU","2014-08-14",9.31626987457275,9.36996615819516,9.25720386017097,9.35385696585701,2491100,"WU",-0.00344612724096204,1.00812354961492,"Financial_Serv"
"WU","2014-08-15",9.30552959442139,9.36996533393425,9.24109385490853,9.34848641270618,3300300,"WU",-0.00115285197788023,1.0069613323868,"Financial_Serv"
"WU","2014-08-18",9.41829395294189,9.44514158620753,9.3431187362893,9.34848846777674,3369200,"WU",0.0121179947230633,1.019163684499,"Financial_Serv"
"WU","2014-08-19",9.42903518676758,9.46662229414994,9.40755727862274,9.41829674478109,3212800,"WU",0.00114046491640118,1.02032600492524,"Financial_Serv"
"WU","2014-08-20",9.48809909820557,9.50420829382966,9.39681570467896,9.42903307175552,3291800,"WU",0.00626404613707209,1.02671737409494,"Financial_Serv"
"WU","2014-08-21",9.52568435668945,9.55790171754126,9.45051017331143,9.51494489501504,2959400,"WU",0.00396130543060991,1.03078451520465,"Financial_Serv"
"WU","2014-08-22",9.39681625366211,9.49346938471011,9.36996861689175,9.46125201575134,4846500,"WU",-0.0135284876342607,1.01683955963711,"Financial_Serv"
"WU","2014-08-25",9.38607597351074,9.45051172999965,9.34311914390867,9.44514199827794,4006200,"WU",-0.00114297011471109,1.01567734240899,"Financial_Serv"
"WU","2014-08-26",9.41292667388916,9.44514404703612,9.39681747522977,9.41292667388916,6014200,"WU",0.00286069497564218,1.01858288547929,"Financial_Serv"
"WU","2014-08-27",9.41292667388916,9.42903484837673,9.38607800945684,9.42903484837673,2848800,"WU",0,1.01858288547929,"Financial_Serv"
"WU","2014-08-28",9.39144802093506,9.42903512808348,9.3753388217978,9.39144802093506,4240400,"WU",-0.0022818251642905,1.01625865741929,"Financial_Serv"
"WU","2014-08-29",9.38070583343506,9.41292422236281,9.36459766314274,9.39681502789893,4009900,"WU",-0.00114382654049236,1.01509623379493,"Financial_Serv"
"WU","2014-09-02",9.37533760070801,9.42366416765365,9.33238076610874,9.39144679774713,6059700,"WU",-0.00057226319877947,1.01451533157711,"Financial_Serv"
"WU","2014-09-03",9.39144802093506,9.43440486112924,9.35923064683239,9.39144802093506,5904200,"WU",0.00171838294397358,1.01625865741929,"Financial_Serv"
"WU","2014-09-04",9.38607597351074,9.41292463211929,9.33237968046526,9.38607597351074,4290500,"WU",-0.000572014817346723,1.01567734240899,"Financial_Serv"
"WU","2014-09-05",9.41829395294189,9.42366266025777,9.3216408345111,9.37533610104238,3679900,"WU",0.00343252915510992,1.01916368449899,"Financial_Serv"
"WU","2014-09-08",9.30016136169434,9.41829339912851,9.27868346117908,9.35922738041142,3597800,"WU",-0.0125428864121043,1.00638043016898,"Financial_Serv"
"WU","2014-09-09",9.16592121124268,9.31090088125472,9.16592121124268,9.30553115005003,4918900,"WU",-0.0144341743364336,0.991854159591148,"Financial_Serv"
"WU","2014-09-10",9.24646663665771,9.26794556497408,9.1498145317491,9.19814007211757,3310300,"WU",0.00878748830136617,1.00057006641522,"Financial_Serv"
"WU","2014-09-11",9.13558673858643,9.24917361515839,9.11395178169602,9.22212862946949,4583000,"WU",-0.0119915966204544,0.988571633788264,"Financial_Serv"
"WU","2014-09-12",9.07608604431152,9.16803689394476,9.05445006479298,9.13017392978731,4756300,"WU",-0.00651306763073973,0.98213299987957,"Financial_Serv"
"WU","2014-09-15",9.0977201461792,9.13558207515561,9.02199628822638,9.0706762059561,2660200,"WU",0.00238363781062158,0.984474049233142,"Financial_Serv"
"WU","2014-09-16",9.04904079437256,9.07067677323229,8.96249894225413,9.05444978908749,4440100,"WU",-0.00535071985337828,0.979206404392775,"Financial_Serv"
"WU","2014-09-17",9.1680383682251,9.22212626239857,9.00036259497389,9.03281656947051,6258000,"WU",0.0131502969824759,0.992083259417682,"Financial_Serv"
"WU","2014-09-18",9.11394596099854,9.23294072705057,8.95708823916353,9.19507880292765,7323200,"WU",-0.00590010698624886,0.986229862047851,"Financial_Serv"
"WU","2014-09-19",9.04363346099854,9.13017532901495,8.98954556723361,9.10854037784107,5541900,"WU",-0.00771482520314357,0.978621271052032,"Financial_Serv"
"WU","2014-09-22",8.91922950744629,9.06526929418587,8.913820511827,9.0436333117087,3126300,"WU",-0.0137559703286018,0.965159385884502,"Financial_Serv"
"WU","2014-09-23",8.79482364654541,8.91381842736202,8.77859666348216,8.89218348160454,5131300,"WU",-0.0139480501983964,0.951697294320731,"Financial_Serv"
"WU","2014-09-24",8.88677787780762,8.89759587064382,8.77319101634863,8.78941800560294,3454000,"WU",0.0104554946133942,0.961647760255083,"Financial_Serv"
"WU","2014-09-25",8.78400897979736,8.88136885167632,8.78400897979736,8.85432490133686,4037500,"WU",-0.0115642474047756,0.950527027639245,"Financial_Serv"
"WU","2014-09-26",8.84350681304932,8.86514176675516,8.76237393124641,8.78400888495225,2355300,"WU",0.00677342582285539,0.956965351953579,"Financial_Serv"
"WU","2014-09-29",8.74614524841309,8.8002341696935,8.72450926723677,8.75696323900124,3419900,"WU",-0.0110093842515692,0.946429752678484,"Financial_Serv"
"WU","2014-09-30",8.67583179473877,8.74614668176452,8.63796933730537,8.71910273252243,4556400,"WU",-0.00803936496333332,0.938821058484544,"Financial_Serv"
"WU","2014-10-01",8.61633110046387,8.71369093711592,8.54601572019628,8.65419302990406,6521200,"WU",-0.00685821206342255,0.93238242457585,"Financial_Serv"
"WU","2014-10-02",8.70287418365479,8.71910116928705,8.52979046355207,8.58387886816908,6173000,"WU",0.0100440758580249,0.941747344376979,"Financial_Serv"
"WU","2014-10-03",8.78400897979736,8.79482697259738,8.72451105105787,8.76778199059735,4143300,"WU",0.0093227587151565,0.950527027639245,"Financial_Serv"
"WU","2014-10-06",8.7894172668457,8.90300308709713,8.75696432272536,8.79482626280917,4060200,"WU",0.000615696894297188,0.951112264178108,"Financial_Serv"
"WU","2014-10-07",8.6487865447998,8.77319035810046,8.63796906860552,8.74073741368735,6851300,"WU",-0.0160000052081231,0.935894462997749,"Financial_Serv"
"WU","2014-10-08",8.83269023895264,8.84350823337328,8.61633550884341,8.64337946323429,5279600,"WU",0.021263525605613,0.955794878875853,"Financial_Serv"
"WU","2014-10-09",8.55142879486084,8.83268993430178,8.51897532854863,8.83268993430178,5181500,"WU",-0.0318432364865937,0.925359276515134,"Financial_Serv"
"WU","2014-10-10",8.47570323944092,8.89759566537453,8.4432497775113,8.54601864376319,6488500,"WU",-0.00885531029217372,0.917164932989851,"Financial_Serv"
"WU","2014-10-13",8.37834072113037,8.52438047990578,8.34588778528924,8.46488257114686,5264100,"WU",-0.0114872495603054,0.906629230516636,"Financial_Serv"
"WU","2014-10-14",8.49734020233154,8.58929109215868,8.36752736345689,8.43243378289422,5058700,"WU",0.01420322772277,0.919506291937783,"Financial_Serv"
"WU","2014-10-15",8.56765270233154,8.60551463848974,8.28639113135582,8.3621155195024,7081100,"WU",0.00827464810467484,0.927114882933603,"Financial_Serv"
"WU","2014-10-16",8.56765270233154,8.58387917270931,8.41079544646591,8.41079544646591,5129500,"WU",0,0.927114882933603,"Financial_Serv"
"WU","2014-10-17",8.6055154800415,8.72451029555551,8.52979160031991,8.63255994386932,4030800,"WU",0.0044192708347827,0.931212054696244,"Financial_Serv"
"WU","2014-10-20",8.73532867431641,8.74073767048759,8.5514274469686,8.56765391965188,5807900,"WU",0.0150848830120606,0.945259279600758,"Financial_Serv"
"WU","2014-10-21",8.95168113708496,8.95709013191123,8.74073549716174,8.76237147646683,5769100,"WU",0.0247675240205527,0.96867101151392,"Financial_Serv"
"WU","2014-10-22",8.7731876373291,8.99495124675547,8.76237068031966,8.95168032373716,6819100,"WU",-0.0199396623966417,0.949356038570919,"Financial_Serv"
"WU","2014-10-23",8.87595748901367,8.91922841701744,8.84350455092592,8.84891354588393,6472200,"WU",0.0117140834019432,0.960476874384877,"Financial_Serv"
"WU","2014-10-24",8.90841197967529,8.91922997147669,8.82187010858508,8.86514104413019,3622400,"WU",0.00365644953818132,0.963988809608656,"Financial_Serv"
"WU","2014-10-27",8.84350681304932,8.91923069851062,8.80564487031866,8.91923069851062,3113200,"WU",-0.00728582903148832,0.956965351953579,"Financial_Serv"
"WU","2014-10-28",8.91381931304932,8.91381931304932,8.82727745810012,8.87054838557472,6306400,"WU",0.00795074866638291,0.964573942949399,"Financial_Serv"
"WU","2014-10-29",8.88677787780762,8.95168377150368,8.81105399127535,8.93545781390996,4820400,"WU",-0.00303365306071575,0.961647760255083,"Financial_Serv"
"WU","2014-10-30",9.03281593322754,9.05445088304094,8.83809622660503,8.83809622660503,6595200,"WU",0.0164331839309963,0.977450694776186,"Financial_Serv"
"WU","2014-10-31",9.17344570159912,9.37357440392677,9.14099276099423,9.35734741779414,15232900,"WU",0.0155687627658027,0.992668392758425,"Financial_Serv"
"WU","2014-11-03",9.24917125701904,9.47634392058304,9.16262938820042,9.18967333533357,12452600,"WU",0.00825486495295016,1.00086273628371,"Financial_Serv"
"WU","2014-11-04",9.29244327545166,9.35194120407795,9.23294534682537,9.2437633396048,8115600,"WU",0.00467847520930903,1.00554524778333,"Financial_Serv"
"WU","2014-11-05",9.48715877532959,9.49256673763981,9.3194830572298,9.33571003914078,6528300,"WU",0.0209541768624319,1.02661562074856,"Financial_Serv"
"WU","2014-11-06",9.70892429351807,9.73055924202596,9.48716065509545,9.49256861847719,8247200,"WU",0.0233753353812477,1.05061310519119,"Financial_Serv"
"WU","2014-11-07",9.67106056213379,9.80628233249263,9.61156368470486,9.6981055352017,7577500,"WU",-0.00389988944599724,1.04651583023043,"Financial_Serv"
"WU","2014-11-10",9.88741970062256,9.88741970062256,9.67647296307597,9.69269995262897,8150600,"WU",0.0223718109403539,1.06992828453043,"Financial_Serv"
"WU","2014-11-11",9.90364170074463,9.94150362957702,9.83873583179202,9.89823270638855,6263500,"WU",0.00164067073243072,1.07168368455266,"Financial_Serv"
"WU","2014-11-12",9.94691467285156,10.0334565370549,9.81169288107638,9.87119079958878,6164700,"WU",0.00436940000602809,1.0763662992504,"Financial_Serv"
"WU","2014-11-13",9.8062858581543,9.99559661105176,9.72515297310127,9.9847786179352,8679400,"WU",-0.0141379331503756,1.06114870446628,"Financial_Serv"
"WU","2014-11-14",9.79546546936035,9.8333274003602,9.76301150136598,9.79546546936035,5354700,"WU",-0.00110341356049169,1.05997781859608,"Financial_Serv"
"WU","2014-11-17",9.84414577484131,9.86037172781308,9.70892399788833,9.77923886797335,4806100,"WU",0.00496967761595671,1.06524556663456,"Financial_Serv"
"WU","2014-11-18",9.8062858581543,9.94691667368783,9.80087789325662,9.85496579551823,5182600,"WU",-0.00384593214616654,1.06114870446628,"Financial_Serv"
"WU","2014-11-19",9.8495569229126,9.96855278537112,9.77924203009125,9.8171039748151,7459100,"WU",0.00441258447736553,1.06583111276779,"Financial_Serv"
"WU","2014-11-20",9.88741970062256,9.96314358854869,9.82251277407116,9.8333307671065,4630400,"WU",0.0038441097408029,1.06992828453043,"Financial_Serv"
"WU","2014-11-21",9.86037445068359,9.98477827223508,9.8225125077471,9.94691632929859,5317100,"WU",-0.00273531930047047,1.06700168904363,"Financial_Serv"
"WU","2014-11-24",9.86037445068359,9.93069037184613,9.83333050048912,9.91446338273311,4908100,"WU",0,1.06700168904363,"Financial_Serv"
"WU","2014-11-25",9.89282608032227,9.96854994821816,9.85496311471399,9.87659909506158,4963500,"WU",0.00329111534262495,1.07051331467305,"Financial_Serv"
"WU","2014-11-26",9.88741970062256,9.94150760247802,9.83873976362416,9.88201070410489,2425200,"WU",-0.00054649497078098,1.06992828453043,"Financial_Serv"
"WU","2014-11-28",10.0496835708618,10.0929545031675,9.90364378745737,9.95232371525885,3700200,"WU",0.0164111441763761,1.08748703186624,"Financial_Serv"
"WU","2014-12-01",9.81709861755371,10.0226362505493,9.81709861755371,10.0226362505493,5255500,"WU",-0.0231435101083645,1.06231876475153,"Financial_Serv"
"WU","2014-12-02",9.88741970062256,9.92528164458562,9.84414876014183,9.85496572151656,4989400,"WU",0.0071631228134052,1.06992828453043,"Financial_Serv"
"WU","2014-12-03",9.9955940246582,10.0010030198169,9.88200822130679,9.90905216543989,5116100,"WU",0.010940602028741,1.08163394409077,"Financial_Serv"
"WU","2014-12-04",9.9901819229126,10.0226358837727,9.95772899371251,10.000999909866,3719600,"WU",-0.00054144873553831,1.08104829475943,"Financial_Serv"
"WU","2014-12-05",10.0064105987549,10.0659085054193,9.97395766405621,9.99018361557545,3378300,"WU",0.00162446249402771,1.0828044171685,"Financial_Serv"
"WU","2014-12-08",9.88201141357422,10.0605041848295,9.86037542595022,9.96314430384287,3893000,"WU",-0.012431948894456,1.06934304799157,"Financial_Serv"
"WU","2014-12-09",9.91987228393555,9.92528128025466,9.74678852836607,9.79546846357756,6196400,"WU",0.00383129190777106,1.07344001335797,"Financial_Serv"
"WU","2014-12-10",9.66024684906006,9.92528148417876,9.63320186690881,9.91987248774852,6153500,"WU",-0.026172255795665,1.04534566674706,"Financial_Serv"
"WU","2014-12-11",9.61697387695312,9.92527938669999,9.57911090994285,9.69269774765295,7432300,"WU",-0.00447948927010535,1.04066305204932,"Financial_Serv"
"WU","2014-12-12",9.27107715606689,9.5870127552777,9.27107715606689,9.47806901528866,6894800,"WU",-0.0359673141792726,1.0032331971015,"Financial_Serv"
"WU","2014-12-15",9.30376434326172,9.39091896164166,9.24384515351363,9.33099977189357,6935300,"WU",0.00352571622957901,1.00677031266657,"Financial_Serv"
"WU","2014-12-16",9.23294734954834,9.40180921495263,9.23294734954834,9.27652463865153,6269900,"WU",-0.00761164955394301,0.99910712986524,"Financial_Serv"
"WU","2014-12-17",9.51619911193848,9.54888285765509,9.23839350713437,9.24928808903991,5493600,"WU",0.0306783686364239,1.02975810670252,"Financial_Serv"
"WU","2014-12-18",9.68506240844727,9.68506240844727,9.51619949893777,9.65782595257579,4166700,"WU",0.0177448259039623,1.04803098502915,"Financial_Serv"
"WU","2014-12-19",9.80490398406982,9.83758670643985,9.66872476206885,9.71230207155056,7355000,"WU",0.0123738568290519,1.06099917039032,"Financial_Serv"
"WU","2014-12-22",9.83213520050049,9.86481894783283,9.78311061846655,9.81034707457683,2343900,"WU",0.0027773057721837,1.06394588951052,"Financial_Serv"
"WU","2014-12-23",9.87026882171631,9.93018696290802,9.84303235847932,9.88660966069367,2372400,"WU",0.00387846794599399,1.06807236953926,"Financial_Serv"
"WU","2014-12-24",9.84303283691406,9.89750472707089,9.81035011840592,9.86482200856275,1013100,"WU",-0.00275939645557801,1.06512513442845,"Financial_Serv"
"WU","2014-12-26",9.85392475128174,9.92473746201246,9.85392475128174,9.85937204271712,1439000,"WU",0.00110656080784655,1.06630376015767,"Financial_Serv"
"WU","2014-12-29",9.82669162750244,9.89205706205995,9.81579704208791,9.83758517395212,1938200,"WU",-0.00276368294529087,1.06335683464122,"Financial_Serv"
"WU","2014-12-30",9.81034660339355,9.8430293101916,9.79400473051227,9.82124118531441,1889600,"WU",-0.00166332930028466,1.0615881220615,"Financial_Serv"
"WU","2014-12-31",9.75587558746338,9.85937204684975,9.75042829602572,9.81579475431306,3073100,"WU",-0.00555240483667859,1.05569375503801,"Financial_Serv"
"WU","2015-01-02",9.76676940917969,9.89205398558824,9.66327295785915,9.82668857135966,5486500,"WU",0.00111664213208167,1.05687258716346,"Financial_Serv"
"WU","2015-01-05",9.67416858673096,9.78311130188883,9.6196967096697,9.71774588058703,10365000,"WU",-0.00948121313908526,1.0468521529037,"Financial_Serv"
"WU","2015-01-06",9.65782928466797,9.77222036086566,9.56522738068504,9.65782928466797,10353400,"WU",-0.00168896189026509,1.04508405951271,"Financial_Serv"
"WU","2015-01-07",9.56522941589355,9.72864512537976,9.52165210115693,9.72864512537976,6979600,"WU",-0.00958806229070735,1.03506372845107,"Financial_Serv"
"WU","2015-01-08",9.75587558746338,9.87571288219814,9.64148558416628,9.64693183663934,7824200,"WU",0.0199311656083279,1.05569375503801,"Financial_Serv"
"WU","2015-01-09",9.76676940917969,9.83213482340827,9.65782566684602,9.75587482715341,4654000,"WU",0.00111664213208167,1.05687258716346,"Financial_Serv"
"WU","2015-01-12",9.7068510055542,9.81579475640142,9.65782642156941,9.77221746385545,3551400,"WU",-0.00613492559465688,1.05038875247818,"Financial_Serv"
"WU","2015-01-13",9.69595813751221,9.85937379268487,9.62514541421274,9.77766648458093,3801500,"WU",-0.00112218350068002,1.04921002355085,"Financial_Serv"
"WU","2015-01-14",9.40725708007812,9.57067166444701,9.34733791429273,9.52709437268433,6795000,"WU",-0.029775402630622,1.01796937265553,"Financial_Serv"
"WU","2015-01-15",9.26018714904785,9.46173285590703,9.21116254572981,9.38002449106695,6082200,"WU",-0.0156336676863786,1.00205477776853,"Financial_Serv"
"WU","2015-01-16",9.38002109527588,9.38002109527588,9.21660650268572,9.23294837753059,5626500,"WU",0.0129407693709893,1.01502213754473,"Financial_Serv"
"WU","2015-01-20",9.26562976837158,9.47262162543087,9.26018247753259,9.40180892245294,4520000,"WU",-0.0121952099832599,1.00264372943971,"Financial_Serv"
"WU","2015-01-21",9.34733867645264,9.36912784359291,9.20026491514984,9.21660679050504,4179600,"WU",0.00881849481618289,1.01148553797025,"Financial_Serv"
"WU","2015-01-22",9.58701610565186,9.61425153068483,9.33099853889652,9.4072595991256,3329200,"WU",0.0256412480060236,1.03742128950386,"Financial_Serv"
"WU","2015-01-23",9.59246253967285,9.6414871315151,9.51620148627115,9.60335608533186,4714400,"WU",0.000568105233262855,1.03801065396752,"Financial_Serv"
"WU","2015-01-26",9.65237998962402,9.66327457347177,9.49441267969047,9.59790914831468,3662600,"WU",0.00624630533644131,1.04449438545468,"Financial_Serv"
"WU","2015-01-27",9.46172904968262,9.54888363408451,9.41815175748167,9.54888363408451,3791900,"WU",-0.0197517027040325,1.02386384287715,"Financial_Serv"
"WU","2015-01-28",9.23839473724365,9.52164767071618,9.22205390117405,9.51620037903809,4404900,"WU",-0.0236039640605071,0.999696597527025,"Financial_Serv"
"WU","2015-01-29",9.3309965133667,9.33644380498379,9.18937108718081,9.24928921703956,3142300,"WU",0.0100235786364196,1.0097171349849,"Financial_Serv"
"WU","2015-01-30",9.26018714904785,9.36913094285795,9.15669064882476,9.24929256187384,7602400,"WU",-0.00758861759485312,1.00205477776853,"Financial_Serv"
"WU","2015-02-02",9.48351764678955,9.49441223012143,9.11311012522284,9.11311012522284,7951200,"WU",0.0241172769132061,1.02622161032617,"Financial_Serv"
"WU","2015-02-03",9.6360387802124,9.6360387802124,9.44538772610767,9.51620044045046,4324100,"WU",0.016082759488984,1.04272608566745,"Financial_Serv"
"WU","2015-02-04",9.6360387802124,9.72319336969491,9.57611961033143,9.58701419375791,4950200,"WU",0,1.04272608566745,"Financial_Serv"
"WU","2015-02-05",9.73953247070312,9.77766350590249,9.636037063484,9.67416705971889,3993500,"WU",0.0107402733479287,1.05392524885453,"Financial_Serv"
"WU","2015-02-06",9.65782928466797,9.80490308022289,9.60335739309597,9.75587848170458,6145500,"WU",-0.00838882012878159,1.04508405951271,"Financial_Serv"
"WU","2015-02-09",9.59790706634521,9.68506164029231,9.53798790714491,9.6142478996075,6166300,"WU",-0.00620452241974103,1.03859981203495,"Financial_Serv"
"WU","2015-02-10",10.0227880477905,10.0936018075035,9.42359941167465,9.60335589861294,16769400,"WU",0.0442680866264214,1.08457663848429,"Financial_Serv"
"WU","2015-02-11",9.96831607818604,10.1753090243578,9.39636390806371,9.83213689111265,20201500,"WU",-0.00543481208469736,1.07868216826268,"Financial_Serv"
"WU","2015-02-12",9.9737606048584,10.1153870448209,9.95741977187795,10.028232472377,9781200,"WU",0.000546183189784451,1.07927132633011,"Financial_Serv"
"WU","2015-02-13",10.3605146408081,10.3605146408081,9.97921243373846,9.99010701998957,9802400,"WU",0.0387771524976559,1.12112239513756,"Financial_Serv"
"WU","2015-02-17",10.5130281448364,10.5130281448364,10.3441663189728,10.3441663189728,11242300,"WU",0.0147206494383588,1.13762604489387,"Financial_Serv"
"WU","2015-02-18",10.5130281448364,10.5729472929343,10.4640035762044,10.491240024869,6402300,"WU",0,1.13762604489387,"Financial_Serv"
"WU","2015-02-19",10.4966897964478,10.5293725036086,10.4476652162243,10.4912425054269,4790700,"WU",-0.00155410488429983,1.13585805470099,"Financial_Serv"
"WU","2015-02-20",10.5947399139404,10.6383172070794,10.4258769939327,10.4531134514975,5127000,"WU",0.00934105126416687,1.14646816301877,"Financial_Serv"
"WU","2015-02-23",10.4966897964478,10.5947389568947,10.4367706341825,10.5838443748529,6664300,"WU",-0.00925460353808805,1.13585805470099,"Financial_Serv"
"WU","2015-02-24",10.5293750762939,10.5620577914403,10.3931958843921,10.4803504840921,3998400,"WU",0.00311386546425832,1.13939496386983,"Financial_Serv"
"WU","2015-02-25",10.6764488220215,10.7145788294094,10.5075869154617,10.5402696305135,4947300,"WU",0.0139679463084817,1.15530997154931,"Financial_Serv"
"WU","2015-02-26",10.6710014343262,10.7527087407079,10.605634965842,10.681896018901,5330800,"WU",-0.000510224681082777,1.15472050388753,"Financial_Serv"
"WU","2015-02-27",10.6328716278076,10.7472616511064,10.6165297506372,10.6165297506372,4531200,"WU",-0.00357321726111851,1.15059443665127,"Financial_Serv"
"WU","2015-03-02",10.9161214828491,10.9488041888976,10.6219740115195,10.627421302355,7255000,"WU",0.0266390740861325,1.18124520709231,"Financial_Serv"
"WU","2015-03-03",10.741813659668,10.910676595879,10.6601063570626,10.8779928436651,6337200,"WU",-0.0159679262872822,1.16238317069826,"Financial_Serv"
"WU","2015-03-04",10.7036809921265,10.7527055692891,10.6601037056447,10.6927864107649,3436900,"WU",-0.00354992822903638,1.15825679386764,"Financial_Serv"
"WU","2015-03-05",10.616530418396,10.7036850241906,10.5566112373004,10.7036850241906,5567900,"WU",-0.00814211239989084,1.14882613686403,"Financial_Serv"
"WU","2015-03-06",10.5947399139404,10.7091299188186,10.5729507478886,10.5838453309145,5549200,"WU",-0.00205250713715363,1.14646816301877,"Financial_Serv"
"WU","2015-03-09",10.6601085662842,10.6927912863066,10.5784012467456,10.5892958330748,4114800,"WU",0.00616991571994502,1.1535417749602,"Financial_Serv"
"WU","2015-03-10",10.5566091537476,10.600186448044,10.4966910234428,10.5620564454052,5833300,"WU",-0.00970903925537582,1.14234199258439,"Financial_Serv"
"WU","2015-03-11",10.502140045166,10.6165300719265,10.474903582391,10.5566108927864,7968600,"WU",-0.00515971632446074,1.13644783195714,"Financial_Serv"
"WU","2015-03-12",10.6655559539795,10.6927913810787,10.5729540472911,10.5729540472911,4933000,"WU",0.0155602484932292,1.15413124262198,"Financial_Serv"
"WU","2015-03-13",10.7122249603271,10.7451684646395,10.5969211243512,10.6682999388256,5048300,"WU",0.00437567498112869,1.15918134582526,"Financial_Serv"
"WU","2015-03-16",10.7671308517456,10.7781113210195,10.7012427998267,10.7396770604231,4450500,"WU",0.00512553569606703,1.16512277119151,"Financial_Serv"
"WU","2015-03-17",10.5969181060791,10.7835996561027,10.5914283963033,10.7616376752348,9166400,"WU",-0.015808551786933,1.14670386752499,"Financial_Serv"
"WU","2015-03-18",10.6243772506714,10.6957550335668,10.2784667140291,10.580452219523,11123900,"WU",0.00259123872784605,1.14967525099589,"Financial_Serv"
"WU","2015-03-19",10.5694675445557,10.6573175806261,10.4761267503239,10.6133925625909,4610300,"WU",-0.0051682752617103,1.14373341283717,"Financial_Serv"
"WU","2015-03-20",10.5420141220093,10.6408446207817,10.4816168333803,10.6243733946138,15178300,"WU",-0.00259742720535889,1.14076264855499,"Financial_Serv"
"WU","2015-03-23",10.8439989089966,11.0196989769233,10.5639765330177,10.5639765330177,8559700,"WU",0.0286458340400845,1.17344074606462,"Financial_Serv"
"WU","2015-03-24",10.8275279998779,10.9098883334495,10.805566012246,10.8220372411562,5597800,"WU",-0.00151889623531661,1.17165841133306,"Financial_Serv"
"WU","2015-03-25",10.6463375091553,10.8934164236698,10.6408467502488,10.8385098818604,7502800,"WU",-0.0167342435618452,1.15205159410652,"Financial_Serv"
"WU","2015-03-26",10.6463375091553,10.7067348098711,10.6079032440653,10.6243755207846,5162700,"WU",0,1.15205159410652,"Financial_Serv"
"WU","2015-03-27",10.8165445327759,10.8439972715234,10.6078999481775,10.613390705378,6653600,"WU",0.0159873781452294,1.17046987858432,"Financial_Serv"
"WU","2015-03-30",11.2008876800537,11.2228507080096,10.9318468711234,10.9318468711234,9454600,"WU",0.0355328955668985,1.21206006254426,"Financial_Serv"
"WU","2015-03-31",11.4260063171387,11.4589508672518,11.1185311802016,11.1404942136103,12186700,"WU",0.0200982853783854,1.23642039157701,"Financial_Serv"
"WU","2015-04-01",11.2887401580811,11.3930624691018,11.2008901216178,11.387571710916,7572500,"WU",-0.0120134853112869,1.22156667336423,"Financial_Serv"
"WU","2015-04-02",11.4809093475342,11.552288137061,11.2448120467613,11.2667750734633,8877300,"WU",0.0170230855491488,1.2423615073489,"Financial_Serv"
"WU","2015-04-06",11.1130409240723,11.3491383076108,11.0471539153786,11.1020594068716,9374800,"WU",-0.0320417496843073,1.202554070913,"Financial_Serv"
"WU","2015-04-07",11.0251913070679,11.1624571356157,10.9922478014478,11.0746070891255,6663100,"WU",-0.00790509254889011,1.19304776968739,"Financial_Serv"
"WU","2015-04-08",11.2942323684692,11.3161954040366,11.0581349723964,11.0636257312882,6862000,"WU",0.0244023939275225,1.22216099133766,"Financial_Serv"
"WU","2015-04-09",11.3216829299927,11.3656079413293,11.2063791206999,11.2777579186561,4454100,"WU",0.00243049378017694,1.22513144602548,"Financial_Serv"
"WU","2015-04-10",11.3216829299927,11.3656079413293,11.2777579186561,11.294229143373,2957600,"WU",0,1.22513144602548,"Financial_Serv"
"WU","2015-04-13",11.2557973861694,11.3711001737843,11.2557973861694,11.3107039243335,4434400,"WU",-0.00581941255824277,1.21800190070298,"Financial_Serv"
"WU","2015-04-14",11.3381538391113,11.3656076249668,11.18441682734,11.2448130617124,4736100,"WU",0.0073168030763498,1.22691378075704,"Financial_Serv"
"WU","2015-04-15",11.4150218963623,11.4424746313654,11.3106996182922,11.3710958447499,5071500,"WU",0.00677959201663129,1.23523175563016,"Financial_Serv"
"WU","2015-04-16",11.3875694274902,11.4314944369141,11.3107009228122,11.3765879133206,4784200,"WU",-0.00240494228756747,1.2322610945461,"Financial_Serv"
"WU","2015-04-17",11.3271741867065,11.3546279770748,11.1789279077379,11.3052122016669,5265500,"WU",-0.0053036112023953,1.22572566080079,"Financial_Serv"
"WU","2015-04-20",11.382080078125,11.4424773662732,11.3381550632686,11.3601180943243,3465800,"WU",0.00484727174787283,1.23166708616703,"Financial_Serv"
"WU","2015-04-21",11.3656091690063,11.4699304276649,11.3436461373382,11.4040434271705,3384900,"WU",-0.0014470913054203,1.22988475143546,"Financial_Serv"
"WU","2015-04-22",11.4205150604248,11.4424780928752,11.3216845561633,11.3875715590043,4287600,"WU",0.00483087977089549,1.23582617680171,"Financial_Serv"
"WU","2015-04-23",11.5138559341431,11.5577809520951,11.3875716384378,11.420515140088,3724600,"WU",0.00817308792330333,1.24592669280263,"Financial_Serv"
"WU","2015-04-24",11.3052129745483,11.480913055897,11.2448156788641,11.4644407805499,6303300,"WU",-0.0181210326747288,1.22334921449203,"Financial_Serv"
"WU","2015-04-27",11.1844177246094,11.3381547487142,11.1514731789398,11.3381547487142,5527400,"WU",-0.0106849159065746,1.21027783101081,"Financial_Serv"
"WU","2015-04-28",11.2393217086792,11.2393217086792,11.1185281990836,11.189905944014,5021000,"WU",0.00490897116163835,1.21621904998081,"Financial_Serv"
"WU","2015-04-29",11.1953992843628,11.2777596093136,11.0691149887456,11.1789280571767,6174600,"WU",-0.003907924824546,1.21146615736331,"Financial_Serv"
"WU","2015-04-30",11.1350021362305,11.3710984338767,11.0910771218713,11.1514733620808,10046100,"WU",-0.00539481858558489,1.20493051722176,"Financial_Serv"
"WU","2015-05-01",11.6675930023193,12.0629181293861,11.5358179599637,11.5358179599637,14682200,"WU",0.0478303335350024,1.26256274574698,"Financial_Serv"
"WU","2015-05-04",11.6291599273682,11.793878485234,11.6181784109091,11.7170099645306,4800500,"WU",-0.00329400202282784,1.25840386150854,"Financial_Serv"
"WU","2015-05-05",11.502875328064,11.5852346048361,11.4589503106352,11.5797438467506,5062600,"WU",-0.0108593054092411,1.24473846964825,"Financial_Serv"
"WU","2015-05-06",11.9970359802246,12.5406086423373,11.7554477813116,12.1013583236368,24838300,"WU",0.0429597503291219,1.29821212352939,"Financial_Serv"
"WU","2015-05-07",11.9146747589111,11.9640905427192,11.6401430920906,11.8103524322879,7349700,"WU",-0.00686513080807936,1.28929972748473,"Financial_Serv"
"WU","2015-05-08",12.0409603118896,12.1068473322356,11.9146759835138,12.046451071461,4483700,"WU",0.0105991607436926,1.30296522254314,"Financial_Serv"
"WU","2015-05-11",11.9476175308228,12.101355631798,11.9256544961455,12.0244860576828,6343300,"WU",-0.00775210437117086,1.29286450014598,"Financial_Serv"
"WU","2015-05-12",11.9421262741089,11.9585985494298,11.7774077099198,11.8817289785205,6957300,"WU",-0.000459611022842061,1.29227028537067,"Financial_Serv"
"WU","2015-05-13",12.0080089569092,12.1178209348309,11.9585932003053,11.9915366889563,5404100,"WU",0.00551683019322362,1.29939952109881,"Financial_Serv"
"WU","2015-05-14",12.057427406311,12.0684089216859,11.9750681355093,12.0684089216859,3400300,"WU",0.00411545740673528,1.30474714448222,"Financial_Serv"
"WU","2015-05-15",11.9201622009277,12.1013540718932,11.8597659578609,12.0739002820856,5660000,"WU",-0.0113842862791323,1.28989352946756,"Financial_Serv"
"WU","2015-05-18",12.0738983154297,12.1397863529809,11.8981982782996,11.9146705495011,5626700,"WU",0.0128971495446587,1.30652947921379,"Financial_Serv"
"WU","2015-05-19",12.3099975585938,12.3978475909004,12.0519382195997,12.090372477827,9674800,"WU",0.019554516444978,1.33207803140092,"Financial_Serv"
"WU","2015-05-20",12.3429431915283,12.3923589741458,12.1452811083134,12.1562615788077,6703500,"WU",0.00267633139468582,1.33564311365653,"Financial_Serv"
"WU","2015-05-21",12.3539180755615,12.4033338316441,12.2990115635525,12.3154838313316,5046000,"WU",0.000889162646453386,1.33683071762219,"Financial_Serv"
"WU","2015-05-22",12.3868646621704,12.4582434598123,12.2715619006402,12.3264684263829,4288100,"WU",0.00266689372613386,1.34039590307592,"Financial_Serv"
"WU","2015-05-26",12.2111663818359,12.3649044666761,12.1727321224397,12.3264702072798,3741400,"WU",-0.014184241543468,1.32138340382281,"Financial_Serv"
"WU","2015-05-27",12.1837148666382,12.2825464277643,12.1507703147594,12.194695336676,5961100,"WU",-0.00224806659244181,1.31841284593687,"Financial_Serv"
"WU","2015-05-28",12.0464487075806,12.2001857563901,11.9421263907062,12.1507699771998,6684900,"WU",-0.0112663633842486,1.30355912772409,"Financial_Serv"
"WU","2015-05-29",12.0519409179688,12.1946964669881,11.99703437367,12.1837159959326,5118400,"WU",0.00045591945987596,1.30415344569751,"Financial_Serv"
"WU","2015-06-01",12.0519409179688,12.1068464150123,11.9476185885267,12.0848844256459,4303900,"WU",0,1.30415344569751,"Financial_Serv"
"WU","2015-06-02",12.1452779769897,12.1562584446531,12.0354649223175,12.0684084198172,3746800,"WU",0.00774456659357132,1.31425354890595,"Financial_Serv"
"WU","2015-06-03",12.205677986145,12.2660752896033,12.1343002116304,12.1672437193098,3546000,"WU",0.00497312694445581,1.32078949864186,"Financial_Serv"
"WU","2015-06-04",12.0189924240112,12.1946924703802,11.9970304418425,12.1068424471957,2653200,"WU",-0.0152949768415733,1.30058805384754,"Financial_Serv"
"WU","2015-06-05",11.9476175308228,12.04644909236,11.9091832673927,12.0189952990135,3612500,"WU",-0.00593850887582604,1.29286450014598,"Financial_Serv"
"WU","2015-06-08",11.8158407211304,11.9860500257445,11.7993684475529,11.9476157679853,3961700,"WU",-0.0110295470500643,1.27860479031226,"Financial_Serv"
"WU","2015-06-09",11.8432989120483,11.9256582233178,11.7719211215496,11.8432989120483,4435200,"WU",0.00232384572253628,1.28157607058504,"Financial_Serv"
"WU","2015-06-10",11.9695816040039,12.046451191514,11.8158445234944,11.8378065147435,3817800,"WU",0.0106627969870031,1.29524125604909,"Financial_Serv"
"WU","2015-06-11",12.0025215148926,12.0574269953859,11.9476149871444,11.9860492423916,3946500,"WU",0.00275196844621981,1.29880571911598,"Financial_Serv"
"WU","2015-06-12",11.8725690841675,11.9444576128855,11.8393903311542,11.9223377410542,4650800,"WU",-0.010827094170492,1.28474342728594,"Financial_Serv"
"WU","2015-06-15",11.7177362442017,11.7785637928806,11.6403177340218,11.7730348786919,5997400,"WU",-0.0130412245966457,1.26798879970164,"Financial_Serv"
"WU","2015-06-16",11.7730340957642,11.7896229466944,11.6679668026932,11.723265433506,3260100,"WU",0.0047191582409839,1.27397263949522,"Financial_Serv"
"WU","2015-06-17",11.6900806427002,11.8449165320759,11.6790217650352,11.8172677558135,3656400,"WU",-0.00704605562076906,1.264996157418,"Financial_Serv"
"WU","2015-06-18",11.767505645752,11.7730356150202,11.651378400586,11.7177369770714,6164900,"WU",0.00662313677879591,1.27337439999323,"Financial_Serv"
"WU","2015-06-19",11.778564453125,11.7896243915898,11.6734982019111,11.7509156616969,6186000,"WU",0.000939774979163837,1.27457108539346,"Financial_Serv"
"WU","2015-06-22",11.8725690841675,11.8725690841675,11.7785617383518,11.8670391162097,2658900,"WU",0.00798099220126438,1.28474342728594,"Financial_Serv"
"WU","2015-06-23",11.8504524230957,11.9389298170508,11.8449224541318,11.8725712442176,3448200,"WU",-0.00186283700814769,1.28235015968361,"Financial_Serv"
"WU","2015-06-24",11.6900806427002,11.8559764644741,11.6624318664378,11.8227966672794,3214300,"WU",-0.0135329669003147,1.264996157418,"Financial_Serv"
"WU","2015-06-25",11.5407752990723,11.6956101273395,11.5407752990723,11.673491318187,5734600,"WU",-0.012771968662266,1.24883966613757,"Financial_Serv"
"WU","2015-06-26",11.3970012664795,11.612664702002,11.3582925528968,11.5960748012951,6497100,"WU",-0.0124579180225726,1.23328172395349,"Financial_Serv"
"WU","2015-06-29",11.2587614059448,11.4467761643543,11.247701466101,11.3030001105862,6094200,"WU",-0.0121294941803029,1.21832264046013,"Financial_Serv"
"WU","2015-06-30",11.242169380188,11.3970053446568,11.2089906216353,11.358296617223,5592900,"WU",-0.00147369902945763,1.21652719956731,"Financial_Serv"
"WU","2015-07-01",11.2753467559814,11.3472352878855,11.2476979697005,11.3306453832768,4445400,"WU",0.00295115423647017,1.2201173589661,"Financial_Serv"
"WU","2015-07-02",10.5011711120605,10.8384918527119,10.4679923513398,10.506701081303,19018000,"WU",-0.0686609166596324,1.13634298266716,"Financial_Serv"
"WU","2015-07-06",10.4790525436401,10.5067013357882,10.3297465346797,10.4514026967583,9714400,"WU",-0.00210629540118693,1.13394950866859,"Financial_Serv"
"WU","2015-07-07",10.5619974136353,10.6725936101426,10.3684527513304,10.5564674455999,7552500,"WU",0.00791530242354376,1.14292506196273,"Financial_Serv"
"WU","2015-07-08",10.4237508773804,10.5177582200097,10.41822090961,10.440339725958,6724800,"WU",-0.0130890522730492,1.12796525608253,"Financial_Serv"
"WU","2015-07-09",10.4569272994995,10.6615318424841,10.4569272994995,10.6007032652959,4801600,"WU",0.00318277197041746,1.13155531228319,"Financial_Serv"
"WU","2015-07-10",10.523289680481,10.5841172251163,10.4735210182216,10.5343485628569,3980500,"WU",0.0063462601470531,1.13873645666572,"Financial_Serv"
"WU","2015-07-13",10.5564708709717,10.6062395447057,10.5011722274079,10.6062395447057,3517200,"WU",0.00315311955654595,1.14232702885698,"Financial_Serv"
"WU","2015-07-14",10.6007089614868,10.6338877238117,10.5454103211227,10.5564702601423,4818300,"WU",0.00419061361091643,1.14711408005223,"Financial_Serv"
"WU","2015-07-15",10.484580039978,10.6117672089616,10.4292824631624,10.5951773030767,4211600,"WU",-0.010954825939538,1.13454764497246,"Financial_Serv"
"WU","2015-07-16",10.6560049057007,10.7057735639626,10.4458703364316,10.4458703364316,6953100,"WU",0.0163501890461047,1.15309771344958,"Financial_Serv"
"WU","2015-07-17",10.6172971725464,10.7057745610898,10.606237235295,10.6560058981924,4493900,"WU",-0.00363248079339652,1.14890910815256,"Financial_Serv"
"WU","2015-07-20",10.6172971725464,10.6947146238385,10.5841173607924,10.6007072666694,3228400,"WU",0,1.14890910815256,"Financial_Serv"
"WU","2015-07-21",10.5619974136353,10.65600476077,10.5288186601564,10.6117660712203,3490100,"WU",-0.00520845917868098,1.14292506196273,"Financial_Serv"
"WU","2015-07-22",10.5675268173218,10.683652975663,10.5509369141015,10.5785856980684,3210300,"WU",0.000523518750287245,1.14352340466285,"Financial_Serv"
"WU","2015-07-23",10.4513998031616,10.5896458350943,10.4292809865138,10.5675270184465,3296400,"WU",-0.0109890437154895,1.13095717597932,"Financial_Serv"
"WU","2015-07-24",10.3131561279297,10.5177607660278,10.2910373062274,10.4569321605625,2833100,"WU",-0.0132272880030973,1.11599767969347,"Financial_Serv"
"WU","2015-07-27",10.1527891159058,10.2965651184205,10.136199212054,10.2799752145687,3416600,"WU",-0.0155497512143374,1.09864419341846,"Financial_Serv"
"WU","2015-07-28",10.3076229095459,10.3408027137406,10.0421908043885,10.2136155737943,11025900,"WU",0.0152503703044091,1.11539892420088,"Financial_Serv"
"WU","2015-07-29",10.5288219451904,10.5343508602173,10.2965684889073,10.3131573434557,5638700,"WU",0.0214597524167942,1.13933510896019,"Financial_Serv"
"WU","2015-07-30",10.5177612304688,10.6007086612991,10.3573952834275,10.4790524997302,7293000,"WU",-0.00105051778624979,1.13813821716373,"Financial_Serv"
"WU","2015-07-31",11.192400932312,11.3251170238334,10.9546175394776,11.1426322661498,15718300,"WU",0.0641428995258903,1.21114170247384,"Financial_Serv"
"WU","2015-08-03",11.1813402175903,11.2089900606118,11.0043854411878,11.2034600920075,7428900,"WU",-0.000988234319747057,1.20994481067738,"Financial_Serv"
"WU","2015-08-04",11.1536912918091,11.3251160974942,11.0762738417707,11.2476986474558,6274100,"WU",-0.00247277385744448,1.20695289078058,"Financial_Serv"
"WU","2015-08-05",11.242169380188,11.3748854691325,11.2200505593974,11.2642892557123,5635800,"WU",0.00793262840651523,1.21652719956731,"Financial_Serv"
"WU","2015-08-06",11.2642889022827,11.3638251748178,11.2200502073559,11.24769899616,9713100,"WU",0.00196754926444247,1.218920776764,"Financial_Serv"
"WU","2015-08-07",11.2808742523193,11.302994120284,11.1979268569185,11.2366355711233,6542200,"WU",0.00147238322636239,1.22071549526997,"Financial_Serv"
"WU","2015-08-10",11.363823890686,11.4025336672647,11.3251151688409,11.3417050730889,4537200,"WU",0.00735312144354812,1.22969156455471,"Financial_Serv"
"WU","2015-08-11",11.2808742523193,11.3527627684712,11.225575637141,11.2808742523193,4423800,"WU",-0.00729944771800679,1.22071549526997,"Financial_Serv"
"WU","2015-08-12",11.2919359207153,11.3361746087063,11.120511136592,11.1923986090523,5583600,"WU",0.000980568362750948,1.22191249026455,"Financial_Serv"
"WU","2015-08-13",11.2698173522949,11.3361759193201,11.247698533109,11.2864072577346,2604900,"WU",-0.0019587932995469,1.21951901626599,"Financial_Serv"
"WU","2015-08-14",11.2532272338867,11.3251147065599,11.1979286100509,11.231107362459,3293200,"WU",-0.00147208405332539,1.21772378176942,"Financial_Serv"
"WU","2015-08-17",11.2919359207153,11.3029958563965,11.1758087055306,11.2311073292027,2334000,"WU",0.00343978540769622,1.22191249026455,"Financial_Serv"
"WU","2015-08-18",11.2698173522949,11.3914745493854,11.2366385961492,11.3085271316542,3161200,"WU",-0.0019587932995469,1.21951901626599,"Financial_Serv"
"WU","2015-08-19",11.0320358276367,11.2089906127559,10.9767371936035,11.1924007061258,4910200,"WU",-0.0210989687964892,1.19378842259507,"Financial_Serv"
"WU","2015-08-20",10.7776651382446,10.9988586731124,10.7666051978177,10.932501140019,5913200,"WU",-0.0230574567891501,1.16626269762569,"Financial_Serv"
"WU","2015-08-21",10.36292552948,10.7168351396637,10.3518655904783,10.6725964383907,8735100,"WU",-0.0384813968002162,1.12138327998507,"Financial_Serv"
"WU","2015-08-24",9.83759021759033,10.1472610992372,9.35096349169717,9.77123164415627,20435400,"WU",-0.0506937264380795,1.06453618275727,"Financial_Serv"
"WU","2015-08-25",9.84864711761475,10.2025576801048,9.8375882365475,10.0809004957634,10439600,"WU",0.00112394395170512,1.06573266176125,"Financial_Serv"
"WU","2015-08-26",10.1196126937866,10.1251426635873,9.81547173788651,10.0864339297164,7366400,"WU",0.0275129744152617,1.0950541372178,"Financial_Serv"
"WU","2015-08-27",10.2799787521362,10.3573962206185,10.0366653522484,10.2357400480415,6572100,"WU",0.0158470549419419,1.11240752029469,"Financial_Serv"
"WU","2015-08-28",10.2633848190308,10.3242134088396,10.2080861969076,10.2302060676502,4285300,"WU",-0.00161419916378917,1.11061187300563,"Financial_Serv"
"WU","2015-08-31",10.1970319747925,10.3408080361036,10.1804420641564,10.2302107413307,4390500,"WU",-0.00646500598079956,1.10343176060431,"Financial_Serv"
"WU","2015-09-01",9.79887962341309,10.0366629976637,9.73252211020535,9.95924554734348,7169900,"WU",-0.0390459059424002,1.06034726786589,"Financial_Serv"
"WU","2015-09-02",9.98136329650879,9.98136329650879,9.79887857265532,9.91500579041673,4512800,"WU",0.0186229120173783,1.08009402174323,"Financial_Serv"
"WU","2015-09-03",10.2136144638062,10.2412642976302,10.0311297795007,10.0366597462655,6126000,"WU",0.0232684815087933,1.10522616951592,"Financial_Serv"
"WU","2015-09-04",10.0919599533081,10.1583185102345,10.0366613316584,10.06431116985,5616700,"WU",-0.011911014551132,1.09206180452852,"Financial_Serv"
"WU","2015-09-08",10.2910346984863,10.3020935791683,10.1085499830657,10.2357360761427,4094300,"WU",0.0197260736367634,1.11360389610055,"Financial_Serv"
"WU","2015-09-09",10.0809020996094,10.4292827496256,10.0532533104421,10.3408053586099,5100600,"WU",-0.0204189962461074,1.09086522232642,"Financial_Serv"
"WU","2015-09-10",10.18044090271,10.2467994829499,10.0200760037921,10.0643147057074,3883000,"WU",0.00987399759635033,1.10163642290961,"Financial_Serv"
"WU","2015-09-11",10.1251401901245,10.1749088514388,10.0421927728453,10.1749088514388,4692100,"WU",-0.00543205477188405,1.09565227352167,"Financial_Serv"
"WU","2015-09-14",10.1056222915649,10.2283170963218,10.0498515389523,10.2115855514164,4855000,"WU",-0.00192766699453771,1.09354022079651,"Financial_Serv"
"WU","2015-09-15",10.4067821502686,10.4458213560873,10.1223522830681,10.1335066457987,6091400,"WU",0.0298012185706751,1.12612905193229,"Financial_Serv"
"WU","2015-09-16",10.5629367828369,10.6131303359217,10.3677397501449,10.4067789439356,5134100,"WU",0.0150050832537443,1.14302671211099,"Financial_Serv"
"WU","2015-09-17",10.5294761657715,10.7023655840193,10.4681293027938,10.5573620705236,3864200,"WU",-0.00316773807827742,1.13940590287055,"Financial_Serv"
"WU","2015-09-18",10.3621635437012,10.4513962989573,10.3008156255607,10.3900483808168,8443900,"WU",-0.0158899283721446,1.12130082468714,"Financial_Serv"
"WU","2015-09-21",10.4681282043457,10.4960130424333,10.3788954459793,10.4402423025197,4168200,"WU",0.010226113513615,1.1327673742033,"Financial_Serv"
"WU","2015-09-22",10.3175487518311,10.3733194983724,10.2338931638882,10.323125932859,3372600,"WU",-0.0143845632738943,1.11647301023447,"Financial_Serv"
"WU","2015-09-23",10.2952404022217,10.3621655132535,10.2338935361592,10.3175491271451,2413600,"WU",-0.00216217535249503,1.11405899981001,"Financial_Serv"
"WU","2015-09-24",10.1781234741211,10.2394714080601,10.0498514883746,10.2171626816319,3415500,"WU",-0.0113758322802557,1.10138565147787,"Financial_Serv"
"WU","2015-09-25",10.1558103561401,10.3063910032011,10.0944635124672,10.2896605293531,4287500,"WU",-0.00219226245758272,1.09897112506281,"Financial_Serv"
"WU","2015-09-28",9.95504093170166,10.1502380212916,9.82676895364545,10.1279292962008,5550300,"WU",-0.0197689221635665,1.07724565043144,"Financial_Serv"
"WU","2015-09-29",10.0944652557373,10.1613892901631,9.91599974561739,9.9717694197261,7781500,"WU",0.0140053993742658,1.09233290598992,"Financial_Serv"
"WU","2015-09-30",10.2394676208496,10.323123186537,10.0442705917535,10.2115817231283,4902700,"WU",0.0143645415025715,1.10802376735264,"Financial_Serv"
"WU","2015-10-01",10.1558103561401,10.2896605293531,10.0498471426423,10.2561974541808,4298100,"WU",-0.0081700795204557,1.09897112506281,"Financial_Serv"
"WU","2015-10-02",10.3454303741455,10.3454303741455,9.90484384741248,9.90484384741248,4389700,"WU",0.0186710869301265,1.11949011047256,"Financial_Serv"
"WU","2015-10-05",10.4513959884644,10.5462059210747,10.3342783995719,10.4458188084592,6777400,"WU",0.0102427458778002,1.13095676318684,"Financial_Serv"
"WU","2015-10-06",10.3788957595825,10.5238992622439,10.3621642179814,10.4458197985103,5089900,"WU",-0.00693689426387226,1.1231114357036,"Financial_Serv"
"WU","2015-10-07",10.4848604202271,10.5740931933894,10.4012048283546,10.4513983962258,4969600,"WU",0.0102096276038515,1.13457798521976,"Financial_Serv"
"WU","2015-10-08",10.7079458236694,10.8194862833238,10.4290930789253,10.4737094755348,4671000,"WU",0.021276907321724,1.15871829586055,"Financial_Serv"
"WU","2015-10-09",10.6689004898071,10.9142910867367,10.6465928339435,10.70236356921,4741000,"WU",-0.00364638881306223,1.15449315842903,"Financial_Serv"
"WU","2015-10-12",10.6744804382324,10.7860219376947,10.6465955952361,10.6744804382324,2912500,"WU",0.000523010635503063,1.15509697062951,"Financial_Serv"
"WU","2015-10-13",10.5629367828369,10.7358250969409,10.5071660501052,10.6410151704184,3502800,"WU",-0.0104495629591484,1.14302671211099,"Financial_Serv"
"WU","2015-10-14",10.434663772583,10.7190935519911,10.401201758458,10.5685139565595,6140100,"WU",-0.0121436881514173,1.12914615217038,"Financial_Serv"
"WU","2015-10-15",10.5629367828369,10.6131303359217,10.4625496766674,10.5015888704582,4690700,"WU",0.0122929701473413,1.14302671211099,"Financial_Serv"
"WU","2015-10-16",10.641019821167,10.6465970032515,10.5406326711224,10.574094699891,2698800,"WU",0.00739217131896033,1.15147616138907,"Financial_Serv"
"WU","2015-10-19",10.641019821167,10.7469841532961,10.5629413994606,10.5908262461447,2845200,"WU",0,1.15147616138907,"Financial_Serv"
"WU","2015-10-20",10.6131343841553,10.7023671650674,10.5908256570579,10.6298648657396,4416900,"WU",-0.00262056057411427,1.1484586483585,"Financial_Serv"
"WU","2015-10-21",10.6354455947876,10.7358327727309,10.6019835567195,10.6465999620566,4076500,"WU",0.00210222633811491,1.15087296837731,"Financial_Serv"
"WU","2015-10-22",10.964485168457,10.9756395287935,10.7190945597474,10.7190945597474,4046800,"WU",0.0309380148426216,1.18647869335494,"Financial_Serv"
"WU","2015-10-23",11.0202531814575,11.0816010844002,10.8864040817319,11.0425608328761,3937300,"WU",0.00508624090813889,1.19251340982172,"Financial_Serv"
"WU","2015-10-26",10.953332901001,11.0369895557703,10.8752544912041,11.0146808308349,4850000,"WU",-0.00607248121750432,1.18527189453895,"Financial_Serv"
"WU","2015-10-27",10.7246713638306,10.8919835717947,10.2506217035396,10.8808292118495,13035900,"WU",-0.0208759780458707,1.16052818449017,"Financial_Serv"
"WU","2015-10-28",10.9254503250122,10.9366046897939,10.5629419795188,10.7246760138976,5873000,"WU",0.0187212227181876,1.18225469110275,"Financial_Serv"
"WU","2015-10-29",10.6019802093506,10.8975644662209,10.5740942999824,10.8975644662209,5693200,"WU",-0.0296070281808965,1.14725164314627,"Financial_Serv"
"WU","2015-10-30",10.7358283996582,10.7748676054588,10.5517856696422,10.7748676054588,5218500,"WU",0.0126248292926983,1.16173549929676,"Financial_Serv"
"WU","2015-11-02",10.819486618042,10.8362181661902,10.6744830586405,10.7302538220624,3496700,"WU",0.00779243252308806,1.17078824478471,"Financial_Serv"
"WU","2015-11-03",10.8362121582031,10.9254449047088,10.7525565913213,10.7748642460786,4309100,"WU",0.00154587188390641,1.17259813341433,"Financial_Serv"
"WU","2015-11-04",10.7469816207886,10.8752535872901,10.7135185361668,10.8362143856365,3490000,"WU",-0.00823447678135411,1.16294240131087,"Financial_Serv"
"WU","2015-11-05",10.9142961502075,11.0035289425364,10.7637154142505,10.7637154142505,6052700,"WU",0.0155685135903925,1.18104768589052,"Financial_Serv"
"WU","2015-11-06",11.0760250091553,11.0983326627964,10.8473659747079,10.9310215374041,4509100,"WU",0.0148180750019944,1.19854853908098,"Financial_Serv"
"WU","2015-11-09",10.8362121582031,11.0146776512146,10.7637098868308,11.0146776512146,3760800,"WU",-0.0216515266762149,1.17259813341433,"Financial_Serv"
"WU","2015-11-10",10.8250617980957,10.914294577567,10.7079441739416,10.8194846164114,3070200,"WU",-0.00102899056834919,1.17139154099458,"Financial_Serv"
"WU","2015-11-11",10.7525644302368,10.8808364638853,10.7302556954776,10.8417972417957,2888600,"WU",-0.00669717819732356,1.1635465231057,"Financial_Serv"
"WU","2015-11-12",10.4792814254761,10.6912089376151,10.4681270659587,10.6521697430425,4239100,"WU",-0.0254156119253055,1.13397427621741,"Financial_Serv"
"WU","2015-11-13",10.3454303741455,10.5015882031236,10.3175455414207,10.456971832521,3799200,"WU",-0.0127729226743699,1.11949011047256,"Financial_Serv"
"WU","2015-11-16",10.4458208084106,10.4458208084106,10.289663993323,10.3063944728032,3991800,"WU",0.00970384320753099,1.13035346697697,"Financial_Serv"
"WU","2015-11-17",10.6075563430786,10.769290346478,10.4402440946181,10.4458212759406,4643400,"WU",0.0154832767701457,1.14785504255426,"Financial_Serv"
"WU","2015-11-18",10.8752536773682,10.8808308581847,10.6633261250336,10.6689022421116,4095300,"WU",0.0252364753607198,1.17682285805336,"Financial_Serv"
"WU","2015-11-19",10.641019821167,10.8752561500248,10.546209853207,10.8473713033407,5353600,"WU",-0.0215382429826554,1.15147616138907,"Financial_Serv"
"WU","2015-11-20",10.6298637390137,10.7135193292843,10.5964017156531,10.7079432118396,3164200,"WU",-0.00104840347455502,1.1502689497806,"Financial_Serv"
"WU","2015-11-23",10.5629367828369,10.6633238890064,10.5629367828369,10.6577467093594,2703700,"WU",-0.00629612550263677,1.14302671211099,"Financial_Serv"
"WU","2015-11-24",10.4960107803345,10.5517815082284,10.395623682873,10.4960107803345,3911000,"WU",-0.00633592758135081,1.13578457763951,"Financial_Serv"
"WU","2015-11-25",10.4848604202271,10.5406311693882,10.4346668523559,10.5239006892568,1932300,"WU",-0.00106234266911324,1.13457798521976,"Financial_Serv"
"WU","2015-11-27",10.473708152771,10.5239017255849,10.3733210071432,10.4792853346102,1470400,"WU",-0.00106365435581194,1.13337118640377,"Financial_Serv"
"WU","2015-11-30",10.5183229446411,10.618710075007,10.4681293794581,10.4737065604494,4231100,"WU",0.00425969400897557,1.13819900085644,"Financial_Serv"
"WU","2015-12-01",10.7079458236694,10.7637155216272,10.5685194512974,10.5796727526457,5660900,"WU",0.0180278624288608,1.15871829586055,"Financial_Serv"
"WU","2015-12-02",10.5573606491089,10.7135174397424,10.52389863165,10.6856326024831,3907600,"WU",-0.0140629376577238,1.142423312703,"Financial_Serv"
"WU","2015-12-03",10.4123592376709,10.6187106913717,10.3733200322044,10.5740932408517,6033400,"WU",-0.0137346270774815,1.1267325545384,"Financial_Serv"
"WU","2015-12-04",10.5517835617065,10.5796683992111,10.3956257059614,10.4346649039631,5829700,"WU",0.0133902721614926,1.14181981009689,"Financial_Serv"
"WU","2015-12-07",10.6075563430786,10.6131335244012,10.3565885022571,10.5015920254275,5772700,"WU",0.00528562598407299,1.14785504255426,"Financial_Serv"
"WU","2015-12-08",10.5517835617065,10.6689011557116,10.4569736249574,10.5183215439534,4551900,"WU",-0.00525783503459417,1.14181981009689,"Financial_Serv"
"WU","2015-12-09",10.5239019393921,10.735829534893,10.4737083655584,10.4737083655584,4945400,"WU",-0.00264236109008512,1.1388027098588,"Financial_Serv"
"WU","2015-12-10",10.5406274795532,10.6688994131042,10.5127426466033,10.529473120878,3703500,"WU",0.00158929076472362,1.14061259848842,"Financial_Serv"
"WU","2015-12-11",10.1948528289795,10.451396745364,10.1669669269344,10.3956260050122,3603700,"WU",-0.0328039911518044,1.10319595289997,"Financial_Serv"
"WU","2015-12-14",10.1167764663696,10.3008192212971,10.0386980442,10.2450495275981,4191700,"WU",-0.00765840997605443,1.09474722600874,"Financial_Serv"
"WU","2015-12-15",10.1702127456665,10.2433388035942,10.1083361077158,10.2039631514096,5623500,"WU",0.00528194721653768,1.10052962307197,"Financial_Serv"
"WU","2015-12-16",10.4177160263062,10.4402159344185,10.2320872245298,10.2770881136602,3760800,"WU",0.0243360966804857,1.12731221837878,"Financial_Serv"
"WU","2015-12-17",10.198338508606,10.4852196566679,10.198338508606,10.4458440021527,3442800,"WU",-0.0210581203352287,1.10357314202879,"Financial_Serv"
"WU","2015-12-18",10.0127115249634,10.1758404931436,9.98458635874915,10.1589647496713,6063400,"WU",-0.0182016887835146,1.08348624714774,"Financial_Serv"
"WU","2015-12-21",10.130838394165,10.19271504006,10.0464618325213,10.0802122425975,2866700,"WU",0.0117976902567451,1.09626888228903,"Financial_Serv"
"WU","2015-12-22",10.271466255188,10.2939661707191,10.1364635432825,10.164588705923,2684000,"WU",0.0138811671405148,1.11148637387503,"Financial_Serv"
"WU","2015-12-23",10.4120941162109,10.4233446103237,10.322092309121,10.3333428032338,2534200,"WU",0.0136911184371481,1.12670386546103,"Financial_Serv"
"WU","2015-12-24",10.4064674377441,10.4964692324543,10.378342279237,10.4008421914615,1418100,"WU",-0.000540398348689195,1.12609499655267,"Financial_Serv"
"WU","2015-12-28",10.260214805603,10.406467998109,10.2433390658464,10.3727175915018,2183600,"WU",-0.0140540133350782,1.11026884245455,"Financial_Serv"
"WU","2015-12-29",10.367091178894,10.4233425655166,10.3052145463186,10.3052145463186,2079200,"WU",0.0104165824318465,1.12183404937349,"Financial_Serv"
"WU","2015-12-30",10.260214805603,10.3895922583523,10.2545895590175,10.3558418517451,2416300,"WU",-0.0103091958435362,1.11026884245455,"Financial_Serv"
"WU","2015-12-31",10.0745868682861,10.2320905681646,10.0745868682861,10.181464417236,2210000,"WU",-0.0180920127730196,1.09018184437538,"Financial_Serv"
"WU","2016-01-04",9.91146087646484,9.9227102998805,9.77645706641321,9.87770938749874,5887800,"WU",-0.0161918293974708,1.07252980593903,"Financial_Serv"
"WU","2016-01-05",9.87207984924316,9.99583310919351,9.81020429217391,9.93395647921833,3689300,"WU",-0.00397328181107908,1.06826834276926,"Financial_Serv"
"WU","2016-01-06",9.64707660675049,9.76520463594325,9.61895144751253,9.74270365022804,4842100,"WU",-0.0227918783000854,1.04392050070903,"Financial_Serv"
"WU","2016-01-07",9.59082412719727,9.65832600377811,9.4558214469415,9.4558214469415,5841000,"WU",-0.00583103896094909,1.03783335959726,"Financial_Serv"
"WU","2016-01-08",9.51207542419434,9.72020528354155,9.47832501315914,9.61332773020616,4534800,"WU",-0.00821083797998311,1.02931187803138,"Financial_Serv"
"WU","2016-01-11",9.48957443237305,9.60207614737621,9.37144639777771,9.56832574016587,3320600,"WU",-0.00236551865054149,1.02687702158668,"Financial_Serv"
"WU","2016-01-12",9.57957744598389,9.68645392782787,9.38832332607559,9.6020773626698,3809300,"WU",0.00948440989132248,1.03661634416738,"Financial_Serv"
"WU","2016-01-13",9.33206939697266,9.61895049911989,9.2870685028852,9.61332525324572,4489800,"WU",-0.0258370528770029,1.00983323286997,"Financial_Serv"
"WU","2016-01-14",9.63582897186279,9.68082988373436,9.29269742118201,9.39394974111962,5083700,"WU",0.0325500767266773,1.04270338208103,"Financial_Serv"
"WU","2016-01-15",9.36019515991211,9.46707269263445,9.19706731061529,9.37144565238941,5332800,"WU",-0.0286050959139635,1.01287675182679,"Financial_Serv"
"WU","2016-01-19",9.2476921081543,9.50644696004274,9.14643983640461,9.50082171462266,5758500,"WU",-0.0120193062041742,1.00070267599949,"Financial_Serv"
"WU","2016-01-20",9.2814474105835,9.37144923903543,9.0114419252277,9.09019325689653,6444800,"WU",0.00365013259896866,1.00435537345904,"Financial_Serv"
"WU","2016-01-21",9.51207542419434,9.64145289391779,9.23644474277672,9.30394663775334,6919900,"WU",0.0248482810286527,1.02931187803138,"Financial_Serv"
"WU","2016-01-22",9.79332733154297,9.79895257655667,9.6245742727551,9.70895080214903,6242100,"WU",0.02956788027913,1.0597464484109,"Financial_Serv"
"WU","2016-01-25",9.52895164489746,9.78770659734415,9.50082540686655,9.75958143221952,5482600,"WU",-0.0269954916950432,1.03113807196397,"Financial_Serv"
"WU","2016-01-26",9.73145294189453,9.76520441972002,9.52894943947176,9.55707459808697,2909400,"WU",0.021251162199517,1.05305095438138,"Financial_Serv"
"WU","2016-01-27",9.47832489013672,9.8102069675762,9.44457447953958,9.65832851052975,5151400,"WU",-0.0260113318400873,1.02565969656244,"Financial_Serv"
"WU","2016-01-28",9.63020038604736,9.66957603178767,9.43332108443996,9.57394900374441,4701300,"WU",0.0160234532653221,1.04209430677643,"Financial_Serv"
"WU","2016-01-29",10.0352067947388,10.0633319449176,9.65832398865173,9.66957447788555,7118200,"WU",0.0420558651384032,1.08592048440372,"Financial_Serv"
"WU","2016-02-01",9.92270469665527,9.97333082861011,9.85520390265268,9.9339551866243,5949200,"WU",-0.0112107403847899,1.07374651177455,"Financial_Serv"
"WU","2016-02-02",9.60770320892334,9.83833300208699,9.55707705209168,9.78208159750666,5565700,"WU",-0.0317455267854654,1.03965986312421,"Financial_Serv"
"WU","2016-02-03",9.72020721435547,9.77083337741772,9.5289530589884,9.69770622059161,4721700,"WU",0.0117097711061306,1.05183404214962,"Financial_Serv"
"WU","2016-02-04",9.87207984924316,9.9114565692584,9.63582489368133,9.73707717076582,3567100,"WU",0.0156244235887687,1.06826834276926,"Financial_Serv"
"WU","2016-02-05",9.87770748138428,10.0239606866289,9.75958051151719,9.87208223430877,6838500,"WU",0.000570055371011279,1.06887731487573,"Financial_Serv"
"WU","2016-02-08",9.79332733154297,9.84395346376049,9.48394636612995,9.77645159650187,9625200,"WU",-0.0085424831622452,1.0597464484109,"Financial_Serv"
"WU","2016-02-09",9.56270027160645,9.71457870988824,9.5008236324014,9.59082543147815,7041800,"WU",-0.0235494078905854,1.03479004703667,"Financial_Serv"
"WU","2016-02-10",9.56832790374756,9.83833336829586,9.12956821917681,9.13519346713486,8090200,"WU",0.000588498225529753,1.03539901914315,"Financial_Serv"
"WU","2016-02-11",9.49519729614258,9.57957491188637,9.27019282427303,9.33206945637689,8706500,"WU",-0.00764298719072304,1.02748547770255,"Financial_Serv"
"WU","2016-02-12",9.87770748138428,9.97895978293102,9.59645156504607,9.61332730627258,5008500,"WU",0.0402845958132006,1.06887731487573,"Financial_Serv"
"WU","2016-02-16",10.3502140045166,10.4008401381599,10.0127068045301,10.0127068045301,8626500,"WU",0.0478356464820222,1.12000775224278,"Financial_Serv"
"WU","2016-02-17",10.400839805603,10.5695939366534,10.2602118995139,10.4177155405798,6157000,"WU",0.00489128061162154,1.12548602444619,"Financial_Serv"
"WU","2016-02-18",10.2433395385742,10.3952179846749,10.2152143772546,10.3895927378297,5808700,"WU",-0.0151430336369532,1.10844275172008,"Financial_Serv"
"WU","2016-02-19",10.2320909500122,10.2883423501327,10.170214302589,10.1983394661962,6143800,"WU",-0.00109813684488852,1.10722552989397,"Financial_Serv"
"WU","2016-02-22",10.3277168273926,10.3389662478054,10.2377150266537,10.2602149403854,6544600,"WU",0.00934568289585591,1.11757330859056,"Financial_Serv"
"WU","2016-02-23",10.0970907211304,10.338969977301,10.0914654724418,10.1983419788056,5589300,"WU",-0.022330792963892,1.09261701041445,"Financial_Serv"
"WU","2016-02-24",10.198338508606,10.2489646566702,9.85520703861137,10.0014602360296,4516900,"WU",0.0100274217863273,1.10357314202879,"Financial_Serv"
"WU","2016-02-25",10.3220911026001,10.3333415953978,10.1364622630615,10.2433387259219,3823600,"WU",0.012134583872629,1.11696454288032,"Financial_Serv"
"WU","2016-02-26",10.3839673995972,10.4458440414431,10.3445917449338,10.3952178931885,4449200,"WU",0.00599455055976825,1.12366024330608,"Financial_Serv"
"WU","2016-02-29",10.271466255188,10.4627203652806,10.2658410080787,10.344592321797,4403000,"WU",-0.0108341195691296,1.11148637387503,"Financial_Serv"
"WU","2016-03-01",10.473970413208,10.5077208215197,10.2939657320978,10.3727181153667,4289100,"WU",0.0197152142633713,1.13339956588679,"Financial_Serv"
"WU","2016-03-02",10.3839673995972,10.4570945350344,10.282716175994,10.417718880371,4467300,"WU",-0.00859301774400119,1.12366024330608,"Financial_Serv"
"WU","2016-03-03",10.7383518218994,10.7721022341187,10.4683463783329,10.5020967905521,5842300,"WU",0.0341280368730736,1.16200856152244,"Financial_Serv"
"WU","2016-03-04",10.8283529281616,10.9464798996557,10.7158501309143,10.7214753780673,6084400,"WU",0.00838127747674107,1.17174767770691,"Financial_Serv"
"WU","2016-03-07",10.9802284240723,11.0308545619023,10.7439734718342,10.7439734718342,4958000,"WU",0.0140257245878694,1.1881822879209,"Financial_Serv"
"WU","2016-03-08",10.7496004104614,10.940854500628,10.7327246708916,10.9239787610582,6521000,"WU",-0.021003935865781,1.16322578334855,"Financial_Serv"
"WU","2016-03-09",10.8114757537842,10.9071027968984,10.7214739570774,10.7270992034848,5324400,"WU",0.00575605984967937,1.1699213805762,"Financial_Serv"
"WU","2016-03-10",10.5527219772339,10.9183544493006,10.4570949239636,10.83397789004,7924000,"WU",-0.0239332522629693,1.14192135704703,"Financial_Serv"
"WU","2016-03-11",10.7496004104614,10.7664750771251,10.6202218862386,10.6483481188549,3564600,"WU",0.0186566493130662,1.16322578334855,"Financial_Serv"
"WU","2016-03-14",10.7439756393433,10.7777260470702,10.665223257439,10.7270998990268,2772600,"WU",-0.000523253972556048,1.16261712083644,"Financial_Serv"
"WU","2016-03-15",10.4830322265625,10.6815747248927,10.4489967097535,10.6702291919665,4219500,"WU",-0.0242874166454004,1.13438015442361,"Financial_Serv"
"WU","2016-03-16",10.5794677734375,10.6191760592654,10.4433246154691,10.4603429159537,3806200,"WU",0.00919920351199972,1.14481554832412,"Financial_Serv"
"WU","2016-03-17",10.7780113220215,10.8290651464202,10.5794687918008,10.5908143265494,4267200,"WU",0.0187668749350964,1.16630015854327,"Financial_Serv"
"WU","2016-03-18",10.8517532348633,10.9254981158536,10.7326283867599,10.7950277349871,8724500,"WU",0.00684188489309975,1.17427984997883,"Financial_Serv"
"WU","2016-03-21",10.8347396850586,10.9538645734837,10.7326320195686,10.8177213801536,3295900,"WU",-0.00156781576547726,1.17243879551695,"Financial_Serv"
"WU","2016-03-22",10.7212839126587,10.8404098544946,10.6985939268616,10.7439749804254,5615700,"WU",-0.0104714811520909,1.16016162476772,"Financial_Serv"
"WU","2016-03-23",10.6645593643188,10.7609942568268,10.6135055340517,10.7212859626123,3740600,"WU",-0.00529083538892844,1.15402340058652,"Financial_Serv"
"WU","2016-03-24",10.6532144546509,10.6929227471672,10.556779566267,10.5964878587833,4246200,"WU",-0.00106379544436934,1.15279575575028,"Financial_Serv"
"WU","2016-03-28",10.6929206848145,10.8120455393878,10.6759023847456,10.7156106696033,3128600,"WU",0.0037271595660256,1.157092409479,"Financial_Serv"
"WU","2016-03-29",10.8574266433716,10.8857904769567,10.6532124514068,10.6532124514068,3212100,"WU",0.0153845673606045,1.17489377559507,"Financial_Serv"
"WU","2016-03-30",10.9652099609375,11.0049182565391,10.8574295286118,10.8971378242134,4451500,"WU",0.00992715135051999,1.18655712392619,"Financial_Serv"
"WU","2016-03-31",10.9425201416016,11.0729905669012,10.9311746049747,10.9652101328855,4740400,"WU",-0.00206925534638806,1.18410183425371,"Financial_Serv"
"WU","2016-04-01",11.0559682846069,11.0616410508796,10.8404085760923,10.8630985592135,3473800,"WU",0.0103676430600352,1.19637817941798,"Financial_Serv"
"WU","2016-04-04",10.9992456436157,11.1070260774632,10.9652101157581,11.0616450129963,2908900,"WU",-0.00513049961170611,1.19024016163303,"Financial_Serv"
"WU","2016-04-05",10.9425201416016,11.0559722619609,10.8517569305562,10.8631024671831,5398700,"WU",-0.00515721749037265,1.18410183425371,"Financial_Serv"
"WU","2016-04-06",11.1750993728638,11.180771059786,10.9368484892382,10.9765567895141,4751400,"WU",0.0212546313145891,1.2092694821797,"Financial_Serv"
"WU","2016-04-07",11.0276069641113,11.1240418393035,10.8744455008114,11.0673152511958,5389400,"WU",-0.0131983084741594,1.19330917052551,"Financial_Serv"
"WU","2016-04-08",11.1183710098267,11.1977875978351,11.0559716438372,11.1126982418304,4128100,"WU",0.00823062029783235,1.20313084520602,"Financial_Serv"
"WU","2016-04-11",11.1864414215088,11.2998946110007,11.1467331297775,11.1807686538372,4908000,"WU",0.00612233677235332,1.21049681742158,"Financial_Serv"
"WU","2016-04-12",11.2828741073608,11.288546873926,11.152403722271,11.2148030725182,5503200,"WU",0.00862049710166401,1.22093190172774,"Financial_Serv"
"WU","2016-04-13",11.3793115615845,11.413348168712,11.2488411468383,11.311240511269,5103300,"WU",0.00854724189120553,1.23136750202449,"Financial_Serv"
"WU","2016-04-14",11.3169107437134,11.3963273119457,11.2488386266788,11.3849817787784,4948200,"WU",-0.00548370765079966,1.22461504263269,"Financial_Serv"
"WU","2016-04-15",11.3396034240723,11.3622944958018,11.2601868369586,11.294222362583,5244200,"WU",0.00200520096630546,1.22707064189953,"Financial_Serv"
"WU","2016-04-18",11.4076700210571,11.4190144694465,11.2658541374815,11.3395979208743,2487100,"WU",0.00600255533102403,1.23443620132261,"Financial_Serv"
"WU","2016-04-19",11.4133472442627,11.4870910564597,11.3622934196764,11.4076744768676,3929400,"WU",0.000497667200671738,1.23505053973133,"Financial_Serv"
"WU","2016-04-20",11.4473838806152,11.5154549320412,11.3793117472195,11.3793117472195,4058800,"WU",0.0029821782886391,1.23873368063629,"Financial_Serv"
"WU","2016-04-21",11.3849868774414,11.5551667052566,11.3622968829148,11.4530590249615,3636400,"WU",-0.00545076532984012,1.23198163403697,"Financial_Serv"
"WU","2016-04-22",11.3849868774414,11.4870945577365,11.3509513446664,11.3622968829148,5994800,"WU",0,1.23198163403697,"Financial_Serv"
"WU","2016-04-25",11.328254699707,11.3452729987141,11.226148151573,11.3169102490052,4236300,"WU",-0.00498306922485664,1.22584258427081,"Financial_Serv"
"WU","2016-04-26",11.4644002914429,11.4757458265345,11.3566209539817,11.384983709741,2729600,"WU",0.0120182318763861,1.24057504469253,"Financial_Serv"
"WU","2016-04-27",11.6402530670166,11.6686158233304,11.4417105269106,11.4870915861946,3478100,"WU",0.015339029613698,1.25960426204108,"Financial_Serv"
"WU","2016-04-28",11.4133472442627,11.6005442404225,11.379310639892,11.577853170842,3411800,"WU",-0.019493203579642,1.23505053973133,"Financial_Serv"
"WU","2016-04-29",11.3452777862549,11.3849860853916,11.2374973443339,11.379313316662,3567000,"WU",-0.00596402234603262,1.22768467071389,"Financial_Serv"
"WU","2016-05-02",11.4019966125488,11.4473776494538,11.3339245162068,11.4076693774081,5390800,"WU",0.00499933341100398,1.23382227570637,"Financial_Serv"
"WU","2016-05-03",11.2488384246826,11.3679643568616,11.1750946243582,11.3282549914889,6179000,"WU",-0.013432576159306,1.2172488640209,"Financial_Serv"
"WU","2016-05-04",10.7836856842041,11.3282584490349,10.6985963249455,11.1921152578272,8935200,"WU",-0.0413511798211858,1.16691418735763,"Financial_Serv"
"WU","2016-05-05",10.6872453689575,10.9254961032452,10.6702270729479,10.8233884911263,6805100,"WU",-0.00894316823308819,1.15647827746652,"Financial_Serv"
"WU","2016-05-06",10.7780113220215,10.8063740769231,10.6248498488253,10.675903673224,4357400,"WU",0.00849292309949262,1.16630015854328,"Financial_Serv"
"WU","2016-05-09",10.8063774108887,10.8744495584117,10.7383063453357,10.7666691089877,3333400,"WU",0.00263184812296776,1.16936968342635,"Financial_Serv"
"WU","2016-05-10",10.9822301864624,10.9935746429257,10.8517586584186,10.8517586584186,3445600,"WU",0.0162730551495026,1.18839890077491,"Financial_Serv"
"WU","2016-05-11",10.8630990982056,10.9935694830424,10.8404091139585,10.9595339656871,3168800,"WU",-0.0108476225897802,1.17550759801319,"Financial_Serv"
"WU","2016-05-12",10.9198303222656,10.9652113920144,10.8063771069086,10.9198303222656,4291100,"WU",0.00522237931801891,1.18164654458123,"Financial_Serv"
"WU","2016-05-13",10.8801193237305,10.999244196545,10.8233927301175,10.9084820795521,4162800,"WU",-0.00363659483372971,1.17734937486191,"Financial_Serv"
"WU","2016-05-16",10.9028091430664,11.0049167935938,10.8347380973613,10.8801191551546,3711300,"WU",0.00208543846448899,1.17980466453439,"Financial_Serv"
"WU","2016-05-17",10.8063774108887,10.9368489368104,10.7723418781122,10.8631040201629,3000800,"WU",-0.00884466846226137,1.16936968342635,"Financial_Serv"
"WU","2016-05-18",10.823392868042,10.9084822185609,10.7156124470008,10.7950301118589,2878100,"WU",0.00157457550355175,1.17121094428447,"Financial_Serv"
"WU","2016-05-19",10.7156114578247,10.8120463347027,10.6361948822674,10.7439752933592,2585400,"WU",-0.00995819070150628,1.1595478023496,"Financial_Serv"
"WU","2016-05-20",10.9198303222656,10.9708841609793,10.7723415750895,10.7836871130192,3681800,"WU",0.0190580691773584,1.18164654458123,"Financial_Serv"
"WU","2016-05-23",10.7723369598389,10.9481883945282,10.7666641933044,10.9141528772911,3603000,"WU",-0.0135069280450281,1.16568612972891,"Financial_Serv"
"WU","2016-05-24",10.925500869751,10.9538636268382,10.8517559701724,10.8687742736067,2475600,"WU",0.0142182620617171,1.18226016060311,"Financial_Serv"
"WU","2016-05-25",11.004919052124,11.1694260966176,10.9652107536518,11.1694260966176,2079500,"WU",0.00726906558516956,1.19085408724927,"Financial_Serv"
"WU","2016-05-26",10.9311723709106,11.0389517009291,10.9254996037566,11.0105889471284,2491900,"WU",-0.00670124703908161,1.18287387982311,"Financial_Serv"
"WU","2016-05-27",11.0446262359619,11.0559717720861,10.9311741206295,10.9311741206295,2391300,"WU",0.0103789292860467,1.1951508441761,"Financial_Serv"
"WU","2016-05-31",11.0332803726196,11.0673158946753,10.8914644350897,11.0559703600002,6046000,"WU",-0.00102727454056728,1.19392309614175,"Financial_Serv"
"WU","2016-06-01",11.038950920105,11.0559692203635,10.9198260642045,10.9652071162575,2924300,"WU",0.000513949368985826,1.19453671216363,"Financial_Serv"
"WU","2016-06-02",11.0502977371216,11.0729888067685,10.9765539247086,11.016262214621,3449700,"WU",0.00102788907195301,1.1957645633961,"Financial_Serv"
"WU","2016-06-03",11.021936416626,11.0389536391063,10.9311742901644,10.9481915126448,2491400,"WU",-0.00256656618403416,1.19269555450363,"Financial_Serv"
"WU","2016-06-06",11.1183710098267,11.141060999842,11.0105905818367,11.0502988758409,1732500,"WU",0.00874933310767583,1.20313084520602,"Financial_Serv"
"WU","2016-06-07",11.129714012146,11.152403996996,11.0786601937715,11.1240412454411,2538700,"WU",0.00102020361699666,1.20435828364602,"Financial_Serv"
"WU","2016-06-08",11.2148056030273,11.2261511387177,11.1126979457542,11.1297162492896,3004400,"WU",0.00764544271204868,1.21356613590842,"Financial_Serv"
"WU","2016-06-09",11.1410598754883,11.1807681654852,11.1013515854914,11.1807681654852,2438800,"WU",-0.00657574728884783,1.20558603168038,"Financial_Serv"
"WU","2016-06-10",10.9822301864624,11.0843378684228,10.9425218839156,11.0389557146892,2135300,"WU",-0.0142562458869218,1.18839890077491,"Financial_Serv"
"WU","2016-06-13",10.8120470046997,10.9708812476266,10.7950297842942,10.9255001899289,1933900,"WU",-0.0154962315370586,1.16998319625011,"Financial_Serv"
"WU","2016-06-14",10.8234872817993,10.8520901414316,10.6976331718366,10.7662804714057,2941300,"WU",0.0010581046396336,1.17122116089836,"Financial_Serv"
"WU","2016-06-15",10.7891674041748,10.9093007659869,10.7891674041748,10.8234910659597,2092900,"WU",-0.00317087060121775,1.16750737015174,"Financial_Serv"
"WU","2016-06-16",10.7548398971558,10.7891646412803,10.6747510097903,10.7262370348479,4321600,"WU",-0.00318166413895479,1.16379275382017,"Financial_Serv"
"WU","2016-06-17",10.8806943893433,10.9035764594481,10.7376779050179,10.7605599751228,6896100,"WU",0.0117021260558963,1.17741160332831,"Financial_Serv"
"WU","2016-06-20",10.8692541122437,11.0809190145263,10.8349304574054,11.0465942685588,5283700,"WU",-0.0010514289520726,1.17617363868006,"Financial_Serv"
"WU","2016-06-21",10.8349304199219,10.9035777293609,10.8120472560227,10.8864164475658,2229600,"WU",-0.00315787007713008,1.17245943514096,"Financial_Serv"
"WU","2016-06-22",10.9207420349121,10.9951101484867,10.874976790144,10.874976790144,2015400,"WU",0.00791990457386372,1.18174520198401,"Financial_Serv"
"WU","2016-06-23",11.0866413116455,11.0866413116455,10.9779495306731,11.0465968564315,2060600,"WU",0.0151912091873465,1.19969734055349,"Financial_Serv"
"WU","2016-06-24",10.646146774292,10.8921352864764,10.6404259843425,10.6575872630619,5849800,"WU",-0.0397320094491391,1.15203095448251,"Financial_Serv"
"WU","2016-06-27",10.3601160049438,10.5431769573565,10.3372328403276,10.5374561662025,3935300,"WU",-0.0268670698809867,1.12107925832337,"Financial_Serv"
"WU","2016-06-28",10.6976356506348,10.7033553509832,10.4344846982997,10.463088655689,4283500,"WU",0.0325787515824971,1.15760262098458,"Financial_Serv"
"WU","2016-06-29",10.7662811279297,10.7891642899342,10.6804714526711,10.7147951045487,3739200,"WU",0.00641688308863358,1.16503082166653,"Financial_Serv"
"WU","2016-06-30",10.9722270965576,10.9722270965576,10.7205177271378,10.7777245507963,3508800,"WU",0.01912879351568,1.18731645569359,"Financial_Serv"
"WU","2016-07-01",11.0752010345459,11.1381275691993,10.9836705376595,10.9951110314231,3090500,"WU",0.00938496233099184,1.19845937590524,"Financial_Serv"
"WU","2016-07-05",10.9436197280884,11.029430482394,10.88641401339,11.029430482394,2489500,"WU",-0.0118807149456781,1.18422082168614,"Financial_Serv"
"WU","2016-07-06",10.9722270965576,10.9779478880364,10.8520926577618,10.8692550321982,2025100,"WU",0.00261406821326342,1.18731645569359,"Financial_Serv"
"WU","2016-07-07",10.8692541122437,10.9893874497422,10.760561265605,10.760561265605,2950300,"WU",-0.00938487541387757,1.17617363868006,"Financial_Serv"
"WU","2016-07-08",11.195333480835,11.2010542728106,10.9550656735069,10.9665072574581,3248900,"WU",0.0300001605652036,1.21145903669302,"Financial_Serv"
"WU","2016-07-11",11.2124948501587,11.2697016736495,11.1724504010539,11.2468185078014,3184400,"WU",0.00153290380792217,1.21331608686351,"Financial_Serv"
"WU","2016-07-12",11.4298763275146,11.4642010668495,11.263977785246,11.2754182738952,2910000,"WU",0.019387431634172,1.23683916954822,"Financial_Serv"
"WU","2016-07-13",11.3783922195435,11.4527614094563,11.3326269838776,11.4355990369081,2562200,"WU",-0.00450434514739726,1.23126801903675,"Financial_Serv"
"WU","2016-07-14",11.4642019271851,11.5099671586035,11.4241563949559,11.4813632070112,1925700,"WU",0.00754146156907962,1.24055357948356,"Financial_Serv"
"WU","2016-07-15",11.5156860351562,11.5328484048856,11.4355971586775,11.4870831767364,2529600,"WU",0.00449085843900805,1.24612472999502,"Financial_Serv"
"WU","2016-07-18",11.5156860351562,11.5557315645248,11.4928039666462,11.5156860351562,2116800,"WU",0,1.24612472999502,"Financial_Serv"
"WU","2016-07-19",11.4985227584839,11.5328464008492,11.4355951715401,11.4527575382872,1832700,"WU",-0.00149042589559714,1.24426747342829,"Financial_Serv"
"WU","2016-07-20",11.5442934036255,11.5843378537243,11.4699242039024,11.4985281619226,2322700,"WU",0.00398056742617924,1.24922036400248,"Financial_Serv"
"WU","2016-07-21",11.5385694503784,11.6072178396873,11.487083431179,11.5271278703054,2587800,"WU",-0.000495825343911712,1.24860096888587,"Financial_Serv"
"WU","2016-07-22",11.5900564193726,11.5957772098779,11.4756427915247,11.5156872339327,1959000,"WU",0.00446216224771712,1.2541724289917,"Financial_Serv"
"WU","2016-07-25",11.5614538192749,11.6129398487162,11.5214093721826,11.5786161927985,2673800,"WU",-0.00246785684751694,1.25107731097484,"Financial_Serv"
"WU","2016-07-26",11.6758651733398,11.6758651733398,11.4756418859704,11.5728931346282,3670800,"WU",0.0098959314160126,1.26345788624038,"Financial_Serv"
"WU","2016-07-27",11.6644258499146,11.7159118792312,11.6186606117585,11.6644258499146,2816900,"WU",-0.000979740966126691,1.26222002479026,"Financial_Serv"
"WU","2016-07-28",11.5557346343994,11.6644263981729,11.5385722601107,11.6472651150136,2191700,"WU",-0.00931817964412993,1.25045843184884,"Financial_Serv"
"WU","2016-07-29",11.4413213729858,11.5271310650573,11.2983048558235,11.5271310650573,4512500,"WU",-0.0099009941845658,1.23807765018707,"Financial_Serv"
"WU","2016-08-01",11.4184408187866,11.5156921163511,11.355514278807,11.4413239905099,3795100,"WU",-0.00199981745580909,1.23560172089057,"Financial_Serv"
"WU","2016-08-02",11.2296543121338,11.3955539642379,11.1781693795845,11.3841123831695,3454600,"WU",-0.0165334750732538,1.21517293063776,"Financial_Serv"
"WU","2016-08-03",11.3955564498901,11.4012772416722,11.2010538938185,11.2010538938185,4709600,"WU",0.0147735747820027,1.2331253788016,"Financial_Serv"
"WU","2016-08-04",11.8360462188721,12.253654150174,11.509968763167,11.5156884631536,11395200,"WU",0.0386545203754557,1.28079124888198,"Financial_Serv"
"WU","2016-08-05",12.0133857727051,12.0534302173667,11.8646484845837,11.8760900662382,3134600,"WU",0.0149830061959582,1.29998135209971,"Financial_Serv"
"WU","2016-08-08",11.9275732040405,12.0934717333386,11.9104108357149,12.0191036528524,3618500,"WU",-0.00714307941891957,1.29069548205855,"Financial_Serv"
"WU","2016-08-09",11.9847822189331,12.0076642897941,11.9161338240917,11.9504574759478,2463600,"WU",0.00479636669705773,1.29688613088473,"Financial_Serv"
"WU","2016-08-10",11.979061126709,12.0133847777005,11.9218543143036,12.0019431969936,1951400,"WU",-0.000477363052545346,1.29626704536249,"Financial_Serv"
"WU","2016-08-11",12.0591526031494,12.0934762615235,11.9962249868558,12.0133873616075,2712300,"WU",0.00668595606894889,1.30493382988141,"Financial_Serv"
"WU","2016-08-12",11.99622631073,12.0419915573224,11.9733442329985,12.019109479591,1661100,"WU",-0.00521813551003572,1.29812450832546,"Financial_Serv"
"WU","2016-08-15",12.0191049575806,12.0705909770174,11.9847813083324,12.0019425873919,1725100,"WU",0.00190715365465573,1.30060023122571,"Financial_Serv"
"WU","2016-08-16",11.9161357879639,12.0133870601915,11.8989734136427,11.9790634026787,1827900,"WU",-0.008567124588737,1.28945782700466,"Financial_Serv"
"WU","2016-08-17",12.0305471420288,12.0419876316001,11.8760890759595,11.9161335172821,2920100,"WU",0.00960138052308072,1.3018384022702,"Financial_Serv"
"WU","2016-08-18",12.0591526031494,12.0991970531074,11.9847844948174,12.0305497363593,2526800,"WU",0.00237773567427138,1.30493382988141,"Financial_Serv"
"WU","2016-08-19",12.12779712677,12.1335168253926,11.9962211447396,12.0133835139946,3075700,"WU",0.00569231735260386,1.31236192736524,"Financial_Serv"
"WU","2016-08-22",12.247932434082,12.2593740154499,12.0648714967132,12.0991951496875,3507100,"WU",0.00990578140912613,1.32536189774738,"Financial_Serv"
"WU","2016-08-23",12.2250490188599,12.2936963172637,12.196445068584,12.2936963172637,4177700,"WU",-0.00186834923733665,1.32288565885653,"Financial_Serv"
"WU","2016-08-24",12.2650947570801,12.3680668067205,12.2021671509377,12.2307700131138,6521600,"WU",0.00327571187309232,1.32721905111599,"Financial_Serv"
"WU","2016-08-25",12.2879791259766,12.2994207094378,12.1907278488149,12.219331807468,3017000,"WU",0.00186581264553821,1.32969539320496,"Financial_Serv"
"WU","2016-08-26",12.362343788147,12.4710355177311,12.2822538244551,12.3222993518656,3819000,"WU",0.00605182198049186,1.33774247301292,"Financial_Serv"
"WU","2016-08-29",12.2765350341797,12.3680665920385,12.2650945441854,12.3509042203532,2600700,"WU",-0.0069411395960011,1.32845701576424,"Financial_Serv"
"WU","2016-08-30",12.3337421417236,12.3566253045144,12.2765353258761,12.2936976979691,2273700,"WU",0.00465987409188931,1.33464745819419,"Financial_Serv"
"WU","2016-08-31",12.3108587265015,12.3223003066481,12.2364895466772,12.2994171463548,2482800,"WU",-0.00185535054642954,1.33217121930334,"Financial_Serv"
"WU","2016-09-01",12.2536506652832,12.3394603253602,12.1964438615222,12.3108574690442,2894600,"WU",-0.00464695944362602,1.32598067367527,"Financial_Serv"
"WU","2016-09-02",12.362343788147,12.4481534503399,12.2936954037152,12.2994161933453,2256800,"WU",0.008870264530367,1.33774247301292,"Financial_Serv"
"WU","2016-09-06",12.4481534957886,12.4595950750905,12.3394606746786,12.3852259007572,3781100,"WU",0.00694121673948883,1.34702803345972,"Financial_Serv"
"WU","2016-09-07",12.4538764953613,12.4710377762304,12.3737865171652,12.4481557046952,2677000,"WU",0.000459746867251444,1.34764732537821,"Financial_Serv"
"WU","2016-09-08",12.1907234191895,12.3680646250116,12.1449581931032,12.3280190974482,3671700,"WU",-0.0211302140558316,1.3191712489212,"Financial_Serv"
"WU","2016-09-09",11.8703680038452,12.1220773176357,11.8703680038452,12.1163565274212,3737900,"WU",-0.0262786222218745,1.28450524602484,"Financial_Serv"
"WU","2016-09-12",11.99622631073,12.0248302718062,11.7273556233906,11.7502387922516,3930900,"WU",0.0106027299948911,1.29812450832546,"Financial_Serv"
"WU","2016-09-13",11.7673978805542,11.939018341578,11.71591185136,11.9161351769897,3508400,"WU",-0.019075034452385,1.27336273860567,"Financial_Serv"
"WU","2016-09-14",11.7039775848389,11.8250537914125,11.6693848542534,11.7962255995221,2794200,"WU",-0.00538949191308769,1.26649996042352,"Financial_Serv"
"WU","2016-09-15",11.7155065536499,11.8135201874026,11.675148192637,11.6866794671215,3766700,"WU",0.000985047068611066,1.26774752249694,"Financial_Serv"
"WU","2016-09-16",11.7212705612183,11.7558632801793,11.6463194868555,11.7443331069808,6295600,"WU",0.000491998151506614,1.26837125193458,"Financial_Serv"
"WU","2016-09-19",11.5310115814209,11.7155075907744,11.4733563035772,11.686680501694,3860800,"WU",-0.0162319416486184,1.24778312378439,"Financial_Serv"
"WU","2016-09-20",11.4329957962036,11.5310094202632,11.4099343491981,11.513712510247,5134000,"WU",-0.00850018964296342,1.23717673059894,"Financial_Serv"
"WU","2016-09-21",11.6405563354492,11.6578521487807,11.4618248666821,11.4733561420251,3202700,"WU",0.0181545189856999,1.25963707904326,"Financial_Serv"
"WU","2016-09-22",11.7155065536499,11.7558649146628,11.634789831624,11.698210741606,2787900,"WU",0.00643871444292024,1.26774752249694,"Financial_Serv"
"WU","2016-09-23",11.7039775848389,11.8019912379001,11.6578535774973,11.6751504926315,3147500,"WU",-0.00098407770575173,1.26649996042352,"Financial_Serv"
"WU","2016-09-26",11.6866817474365,11.8019912157324,11.6347921018143,11.6405577401816,3256500,"WU",-0.00147777431022668,1.26462835931811,"Financial_Serv"
"WU","2016-09-27",11.6809129714966,11.7789265980466,11.646320250268,11.6866786083151,3758200,"WU",-0.000493619665925,1.26400411388986,"Financial_Serv"
"WU","2016-09-28",11.8192863464355,11.8365832589259,11.6117277952825,11.7328039833494,3747900,"WU",0.0118461095700841,1.27897764512004,"Financial_Serv"
"WU","2016-09-29",11.8135223388672,11.871177622107,11.7039774106798,11.7616326939196,5407600,"WU",-0.000487678138883375,1.27835391568239,"Financial_Serv"
"WU","2016-09-30",12.0037851333618,12.0556747831923,11.830820367049,11.8596474615401,6330800,"WU",0.0161055093508101,1.29894245662506,"Financial_Serv"
"WU","2016-10-03",11.8827047348022,11.9749527157876,11.8538765534427,11.9576558069718,4410500,"WU",-0.0100868515401075,1.28584021690594,"Financial_Serv"
"WU","2016-10-04",11.7212705612183,11.9461248839893,11.6866778422572,11.8827050825078,3239400,"WU",-0.0135856420896476,1.26837125193458,"Financial_Serv"
"WU","2016-10-05",11.7039775848389,11.7962255995221,11.6809161310096,11.7616328689366,2985500,"WU",-0.00147534998779153,1.26649996042352,"Financial_Serv"
"WU","2016-10-06",11.7616319656372,11.8077559694365,11.6463225059806,11.6982121477151,1682000,"WU",0.00492605017229564,1.27273880277178,"Financial_Serv"
"WU","2016-10-07",11.7731647491455,11.8019918428304,11.6578541750396,11.7616334717983,3577800,"WU",0.000980542797291649,1.27398677763767,"Financial_Serv"
"WU","2016-10-10",11.6982135772705,11.8423512442176,11.6866822999908,11.8019917737386,2088900,"WU",-0.00636627223622603,1.26587623098588,"Financial_Serv"
"WU","2016-10-11",11.4848890304565,11.6924476170504,11.4445306607707,11.6866819785691,3325600,"WU",-0.0182356515723437,1.24279215310391,"Financial_Serv"
"WU","2016-10-12",11.5656042098999,11.6232594872533,11.4099363906336,11.4733562060076,2281900,"WU",0.00702794595832075,1.25152642919335,"Financial_Serv"
"WU","2016-10-13",11.4848890304565,11.5540755925488,11.3984066526035,11.4964203074191,3630700,"WU",-0.00697889863585933,1.24279215310391,"Financial_Serv"
"WU","2016-10-14",11.6001987457275,11.6520872888685,11.5137152745656,11.5540747409599,2953100,"WU",0.0100401244596451,1.25526994099854,"Financial_Serv"
"WU","2016-10-17",11.4387617111206,11.634788964008,11.427230437496,11.6001962428169,2667200,"WU",-0.0139167473028333,1.23780066643282,"Financial_Serv"
"WU","2016-10-18",11.4041690826416,11.5598368791084,11.3811065352049,11.5310097944952,2803000,"WU",-0.00302415850182222,1.23405736102387,"Financial_Serv"
"WU","2016-10-19",11.5310115814209,11.5713699460066,11.4041708499111,11.4041708499111,2676600,"WU",0.0111224673941712,1.24778312378439,"Financial_Serv"
"WU","2016-10-20",11.5252466201782,11.5656049871329,11.4675913389503,11.513715343996,1865400,"WU",-0.000499952775345786,1.24715929114863,"Financial_Serv"
"WU","2016-10-21",11.5310115814209,11.5540741324316,11.4560604900022,11.4906532168352,2965100,"WU",0.000500202853150455,1.24778312378439,"Financial_Serv"
"WU","2016-10-24",11.7270393371582,11.7385706131266,11.5829016866028,11.6001986005554,3554600,"WU",0.0170000484652318,1.26899549736283,"Financial_Serv"
"WU","2016-10-25",11.7385721206665,11.7616335758819,11.6463241004387,11.7270408432172,6663000,"WU",0.000983435219813589,1.27024347222872,"Financial_Serv"
"WU","2016-10-26",11.4099359512329,11.5598381270228,11.2312044883521,11.5252454018161,6546300,"WU",-0.0279962644566462,1.23468140005588,"Financial_Serv"
"WU","2016-10-27",11.4733533859253,11.5021815673577,11.3984023135665,11.4560575767485,3172100,"WU",0.00555808857853669,1.24154386864366,"Financial_Serv"
"WU","2016-10-28",11.4906520843506,11.5829000799356,11.40416972595,11.496417721535,3391900,"WU",0.00150772819797513,1.24341577934343,"Financial_Serv"
"WU","2016-10-31",11.5713720321655,11.6002002261262,11.4791240108577,11.5310136603038,4565400,"WU",0.00702483612090875,1.25215057142347,"Financial_Serv"
"WU","2016-11-01",11.3811082839966,11.7212732131777,11.3349842817186,11.6117282953864,4887100,"WU",-0.0164426264785247,1.23156192728269,"Financial_Serv"
"WU","2016-11-02",11.4733533859253,11.8019869564756,11.2830917872023,11.4099335861394,6396500,"WU",0.00810510713252947,1.24154386864366,"Financial_Serv"
"WU","2016-11-03",11.4041690826416,11.5425410682136,11.3811065352049,11.4791201624454,4616500,"WU",-0.0060299984630964,1.23405736102387,"Financial_Serv"
"WU","2016-11-04",11.3176860809326,11.4791206203815,11.1735484527513,11.4041695375876,5626900,"WU",-0.0075834548823571,1.2246989427043,"Financial_Serv"
"WU","2016-11-07",11.7385721206665,11.7443377593911,11.4675925990245,11.4964207926476,4416500,"WU",0.0371883472225803,1.27024347222872,"Financial_Serv"
"WU","2016-11-08",11.7731647491455,11.865412768557,11.7155094620925,11.738572016787,4279200,"WU",0.00294691961879259,1.27398677763767,"Financial_Serv"
"WU","2016-11-09",11.4560575485229,11.5367742569694,11.2196708600906,11.5367742569694,10282500,"WU",-0.0269347458715868,1.23967226753824,"Financial_Serv"
"WU","2016-11-10",11.4964179992676,11.6405556333117,11.2715625423744,11.5367763608507,7608100,"WU",0.00352306634055209,1.24403971517732,"Financial_Serv"
"WU","2016-11-11",11.7731647491455,11.8827096845778,11.438765403858,11.4502966812052,5746600,"WU",0.0240724328130345,1.27398677763767,"Financial_Serv"
"WU","2016-11-14",11.8654108047485,11.9576588088924,11.7731628006047,11.7962242517992,4906800,"WU",0.00783528113031142,1.28396882219676,"Financial_Serv"
"WU","2016-11-15",11.8654108047485,11.9749557220504,11.8019898895186,11.9057691691011,3444800,"WU",0,1.28396882219676,"Financial_Serv"
"WU","2016-11-16",11.8481101989746,11.9345936381283,11.7673934954259,11.8596414708195,2989500,"WU",-0.00145807052605394,1.28209670510075,"Financial_Serv"
"WU","2016-11-17",11.8942375183105,11.9345969810724,11.8250520672275,11.8250520672275,3062100,"WU",0.00389322166668652,1.28708819177183,"Financial_Serv"
"WU","2016-11-18",11.8077535629272,11.9691880931645,11.750098295008,11.8884713778873,3404600,"WU",-0.00727108023949945,1.27772967025415,"Financial_Serv"
"WU","2016-11-21",12.1363878250122,12.1363878250122,11.8481125693142,11.859643843466,4162300,"WU",0.0278320732503067,1.31329153603075,"Financial_Serv"
"WU","2016-11-22",12.2632331848145,12.2689988235564,12.1248611540583,12.1767508030523,3242900,"WU",0.0104516567557957,1.32701760838564,"Financial_Serv"
"WU","2016-11-23",12.3785429000854,12.3900741777923,12.2632334220661,12.2689990609195,2357300,"WU",0.00940288042583941,1.33949539628027,"Financial_Serv"
"WU","2016-11-25",12.3843059539795,12.4419612307964,12.3381819524625,12.3958372292795,1341200,"WU",0.00046556803499087,1.34011902251979,"Financial_Serv"
"WU","2016-11-28",12.2228708267212,12.4016011706932,12.205573916137,12.3670084492076,2830400,"WU",-0.0130354601911645,1.32264995435032,"Financial_Serv"
"WU","2016-11-29",12.1998138427734,12.2920618752581,12.1767523844939,12.2459378590158,2167700,"WU",-0.00188638039905875,1.32015493340161,"Financial_Serv"
"WU","2016-11-30",12.1248569488525,12.2747602051022,12.1190913121103,12.1940423903938,3653600,"WU",-0.0061441014499823,1.3120437675611,"Financial_Serv"
"WU","2016-12-01",11.9576568603516,12.1709810224741,11.8884714183592,12.1421528385749,3316700,"WU",-0.0137898607139278,1.29395086675585,"Financial_Serv"
"WU","2016-12-02",11.8019895553589,12.0268450213155,11.7846937423735,11.9403615576568,3776700,"WU",-0.01301821141137,1.2771059408165,"Financial_Serv"
"WU","2016-12-05",12.0441417694092,12.0614386834204,11.8308186616853,11.8884739420398,4785600,"WU",0.0205179146206192,1.30330949147166,"Financial_Serv"
"WU","2016-12-06",12.4707899093628,12.5284451935307,11.9980185586157,12.0556738427836,7928000,"WU",0.0354237062400954,1.34947754403748,"Financial_Serv"
"WU","2016-12-07",12.7590627670288,12.8340149518804,12.4188989654508,12.465022963943,6818600,"WU",0.0231158458895684,1.38067185897688,"Financial_Serv"
"WU","2016-12-08",12.7648286819458,12.8109526814412,12.6841119577496,12.7360015946423,4634400,"WU",0.000451907402782915,1.38129579481077,"Financial_Serv"
"WU","2016-12-09",12.6898784637451,12.7360024663976,12.6264575477168,12.7360024663976,3246600,"WU",-0.00587161959382118,1.3731853513571,"Financial_Serv"
"WU","2016-12-12",12.5572719573975,12.7648294172413,12.5053823175158,12.6552855994315,2953800,"WU",-0.0104497853723747,1.35883585915892,"Financial_Serv"
"WU","2016-12-13",12.5630378723145,12.6495202407978,12.5111482312879,12.5342096830314,4587900,"WU",0.000459169390975522,1.35945979499281,"Financial_Serv"
"WU","2016-12-14",12.4189014434814,12.6495214819596,12.3900732513698,12.5745692821522,3396000,"WU",-0.0114730553468,1.34386263752311,"Financial_Serv"
"WU","2016-12-15",12.3956632614136,12.5002191730329,12.3666204450359,12.4653664638848,2297700,"WU",-0.00187119466030295,1.34134800893159,"Financial_Serv"
"WU","2016-12-16",12.3433895111084,12.4886058582979,12.325963150597,12.453754245188,5380700,"WU",-0.00421709990040618,1.33569141037672,"Financial_Serv"
"WU","2016-12-19",12.5583076477051,12.6802888228287,12.4072825442811,12.4305165790088,3397500,"WU",0.0174115980382264,1.35894793231731,"Financial_Serv"
"WU","2016-12-20",12.6047773361206,12.6628629792511,12.506030191721,12.6338201576859,2868400,"WU",0.00370031454230374,1.3639764671135,"Financial_Serv"
"WU","2016-12-21",12.5815391540527,12.6396258910677,12.5583051239941,12.5583051239941,1714200,"WU",-0.00184360115599021,1.36146183852198,"Financial_Serv"
"WU","2016-12-22",12.6628618240356,12.7035233215952,12.5292630843633,12.6105838636573,4264800,"WU",0.00646365035208865,1.3702618518139,"Financial_Serv"
"WU","2016-12-23",12.6919050216675,12.7209478389146,12.6163919241651,12.6454358493246,2241400,"WU",0.0022935729723204,1.37340464736222,"Financial_Serv"
"WU","2016-12-27",12.7964677810669,12.9068314319678,12.6861030222529,12.7267634313125,2796500,"WU",0.00823853938560883,1.3847194956419,"Financial_Serv"
"WU","2016-12-28",12.6221990585327,12.9068228404001,12.5989650293559,12.9068228404001,2619600,"WU",-0.0136185020363213,1.36586169037076,"Financial_Serv"
"WU","2016-12-29",12.6802930831909,12.7499974266186,12.616397527375,12.6628667203558,2010900,"WU",0.0046025280055246,1.37214810705237,"Financial_Serv"
"WU","2016-12-30",12.6163969039917,12.7209528600106,12.546693671921,12.6861012439753,2549200,"WU",-0.00503901438082058,1.36523383300831,"Financial_Serv"
"WU","2017-01-03",12.7616081237793,12.8371212206755,12.6338181778404,12.7093301668242,5085700,"WU",0.0115097219033791,1.38094729475932,"Financial_Serv"
"WU","2017-01-04",13.0171928405762,13.0520444525272,12.7732293410938,12.7906557010256,4106600,"WU",0.0200276261673192,1.40860439093553,"Financial_Serv"
"WU","2017-01-05",12.9591045379639,13.1682164005795,12.8894013223671,13.0171912895696,3856700,"WU",-0.00446242929053309,1.40231859344265,"Financial_Serv"
"WU","2017-01-06",13.1101322174072,13.1217497915869,12.8835950604674,12.9823422251691,3296300,"WU",0.0116541755644398,1.41866146052791,"Financial_Serv"
"WU","2017-01-09",13.0985116958618,13.185642374691,13.0636600890777,13.1275556247757,3242400,"WU",-0.000886377143472343,1.41740399143497,"Financial_Serv"
"WU","2017-01-10",12.9126319885254,13.0868921978669,12.8952067431299,13.081083413431,5102800,"WU",-0.0141909028790767,1.3972897490521,"Financial_Serv"
"WU","2017-01-11",12.9649133682251,12.9765309401685,12.8487409725292,12.8952101523901,5508900,"WU",0.0040488553957215,1.40294717319194,"Financial_Serv"
"WU","2017-01-12",12.8487424850464,12.9242544957421,12.7674205797824,12.8661677371001,4451900,"WU",-0.00896040566406151,1.39037619739489,"Financial_Serv"
"WU","2017-01-13",12.8777809143066,12.9126325144294,12.796460144716,12.8429293141838,3919400,"WU",0.00226002111055221,1.39351847695261,"Financial_Serv"
"WU","2017-01-17",12.7848453521729,12.8777837112943,12.7441849585463,12.8487408895361,2401900,"WU",-0.00721673732083311,1.38346182015272,"Financial_Serv"
"WU","2017-01-18",12.6919050216675,12.8835904960708,12.6628610965079,12.837121323728,5704900,"WU",-0.00726957017822475,1.37340464736222,"Financial_Serv"
"WU","2017-01-19",12.2736873626709,12.8661704306124,11.8786997586229,12.7383804211774,15154300,"WU",-0.0329515276298243,1.32814886617774,"Financial_Serv"
"WU","2017-01-20",12.1865530014038,12.2214057150226,11.9832499369445,12.1168497899914,9698700,"WU",-0.00709928147038352,1.31871996354217,"Financial_Serv"
"WU","2017-01-23",12.0355262756348,12.1400821865594,11.9600142888072,12.1226569400136,6576800,"WU",-0.0123928994319924,1.30237719965503,"Financial_Serv"
"WU","2017-01-24",11.861270904541,12.0181048204039,11.7973753592829,12.0181048204039,9922900,"WU",-0.0144784172376841,1.28352083915758,"Financial_Serv"
"WU","2017-01-25",11.6637744903564,11.9425895519795,11.6347316702379,11.8961203750423,10725200,"WU",-0.0166505272305146,1.26214954047425,"Financial_Serv"
"WU","2017-01-26",11.379150390625,11.5127491328658,11.1816561160462,11.4488536005278,17041200,"WU",-0.0244024007808768,1.2313500615422,"Financial_Serv"
"WU","2017-01-27",11.379150390625,11.4023844246217,11.2920208242903,11.3559152487157,5023000,"WU",0,1.2313500615422,"Financial_Serv"
"WU","2017-01-30",11.3907690048218,11.4023854689278,11.2687867144512,11.3501086106691,5965000,"WU",0.0010210440848334,1.2326073242389,"Financial_Serv"
"WU","2017-01-31",11.3733415603638,11.4023843797235,11.3094460282774,11.3849591312727,5454900,"WU",-0.00152996206407405,1.23072148179291,"Financial_Serv"
"WU","2017-02-01",11.3501100540161,11.4604736784899,11.2513628951255,11.4081957056706,5718600,"WU",-0.00204262803718287,1.22820757558824,"Financial_Serv"
"WU","2017-02-02",11.4604730606079,11.5069422441738,11.3036391506056,11.3326830827798,6009000,"WU",0.00972351863255688,1.24015007483412,"Financial_Serv"
"WU","2017-02-03",11.5998773574829,11.6753904520412,11.5301741556425,11.5592169717572,6532200,"WU",0.0121639216930898,1.25523516323208,"Financial_Serv"
"WU","2017-02-06",11.5185585021973,11.6114968587202,11.4953244670228,11.6114968587202,3651600,"WU",-0.007010320262842,1.24643556273264,"Financial_Serv"
"WU","2017-02-07",11.5243644714355,11.5592160696358,11.4604689514748,11.5185556870834,2370000,"WU",0.000504053457485475,1.24706383288757,"Financial_Serv"
"WU","2017-02-08",11.5650272369385,11.6637743754462,11.4953240261757,11.4953240261757,7612300,"WU",0.00352841717247984,1.25146399433071,"Financial_Serv"
"WU","2017-02-09",11.8380365371704,11.8554628982732,11.5650301940374,11.5650301940374,8871100,"WU",0.0236064554487124,1.28100662335855,"Financial_Serv"
"WU","2017-02-10",11.4662790298462,11.6753908584717,11.2106980290719,11.4662790298462,14984400,"WU",-0.0314036458796974,1.24077834498905,"Financial_Serv"
"WU","2017-02-13",11.3443012237549,11.5534120063172,11.2745968909589,11.4953263548855,12411700,"WU",-0.0106379589903408,1.22757899583895,"Financial_Serv"
"WU","2017-02-14",11.4314298629761,11.4895166175145,11.2804047443414,11.2920223168316,6146600,"WU",0.00768038837321638,1.2370072792858,"Financial_Serv"
"WU","2017-02-15",11.379150390625,11.443045922963,11.3501075711509,11.4140019955764,5105100,"WU",-0.00457330998639078,1.2313500615422,"Financial_Serv"
"WU","2017-02-16",11.3559141159058,11.4023832871763,11.3094449446353,11.3791492554972,5949300,"WU",-0.00204200436074578,1.22883563934693,"Financial_Serv"
"WU","2017-02-17",11.5127458572388,11.5185546410634,11.321060422676,11.3268692065006,5810300,"WU",0.013810578323531,1.24580657019087,"Financial_Serv"
"WU","2017-02-21",11.5069379806519,11.6173026661962,11.454660030021,11.4895127357164,4782900,"WU",-0.000504473620709893,1.24517809363971,"Financial_Serv"
"WU","2017-02-22",11.6114950180054,11.6986245749443,11.4720875053206,11.4895138598733,6089300,"WU",0.00908643442150477,1.25649232273066,"Financial_Serv"
"WU","2017-02-23",11.5708360671997,11.6463480638033,11.5417932472551,11.6347316005729,6015900,"WU",-0.00350161204415247,1.25209257408,"Financial_Serv"
"WU","2017-02-24",11.7160539627075,11.8089923285585,11.5011332992316,11.5359860173603,5241400,"WU",0.0125503373018539,1.26780675821785,"Financial_Serv"
"WU","2017-02-27",11.6928148269653,11.7334763175725,11.6231116303206,11.6986236113378,4912500,"WU",-0.00198352925107363,1.26529202642822,"Financial_Serv"
"WU","2017-02-28",11.4081954956055,11.7276721133865,11.379152670313,11.7102457534634,12166600,"WU",-0.0243413870459566,1.23449306348676,"Financial_Serv"
"WU","2017-03-01",11.5650272369385,11.6812007320932,11.4778976695287,11.4837064550777,8837700,"WU",0.0137472873245747,1.25146399433071,"Financial_Serv"
"WU","2017-03-02",11.5766477584839,11.5940730116593,11.4314314064867,11.5534126103662,8966900,"WU",0.00100479845895169,1.25272146342365,"Financial_Serv"
"WU","2017-03-03",11.5940704345703,11.6521571840404,11.5359847930128,11.5824539710064,4242000,"WU",0.00150498455597024,1.25460678987903,"Financial_Serv"
"WU","2017-03-06",11.5592193603516,11.5998797544793,11.4546634280731,11.5534105743458,3421000,"WU",-0.00300593949428095,1.25083551777954,"Financial_Serv"
"WU","2017-03-07",11.5592193603516,11.6347324705139,11.5185589662238,11.5417941102469,4738200,"WU",0,1.25083551777954,"Financial_Serv"
"WU","2017-03-08",11.5185585021973,11.6056880729484,11.4372377172179,11.5998792871767,4579100,"WU",-0.00351761281508029,1.24643556273264,"Financial_Serv"
"WU","2017-03-09",11.4256210327148,11.5301769688986,11.4023858878239,11.5069418240077,3091600,"WU",-0.0080684982816811,1.23637869953651,"Financial_Serv"
"WU","2017-03-10",11.4256210327148,11.5476022196541,11.4023858878239,11.4662814283613,3621600,"WU",0,1.23637869953651,"Financial_Serv"
"WU","2017-03-13",11.3733415603638,11.4604711263554,11.3442987410041,11.4140019506324,6240500,"WU",-0.00457563507501107,1.23072148179291,"Financial_Serv"
"WU","2017-03-14",11.7741422653198,11.9542102343258,11.472091982662,11.472091982662,11973000,"WU",0.0352403647449444,1.27409255571073,"Financial_Serv"
"WU","2017-03-15",11.8239421844482,11.9059711568976,11.7594902103461,11.8415191827954,5422600,"WU",0.00422960059477974,1.27948145834217,"Financial_Serv"
"WU","2017-03-16",11.8415184020996,11.9118297435356,11.8239414049113,11.8649558884319,3986600,"WU",0.00148649387633887,1.28138339969489,"Financial_Serv"
"WU","2017-03-17",11.9528455734253,11.9997194338089,11.8180833645176,11.853238480415,5068800,"WU",0.0094014270421557,1.29343023224015,"Financial_Serv"
"WU","2017-03-20",11.8415184020996,11.9879993389938,11.806363290162,11.9587035986393,3526200,"WU",-0.00931386343459475,1.28138339969489,"Financial_Serv"
"WU","2017-03-21",11.7712087631226,11.9001115916726,11.7594900193741,11.8532377342398,4349700,"WU",-0.00593755265072968,1.27377511829343,"Financial_Serv"
"WU","2017-03-22",11.7946472167969,11.8298034542532,11.6891818571113,11.7829295885392,3076200,"WU",0.00199116795445389,1.27631141849015,"Financial_Serv"
"WU","2017-03-23",11.7946472167969,11.8825366928765,11.7712108427205,11.7829295885392,3674700,"WU",0,1.27631141849015,"Financial_Serv"
"WU","2017-03-24",11.8649597167969,11.9528480837794,11.7770713498143,11.8239452200424,3417600,"WU",0.00596139068066973,1.28392000948597,"Financial_Serv"
"WU","2017-03-27",11.7360515594482,11.7770660377029,11.6540214853783,11.7243328177867,3593300,"WU",-0.0108646097774897,1.2699707195974,"Financial_Serv"
"WU","2017-03-28",11.8063631057739,11.8590963316371,11.6891790286252,11.7008966540475,4049700,"WU",0.00599107340058322,1.2775792073951,"Financial_Serv"
"WU","2017-03-29",11.8649597167969,11.8708190902705,11.6891829828318,11.7126193591652,3240300,"WU",0.00496313813983007,1.28392000948597,"Financial_Serv"
"WU","2017-03-30",12.005578994751,12.0290164840916,11.8473792943845,11.8473792943845,3927800,"WU",0.0118516439423752,1.29913657228889,"Financial_Serv"
"WU","2017-03-31",11.9235506057739,11.9938608421447,11.8708173697153,11.9880014695203,5600300,"WU",-0.00683252253080962,1.29026019238813,"Financial_Serv"
"WU","2017-04-03",11.5837125778198,11.9235483014316,11.5192606089684,11.9176889299395,5805200,"WU",-0.0285014119694797,1.25348595509706,"Financial_Serv"
"WU","2017-04-04",11.5485572814941,11.5954322572158,11.4841064249987,11.5778541413202,3722300,"WU",-0.00303489024693154,1.24968176279727,"Financial_Serv"
"WU","2017-04-05",11.5192623138428,11.7008983867348,11.5192623138428,11.6071506641092,3579300,"WU",-0.00253667769378523,1.24651172294525,"Financial_Serv"
"WU","2017-04-06",11.4782457351685,11.566134069434,11.460667621291,11.5426977018249,4535600,"WU",-0.00356069490882472,1.24207327499957,"Financial_Serv"
"WU","2017-04-07",11.3434867858887,11.4841083843632,11.2848941738007,11.4841083843632,8901400,"WU",-0.0117403784854417,1.22749086464442,"Financial_Serv"
"WU","2017-04-10",11.37864112854,11.448952481753,11.3141891478916,11.3434860107141,7146300,"WU",0.00309907732207167,1.23129495374609,"Financial_Serv"
"WU","2017-04-11",11.4372339248657,11.4372339248657,11.2966123336864,11.3786413158174,7094200,"WU",0.00514936675335691,1.23763534304449,"Financial_Serv"
"WU","2017-04-12",11.37864112854,11.4548107367565,11.3493453832786,11.4313743640595,4760100,"WU",-0.00512298661639654,1.23129495374609,"Financial_Serv"
"WU","2017-04-13",11.337628364563,11.4313761047482,11.3200502441928,11.3493471114764,3462600,"WU",-0.0036043639582043,1.22685691859289,"Financial_Serv"
"WU","2017-04-17",11.4196519851685,11.4313707265685,11.3610593957288,11.3669187664288,2534200,"WU",0.00723463655431172,1.23573278250305,"Financial_Serv"
"WU","2017-04-18",11.5251197814941,11.5778530064512,11.3552013638413,11.3962169635774,4696800,"WU",0.00923564014583478,1.24714556579866,"Financial_Serv"
"WU","2017-04-19",11.5895729064941,11.7067569933304,11.5485573026625,11.5485573026625,4227400,"WU",0.0055924039161391,1.25412010754483,"Financial_Serv"
"WU","2017-04-20",11.7126159667969,11.7360534539033,11.6130088817166,11.6305869970463,3356300,"WU",0.0106167035917077,1.26743472899503,"Financial_Serv"
"WU","2017-04-21",11.5778541564941,11.7184757311608,11.5309802982719,11.706756987215,3808100,"WU",-0.0115056969924361,1.25285200904552,"Financial_Serv"
"WU","2017-04-24",11.7653484344482,11.8005035452737,11.6774600986042,11.6774600986042,4244300,"WU",0.0161942165983266,1.27314096584566,"Financial_Serv"
"WU","2017-04-25",11.7887887954712,11.8766771527523,11.7887887954712,11.8180845420445,3283400,"WU",0.00199232187245022,1.27567747243862,"Financial_Serv"
"WU","2017-04-26",11.7770681381226,11.8356607393194,11.6481641919774,11.7477712787437,4863800,"WU",-0.000994220657607798,1.27440916754308,"Financial_Serv"
"WU","2017-04-27",11.7067584991455,11.8356624640752,11.6540252621399,11.8180843458864,3729600,"WU",-0.00597004603798269,1.26680088614162,"Financial_Serv"
"WU","2017-04-28",11.6364488601685,11.700899728388,11.5661375013567,11.700899728388,3784000,"WU",-0.00600590154671618,1.25919260474016,"Financial_Serv"
"WU","2017-05-01",11.7008972167969,11.7770679322897,11.6364463624116,11.6657421037176,3256900,"WU",0.00553849008429235,1.26616663049573,"Financial_Serv"
"WU","2017-05-02",11.7946472167969,11.8532398283296,11.654025619655,11.700899485369,4248400,"WU",0.00801220609522319,1.27631141849015,"Financial_Serv"
"WU","2017-05-03",11.28489112854,11.78292652055,11.185284050138,11.78292652055,10451600,"WU",-0.0432192738694963,1.22115016575166,"Financial_Serv"
"WU","2017-05-04",11.366925239563,11.4196584883327,11.3083326167565,11.3259107388669,3873900,"WU",0.00726937549406046,1.23002716484115,"Financial_Serv"
"WU","2017-05-05",11.3610620498657,11.3844995381413,11.3141881908756,11.3727807940035,2407000,"WU",-0.000515811406664186,1.22939270279901,"Financial_Serv"
"WU","2017-05-08",11.4606666564941,11.4958228812894,11.343482593192,11.3552002172297,3353400,"WU",0.00876719149945979,1.24017102405249,"Financial_Serv"
"WU","2017-05-09",11.4196519851685,11.4841039453082,11.3844968785289,11.4372300972686,4161500,"WU",-0.00357873346769429,1.23573278250305,"Financial_Serv"
"WU","2017-05-10",11.5075435638428,11.5368404256255,11.378640724682,11.3845000970385,3130700,"WU",0.00769651989294137,1.24524362444594,"Financial_Serv"
"WU","2017-05-11",11.4020767211914,11.4841068139215,11.3493446068405,11.4548099531033,4095500,"WU",-0.00916501789163317,1.23383094434846,"Financial_Serv"
"WU","2017-05-12",11.29660987854,11.4430908105449,11.2790317643776,11.3727794714558,2478100,"WU",-0.00924979240451444,1.22241826425097,"Financial_Serv"
"WU","2017-05-15",11.3727807998657,11.3844995440095,11.2848924539091,11.2848924539091,2844900,"WU",0.00674281241404858,1.23066080129832,"Financial_Serv"
"WU","2017-05-16",11.2204418182373,11.3786415303826,11.1794273263984,11.3610634120683,4167800,"WU",-0.0133950512464125,1.21417603679798,"Financial_Serv"
"WU","2017-05-17",11.0739574432373,11.2204383647552,11.0680980722693,11.2204383647552,3872000,"WU",-0.0130551343140436,1.19832480555668,"Financial_Serv"
"WU","2017-05-18",11.0446662902832,11.1032589067226,11.009511167444,11.027088170083,3484600,"WU",-0.00264504835820813,1.19515517849715,"Financial_Serv"
"WU","2017-05-19",11.1384124755859,11.179426966103,11.0563834945518,11.0563834945518,2709100,"WU",0.00848791469464403,1.20529955369909,"Financial_Serv"
"WU","2017-05-22",11.2028617858887,11.2145794106996,11.0798172261078,11.1325504492195,2441400,"WU",0.00578622047298029,1.21227368265278,"Financial_Serv"
"WU","2017-05-23",11.0270891189575,11.2438814831698,11.015370371149,11.2087252397443,4700000,"WU",-0.015689979068791,1.19325313394631,"Financial_Serv"
"WU","2017-05-24",11.2907524108887,11.4020771333391,11.0212268694233,11.0270862417987,4576700,"WU",0.0239105070328912,1.22178442139755,"Financial_Serv"
"WU","2017-05-25",11.31418800354,11.3727806056978,11.2848922612416,11.2966110051854,2211800,"WU",0.00207564489933958,1.22432041199992,"Financial_Serv"
"WU","2017-05-26",11.1735696792603,11.3317694158378,11.1618509319076,11.2907549176646,2213500,"WU",-0.0124284945800607,1.20910395239512,"Financial_Serv"
"WU","2017-05-30",11.2380180358887,11.2555950336691,11.0915370940602,11.1442703225233,3450100,"WU",0.00576792900374921,1.21607797815069,"Financial_Serv"
"WU","2017-05-31",11.1442699432373,11.2966102516614,11.0622398586638,11.238017653412,7722800,"WU",-0.00834204860251889,1.2059333965525,"Financial_Serv"
"WU","2017-06-01",11.3903589248657,11.4372327839162,11.1735666282819,11.1852853724347,5124600,"WU",0.0220821088220097,1.23256294904727,"Financial_Serv"
"WU","2017-06-02",11.29660987854,11.3903575856183,11.2380172822259,11.3727794714558,3296600,"WU",-0.00823056120918409,1.22241826425097,"Financial_Serv"
"WU","2017-06-05",11.366925239563,11.3903627357101,11.2790368641339,11.3024743602811,2744500,"WU",0.00622446572723787,1.23002716484115,"Financial_Serv"
"WU","2017-06-06",11.2614555358887,11.3434856314883,11.2555961635201,11.3200481420138,2591400,"WU",-0.00927864848685952,1.2186141751493,"Financial_Serv"
"WU","2017-06-07",11.2087211608887,11.2848918763642,11.2028629066775,11.2673137610481,2569100,"WU",-0.00468273171544682,1.21290773190243,"Financial_Serv"
"WU","2017-06-08",11.0973978042603,11.2380193912682,11.0329458244629,11.2087225288325,3479600,"WU",-0.0099318517278194,1.20086131214965,"Financial_Serv"
"WU","2017-06-09",11.1384124755859,11.2204414566201,11.0036502588695,11.0856792399037,3359600,"WU",0.00369588186790404,1.20529955369909,"Financial_Serv"
"WU","2017-06-12",11.28489112854,11.4430908032186,11.0798176003523,11.0798176003523,5476300,"WU",0.0131507657195462,1.22115016575166,"Financial_Serv"
"WU","2017-06-13",11.39621925354,11.4313743713885,11.2907527824335,11.30247152757,5166300,"WU",0.00986523695549404,1.23319710149504,"Financial_Serv"
"WU","2017-06-14",11.369610786438,11.4996850616059,11.3341364967137,11.42873535445,3377000,"WU",-0.0023348504017054,1.23031777074724,"Financial_Serv"
"WU","2017-06-15",11.2277126312256,11.3400491989923,11.1508514813056,11.2750120606473,4468200,"WU",-0.0124804760583065,1.21496281926532,"Financial_Serv"
"WU","2017-06-16",11.2809238433838,11.31048556182,11.0917261388947,11.1804124219105,7644300,"WU",0.00473927449926145,1.22072086157221,"Financial_Serv"
"WU","2017-06-19",11.2927513122559,11.3341381776902,11.1567655750552,11.3341381776902,3375000,"WU",0.00104844860547543,1.2220007246572,"Financial_Serv"
"WU","2017-06-20",11.204065322876,11.2750139148223,11.1922401816491,11.251364760076,3544100,"WU",-0.00785335538945529,1.2124039186803,"Financial_Serv"
"WU","2017-06-21",11.1390256881714,11.251362249344,11.1331131188773,11.2277119721678,2056400,"WU",-0.00580500316896535,1.20536591009029,"Financial_Serv"
"WU","2017-06-22",11.1035556793213,11.1922419974966,10.9498322015539,11.115379694759,4597200,"WU",-0.00318430083950372,1.20152766241088,"Financial_Serv"
"WU","2017-06-23",11.3341388702393,11.3341388702393,11.1153782610955,11.1331159735258,4797700,"WU",0.0207666082449062,1.22647931667159,"Financial_Serv"
"WU","2017-06-26",11.2395401000977,11.4346504278655,11.198153231739,11.3400515494149,2640400,"WU",-0.00834635707437778,1.21624268235031,"Financial_Serv"
"WU","2017-06-27",11.1626739501953,11.3577842105588,11.1567625090785,11.340047631794,2104600,"WU",-0.00683890525927087,1.20792491387343,"Financial_Serv"
"WU","2017-06-28",11.2158889770508,11.2336266883228,11.0917283812689,11.1626769709421,3926500,"WU",0.00476722934781569,1.21368336897281,"Financial_Serv"
"WU","2017-06-29",11.1508502960205,11.2868360001897,11.079900595576,11.2217988687578,4246600,"WU",-0.00579879857614063,1.20664546358092,"Financial_Serv"
"WU","2017-06-30",11.2631855010986,11.3163974934515,11.1390249374134,11.1567626441001,4475600,"WU",0.0100741380339592,1.21880137653909,"Financial_Serv"
"WU","2017-07-03",11.3223133087158,11.3873504575075,11.29866415406,11.3045767246508,1805500,"WU",0.00524965229520725,1.22519965998284,"Financial_Serv"
"WU","2017-07-05",11.0503406524658,11.3636989664985,10.9971286505155,11.340049814358,5171600,"WU",-0.0240209442040999,1.19576920731151,"Financial_Serv"
"WU","2017-07-06",10.9202661514282,11.0148650135226,10.890704429914,10.9971284316971,3997100,"WU",-0.0117710851754215,1.1816937061221,"Financial_Serv"
"WU","2017-07-07",11.0266923904419,11.0739918310858,10.938006080198,10.9734803787541,3080700,"WU",0.00974575505192726,1.19321020352837,"Financial_Serv"
"WU","2017-07-10",11.0562524795532,11.1390261980444,10.9912153420488,11.0148644926003,2527200,"WU",0.00268077570903776,1.19640893245776,"Financial_Serv"
"WU","2017-07-11",11.1094655990601,11.1390273221595,11.0089541617315,11.0503410251537,3097500,"WU",0.00481294359053803,1.2021671811609,"Financial_Serv"
"WU","2017-07-12",11.2395401000977,11.2750143975897,11.1567663633803,11.1745029482725,3144100,"WU",0.0117084390673664,1.21624268235031,"Financial_Serv"
"WU","2017-07-13",11.1981515884399,11.2809253130105,11.1981515884399,11.2631876030136,1740800,"WU",-0.00368240259735852,1.2117639871378,"Financial_Serv"
"WU","2017-07-14",11.2454500198364,11.2868368784381,11.1922380222893,11.2217997419456,1020400,"WU",0.00422377130930353,1.21688220110032,"Financial_Serv"
"WU","2017-07-17",11.2336263656616,11.3341378045679,11.1981520718439,11.2513640764242,1632700,"WU",-0.00105141672000216,1.21560275080781,"Financial_Serv"
"WU","2017-07-18",11.2099752426147,11.227712952045,11.1508517999288,11.227712952045,1893500,"WU",-0.00210538629975896,1.21304343743031,"Financial_Serv"
"WU","2017-07-19",11.3400506973267,11.3518758381713,11.1804146790459,11.2158889738725,2798900,"WU",0.0116035452261689,1.22711904181784,"Financial_Serv"
"WU","2017-07-20",11.2809238433838,11.3755226956284,11.2690987049264,11.3459609771922,1855300,"WU",-0.0052139849742303,1.22072086157221,"Financial_Serv"
"WU","2017-07-21",11.2868375778198,11.3341370088251,11.2513632864927,11.2868375778198,1710200,"WU",0.000524224302737717,1.22136079311471,"Financial_Serv"
"WU","2017-07-24",11.3282251358032,11.3459628464116,11.1626765532479,11.2809257018885,1745300,"WU",0.0036668869998387,1.22583938512909,"Financial_Serv"
"WU","2017-07-25",11.5174198150635,11.594282079595,11.3814341196088,11.3814341196088,3884700,"WU",0.0167011757792753,1.24631234417729,"Financial_Serv"
"WU","2017-07-26",11.5174198150635,11.5233323836972,11.4346461096053,11.5115072464297,2147800,"WU",0,1.24631234417729,"Financial_Serv"
"WU","2017-07-27",11.6474981307983,11.688884997958,11.529248972307,11.5706358394667,3255400,"WU",0.0112940500410288,1.26038825815918,"Financial_Serv"
"WU","2017-07-28",11.6179323196411,11.6711443146448,11.5765454630176,11.6238448888312,1979900,"WU",-0.00253838299222805,1.25718891004107,"Financial_Serv"
"WU","2017-07-31",11.6770610809326,11.7125353811165,11.6179364954876,11.6356742094334,4050200,"WU",0.00508943929648666,1.26358729668294,"Financial_Serv"
"WU","2017-08-01",11.6652336120605,11.7420958961237,11.5469855924589,11.6888838926054,2763200,"WU",-0.00101288062039714,1.26230743359795,"Financial_Serv"
"WU","2017-08-02",11.5233345031738,11.6711453630827,11.4582973639475,11.653407653919,3184900,"WU",-0.0121642749391672,1.24695237891791,"Financial_Serv"
"WU","2017-08-03",11.576545715332,11.6238451421765,11.4642091536862,11.493772000281,4528500,"WU",0.00461769222645992,1.2527104212248,"Financial_Serv"
"WU","2017-08-04",11.6593189239502,12.0613645985187,11.5824577815567,11.8662543302966,8103200,"WU",0.00715007832677919,1.26166739885733,"Financial_Serv"
"WU","2017-08-07",11.4582977294922,11.6652331655078,11.44056114747,11.6474965834856,4443300,"WU",-0.0172412467459893,1.23991467992226,"Financial_Serv"
"WU","2017-08-08",11.4109992980957,11.5647227461038,11.4050878553751,11.42873700938,2898700,"WU",-0.00412787593001221,1.23479646595974,"Financial_Serv"
"WU","2017-08-09",11.3991746902466,11.3991746902466,11.3282249765183,11.3577866994091,2397000,"WU",-0.00103624647940294,1.23351691246911,"Financial_Serv"
"WU","2017-08-10",11.1804132461548,11.3873486735857,11.1804132461548,11.345961813641,3621800,"WU",-0.0191909897019979,1.20984450210468,"Financial_Serv"
"WU","2017-08-11",11.1745004653931,11.2750118923775,11.144938745336,11.1508513148888,3227700,"WU",-0.000528851718763821,1.2092046737603,"Financial_Serv"
"WU","2017-08-14",11.3164024353027,11.3755270223708,11.2631904197123,11.2631904197123,2541600,"WU",0.0126987305024625,1.2245600380347,"Financial_Serv"
"WU","2017-08-15",11.3637018203735,11.3991772490547,11.280928075533,11.3164023765064,3090900,"WU",0.00417971924745671,1.22967835519534,"Financial_Serv"
"WU","2017-08-16",11.4582977294922,11.5410725805229,11.3755240061689,11.3814365760788,3954600,"WU",0.00832439205233765,1.23991467992226,"Financial_Serv"
"WU","2017-08-17",11.2336263656616,11.5233355418722,11.2277137954074,11.4464743839827,3817400,"WU",-0.0196077435876266,1.21560275080781,"Financial_Serv"
"WU","2017-08-18",11.1626739501953,11.2040619319634,11.1153745273104,11.2040619319634,3946900,"WU",-0.00631607400466801,1.20792491387343,"Financial_Serv"
"WU","2017-08-21",11.1626739501953,11.2277110795522,11.1271996649585,11.1449373714305,2157300,"WU",0,1.20792491387343,"Financial_Serv"
"WU","2017-08-22",11.2513656616211,11.2631896760879,11.1626782230206,11.1804159362822,1991900,"WU",0.00794538224635948,1.21752233903906,"Financial_Serv"
"WU","2017-08-23",11.2158889770508,11.3045764057035,11.2158889770508,11.2277141178988,3018300,"WU",-0.00315310031130932,1.21368336897281,"Financial_Serv"
"WU","2017-08-24",11.2217998504639,11.3163987075275,11.2099747114041,11.2690992789957,2451000,"WU",0.000527008908984422,1.21432299092094,"Financial_Serv"
"WU","2017-08-25",11.2336263656616,11.3282252343138,11.2099760846449,11.2336263656616,1687400,"WU",0.00105388755416673,1.21560275080781,"Financial_Serv"
"WU","2017-08-28",11.2572784423828,11.3341396125329,11.2218030151988,11.2809275994645,2604400,"WU",0.00210547119436782,1.21816216738343,"Financial_Serv"
"WU","2017-08-29",11.275013923645,11.3104882196459,11.1331156119338,11.2158893451718,3047700,"WU",0.0015754679386302,1.2200813428222,"Financial_Serv"
"WU","2017-08-30",11.1922369003296,11.2690980403554,11.0917254847838,11.2454488925425,4001300,"WU",-0.00734163379983386,1.21112395239719,"Financial_Serv"
"WU","2017-08-31",11.1863269805908,11.2809258496595,11.1626766994699,11.2631881388188,4088200,"WU",-0.000528037405873306,1.21048443364717,"Financial_Serv"
"WU","2017-09-01",11.1094655990601,11.2395387594881,11.0917278885759,11.2277136191653,3893400,"WU",-0.0068710115182689,1.2021671811609,"Financial_Serv"
"WU","2017-09-05",11.0444297790527,11.1035543600472,10.9380057588041,11.068078934826,4923900,"WU",-0.00585409076858087,1.19512958536337,"Financial_Serv"
"WU","2017-09-06",10.9439172744751,11.121289872649,10.9261795635747,11.0799030082556,5363000,"WU",-0.00910074187517335,1.1842530194996,"Financial_Serv"
"WU","2017-09-07",10.9616565704346,11.0207800265702,10.8729691308159,10.9616565704346,3800400,"WU",0.00162092745354049,1.18617260773084,"Financial_Serv"
"WU","2017-09-08",11.0503406524658,11.1449395164426,10.9143537987553,10.9616543584511,3119000,"WU",0.0080903904862743,1.19576920731151,"Financial_Serv"
"WU","2017-09-11",11.1685905456543,11.26318942553,11.1094670915127,11.1094670915127,2715000,"WU",0.0107010179059131,1.20856515501029,"Financial_Serv"
"WU","2017-09-12",11.3637018203735,11.3991772490547,11.1390297439316,11.1626789020113,3432000,"WU",0.0174696416635272,1.22967835519534,"Financial_Serv"
"WU","2017-09-13",11.2986631393433,11.4228237274775,11.2927505692834,11.3755242947063,3393100,"WU",-0.00572337096294344,1.22264044980346,"Financial_Serv"
"WU","2017-09-14",11.3016490936279,11.3493856849557,11.2658457965345,11.2837474450812,2769400,"WU",0.00026427500739185,1.22296356311737,"Financial_Serv"
"WU","2017-09-15",11.2837448120117,11.3434158217797,11.2360082318233,11.2479426614028,5598700,"WU",-0.00158421850367887,1.22102612161135,"Financial_Serv"
"WU","2017-09-18",11.3971195220947,11.403086736835,11.2897119330304,11.3255140833419,2430500,"WU",0.0100476137994825,1.23329452052038,"Financial_Serv"
"WU","2017-09-19",11.3672800064087,11.4508198493463,11.3434122928047,11.4150165717461,2146400,"WU",-0.00261816291635685,1.23006555454181,"Financial_Serv"
"WU","2017-09-20",11.3076133728027,11.4090537452928,11.2658428703764,11.3672832428664,2185700,"WU",-0.00524898072118554,1.22360896416022,"Financial_Serv"
"WU","2017-09-21",11.2837448120117,11.3493830365695,11.2777775972219,11.2897120268015,2509700,"WU",-0.00211083983897298,1.22102612161135,"Financial_Serv"
"WU","2017-09-22",11.3314800262451,11.3434144543861,11.2658418095997,11.2837434518111,2575400,"WU",0.00423044078261887,1.22619160031286,"Financial_Serv"
"WU","2017-09-25",11.3553514480591,11.391153602441,11.253911062202,11.3016476474212,2726900,"WU",0.00210664641853277,1.22877475245609,"Financial_Serv"
"WU","2017-09-26",11.1763381958008,11.3851861791199,11.1584376880017,11.3851861791199,3967200,"WU",-0.0157646597797639,1.20940353653766,"Financial_Serv"
"WU","2017-09-27",11.3374500274658,11.3493844585407,11.1823058378828,11.2181079929773,3541300,"WU",0.0144154399090726,1.22683762054444,"Financial_Serv"
"WU","2017-09-28",11.3732538223267,11.3911554715199,11.2897150690183,11.319550012877,3027800,"WU",0.00315801126127149,1.23071198756587,"Financial_Serv"
"WU","2017-09-29",11.4567890167236,11.4567890167236,11.3553486558104,11.3553486558104,2905300,"WU",0.00734488086716099,1.23975142049633,"Financial_Serv"
"WU","2017-10-02",11.576132774353,11.6119349288786,11.4448574490058,11.4746923880888,4540200,"WU",0.0104168591614271,1.25266573643881,"Financial_Serv"
"WU","2017-10-03",11.5641994476318,11.6238704696253,11.4985623477561,11.5761338796565,3277900,"WU",-0.00103085606858533,1.2513744183625,"Financial_Serv"
"WU","2017-10-04",11.5820989608765,11.588066175789,11.528395164794,11.564197316139,3916300,"WU",0.00154783851019574,1.25331134387791,"Financial_Serv"
"WU","2017-10-05",11.7253074645996,11.7849784692852,11.5462955886725,11.594032164795,3887700,"WU",0.0123646416946439,1.2688080895768,"Financial_Serv"
"WU","2017-10-06",11.6477355957031,11.7372415309042,11.5940318069566,11.7253071027094,2515100,"WU",-0.00661576416061455,1.26041395449108,"Financial_Serv"
"WU","2017-10-09",11.6477355957031,11.7014393844497,11.6178995252163,11.6716033139629,1882800,"WU",0,1.26041395449108,"Financial_Serv"
"WU","2017-10-10",11.6954765319824,11.7193442591432,11.6477399395307,11.6895093156597,2000400,"WU",0.00409873111275883,1.2655800523813,"Financial_Serv"
"WU","2017-10-11",11.7790145874023,11.7790145874023,11.6596736823981,11.6954758400864,3102600,"WU",0.00714276628160288,1.27461979490612,"Financial_Serv"
"WU","2017-10-12",11.7790145874023,11.7909490193418,11.7014430560561,11.7491796456838,2787900,"WU",0,1.27461979490612,"Financial_Serv"
"WU","2017-10-13",11.8088502883911,11.9281911895665,11.7909486410563,11.8088502883911,1934900,"WU",0.0025329539043681,1.27784834809221,"Financial_Serv"
"WU","2017-10-16",11.7909488677979,11.8625531822541,11.7253106311046,11.826751025026,2634000,"WU",-0.00151593255533606,1.27591121618056,"Financial_Serv"
"WU","2017-10-17",11.755145072937,11.8744859597818,11.7432106428136,11.7969144402392,3401400,"WU",-0.00303654907355448,1.27203684915913,"Financial_Serv"
"WU","2017-10-18",11.8088502883911,11.8804546014704,11.7790142094997,11.7790142094997,3712900,"WU",0.00456865611788518,1.27784834809221,"Financial_Serv"
"WU","2017-10-19",11.8506193161011,11.8565865317058,11.7193428490565,11.7730466513693,2580900,"WU",0.00353709520316492,1.28236821935462,"Financial_Serv"
"WU","2017-10-20",12.1191358566284,12.1668724380862,11.9162551009004,11.9341567457457,4094400,"WU",0.0226584394760296,1.31142468203885,"Financial_Serv"
"WU","2017-10-23",12.0535001754761,12.1728410739864,12.041565744186,12.1370389182463,2351800,"WU",-0.00541587138957974,1.30432217462381,"Financial_Serv"
"WU","2017-10-24",11.9938306808472,12.0773694342301,11.9699618152348,12.065435001424,2768900,"WU",-0.00495038733647751,1.29786527464787,"Financial_Serv"
"WU","2017-10-25",11.9520597457886,12.0236640570293,11.8685198651678,11.9878619014089,2693400,"WU",-0.0034827017464318,1.29334519698922,"Financial_Serv"
"WU","2017-10-26",12.0833349227905,12.0952693538902,11.9759273191538,11.9938289658033,2169400,"WU",0.0109834773080187,1.30755062461178,"Financial_Serv"
"WU","2017-10-27",12.0892972946167,12.1728360025834,11.9639880945372,12.137033861759,2405300,"WU",0.000493437603465428,1.3081958192584,"Financial_Serv"
"WU","2017-10-30",11.7670783996582,12.0117285272614,11.7491778925501,12.0057624503119,3172000,"WU",-0.0266532360902381,1.27332816723545,"Financial_Serv"
"WU","2017-10-31",11.8506193161011,11.8864214715996,11.6775734779532,11.7670794357645,2919500,"WU",0.00709954617497047,1.28236821935462,"Financial_Serv"
"WU","2017-11-01",11.9222249984741,11.958028296221,11.8327190303672,11.916257782183,3218700,"WU",0.00604235782646046,1.29011674700125,"Financial_Serv"
"WU","2017-11-02",11.981894493103,11.9997961396903,11.8207830882073,11.8923885364265,4774400,"WU",0.00500489586772126,1.29657364697719,"Financial_Serv"
"WU","2017-11-03",11.6358022689819,12.333950450646,11.5940329044761,11.9938271818073,7262900,"WU",-0.0288845995364347,1.25912263641476,"Financial_Serv"
"WU","2017-11-06",11.5940341949463,11.844651548006,11.4985610259835,11.5820997642935,5339800,"WU",-0.00358961703457161,1.25460286835047,"Financial_Serv"
"WU","2017-11-07",11.4329233169556,11.7014423282411,11.4209888857584,11.647738525984,4418000,"WU",-0.0138960154232553,1.23716888754181,"Financial_Serv"
"WU","2017-11-08",11.7849788665771,11.7909460810599,11.4150195355581,11.456790036937,4926800,"WU",0.0307931348668688,1.27526519594898,"Financial_Serv"
"WU","2017-11-09",11.981894493103,12.0236638636767,11.7133754849435,11.7133754849435,5372900,"WU",0.0167090351841311,1.29657364697719,"Financial_Serv"
"WU","2017-11-10",12.0176954269409,12.0594647932701,11.9878604904572,12.0176954269409,5479600,"WU",0.00298791930261932,1.30044770440426,"Financial_Serv"
"WU","2017-11-13",11.6477355957031,11.9938260464423,11.6358011675084,11.9818916182476,3133700,"WU",-0.0307845903972926,1.26041395449108,"Financial_Serv"
"WU","2017-11-14",11.7253074645996,11.7849784692852,11.6059665933581,11.623867098073,2996600,"WU",0.00665982398545352,1.2688080895768,"Financial_Serv"
"WU","2017-11-15",11.6954765319824,11.7193442591432,11.5522667546271,11.6656404503687,3213300,"WU",-0.00254414928625551,1.2655800523813,"Financial_Serv"
"WU","2017-11-16",11.7969150543213,11.8506188545424,11.7133751772385,11.7790134082043,2399300,"WU",0.00867331246071707,1.27655682361966,"Financial_Serv"
"WU","2017-11-17",11.7432117462158,11.8207832730471,11.6537057881397,11.7432117462158,2463800,"WU",-0.00455231794568164,1.27074553108281,"Financial_Serv"
"WU","2017-11-20",11.7432117462158,11.8267504886695,11.6895079437442,11.7730466861979,2029800,"WU",0,1.27074553108281,"Financial_Serv"
"WU","2017-11-21",11.755145072937,11.8386838075413,11.7312762126901,11.7491778578753,2155700,"WU",0.00101618935084236,1.27203684915913,"Financial_Serv"
"WU","2017-11-22",11.6656379699707,11.7790127797362,11.6358030328308,11.7670783496283,1831500,"WU",-0.00761429164939649,1.26235118960085,"Financial_Serv"
"WU","2017-11-24",11.7253074645996,11.7551435360073,11.6358015266361,11.6835381027586,1551200,"WU",0.00511497911923081,1.2688080895768,"Financial_Serv"
"WU","2017-11-27",11.6238670349121,11.7730439767507,11.5761304590489,11.7372418293858,2838600,"WU",-0.00865140892840237,1.2578311119422,"Financial_Serv"
"WU","2017-11-28",11.7491779327393,11.755145147839,11.6119342617049,11.6477375523034,2692100,"WU",0.0107804827301258,1.27139113852191,"Financial_Serv"
"WU","2017-11-29",11.755145072937,11.844651022603,11.7253089976284,11.7670783649306,3982800,"WU",0.000507877251660849,1.27203684915913,"Financial_Serv"
"WU","2017-11-30",11.7491779327393,11.928189833212,11.7014413500712,11.7849800852078,4978200,"WU",-0.000507619443293099,1.27139113852191,"Financial_Serv"
"WU","2017-12-01",11.7611103057861,11.8386829578913,11.5761312046681,11.7312753707486,5169800,"WU",0.00101559216442074,1.27268235340011,"Financial_Serv"
"WU","2017-12-04",11.7611103057861,11.8625506782953,11.7133737268483,11.8386829578913,6123400,"WU",0,1.27268235340011,"Financial_Serv"
"WU","2017-12-05",11.6656379699707,11.8565854373078,11.6477374629387,11.7730455646822,4829600,"WU",-0.00811762948677218,1.26235118960085,"Financial_Serv"
"WU","2017-12-06",11.576132774353,11.7432113923558,11.576132774353,11.6716059451746,4390100,"WU",-0.00767255042956734,1.25266573643882,"Financial_Serv"
"WU","2017-12-07",11.6477355957031,11.7074065985471,11.5522624464047,11.5701629505671,3827800,"WU",0.00618538355993411,1.26041395449108,"Financial_Serv"
"WU","2017-12-08",11.5701694488525,11.683544304119,11.5522689346365,11.683544304119,3210900,"WU",-0.00665933272722985,1.25202043859408,"Financial_Serv"
"WU","2017-12-11",11.6537065505981,11.7551469465559,11.5821010965744,11.623870470534,4719600,"WU",0.00722004134121737,1.26106007792078,"Financial_Serv"
"WU","2017-12-12",11.6358022689819,11.7312754273181,11.5224274666591,11.6298350543197,3672200,"WU",-0.00153635940106043,1.25912263641476,"Financial_Serv"
"WU","2017-12-13",11.5582294464111,11.7372413134974,11.5403278044506,11.6298337379938,3591400,"WU",-0.00666673605975499,1.25072839813092,"Financial_Serv"
"WU","2017-12-14",11.5462961196899,11.7372424329618,11.3672830974002,11.3732503119562,6245400,"WU",-0.00103245283168321,1.2494370800546,"Financial_Serv"
"WU","2017-12-15",11.7299528121948,11.8865128988278,11.5372638281902,11.6396299945073,18819900,"WU",0.0159061131466819,1.26931076761961,"Financial_Serv"
"WU","2017-12-18",11.7781248092651,11.8865126476062,11.7540392610321,11.8142548543901,5311400,"WU",0.00410675113886489,1.27452351106011,"Financial_Serv"
"WU","2017-12-19",11.7961931228638,11.8804942879742,11.7419991885736,11.7961931228638,4211000,"WU",0.00153405689710637,1.27647870264277,"Financial_Serv"
"WU","2017-12-20",11.723934173584,11.8503870699029,11.6998486186053,11.820278690533,3201100,"WU",-0.00612561599553084,1.26865948428391,"Financial_Serv"
"WU","2017-12-21",11.5974798202515,11.7600615867707,11.5854364712092,11.7480182377285,4371500,"WU",-0.0107859999433844,1.25497572315825,"Financial_Serv"
"WU","2017-12-22",11.4890909194946,11.7118882622221,11.4168319804023,11.6396293231298,3160200,"WU",-0.00934590121619076,1.24324684402089,"Financial_Serv"
"WU","2017-12-26",11.3746852874756,11.5011381868512,11.3505997319147,11.4710298067536,2103800,"WU",-0.00995776191699555,1.23086688794408,"Financial_Serv"
"WU","2017-12-27",11.3204917907715,11.4228579900383,11.2723195292646,11.3987724335435,2929600,"WU",-0.00476439526320546,1.22500255157352,"Financial_Serv"
"WU","2017-12-28",11.4830732345581,11.4890949106174,11.3505998068061,11.3746853625259,2969700,"WU",0.0143616944203041,1.24259566388331,"Financial_Serv"
"WU","2017-12-29",11.4469423294067,11.5312434824926,11.4469423294067,11.4890929059497,2825800,"WU",-0.00314644907450663,1.2386858999067,"Financial_Serv"
"WU","2018-01-02",11.4890909194946,11.5191981408149,11.4228536543698,11.4770475715598,6822500,"WU",0.00368208285452898,1.24324684402089,"Financial_Serv"
"WU","2018-01-03",11.4830732345581,11.6576983947249,11.4830732345581,11.5312454945149,6250400,"WU",-0.000523773811060426,1.24259566388331,"Financial_Serv"
"WU","2018-01-04",11.7118902206421,11.7359757720224,11.4108133630268,11.5432867669114,9184200,"WU",0.0199264588329337,1.26735619522567,"Financial_Serv"
"WU","2018-01-05",12.4043674468994,12.4284529996068,11.6938258400157,11.7118908659341,16589600,"WU",0.0591260004330334,1.34228989817339,"Financial_Serv"
"WU","2018-01-08",12.940281867981,13.3738320847698,12.7837217803446,13.0004974629975,23503200,"WU",0.0432036880055097,1.40028177214702,"Financial_Serv"
"WU","2018-01-09",12.6693134307861,12.958346909047,12.6392050589775,12.9463035603235,6739500,"WU",-0.0209399176895289,1.37095998709611,"Financial_Serv"
"WU","2018-01-10",12.7837219238281,12.8078086215119,12.4645812191371,12.5308173407335,6453600,"WU",0.00903036251072471,1.38334025276729,"Financial_Serv"
"WU","2018-01-11",12.7536153793335,12.8800671033555,12.6693142299855,12.8258731791984,4058200,"WU",-0.0023550687877927,1.3800823913151,"Financial_Serv"
"WU","2018-01-12",12.7174873352051,12.8138318405196,12.6452283819606,12.7777017896388,3665200,"WU",-0.00283276883094353,1.37617293693285,"Financial_Serv"
"WU","2018-01-16",12.4164113998413,12.7295304913299,12.3682391435725,12.7174882886506,8158200,"WU",-0.0236741682871835,1.34359318723163,"Financial_Serv"
"WU","2018-01-17",12.1875915527344,12.3321083124288,12.0490964682585,12.3260866372102,8384900,"WU",-0.0184288229294543,1.31883234629492,"Financial_Serv"
"WU","2018-01-18",12.1574850082397,12.2417861690021,12.1213549548983,12.1695272108364,6504200,"WU",-0.00247026201726249,1.31557448484273,"Financial_Serv"
"WU","2018-01-19",12.1875915527344,12.2237204555287,12.1213542738472,12.2116782536087,4212900,"WU",0.00247637932304454,1.31883234629492,"Financial_Serv"
"WU","2018-01-22",12.3742561340332,12.4043645034193,12.1875888379067,12.1875888379067,4526900,"WU",0.0153159531554,1.3390315207306,"Financial_Serv"
"WU","2018-01-23",12.48264503479,12.536838955805,12.3321066205301,12.3561933180998,4241700,"WU",0.00875922557144517,1.35076039986795,"Financial_Serv"
"WU","2018-01-24",12.3561944961548,12.5910340772648,12.3501728211882,12.5247968011498,4187400,"WU",-0.0101301077041626,1.33707705153477,"Financial_Serv"
"WU","2018-01-25",12.5247955322266,12.530817206583,12.3321065468872,12.3983438162915,3745600,"WU",0.0136450616833723,1.35532155037838,"Financial_Serv"
"WU","2018-01-26",12.7415752410889,12.7536185936073,12.5127572858255,12.5850151039014,3667500,"WU",0.0173080437364846,1.37877951504933,"Financial_Serv"
"WU","2018-01-29",12.5428628921509,12.73555191339,12.5127556632762,12.73555191339,3536700,"WU",-0.0155955872941976,1.35727663876293,"Financial_Serv"
"WU","2018-01-30",12.4043674468994,12.5488842086952,12.3501735176614,12.4404963502191,3387600,"WU",-0.0110417730339804,1.34228989817339,"Financial_Serv"
"WU","2018-01-31",12.5187768936157,12.6090997255453,12.4284529131691,12.4344745884333,4503700,"WU",0.00922331970623027,1.35467026704268,"Financial_Serv"
"WU","2018-02-01",12.4585609436035,12.5549054481225,12.4224308930211,12.4706031452806,6317900,"WU",-0.00481005057633991,1.34815423454394,"Financial_Serv"
"WU","2018-02-02",12.2116785049438,12.446518100716,12.2116785049438,12.3863024958081,6520700,"WU",-0.019816288556699,1.32143882121328,"Financial_Serv"
"WU","2018-02-05",11.7660875320435,12.1875945648639,11.7600658553366,12.1334006230199,5493200,"WU",-0.036488921053727,1.2732209443887,"Financial_Serv"
"WU","2018-02-06",11.9286623001099,11.9647923424535,11.4288748661916,11.6095216323591,7243000,"WU",0.0138172325867587,1.29081333431165,"Financial_Serv"
"WU","2018-02-07",11.7359752655029,12.0731810098936,11.6998463657332,11.8804920130989,4430800,"WU",-0.0161532810435214,1.26996246374779,"Financial_Serv"
"WU","2018-02-08",11.3265104293823,11.7419967912737,11.3265104293823,11.7239317673595,7526600,"WU",-0.0348897153289168,1.22565383490922,"Financial_Serv"
"WU","2018-02-09",11.6576976776123,11.7359771645329,11.1699522834707,11.428878595505,7548000,"WU",0.0292400073522063,1.26149196205323,"Financial_Serv"
"WU","2018-02-12",11.9045791625977,12.0069453395845,11.6817817837968,11.7179106849342,7008900,"WU",0.0211775508177286,1.28820727218577,"Financial_Serv"
"WU","2018-02-13",11.8925352096558,11.9949013814517,11.7961907124969,11.7961907124969,7356300,"WU",-0.00101170757717625,1.28690398312752,"Financial_Serv"
"WU","2018-02-14",12.2237205505371,12.4886685196281,11.9407087041671,12.3441517588104,13492300,"WU",0.0278481698849588,1.32274190387529,"Financial_Serv"
"WU","2018-02-15",12.1635036468506,12.3682359705998,12.1032880548331,12.3140420526358,7922400,"WU",-0.00492623366491125,1.31622576817843,"Financial_Serv"
"WU","2018-02-16",12.1996297836304,12.3140392677374,12.1093069902897,12.1333925325395,7246400,"WU",0.00297004365096228,1.32013501616444,"Financial_Serv"
"WU","2018-02-20",12.1936130523682,12.3441514851134,12.1514624749622,12.1875913772363,3932900,"WU",-0.000493189659761673,1.31948393922498,"Financial_Serv"
"WU","2018-02-21",12.0972719192505,12.2959826599216,12.0972719192505,12.2056598048016,3709800,"WU",-0.00790095049793015,1.30905876193835,"Financial_Serv"
"WU","2018-02-22",12.0972719192505,12.2718959526803,12.0792068888195,12.1635092156467,4950200,"WU",0,1.30905876193835,"Financial_Serv"
"WU","2018-02-23",12.1875915527344,12.1996349031715,12.0551181434771,12.1936132279529,3527500,"WU",0.00746611583890748,1.31883234629492,"Financial_Serv"
"WU","2018-02-26",12.2237205505371,12.2839361546738,12.1514627443868,12.2297422258025,2983800,"WU",0.00296440832025,1.32274190387529,"Financial_Serv"
"WU","2018-02-27",12.037052154541,12.2718917266865,12.0250088050677,12.2237194773101,5283000,"WU",-0.0152709966842208,1.30254231664713,"Financial_Serv"
"WU","2018-02-28",11.9346828460693,12.1333934661148,11.8925322825016,12.1032862488569,5540100,"WU",-0.00850451648438364,1.2914648240436,"Financial_Serv"
"WU","2018-03-01",11.8383407592773,12.0490947681214,11.7419962664087,11.9467286008838,5527500,"WU",-0.00807244633431732,1.28103954355885,"Financial_Serv"
"WU","2018-03-02",11.9647970199585,11.9768392235973,11.735977923062,11.772106831013,3105000,"WU",0.0106819243720496,1.29472351108075,"Financial_Serv"
"WU","2018-03-05",11.9828548431396,12.0852209876925,11.8443598088965,11.8865103716212,7196900,"WU",0.00150924609510968,1.29667756748409,"Financial_Serv"
"WU","2018-03-06",11.9828548431396,12.0430704249678,11.8744670255523,12.0189837328299,2926500,"WU",0,1.29667756748409,"Financial_Serv"
"WU","2018-03-07",12.018988609314,12.0490969867023,11.898558545312,11.9045802207897,2503300,"WU",0.00301545555273112,1.30058764105506,"Financial_Serv"
"WU","2018-03-08",11.8383407592773,12.0310297450147,11.8022118615808,12.0250080706458,4136300,"WU",-0.0150302039471633,1.28103954355885,"Financial_Serv"
"WU","2018-03-09",12.1454391479492,12.1514608222621,11.922641792441,11.9346851410667,4359100,"WU",0.0259409992427538,1.31427098938824,"Financial_Serv"
"WU","2018-03-12",12.1213550567627,12.2658729743086,12.0792044760273,12.1695273131056,5393000,"WU",-0.00198297409366133,1.31166482406424,"Financial_Serv"
"WU","2018-03-13",12.2658720016479,12.3742587084367,12.181569698345,12.181569698345,6244600,"WU",0.0119225073606458,1.32730315758384,"Financial_Serv"
"WU","2018-03-14",12.2297430038452,12.3561958954287,12.1815707471747,12.3381308684833,5849100,"WU",-0.00294548955001979,1.32339360000347,"Financial_Serv"
"WU","2018-03-15",12.1689605712891,12.3330776966452,12.0413135317799,12.2540578247197,5321700,"WU",-0.00497004986425646,1.31681626782141,"Financial_Serv"
"WU","2018-03-16",12.1811151504517,12.2905253855146,12.1750366108321,12.1993496099474,19634600,"WU",0.000998818189227654,1.31813152786159,"Financial_Serv"
"WU","2018-03-19",11.9379787445068,12.1628800831772,11.8650385844904,12.1568015432821,4027000,"WU",-0.0199601106254881,1.29182147674652,"Financial_Serv"
"WU","2018-03-20",12.0048408508301,12.1142522440825,11.901507997132,11.9379780750952,4554300,"WU",0.00560078952678721,1.29905669694397,"Financial_Serv"
"WU","2018-03-21",11.9622936248779,12.0717050308581,11.9319009235706,12.0230778681295,2549500,"WU",-0.00354417242850883,1.29445261601559,"Financial_Serv"
"WU","2018-03-22",11.7617053985596,12.0169982702575,11.7556268588331,11.8407240962781,4543200,"WU",-0.0167683750799426,1.27274674902702,"Financial_Serv"
"WU","2018-03-23",11.5489616394043,11.7738629814492,11.5368045594315,11.7738629814492,3654900,"WU",-0.0180878326693447,1.24972551880017,"Financial_Serv"
"WU","2018-03-26",11.676607131958,11.7252354503122,11.4517069563846,11.6522941321438,3559100,"WU",0.0110525514361562,1.26353817437779,"Financial_Serv"
"WU","2018-03-27",11.4821004867554,11.7252374832295,11.4152388561518,11.6826876972923,5902600,"WU",-0.0166578050459783,1.24249040180085,"Financial_Serv"
"WU","2018-03-28",11.6826848983765,11.7617047511081,11.5003333540714,11.5185689722471,5863200,"WU",0.0174693133762824,1.26419585599693,"Financial_Serv"
"WU","2018-03-29",11.6887636184692,11.8650377854703,11.6826850789834,11.7313122355073,3681100,"WU",0.00052031875768713,1.2648536408142,"Financial_Serv"
"WU","2018-04-02",11.5064134597778,11.6948435691249,11.4030805947753,11.6644520273912,3916800,"WU",-0.0156004659383545,1.24512133467367,"Financial_Serv"
"WU","2018-04-03",11.3605298995972,11.3969999748953,11.172098665271,11.24503997523,7619100,"WU",-0.0126784562966227,1.22933511824802,"Financial_Serv"
"WU","2018-04-04",11.6036643981934,11.6462130079484,11.2024901356991,11.2024901356991,5699300,"WU",0.021401686430561,1.25564496296684,"Financial_Serv"
"WU","2018-04-05",11.5975866317749,11.7009194734998,11.4638622551626,11.6826838569497,4687200,"WU",-0.000523779920712229,1.2549872813477,"Financial_Serv"
"WU","2018-04-06",11.3362216949463,11.6158288439995,11.2207317099441,11.5611231226492,4014000,"WU",-0.0225361486942921,1.2267047013658,"Financial_Serv"
"WU","2018-04-09",11.372688293457,11.5003353238239,11.3544538315211,11.390923914756,3267000,"WU",0.00321682122068935,1.23065079108067,"Financial_Serv"
"WU","2018-04-10",11.5732755661011,11.6036671060576,11.4699427071408,11.5064127869612,3866200,"WU",0.0176376303885375,1.25235655487111,"Financial_Serv"
"WU","2018-04-11",11.5003337860107,11.6158237200684,11.4638637076525,11.5064123256309,3185500,"WU",-0.00630260462336035,1.24446344665829,"Financial_Serv"
"WU","2018-04-12",11.5550403594971,11.5975889807021,11.5003346581297,11.5671974396594,2038600,"WU",0.00475695527662635,1.25038330361744,"Financial_Serv"
"WU","2018-04-13",11.4760189056396,11.6279789084966,11.4395488295756,11.6279789084966,2712300,"WU",-0.00683869994382791,1.24183230738923,"Financial_Serv"
"WU","2018-04-16",11.6340599060059,11.6401384465281,11.5064140331286,11.5064140331286,4939300,"WU",0.0137714133852241,1.25893409344941,"Financial_Serv"
"WU","2018-04-17",11.7981748580933,11.8285663957671,11.6583719298131,11.6887634674869,4406500,"WU",0.0141064214395768,1.27669314833626,"Financial_Serv"
"WU","2018-04-18",11.7738590240479,11.8589562365289,11.7617019481613,11.8285635468124,3605000,"WU",-0.00206098268061607,1.27406190586908,"Financial_Serv"
"WU","2018-04-19",11.7981748580933,11.8771947110258,11.7130776251163,11.7799392398713,3261600,"WU",0.00206523910263794,1.27669314833626,"Financial_Serv"
"WU","2018-04-20",11.5975866317749,11.8224879317748,11.5550380191875,11.7981737763747,2998100,"WU",-0.0170016319245142,1.2549872813477,"Financial_Serv"
"WU","2018-04-23",11.6340599060059,11.6948441518649,11.5550411979433,11.6158254438023,2609700,"WU",0.00314490207221458,1.25893409344941,"Financial_Serv"
"WU","2018-04-24",11.5611181259155,11.7495482183695,11.4942553488603,11.7130781396861,3915900,"WU",-0.00626967547697406,1.25104098523658,"Financial_Serv"
"WU","2018-04-25",11.6401376724243,11.6887648340051,11.5064132679179,11.5550404294987,3673400,"WU",0.00683493980843064,1.25959177506855,"Financial_Serv"
"WU","2018-04-26",11.9015083312988,11.9258224901989,11.6462154596627,11.7069996975499,4490600,"WU",0.0224542583799248,1.28787497423917,"Financial_Serv"
"WU","2018-04-27",11.7556238174438,11.9379753246093,11.7313096648284,11.9379753246093,3092600,"WU",-0.0122576491814345,1.2720886546154,"Financial_Serv"
"WU","2018-04-30",12.0048408508301,12.0169979299388,11.749547986362,11.7981751434338,5153100,"WU",0.0211998135748801,1.29905669694397,"Financial_Serv"
"WU","2018-05-01",12.1020946502686,12.2175845781635,11.9197431088452,11.9744488031447,7472300,"WU",0.00810121522200371,1.30958063483149,"Financial_Serv"
"WU","2018-05-02",11.7009229660034,12.3513117453689,11.676608803346,12.2358217914724,7339500,"WU",-0.0331489461831497,1.26616941684497,"Financial_Serv"
"WU","2018-05-03",11.7920989990234,11.8042560806014,11.5671987866466,11.6279818758102,5418600,"WU",0.00779220863900463,1.27603567311335,"Financial_Serv"
"WU","2018-05-04",11.9197444915771,11.9744501922228,11.6279803683461,11.7191573089975,4795000,"WU",0.0108246625612863,1.28984832869097,"Financial_Serv"
"WU","2018-05-07",12.0230760574341,12.0534675948013,11.840723355142,11.9501347446447,6751500,"WU",0.00866894134601214,1.30102994819764,"Financial_Serv"
"WU","2018-05-08",11.9866065979004,12.0656264617474,11.9136664336633,11.9805280576535,3916300,"WU",-0.00303328859931329,1.29708354888841,"Financial_Serv"
"WU","2018-05-09",12.1081762313843,12.1324892353127,11.9744518113704,12.0109218969445,3620000,"WU",0.01014212258415,1.31023872924312,"Financial_Serv"
"WU","2018-05-10",12.1932725906372,12.2236652925244,12.1081753440792,12.1081753440792,2827000,"WU",0.00702800798623667,1.31944709749612,"Financial_Serv"
"WU","2018-05-11",12.0838603973389,12.1750373377125,12.0534688567896,12.1750373377125,3864000,"WU",-0.00897316060844516,1.30760748677594,"Financial_Serv"
"WU","2018-05-14",12.0048408508301,12.1264093231912,11.9379780750952,12.1020951649738,5085900,"WU",-0.00653926343986818,1.29905669694396,"Financial_Serv"
"WU","2018-05-15",12.1750364303589,12.1750364303589,11.88935086929,11.9258221064666,3652300,"WU",0.0141772457997259,1.31747374304432,"Financial_Serv"
"WU","2018-05-16",12.1689605712891,12.3087635331718,12.1081763219687,12.1750391121574,4001700,"WU",-0.000499042372856795,1.31681626782141,"Financial_Serv"
"WU","2018-05-17",12.2236633300781,12.2479763283215,12.1203304789774,12.168957634827,3845400,"WU",0.00449526962213403,1.32273571198808,"Financial_Serv"
"WU","2018-05-18",12.2115097045898,12.2783724975523,12.1507254527479,12.1871955401078,3196100,"WU",-0.000994270306707112,1.32142055514603,"Financial_Serv"
"WU","2018-05-21",12.2418985366821,12.3026827750477,12.1871928380894,12.2783697753192,3039900,"WU",0.00248854014183546,1.32470896324176,"Financial_Serv"
"WU","2018-05-22",12.2783679962158,12.3330736868818,12.2479753017554,12.2479753017554,4248300,"WU",0.00297906892663853,1.32865536255099,"Financial_Serv"
"WU","2018-05-23",12.2297430038452,12.2783701642052,12.1689587635545,12.1993503040184,3221400,"WU",-0.00396021624254882,1.32339360000347,"Financial_Serv"
"WU","2018-05-24",12.1932725906372,12.2601353754259,12.0656267208002,12.2054296713921,4319100,"WU",-0.00298210789846859,1.31944709749612,"Financial_Serv"
"WU","2018-05-25",12.1568012237549,12.241898461325,12.0960169857635,12.1689583032257,3052200,"WU",-0.00299110567825157,1.31550049179064,"Financial_Serv"
"WU","2018-05-29",11.9744491577148,12.150722165062,11.9197434617954,12.0717034706021,4504800,"WU",-0.01500000392239,1.29576797925388,"Financial_Serv"
"WU","2018-05-30",12.126410484314,12.1689591059056,12.0230776207216,12.0534691620405,3578800,"WU",0.0126904648888351,1.31221187729868,"Financial_Serv"
"WU","2018-05-31",12.0899391174316,12.1507233587986,12.0595475764297,12.1324877385796,5190200,"WU",-0.0030075979144448,1.3082652715932,"Financial_Serv"
"WU","2018-06-01",12.1932725906372,12.2905269179501,12.1446454269808,12.1568025077356,3524200,"WU",0.00854706315737993,1.31944709749612,"Financial_Serv"
"WU","2018-06-04",12.3756265640259,12.4242537325552,12.2115094354782,12.2236665174513,3227900,"WU",0.0149552937517935,1.33917981642912,"Financial_Serv"
"WU","2018-06-05",12.5336647033691,12.6552320406635,12.3999391251733,12.42425328825,9626000,"WU",0.0127701121656866,1.35628129289495,"Financial_Serv"
"WU","2018-06-06",12.7342481613159,12.7342481613159,12.5154253955167,12.5762096259457,3543000,"WU",0.0160035761841354,1.37798664389291,"Financial_Serv"
"WU","2018-06-07",12.6309156417847,12.7889541812137,12.5701314097946,12.7281699492236,3698400,"WU",-0.0081145363450002,1.36680492118811,"Financial_Serv"
"WU","2018-06-08",12.6491546630859,12.7160174583324,12.5519003205619,12.6126845744802,4232500,"WU",0.00144399834648032,1.36877858523427,"Financial_Serv"
"WU","2018-06-11",12.6977777481079,12.7403263643493,12.6248375943692,12.6552291318665,6489600,"WU",0.00384397901022347,1.37404014138555,"Financial_Serv"
"WU","2018-06-12",12.8254270553589,12.8679756792278,12.7038585648508,12.7099371053125,4685800,"WU",0.0100528856137837,1.38785320975565,"Financial_Serv"
"WU","2018-06-13",12.7464065551758,12.8375834982066,12.6977793932621,12.8254264178874,3833000,"WU",-0.00616123734843497,1.37930231672556,"Financial_Serv"
"WU","2018-06-14",12.6728010177612,12.9610976208888,12.6666668981249,12.8138822595068,4724900,"WU",-0.0057746108360762,1.37133738262117,"Financial_Serv"
"WU","2018-06-15",12.691201210022,12.709602395826,12.5255835180052,12.6605306170762,5742800,"WU",0.00145194359439195,1.37332848714962,"Financial_Serv"
"WU","2018-06-18",12.7341346740723,12.826144082664,12.6298570323448,12.6298570323448,3977500,"WU",0.00338293147668239,1.37797436331662,"Financial_Serv"
"WU","2018-06-19",12.8813524246216,12.9058888955842,12.6053229761086,12.6237253293306,5695800,"WU",0.0115608758912424,1.39390495391224,"Financial_Serv"
"WU","2018-06-20",12.9917659759521,13.1083118889935,12.8813541814881,12.8874883000654,7243500,"WU",0.008571580661012,1.40585292265848,"Financial_Serv"
"WU","2018-06-21",12.9304246902466,13.1083106016271,12.9058893883106,13.0163000019677,2932300,"WU",-0.00472155100539138,1.39921511637807,"Financial_Serv"
"WU","2018-06-22",12.967230796814,13.0469731763198,12.9426954900177,12.9979013927638,4130400,"WU",0.0028464731398301,1.40319794462368,"Financial_Serv"
"WU","2018-06-25",12.7464056015015,12.8936209203588,12.6605291213622,12.8813526846298,3934100,"WU",-0.0170294798305554,1.37930221352744,"Financial_Serv"
"WU","2018-06-26",12.6482639312744,12.8016133907372,12.6421298125003,12.7586745593183,4446900,"WU",-0.00769955650991446,1.36868219819013,"Financial_Serv"
"WU","2018-06-27",12.4581089019775,12.7157360229473,12.4519747836255,12.6727983644463,4178100,"WU",-0.0150340813830342,1.34810531863503,"Financial_Serv"
"WU","2018-06-28",12.4519777297974,12.5133177578679,12.3415670832269,12.4151741809406,4466900,"WU",-0.000492143087559826,1.34744185792116,"Financial_Serv"
"WU","2018-06-29",12.4703788757324,12.562388323903,12.4151729728374,12.4642447565259,3382000,"WU",0.00147776894035274,1.34943306564773,"Financial_Serv"
"WU","2018-07-02",12.5378503799438,12.5439844978602,12.3415632864749,12.4090362436278,3034800,"WU",0.00541054164302309,1.35673422944389,"Financial_Serv"
"WU","2018-07-03",12.335431098938,12.593058241923,12.3231628611855,12.5746558852943,2162500,"WU",-0.0161446559714621,1.33483022206481,"Financial_Serv"
"WU","2018-07-05",12.4519777297974,12.4765142090111,12.2618246957462,12.3661023924769,4133900,"WU",0.00944811980421252,1.34744185792116,"Financial_Serv"
"WU","2018-07-06",12.4213056564331,12.5501186349914,12.3967691824429,12.458109197455,3277000,"WU",-0.00246322905724928,1.34412279998378,"Financial_Serv"
"WU","2018-07-09",12.4519777297974,12.501049518261,12.3722365122803,12.4274424205474,3815200,"WU",0.00246931153717906,1.34744185792116,"Financial_Serv"
"WU","2018-07-10",12.5378503799438,12.5685197995621,12.4274385973767,12.4397068332094,3292000,"WU",0.00689630611376638,1.35673422944389,"Financial_Serv"
"WU","2018-07-11",12.4519777297974,12.5746577859383,12.4519777297974,12.501049518261,2454400,"WU",-0.0068490728110658,1.34744185792116,"Financial_Serv"
"WU","2018-07-12",12.5194501876831,12.5501196125965,12.3845030801154,12.5194501876831,2319700,"WU",0.00541861376159401,1.35474312491544,"Financial_Serv"
"WU","2018-07-13",12.4887838363647,12.5317215097962,12.4213096809931,12.5194532688261,2668800,"WU",-0.00244949665190006,1.35142468616678,"Financial_Serv"
"WU","2018-07-16",12.433575630188,12.5439874386398,12.3722356066077,12.4949156537683,2412800,"WU",-0.00442062308869523,1.34545054699648,"Financial_Serv"
"WU","2018-07-17",12.513313293457,12.5562509467983,12.2924909091359,12.2924909091359,3899700,"WU",0.00641309190860951,1.35407904501285,"Financial_Serv"
"WU","2018-07-18",12.3660974502563,12.5255809915151,12.2618197952011,12.4826433400153,5118400,"WU",-0.0117647372640834,1.33814866081348,"Financial_Serv"
"WU","2018-07-19",12.4458389282227,12.4581059920981,12.3231589297629,12.3354271636015,3821800,"WU",0.00644839475728501,1.34677757162233,"Financial_Serv"
"WU","2018-07-20",12.4397087097168,12.4887804904864,12.3967698778253,12.4397087097168,2744600,"WU",-0.00049255165049246,1.34611421410659,"Financial_Serv"
"WU","2018-07-23",12.396767616272,12.4642417412572,12.3906346685127,12.4397064403301,2247800,"WU",-0.00345193721548178,1.34146751235462,"Financial_Serv"
"WU","2018-07-24",12.4029026031494,12.4642426147105,12.3231614070944,12.4397073120641,4437400,"WU",0.000494886011204133,1.34213138586097,"Financial_Serv"
"WU","2018-07-25",12.5071783065796,12.5194465409568,12.3599630039427,12.3783653555085,3464900,"WU",0.00840736291871691,1.35341517150651,"Financial_Serv"
"WU","2018-07-26",12.513313293457,12.6359933058291,12.4581074048859,12.4949121105755,2441600,"WU",0.000490517263531296,1.35407904501285,"Financial_Serv"
"WU","2018-07-27",12.4274349212646,12.580784313921,12.3476925819041,12.5255784389677,2390700,"WU",-0.00686296028704779,1.34478605430141,"Financial_Serv"
"WU","2018-07-30",12.335431098938,12.433574661031,12.2188851802162,12.4274405421548,3714100,"WU",-0.00740328337340411,1.33483022206481,"Financial_Serv"
"WU","2018-07-31",12.3660974502563,12.4090351017562,12.2495515604974,12.3538292155526,5598100,"WU",0.00248603806971931,1.33814866081348,"Financial_Serv"
"WU","2018-08-01",12.3599653244019,12.5194488913574,12.2618217708851,12.3599653244019,5025400,"WU",-0.000495882058115681,1.33748509690149,"Financial_Serv"
"WU","2018-08-02",12.629861831665,12.7586748186495,12.3047605498091,12.3354311443032,8278200,"WU",0.0218363482566036,1.36669088726545,"Financial_Serv"
"WU","2018-08-03",11.8999195098877,12.1698149244521,11.7220347200356,11.9673936560197,15753900,"WU",-0.0577949570237787,1.28770304617115,"Financial_Serv"
"WU","2018-08-06",11.7036266326904,11.9305842686173,11.6238854562618,11.8876454521185,9558500,"WU",-0.0164953113366998,1.26646198351534,"Financial_Serv"
"WU","2018-08-07",11.7588348388672,11.869246620353,11.697494830268,11.697494830268,7536200,"WU",0.00471718792041357,1.27243612268564,"Financial_Serv"
"WU","2018-08-08",11.7465677261353,11.8201759774839,11.7281665407707,11.771104199906,5381600,"WU",-0.00104322519195408,1.2711086852673,"Financial_Serv"
"WU","2018-08-09",11.6054859161377,11.7772377138264,11.5870835617542,11.7465671231873,3612300,"WU",-0.0120104709125936,1.25584207137616,"Financial_Serv"
"WU","2018-08-10",11.5564136505127,11.6054854234887,11.4889395239344,11.531877179043,4367200,"WU",-0.00422836803039534,1.25053190891032,"Financial_Serv"
"WU","2018-08-13",11.5012083053589,11.5625483169801,11.3846624002748,11.5625483169801,3684200,"WU",-0.00477703090451071,1.24455807933438,"Financial_Serv"
"WU","2018-08-14",11.5380125045776,11.5993525197089,11.4828066079558,11.5134772005032,3855900,"WU",0.00320002892231779,1.24854070118376,"Financial_Serv"
"WU","2018-08-15",11.5932159423828,11.6729582961299,11.4521347564774,11.4828041725565,6612500,"WU",0.00478448413739144,1.25451432436346,"Financial_Serv"
"WU","2018-08-16",11.5686817169189,11.7404323348396,11.5441452458084,11.6606911436569,5382400,"WU",-0.00211625709257897,1.25185944952678,"Financial_Serv"
"WU","2018-08-17",11.5993509292603,11.7772368317537,11.5196097394978,11.5196097394978,5583200,"WU",0.00265105507194096,1.25517819786981,"Financial_Serv"
"WU","2018-08-20",11.6361560821533,11.7158984529593,11.5809501854302,11.6054866595131,3985200,"WU",0.0031730355532414,1.2591609229173,"Financial_Serv"
"WU","2018-08-21",11.5870847702026,11.7036306868592,11.5564153463284,11.6484247879147,3760600,"WU",-0.00421714109059998,1.25385086364959,"Financial_Serv"
"WU","2018-08-22",11.6361560821533,11.7281666900008,11.5564148813108,11.5809501854302,3214500,"WU",0.00423500068601167,1.2591609229173,"Financial_Serv"
"WU","2018-08-23",11.5870847702026,11.6913624493241,11.5318788712581,11.6545589066823,3229200,"WU",-0.00421714109059998,1.25385086364959,"Financial_Serv"
"WU","2018-08-24",11.5441493988037,11.6116235486682,11.5134799688455,11.6116235486682,3039500,"WU",-0.00370545070226279,1.24920478108634,"Financial_Serv"
"WU","2018-08-27",11.5564136505127,11.6116195413562,11.4828054060669,11.574816004115,4552500,"WU",0.00106237811772042,1.25053190891032,"Financial_Serv"
"WU","2018-08-28",11.5380125045776,11.6361560608023,11.5073430819937,11.5625489786155,3432100,"WU",-0.00159228861925016,1.24854070118376,"Financial_Serv"
"WU","2018-08-29",11.5870847702026,11.6484247879147,11.5073435661514,11.5257459224541,3023700,"WU",0.00425309520210096,1.25385086364959,"Financial_Serv"
"WU","2018-08-30",11.5318794250488,11.6484253473023,11.4950758806396,11.5625500203595,3794100,"WU",-0.00476438605988063,1.24787703407365,"Financial_Serv"
"WU","2018-08-31",11.6054859161377,11.6545576911968,11.4828058935082,11.4950741297638,3943200,"WU",0.0063828703349936,1.25584207137615,"Financial_Serv"
"WU","2018-09-04",11.5686817169189,11.6484229081016,11.5318770102531,11.6116193713991,3391100,"WU",-0.0031712760227965,1.25185944952678,"Financial_Serv"
"WU","2018-09-05",11.4766721725464,11.5502804226641,11.3846627373718,11.5196110009271,5250700,"WU",-0.00795333008755843,1.24190299810146,"Financial_Serv"
"WU","2018-09-06",11.6300201416016,11.6668248469599,11.4644036473422,11.4644036473422,4784400,"WU",0.0133617103241829,1.25849694621283,"Financial_Serv"
"WU","2018-09-07",11.5870847702026,11.6422906691472,11.5564153463284,11.5993530077378,2903100,"WU",-0.00369177102671923,1.25385086364959,"Financial_Serv"
"WU","2018-09-10",11.7404336929321,11.7588360483938,11.568683055144,11.6238889515654,3489900,"WU",0.0132344697368439,1.27044491495907,"Financial_Serv"
"WU","2018-09-11",11.7527017593384,11.7833711813659,11.6422899680979,11.6852276269217,4655000,"WU",0.00104494150106529,1.27177245557553,"Financial_Serv"
"WU","2018-09-12",11.8385763168335,11.8631127888508,11.7097633486329,11.7220315846416,3537200,"WU",0.00730679287653016,1.2810650334945,"Financial_Serv"
"WU","2018-09-13",11.6093626022339,11.9748655793109,11.5659980425121,11.9067205959792,7929900,"WU",-0.019361594541878,1.2562615717342,"Financial_Serv"
"WU","2018-09-14",11.6031675338745,11.6403381694097,11.4049288707362,11.609362639797,4843400,"WU",-0.000533626915760469,1.25559119674629,"Financial_Serv"
"WU","2018-09-17",11.4730730056763,11.7580407674609,11.4544876892834,11.6279470974972,5154300,"WU",-0.0112119839533853,1.24151352839636,"Financial_Serv"
"WU","2018-09-18",11.5598039627075,11.627948952088,11.4420993033037,11.4544895162084,4512200,"WU",0.00755952280512293,1.25089877822714,"Financial_Serv"
"WU","2018-09-19",11.5226345062256,11.6713135163039,11.5102442933201,11.6031685269196,4695600,"WU",-0.00321540543436931,1.24687663149778,"Financial_Serv"
"WU","2018-09-20",11.5969743728638,11.6217548007098,11.49165991771,11.5598049126906,3990700,"WU",0.00645163799980103,1.25492102815461,"Financial_Serv"
"WU","2018-09-21",11.7890176773071,11.8137969204747,11.627948461133,11.6403386735146,10034900,"WU",0.0165597765648883,1.27570223998744,"Financial_Serv"
"WU","2018-09-24",11.63414478302,11.7828238023486,11.6093643556674,11.7332641292391,4537100,"WU",-0.0131370482703768,1.25894327808209,"Financial_Serv"
"WU","2018-09-25",11.6279487609863,11.7208729930535,11.6093634419346,11.6403389736875,4053700,"WU",-0.00053257219582951,1.25827279989606,"Financial_Serv"
"WU","2018-09-26",11.8076028823853,12.0058415720411,11.5659996270667,11.6341446197343,9555100,"WU",0.0154501989208703,1.27771336495117,"Financial_Serv"
"WU","2018-09-27",11.7332630157471,11.8695518084654,11.7146776969963,11.7952128966539,3461500,"WU",-0.00629593215309475,1.26966896829434,"Financial_Serv"
"WU","2018-09-28",11.8076028823853,11.8571625547992,11.6960933240549,11.6960933240549,4190800,"WU",0.00633582205891174,1.27771336495117,"Financial_Serv"
"WU","2018-10-01",11.7766304016113,11.9376996579506,11.7394609367933,11.8633595467186,3212100,"WU",-0.0026230964135939,1.27436179960597,"Financial_Serv"
"WU","2018-10-02",11.7022895812988,11.8385795800332,11.6651201187331,11.7952150101071,4203700,"WU",-0.00631257140432363,1.26631729975101,"Financial_Serv"
"WU","2018-10-03",11.8199892044067,11.8819390699274,11.758039338886,11.7766246530209,2839200,"WU",0.0100578286232126,1.27905370213452,"Financial_Serv"
"WU","2018-10-04",11.5226345062256,11.8076023134767,11.4173200597207,11.7828230692615,4876500,"WU",-0.0251569348363104,1.24687663149778,"Financial_Serv"
"WU","2018-10-05",11.2562484741211,11.5659966421689,11.2066888144973,11.5040467722402,7508500,"WU",-0.0231185005443474,1.21805071341376,"Financial_Serv"
"WU","2018-10-08",11.1633253097534,11.2314691096468,11.0580108754503,11.2066898683026,5650200,"WU",-0.00825525170142723,1.20799539818943,"Financial_Serv"
"WU","2018-10-09",11.2562484741211,11.2748337895783,11.0580098356258,11.1261536291114,7283600,"WU",0.00832396815369061,1.21805071341376,"Financial_Serv"
"WU","2018-10-10",11.0022563934326,11.2748351449282,10.9960612875355,11.2748351449282,4942600,"WU",-0.0225645410433522,1.19056595809806,"Financial_Serv"
"WU","2018-10-11",10.9465026855469,11.1695217931302,10.8969430151501,10.9774770364464,6195200,"WU",-0.00506747942349555,1.18453278960308,"Financial_Serv"
"WU","2018-10-12",11.0951795578003,11.181908668876,10.8845507038203,11.1137648737146,5121200,"WU",0.0135821345432749,1.20062127332239,"Financial_Serv"
"WU","2018-10-15",11.1757144927979,11.2810277358142,11.0518147526915,11.1075695175798,4170900,"WU",0.0072585517501553,1.20933604496714,"Financial_Serv"
"WU","2018-10-16",11.3987331390381,11.4359025909371,11.1942993812004,11.2314688330994,3426400,"WU",0.0199556499393357,1.23346913173952,"Financial_Serv"
"WU","2018-10-17",11.4111232757568,11.5040474956958,11.3181990558179,11.3739538241004,2907200,"WU",0.00108697489164972,1.23480988171535,"Financial_Serv"
"WU","2018-10-18",11.3615646362305,11.4544888645381,11.2934196507269,11.3987340912344,3349800,"WU",-0.00434301149227399,1.22944708820828,"Financial_Serv"
"WU","2018-10-19",11.2624444961548,11.4730733621023,11.231468967871,11.4420978338185,4148000,"WU",-0.00872416284633923,1.2187211915998,"Financial_Serv"
"WU","2018-10-22",11.1571311950684,11.3305906262683,11.1571311950684,11.2686407450115,7820200,"WU",-0.00935083863209108,1.20732512639964,"Financial_Serv"
"WU","2018-10-23",11.1137685775757,11.1757184696737,11.0022590081184,11.0022590081184,7449600,"WU",-0.00388653828072245,1.20263281107861,"Financial_Serv"
"WU","2018-10-24",10.9465026855469,11.2128863570279,10.9341124725487,11.1199621227334,5475900,"WU",-0.0150503306651807,1.18453278960308,"Financial_Serv"
"WU","2018-10-25",11.1075687408447,11.1633235018342,10.9836690094024,11.0332286656603,4794800,"WU",0.0147139282677484,1.20196192010009,"Financial_Serv"
"WU","2018-10-26",10.9155302047729,11.0456239187546,10.8535803107644,10.9898691323065,6480400,"WU",-0.0172889802037068,1.18118122425787,"Financial_Serv"
"WU","2018-10-29",10.8969411849976,11.0951798332902,10.7730414390169,11.0022556146025,5610300,"WU",-0.00170298825862461,1.17916968650166,"Financial_Serv"
"WU","2018-10-30",11.0703983306885,11.0703983306885,10.8783536455054,10.9155242706607,6098500,"WU",0.0159179665876995,1.19793967017262,"Financial_Serv"
"WU","2018-10-31",11.1757144927979,11.3553678161971,11.1447389669735,11.3553678161971,7538700,"WU",0.00951331279719411,1.20933604496714,"Financial_Serv"
"WU","2018-11-01",11.1943006515503,11.2562505328091,11.0951813141744,11.1695214080042,5443500,"WU",0.00166308460764806,1.211347273129,"Financial_Serv"
"WU","2018-11-02",11.0951795578003,11.4049277334655,11.0332296863481,11.0394247916529,6902700,"WU",-0.00885460350185188,1.20062127332239,"Financial_Serv"
"WU","2018-11-05",11.4235143661499,11.559803153778,11.1385453972603,11.1447405032792,7024700,"WU",0.0295925637470895,1.23615073488929,"Financial_Serv"
"WU","2018-11-06",11.4482984542847,11.5474178293489,11.3305949348935,11.3925436581115,4713800,"WU",0.00216956773024295,1.23883264763343,"Financial_Serv"
"WU","2018-11-07",11.4544868469238,11.5783865839072,11.4235125034757,11.4854623719674,3452100,"WU",0.000540551302350444,1.2395023002345,"Financial_Serv"
"WU","2018-11-08",11.7518491744995,11.7642393891314,11.4235167579253,11.4235167579253,5219200,"WU",0.0259603360281078,1.2716801964562,"Financial_Serv"
"WU","2018-11-09",11.6589250564575,11.770434626182,11.5907800568268,11.6775103786102,5104100,"WU",-0.00790719117155021,1.26162477803374,"Financial_Serv"
"WU","2018-11-12",11.4978542327881,11.7146782351241,11.4854652013142,11.6341442133628,3739300,"WU",-0.0138152379305519,1.24419513154613,"Financial_Serv"
"WU","2018-11-13",11.7022895812988,11.8509686131578,11.5412203347193,11.5412203347193,6419700,"WU",0.0177803044265216,1.26631729975101,"Financial_Serv"
"WU","2018-11-14",11.6898994445801,11.8695528146843,11.5721947790386,11.7828236830199,5235500,"WU",-0.00105877885115323,1.26497654977519,"Financial_Serv"
"WU","2018-11-15",11.6217546463013,11.7642385597352,11.5412194384676,11.671314319739,9782100,"WU",-0.00582937420478868,1.25760252810627,"Financial_Serv"
"WU","2018-11-16",11.7022895812988,11.7952150101071,11.5845860862412,11.5845860862412,6784300,"WU",0.00692967090156129,1.26631729975101,"Financial_Serv"
"WU","2018-11-19",11.5907764434814,11.7456505350187,11.5598020978122,11.7022859784435,5292900,"WU",-0.00952917264973425,1.25425034357234,"Financial_Serv"
"WU","2018-11-20",11.5350227355957,11.5907763208915,11.3120036680303,11.3120036680303,4431900,"WU",-0.00481017886572194,1.24821717507737,"Financial_Serv"
"WU","2018-11-21",11.4173173904419,11.5969707091865,11.181908126658,11.5783865757689,5516800,"WU",-0.0102041710581622,1.23548015350514,"Financial_Serv"
"WU","2018-11-23",11.43590259552,11.4544879122747,11.3367832693527,11.3367832693527,832100,"WU",0.00162780839338703,1.23749127846888,"Financial_Serv"
"WU","2018-11-26",11.4792699813843,11.5659991088236,11.4235152047173,11.5412186829291,4639000,"WU",0.00379221364488072,1.24218410978051,"Financial_Serv"
"WU","2018-11-27",11.5536127090454,11.5783931431185,11.4173238664318,11.4173238664318,3518100,"WU",0.00647625918561834,1.2502288160317,"Financial_Serv"
"WU","2018-11-28",11.6775093078613,11.7642384400963,11.5845850688101,11.6217545281114,6335700,"WU",0.0107236240244507,1.26363579979936,"Financial_Serv"
"WU","2018-11-29",11.5721940994263,11.7022877892827,11.5226344297292,11.6651183324088,4250100,"WU",-0.00901863622272261,1.25223952820296,"Financial_Serv"
"WU","2018-11-30",11.6031675338745,11.6155577457196,11.5102433082279,11.5598029740125,6875400,"WU",0.00267653948612716,1.25559119674629,"Financial_Serv"
"WU","2018-12-03",11.5969743728638,11.7146790419406,11.4359051366523,11.7146790419406,8626100,"WU",-0.000533747443761521,1.25492102815461,"Financial_Serv"
"WU","2018-12-04",11.3739547729492,11.6093628952061,11.2872244697214,11.5969726830885,5503200,"WU",-0.0192308435583339,1.23078783818411,"Financial_Serv"
"WU","2018-12-06",11.4544868469238,11.4544868469238,11.1509337910695,11.2438580030093,6117600,"WU",0.00708039337083875,1.2395023002345,"Financial_Serv"
"WU","2018-12-07",11.2438611984253,11.5040497747576,11.1633271736158,11.4297108567174,5149900,"WU",-0.0183880475234995,1.2167102730323,"Financial_Serv"
"WU","2018-12-10",11.336784362793,11.38015010607,11.2004955715666,11.2562503456128,6343300,"WU",0.00826434644894849,1.22676558825663,"Financial_Serv"
"WU","2018-12-11",11.3801517486572,11.5102454524786,11.3058116453337,11.4668808845382,7346300,"WU",0.00382536921197764,1.23145841956826,"Financial_Serv"
"WU","2018-12-12",11.4854669570923,11.5598058836829,11.4421012047192,11.5226364203876,6434200,"WU",0.009254288586045,1.24285469116466,"Financial_Serv"
"WU","2018-12-13",11.5845823287964,11.6279468846572,11.4730727956711,11.5474116966909,5850600,"WU",0.00862963361214476,1.25358007178255,"Financial_Serv"
"WU","2018-12-14",11.3780508041382,11.5720656343659,11.3342411192859,11.4907049616008,4481500,"WU",-0.0178281373291135,1.23123107410977,"Financial_Serv"
"WU","2018-12-17",11.1527404785156,11.4030823423412,11.0901547141282,11.3655313611984,3769600,"WU",-0.0198021901555066,1.20685000225488,"Financial_Serv"
"WU","2018-12-18",11.046347618103,11.240362458683,10.9900205363662,11.2153288633135,4607800,"WU",-0.00953961590136078,1.19533711678281,"Financial_Serv"
"WU","2018-12-19",10.9462118148804,11.2028124571087,10.8961434259998,11.0776420817696,4331300,"WU",-0.00906505993515461,1.18450131417646,"Financial_Serv"
"WU","2018-12-20",10.6583194732666,10.8711104363394,10.539406595379,10.8335582472856,6133300,"WU",-0.0263006368305797,1.15334817528696,"Financial_Serv"
"WU","2018-12-21",10.5331478118896,10.8648516501634,10.4705620243649,10.6583193869391,8982600,"WU",-0.0117440335402697,1.13980321563278,"Financial_Serv"
"WU","2018-12-24",10.3579053878784,10.5644376020975,10.3579053878784,10.4330085538328,2637200,"WU",-0.0166372320165696,1.12084004508107,"Financial_Serv"
"WU","2018-12-26",10.6457986831665,10.6520573793469,10.2765439645908,10.4079730032071,4026200,"WU",0.0277945476915632,1.15199328716869,"Financial_Serv"
"WU","2018-12-27",10.6958675384521,10.7021262349132,10.3829398777455,10.5331450116378,3872800,"WU",0.00470315631318626,1.15741129166998,"Financial_Serv"
"WU","2018-12-28",10.6645774841309,10.802265253947,10.6145079019527,10.7271620744044,2664900,"WU",-0.00292543397801065,1.1540253613508,"Financial_Serv"
"WU","2018-12-31",10.6770944595337,10.7209041533891,10.533147981516,10.6645782568069,2895800,"WU",0.00117369632519034,1.15537983667659,"Financial_Serv"
"WU","2019-01-02",10.7271614074707,10.8085232797271,10.5206291687248,10.5456639582574,4950000,"WU",0.00468919218863952,1.16079763478165,"Financial_Serv"
"WU","2019-01-03",10.5581817626953,10.6958695292936,10.5456643674433,10.6395424443842,4295200,"WU",-0.0157525032351716,1.14251216628437,"Financial_Serv"
"WU","2019-01-04",10.6958675384521,10.8335552794223,10.6145056781828,10.6520578569491,4908500,"WU",0.0130406710976803,1.15741129166998,"Financial_Serv"
"WU","2019-01-07",10.6645774841309,10.764714261038,10.5581820094515,10.7083871748122,6236200,"WU",-0.00292543397801065,1.1540253613508,"Financial_Serv"
"WU","2019-01-08",10.6833534240723,10.7897489091125,10.6082514309407,10.7271631190198,6332800,"WU",0.00176058920002647,1.15605712593855,"Financial_Serv"
"WU","2019-01-09",10.8398160934448,10.9900212566797,10.7396793179549,10.7396793179549,5235600,"WU",0.0146454641311415,1.17298811911003,"Financial_Serv"
"WU","2019-01-10",10.8961458206177,10.9462142205016,10.7897503216487,10.7897503216487,4387100,"WU",0.00519655745884065,1.17908361926952,"Financial_Serv"
"WU","2019-01-11",10.9649887084961,10.9837636096185,10.8460758285808,10.8460758285808,3949100,"WU",0.00631809531661677,1.18653318196233,"Financial_Serv"
"WU","2019-01-14",10.9524688720703,11.0275720410032,10.8961417938017,10.9024004906898,5238300,"WU",-0.00114180112343211,1.18517839704218,"Financial_Serv"
"WU","2019-01-15",11.0776424407959,11.1277108312991,10.8898850811153,10.946212169647,3898800,"WU",0.0114287993134396,1.1987235630926,"Financial_Serv"
"WU","2019-01-16",11.1089305877686,11.2028086356809,11.0901545006964,11.0964131963871,4239200,"WU",0.00282444095301638,1.20210928701554,"Financial_Serv"
"WU","2019-01-17",11.2215843200684,11.2653939946071,11.083895407262,11.1089301891264,4563700,"WU",0.0101408260146878,1.21429966814581,"Financial_Serv"
"WU","2019-01-18",11.4281234741211,11.4719331754122,11.265400873808,11.3092105750991,3569800,"WU",0.0184055252949769,1.23664949140355,"Financial_Serv"
"WU","2019-01-22",11.3217258453369,11.4531549245031,11.2779161522815,11.4156039295591,3815000,"WU",-0.00931015743968083,1.22513608994088,"Financial_Serv"
"WU","2019-01-23",11.3092079162598,11.4156033916918,11.2215885342773,11.353017607251,3888900,"WU",-0.00110565555535901,1.22378151141696,"Financial_Serv"
"WU","2019-01-24",11.3780508041382,11.4343778828695,11.2966889376488,11.3342411192859,5090300,"WU",0.00608733064138289,1.23123107410977,"Financial_Serv"
"WU","2019-01-25",11.4093408584595,11.4719266218612,11.3592724864829,11.4281169455972,5796200,"WU",0.00275003643944962,1.23461700442895,"Financial_Serv"
"WU","2019-01-28",11.3717908859253,11.4406353511421,11.2966877244411,11.327981205778,5485100,"WU",-0.00329116054993994,1.23055368164969,"Financial_Serv"
"WU","2019-01-29",11.3467597961426,11.4030868871686,11.1965546179813,11.3530184944482,6242000,"WU",-0.00220115635556537,1.22784504059247,"Financial_Serv"
"WU","2019-01-30",11.4594144821167,11.5220002742006,11.3467602951107,11.4030873886137,5543600,"WU",0.00992835734589349,1.24003552492085,"Financial_Serv"
"WU","2019-01-31",11.4218597412109,11.4719281197248,11.3592739696375,11.4281184377407,7816700,"WU",-0.00327719544173647,1.23597168615099,"Financial_Serv"
"WU","2019-02-01",11.5658121109009,11.6221392148277,11.4156068983375,11.4406416972939,7075100,"WU",0.0126032338823555,1.25154892638352,"Financial_Serv"
"WU","2019-02-04",11.5219993591309,11.6096187448548,11.4969657605203,11.559550353909,5275900,"WU",-0.00378812584450733,1.24680790154982,"Financial_Serv"
"WU","2019-02-05",11.5845851898193,11.7222729670069,11.5219994024706,11.5219994024706,6923700,"WU",0.00543185507460379,1.25358038137691,"Financial_Serv"
"WU","2019-02-06",11.6409111022949,11.6784620934184,11.5720666237982,11.5720666237982,5012100,"WU",0.00486214323194634,1.25967546874392,"Financial_Serv"
"WU","2019-02-07",11.4656686782837,11.7160105545886,11.4531512860374,11.6096151079435,6923400,"WU",-0.0150540127376012,1.24071229819221,"Financial_Serv"
"WU","2019-02-08",11.271656036377,11.3405005132185,10.9086599476453,11.0463477076041,14303000,"WU",-0.0169211798588079,1.21971798224146,"Financial_Serv"
"WU","2019-02-11",11.1777791976929,11.4343798476841,11.1214521092826,11.2966908788037,9727300,"WU",-0.0083285755332769,1.20955946889707,"Financial_Serv"
"WU","2019-02-12",11.2591381072998,11.2966890957381,11.0964155657682,11.2278458158887,6309200,"WU",0.00727862915951375,1.21836340371755,"Financial_Serv"
"WU","2019-02-13",11.2341051101685,11.3655341735519,11.2278464128086,11.2904321926826,4729700,"WU",-0.00222334932681194,1.21565455626408,"Financial_Serv"
"WU","2019-02-14",11.1089305877686,11.2591357031732,11.1026718920778,11.2215847227531,5781300,"WU",-0.0111423670307839,1.20210928701554,"Financial_Serv"
"WU","2019-02-15",11.1402244567871,11.240361214631,11.1214495607691,11.1652592431102,12106100,"WU",0.00281700103995705,1.20549563012721,"Financial_Serv"
"WU","2019-02-19",11.1652603149414,11.2153286986698,11.1026745368499,11.1151919312131,6102000,"WU",0.00224733875438604,1.20820478717503,"Financial_Serv"
"WU","2019-02-20",11.1652603149414,11.2153286986698,11.1339680227578,11.1840364064862,4081500,"WU",0,1.20820478717503,"Financial_Serv"
"WU","2019-02-21",11.0338287353516,11.1840350622068,11.0150538397879,11.1652589729188,5320500,"WU",-0.0117714747245043,1.19398243506078,"Financial_Serv"
"WU","2019-02-22",11.1590032577515,11.1965542526353,11.0400903812739,11.0651251736795,4185700,"WU",0.0113446134974755,1.20752770430932,"Financial_Serv"
"WU","2019-02-25",11.0838966369629,11.2028094765637,11.0713804383662,11.1965507804032,5700500,"WU",-0.00673058507590293,1.19940033636395,"Financial_Serv"
"WU","2019-02-26",11.0964183807373,11.1777802690054,11.0526086841582,11.1026770793521,5051800,"WU",0.00112972397565096,1.20075532768035,"Financial_Serv"
"WU","2019-02-27",11.1402244567871,11.1590005465295,11.0651224852664,11.0713811818471,3020800,"WU",0.00394776715754061,1.20549563012721,"Financial_Serv"
"WU","2019-02-28",11.1840333938599,11.3592720928431,11.14022252539,11.1715160028685,10147000,"WU",0.00393250039464542,1.21023624216842,"Financial_Serv"
"WU","2019-03-01",11.3968229293823,11.446892492721,11.1527397767269,11.2466178205387,11710000,"WU",0.0190261892135698,1.23326242590504,"Financial_Serv"
"WU","2019-03-04",11.4093408584595,11.4656679261486,11.3092041145064,11.4218582498846,5777600,"WU",0.00109837005933257,1.23461700442895,"Financial_Serv"
"WU","2019-03-05",11.3092079162598,11.4468968807745,11.2779156209016,11.3968272982422,5399700,"WU",-0.00877640027078894,1.22378151141696,"Financial_Serv"
"WU","2019-03-06",11.3530158996582,11.3717919902837,11.2528791371041,11.334241002757,4793700,"WU",0.00387365620323,1.22852202026006,"Financial_Serv"
"WU","2019-03-07",11.0838966369629,11.3717906917242,11.0087946704855,11.315463620004,5315400,"WU",-0.0237046495022891,1.19940033636395,"Financial_Serv"
"WU","2019-03-08",11.2215843200684,11.2215843200684,10.964983774578,10.9900173627184,5323500,"WU",0.0124223174949416,1.2142996681458,"Financial_Serv"
"WU","2019-03-11",11.3655347824097,11.3655347824097,11.2278470142904,11.2528806113464,4143600,"WU",0.0128279981003994,1.22987670198209,"Financial_Serv"
"WU","2019-03-12",11.3780508041382,11.4468952767486,11.3279824223464,11.3905681980172,4827100,"WU",0.00110122594036548,1.23123107410977,"Financial_Serv"
"WU","2019-03-13",11.5157384872437,11.5595481718358,11.3592746458579,11.4093430273524,5349000,"WU",0.0121011661378232,1.24613040589162,"Financial_Serv"
"WU","2019-03-14",11.5094127655029,11.5473764048084,11.4334842800497,11.5410489304504,6837100,"WU",-0.000549310992753948,1.24544589276126,"Financial_Serv"
"WU","2019-03-15",11.6106481552124,11.6359568419081,11.4841011012075,11.5283922080566,14507300,"WU",0.0087958779280994,1.25640068280004,"Financial_Serv"
"WU","2019-03-18",11.5030841827393,11.6486124584227,11.3449009595593,11.6296300371779,7162200,"WU",-0.00926425217913916,1.24476107003654,"Financial_Serv"
"WU","2019-03-19",11.4334850311279,11.5410496885946,11.4018488641022,11.5157409963426,6500700,"WU",-0.00605047746375393,1.23722967123452,"Financial_Serv"
"WU","2019-03-20",11.3891916275024,11.4967562633692,11.3638817334904,11.4145015215145,4512700,"WU",-0.00387400722569702,1.23243663454832,"Financial_Serv"
"WU","2019-03-21",11.5916652679443,11.5979927410738,11.3448998501051,11.3448998501051,4736300,"WU",0.0177777007415491,1.25434652422024,"Financial_Serv"
"WU","2019-03-22",11.5473737716675,11.6169747668916,11.4904277222735,11.5600287174977,4006800,"WU",-0.0038209778537463,1.24955369393027,"Financial_Serv"
"WU","2019-03-25",11.515739440918,11.5600305515085,11.4081747979799,11.50308449308,3458300,"WU",-0.00273952600608888,1.24613050908974,"Financial_Serv"
"WU","2019-03-26",11.7498502731323,11.7561777472298,11.5537034034806,11.5853395671255,4799100,"WU",0.0203296395698663,1.27146389319655,"Financial_Serv"
"WU","2019-03-27",11.7498502731323,11.838432496812,11.7245415835848,11.7371953249374,4749800,"WU",0,1.27146389319655,"Financial_Serv"
"WU","2019-03-28",11.7878150939941,11.9206896496923,11.7498514524414,11.8004700434592,5247100,"WU",0.00323108975683105,1.27557210715804,"Financial_Serv"
"WU","2019-03-29",11.6865758895874,11.8574140572747,11.6549397282418,11.813122948654,6064500,"WU",-0.00858846220435875,1.26461690432678,"Financial_Serv"
"WU","2019-04-01",11.8067979812622,11.8194529312236,11.7245432201981,11.737196963317,4297500,"WU",0.0102871955661471,1.27762626573784,"Financial_Serv"
"WU","2019-04-02",11.9776363372803,12.0092725057429,11.7561795375143,11.80679813116,6463400,"WU",0.0144694909059334,1.29611286737112,"Financial_Serv"
"WU","2019-04-03",12.0662183761597,12.1737830367445,11.977636140446,12.0155997833458,6285100,"WU",0.00739561933464984,1.30569842475294,"Financial_Serv"
"WU","2019-04-04",12.0345821380615,12.0915282055005,11.9902910204629,12.0598908308997,2955300,"WU",-0.00262188509373004,1.30227503351617,"Financial_Serv"
"WU","2019-04-05",12.2686920166016,12.376256670779,12.072545131987,12.0915275557274,9897200,"WU",0.0194530957414487,1.32760831442486,"Financial_Serv"
"WU","2019-04-08",12.3256378173828,12.3382927662724,12.1231634625182,12.1927644745688,8903300,"WU",0.00464155434859665,1.33377048056991,"Financial_Serv"
"WU","2019-04-09",12.2623634338379,12.2940008038794,12.142145048207,12.2560371666719,8261000,"WU",-0.00513355856162561,1.32692349170014,"Financial_Serv"
"WU","2019-04-10",12.2560338973999,12.3066524691216,12.1737779640759,12.2623601628784,4007900,"WU",-0.000516175896444398,1.32623856577729,"Financial_Serv"
"WU","2019-04-11",12.129490852356,12.2054193383217,12.0155987268285,12.180109440719,6822100,"WU",-0.010324958800154,1.31254520722647,"Financial_Serv"
"WU","2019-04-12",12.0915279388428,12.1927651216478,12.0092719735372,12.1548002729641,5428500,"WU",-0.00312980272422646,1.30843719966122,"Financial_Serv"
"WU","2019-04-15",12.129490852356,12.1547995431163,12.0725447895922,12.1231633779553,2535400,"WU",0.00313962914407465,1.31254520722647,"Financial_Serv"
"WU","2019-04-16",12.1737804412842,12.1737804412842,12.0788707508483,12.1358168064783,5220500,"WU",0.00365139719938204,1.3173378311202,"Financial_Serv"
"WU","2019-04-17",12.211745262146,12.2433826332589,12.1294905109372,12.186436572098,3623100,"WU",0.00311857282500912,1.32144604508169,"Financial_Serv"
"WU","2019-04-18",12.211745262146,12.256037581704,12.1611266752077,12.2307276848137,4772100,"WU",0,1.32144604508169,"Financial_Serv"
"WU","2019-04-22",12.1927623748779,12.2497084282323,12.1358163215235,12.1927623748779,3916300,"WU",-0.00155447782938198,1.31939188650188,"Financial_Serv"
"WU","2019-04-23",12.281343460083,12.3382895082067,12.2054162004794,12.2117424664114,5878800,"WU",0.00726505466780779,1.32897734068558,"Financial_Serv"
"WU","2019-04-24",12.3003282546997,12.382583002968,12.2623634107215,12.3066557286961,4655500,"WU",0.00154582393028937,1.33103170566162,"Financial_Serv"
"WU","2019-04-25",12.1358184814453,12.2876742484701,12.129491006964,12.2623643505448,2766100,"WU",-0.0133744213851804,1.31322992675307,"Financial_Serv"
"WU","2019-04-26",12.4585123062134,12.4774935226128,12.1611270429709,12.1611270429709,6524900,"WU",0.0265901986966466,1.34814897143982,"Financial_Serv"
"WU","2019-04-29",12.281343460083,12.4901452342559,12.2307248847333,12.4585090772281,5861600,"WU",-0.0142207064355519,1.32897734068558,"Financial_Serv"
"WU","2019-04-30",12.3003282546997,12.344619365832,12.1674537144604,12.2686908847178,5766800,"WU",0.00154582393028937,1.33103170566162,"Financial_Serv"
"WU","2019-05-01",12.2243995666504,12.3509466307511,12.2117446188719,12.3509466307511,4512900,"WU",-0.00617289933057726,1.32281538093677,"Financial_Serv"
"WU","2019-05-02",12.1927623748779,12.2876720615212,12.1484712682339,12.2180710614565,3502500,"WU",-0.00258803645937515,1.31939188650188,"Financial_Serv"
"WU","2019-05-03",12.211745262146,12.3003286944197,12.0915268724441,12.186436572098,3430300,"WU",0.00155689799279439,1.32144604508169,"Financial_Serv"
"WU","2019-05-06",12.1611261367798,12.2307271433042,12.0409077524005,12.0535614934431,9078300,"WU",-0.00414511802200135,1.31596849526512,"Financial_Serv"
"WU","2019-05-07",12.1484699249268,12.1927610266734,12.028250358156,12.0472327761225,9386700,"WU",-0.00104071051567751,1.31459895301379,"Financial_Serv"
"WU","2019-05-08",12.1484699249268,12.2939981754776,11.6865740758102,11.6929015484657,15060600,"WU",0,1.31459895301379,"Financial_Serv"
"WU","2019-05-09",12.1484699249268,12.2939981754776,12.0915238778691,12.0915238778691,10749400,"WU",0,1.31459895301379,"Financial_Serv"
"WU","2019-05-10",12.2750205993652,12.287675549668,12.0978561224967,12.1168373411084,5449500,"WU",0.010417005204813,1.32829313714958,"Financial_Serv"
"WU","2019-05-13",12.0598917007446,12.1801113192138,12.034583006081,12.1358201984206,5059400,"WU",-0.0175257464441021,1.30501380842445,"Financial_Serv"
"WU","2019-05-14",12.2243995666504,12.29400057259,12.1358173458852,12.1547985607108,5010200,"WU",0.0136409073968388,1.32281538093677,"Financial_Serv"
"WU","2019-05-15",12.3003282546997,12.3699280549753,12.1547987664677,12.1547987664677,4063600,"WU",0.00621124069409993,1.33103170566162,"Financial_Serv"
"WU","2019-05-16",12.4015693664551,12.5217889969101,12.3066596400296,12.3066596400296,4938200,"WU",0.00823076503805408,1.34198711488913,"Financial_Serv"
"WU","2019-05-17",12.2243995666504,12.3699278455766,12.1990908779356,12.3129817874155,5425600,"WU",-0.0142860790089932,1.32281538093677,"Financial_Serv"
"WU","2019-05-20",12.1674537658691,12.2940008326467,12.1168351805266,12.1294901285728,4571300,"WU",-0.00465837201007442,1.31665321479172,"Financial_Serv"
"WU","2019-05-21",12.281343460083,12.3509444537546,12.2307248847333,12.2623610417611,3536200,"WU",0.00936019124505232,1.32897734068558,"Financial_Serv"
"WU","2019-05-22",12.3193101882935,12.4078936225665,12.2054192702436,12.2433829095935,4417100,"WU",0.0030914149037399,1.33308576104331,"Financial_Serv"
"WU","2019-05-23",12.3193101882935,12.3382926113896,12.1990917958782,12.2244004864974,5372100,"WU",0,1.33308576104331,"Financial_Serv"
"WU","2019-05-24",12.2497100830078,12.5281117071909,12.1864365477508,12.3762559466795,4546900,"WU",-0.00564967552743194,1.32555425904317,"Financial_Serv"
"WU","2019-05-28",12.2370538711548,12.3952370895442,12.1864352895438,12.2623625585392,9117900,"WU",-0.00103318460333061,1.32418471679185,"Financial_Serv"
"WU","2019-05-29",12.2497100830078,12.2813462472152,12.0472357356593,12.2117452377482,5834400,"WU",0.00103425317778984,1.32555425904317,"Financial_Serv"
"WU","2019-05-30",12.2180738449097,12.3256385027681,12.1927651525654,12.230728794503,2891100,"WU",-0.00258261117069446,1.32213086780641,"Financial_Serv"
"WU","2019-05-31",12.2750205993652,12.2940030248194,12.1231648162597,12.1358197665625,5098900,"WU",0.00466086186566074,1.32829313714958,"Financial_Serv"
"WU","2019-06-03",12.2686920166016,12.4521851588983,12.224400901383,12.2813469657618,6346200,"WU",-0.000515565958724268,1.32760831442486,"Financial_Serv"
"WU","2019-06-04",12.888768196106,13.0089865641148,12.331962633417,12.4142185766253,19064000,"WU",0.0505413436628232,1.39470742249383,"Financial_Serv"
"WU","2019-06-05",12.5597476959229,12.7812044415278,12.388909531584,12.7558945474736,12555000,"WU",-0.0255276916441488,1.3591037614786,"Financial_Serv"
"WU","2019-06-06",12.6293516159058,12.6609889938069,12.4521871270298,12.5344418958876,4182800,"WU",0.00554182469807933,1.36663567627121,"Financial_Serv"
"WU","2019-06-07",12.749568939209,12.8318249000767,12.6609867107444,12.7052778249767,3400500,"WU",0.00951888323006365,1.37964452169168,"Financial_Serv"
"WU","2019-06-10",12.6673154830933,12.8824448087003,12.6103694141477,12.8381536899299,6341700,"WU",-0.00645146957578833,1.37074378703458,"Financial_Serv"
"WU","2019-06-11",12.5850582122803,12.7369139781496,12.5344396236572,12.7179327616924,4171500,"WU",-0.00649366244353628,1.361842639585,"Financial_Serv"
"WU","2019-06-12",12.7432422637939,12.7558972134659,12.5470953712483,12.5850590134218,4381600,"WU",0.0125691950601642,1.3789599053632,"Financial_Serv"
"WU","2019-06-13",12.8199310302734,12.8902301467011,12.7304603140543,12.7751956721639,2709700,"WU",0.00601799486284429,1.38725847898974,"Financial_Serv"
"WU","2019-06-14",12.8391046524048,12.8710581333548,12.7112882907105,12.8071511714548,2756500,"WU",0.0014956103965045,1.38933327719356,"Financial_Serv"
"WU","2019-06-17",12.8199310302734,12.8454947885915,12.6921158955243,12.8135400906939,3881700,"WU",-0.00149337688650714,1.38725847898974,"Financial_Serv"
"WU","2019-06-18",12.5067844390869,12.6346008145975,12.2703257290237,12.5387391424382,14846400,"WU",-0.0244265425802251,1.35337255068292,"Financial_Serv"
"WU","2019-06-19",12.5962533950806,12.6345990336972,12.4300938368639,12.5259554955111,5673800,"WU",0.00715363380806651,1.36305408231639,"Financial_Serv"
"WU","2019-06-20",12.7112874984741,12.7432421963797,12.5642995449499,12.698506838259,7140200,"WU",0.0091324062628401,1.37550204595433,"Financial_Serv"
"WU","2019-06-21",12.8391046524048,12.8966218932725,12.6218175688929,12.6473813288106,13443300,"WU",0.0100554057915854,1.38933327719356,"Financial_Serv"
"WU","2019-06-24",12.7432384490967,12.8966172970994,12.7112837605877,12.8710535462922,4866400,"WU",-0.00746673587477532,1.37895949257072,"Financial_Serv"
"WU","2019-06-25",12.7432384490967,12.877444483994,12.7368475113949,12.7815828563607,4251200,"WU",0,1.37895949257072,"Financial_Serv"
"WU","2019-06-26",12.5259580612183,12.8135430960663,12.5259580612183,12.7815896096212,6497300,"WU",-0.0170506413064742,1.35544734888673,"Financial_Serv"
"WU","2019-06-27",12.5770807266235,12.6409888999434,12.5259544317571,12.6026432645833,3138200,"WU",0.0040813377432226,1.3609793873107,"Financial_Serv"
"WU","2019-06-28",12.7112874984741,12.7112874984741,12.5962530239083,12.634598661395,5450600,"WU",0.0106707410700238,1.37550204595433,"Financial_Serv"
"WU","2019-07-01",12.7688074111938,12.8774509689425,12.6601638534452,12.8199337196081,4883500,"WU",0.00452510516551776,1.38172633736766,"Financial_Serv"
"WU","2019-07-02",12.8838376998901,12.890228638722,12.7240678859342,12.7751941776422,3749200,"WU",0.00900869478189851,1.39417388821311,"Financial_Serv"
"WU","2019-07-03",12.9413566589355,12.9733101384158,12.8454950015477,12.9094031794553,3773300,"WU",0.00446442747768397,1.40039807642832,"Financial_Serv"
"WU","2019-07-05",13.0052633285522,13.0180452064408,12.8774469875606,12.9030107433377,3144200,"WU",0.00493817389481913,1.40731348565169,"Financial_Serv"
"WU","2019-07-08",13.0052633285522,13.0947340358782,12.9477460970007,12.9924814506637,3977700,"WU",0,1.40731348565169,"Financial_Serv"
"WU","2019-07-09",13.1969881057739,13.2033790454372,12.928574734652,13.0052647916642,4781700,"WU",0.0147420911348069,1.42806022931241,"Financial_Serv"
"WU","2019-07-10",13.1330766677856,13.3503636866067,13.0691697249121,13.2608929914263,6151900,"WU",-0.00484288062367191,1.42114430409844,"Financial_Serv"
"WU","2019-07-11",13.0436096191406,13.1969885190207,12.998874259044,13.1586440987875,4329500,"WU",-0.00681234495984287,1.41146297886121,"Financial_Serv"
"WU","2019-07-12",13.1011219024658,13.1075128399114,13.0308228095116,13.0691684341848,2950300,"WU",0.00440923065044816,1.41768644468957,"Financial_Serv"
"WU","2019-07-15",13.2736806869507,13.2864625687079,13.1075198809493,13.1075198809493,2860000,"WU",0.0131712982880027,1.43635921573144,"Financial_Serv"
"WU","2019-07-16",13.1202993392944,13.2608963558122,13.0883446408037,13.2608963558122,4715500,"WU",-0.0115552988860911,1.41976165568587,"Financial_Serv"
"WU","2019-07-17",13.0308246612549,13.1394681753744,13.0244337229012,13.1011237641989,2942100,"WU",-0.00681956072233657,1.41007950486368,"Financial_Serv"
"WU","2019-07-18",13.1075201034546,13.1394735894426,12.9733127806206,13.005267485556,2369700,"WU",0.0058856936681643,1.41837880087706,"Financial_Serv"
"WU","2019-07-19",13.0372171401978,13.1778153627002,13.0244352619799,13.1714244235912,2602000,"WU",-0.00536355944541386,1.41077124186244,"Financial_Serv"
"WU","2019-07-22",13.0372171401978,13.1202981296668,12.9924817853823,13.0755615559043,2472700,"WU",0,1.41077124186244,"Financial_Serv"
"WU","2019-07-23",13.2033805847168,13.2225534059418,13.0180481886639,13.0755642144445,4536200,"WU",0.0127453154098899,1.42875196631118,"Financial_Serv"
"WU","2019-07-24",13.3439788818359,13.3695426458927,13.1586464682139,13.1905999543375,4014500,"WU",0.0106486589716187,1.44396625875546,"Financial_Serv"
"WU","2019-07-25",13.318413734436,13.3823219131435,13.2672874352595,13.3248046742015,3238800,"WU",-0.00191585640432196,1.441199826751,"Financial_Serv"
"WU","2019-07-26",13.4654035568237,13.4909673194255,13.3375884006567,13.3375884006567,4207500,"WU",0.0110365862871221,1.45710575299592,"Financial_Serv"
"WU","2019-07-29",13.5101375579834,13.5548729190712,13.4398396558228,13.4398396558228,3840400,"WU",0.00332214337066776,1.4619464672136,"Financial_Serv"
"WU","2019-07-30",13.3567571640015,13.4270562772634,13.2864592696865,13.4270562772634,5234200,"WU",-0.011352985365519,1.44534901036615,"Financial_Serv"
"WU","2019-07-31",13.4206638336182,13.542089228656,13.2864577803765,13.3695375439623,6496400,"WU",0.0047845947060367,1.45226441958952,"Financial_Serv"
"WU","2019-08-01",13.4781827926636,13.5804353851063,13.3439755032406,13.4142746176501,8911200,"WU",0.00428585051816347,1.45848860780473,"Financial_Serv"
"WU","2019-08-02",13.9447078704834,14.2386849346812,13.0372153628332,13.0436063010708,12614000,"WU",0.0346133514433238,1.50897178656276,"Financial_Serv"
"WU","2019-08-05",13.4526166915894,13.8488463324905,13.3567550552421,13.759375634426,8008200,"WU",-0.0352887406078722,1.45572207260215,"Financial_Serv"
"WU","2019-08-06",13.6635122299194,13.6890759820228,13.3311919852033,13.5101333741397,6397000,"WU",0.0156769157380312,1.47854330487232,"Financial_Serv"
"WU","2019-08-07",13.6762981414795,13.7210335019138,13.4909657598307,13.6060002403458,6319300,"WU",0.000935770491869643,1.47992688206797,"Financial_Serv"
"WU","2019-08-08",13.8105058670044,13.8680231090331,13.6635166824048,13.7465976848672,3760900,"WU",0.00981316172962458,1.49444964390973,"Financial_Serv"
"WU","2019-08-09",13.797721862793,13.9574916840676,13.7529865078676,13.8041128019176,4451800,"WU",-0.000925672407262713,1.49306627311032,"Financial_Serv"
"WU","2019-08-12",13.6123857498169,13.8360637017325,13.5996050928949,13.7402020706106,3695400,"WU",-0.0134323705622631,1.47301085365588,"Financial_Serv"
"WU","2019-08-13",13.6826868057251,13.7274221587191,13.5740432831909,13.6507333304285,9426300,"WU",0.00516449189732584,1.48061820627426,"Financial_Serv"
"WU","2019-08-14",13.2736806869507,13.5996113580749,13.2481169234363,13.5293122273577,6910200,"WU",-0.0298922371447747,1.43635921573144,"Financial_Serv"
"WU","2019-08-15",13.3439788818359,13.4590133821966,13.3375891597691,13.3375891597691,5305900,"WU",0.00529605891110247,1.44396625875546,"Financial_Serv"
"WU","2019-08-16",13.4781827926636,13.5868263245023,13.4078836782541,13.4078836782541,6217300,"WU",0.0100572634306487,1.45848860780473,"Financial_Serv"
"WU","2019-08-19",13.6699056625366,13.7082512976893,13.5484814747276,13.574044012549,3392000,"WU",0.0142246824236132,1.47923514506921,"Financial_Serv"
"WU","2019-08-20",13.6699056625366,13.752986653087,13.5612621341648,13.6762966017287,3488500,"WU",0,1.47923514506921,"Financial_Serv"
"WU","2019-08-21",13.9127569198608,13.9319285191017,13.7210323948227,13.7593780311986,4162600,"WU",0.0177653938014928,1.50551433994637,"Financial_Serv"
"WU","2019-08-22",13.9958343505859,14.0469606382459,13.8424554876061,13.9638808779035,4320800,"WU",0.00597131332083452,1.5145042377792,"Financial_Serv"
"WU","2019-08-23",13.6635122299194,13.9958336935823,13.6251678207112,13.9319255322707,3347800,"WU",-0.0237443593816607,1.47854330487232,"Financial_Serv"
"WU","2019-08-26",13.8424549102783,13.8616277244562,13.6890760536955,13.759375153401,4152200,"WU",0.0130963896652466,1.49790688412987,"Financial_Serv"
"WU","2019-08-27",13.9766645431519,14.0022270807796,13.8360663198845,13.8808016749434,5871800,"WU",0.0096955080398262,1.51242985236787,"Financial_Serv"
"WU","2019-08-28",14.0405683517456,14.0661321025944,13.8232813453181,13.9510976616684,3938300,"WU",0.00457217874811633,1.51934495199688,"Financial_Serv"
"WU","2019-08-29",14.1364345550537,14.2003415094563,14.0661354424744,14.1428242753364,3625900,"WU",0.00682780076322101,1.52971873661972,"Financial_Serv"
"WU","2019-08-30",14.1364345550537,14.2642496828059,14.0853082601634,14.2131233879156,3435600,"WU",0,1.52971873661972,"Financial_Serv"
"WU","2019-09-03",14.0213975906372,14.1172592241222,13.9702713048487,14.0661329383338,5739100,"WU",-0.00813762225322783,1.51727046338742,"Financial_Serv"
"WU","2019-09-04",14.2322988510132,14.2450807318483,14.0597471165805,14.0980915401387,4209700,"WU",0.0150413864960798,1.54009231484632,"Financial_Serv"
"WU","2019-09-05",14.4431924819946,14.5518360121903,14.2962045349496,14.3537205507501,5856100,"WU",0.0148179597118586,1.56291334072025,"Financial_Serv"
"WU","2019-09-06",14.6029624938965,14.6668706687586,14.3792844913527,14.4368017268339,3660900,"WU",0.01106195961184,1.58020222497211,"Financial_Serv"
"WU","2019-09-09",14.8905458450317,14.916109599796,14.6093518563066,14.6285234534329,7023000,"WU",0.019693493786309,1.61132192767071,"Financial_Serv"
"WU","2019-09-10",14.8394212722778,14.935284144794,14.679651443347,14.8394212722778,6709100,"WU",-0.0034333578692123,1.60578968285051,"Financial_Serv"
"WU","2019-09-11",15.1717405319214,15.1781314703931,14.7882927562484,14.8777646759051,7659300,"WU",0.0223943544391704,1.64175030616302,"Financial_Serv"
"WU","2019-09-12",15.1845283508301,15.3954245271355,15.1142292190792,15.2228727777181,7081800,"WU",0.000842870920563517,1.64313408975491,"Financial_Serv"
"WU","2019-09-13",15.0556259155273,15.3005370911795,15.0040656033219,15.2489767789741,5367500,"WU",-0.00848906415296645,1.62918541905506,"Financial_Serv"
"WU","2019-09-16",14.6689195632935,14.9331662558317,14.6238044542203,14.8687155731723,8365500,"WU",-0.0256851727323448,1.58733951015361,"Financial_Serv"
"WU","2019-09-17",14.7333688735962,14.7462580254919,14.5722427966034,14.7333688735962,5004700,"WU",0.00439359627167144,1.5943136391073,"Financial_Serv"
"WU","2019-09-18",14.7011489868164,15.1458574870209,14.5013529131051,15.1458574870209,5840600,"WU",-0.00218686486819228,1.59082709062106,"Financial_Serv"
"WU","2019-09-19",14.6366958618164,14.7140369387794,14.5915807457941,14.6818122071334,4257200,"WU",-0.00438422364522663,1.58385254887489,"Financial_Serv"
"WU","2019-09-20",14.507794380188,14.7269259773813,14.4562340766892,14.6689204822834,8310600,"WU",-0.00880673362658923,1.56990398137315,"Financial_Serv"
"WU","2019-09-23",14.436900138855,14.63025222087,14.4046754064999,14.4046754064999,8226600,"WU",-0.00488663124629212,1.5622324395241,"Financial_Serv"
"WU","2019-09-24",14.1210908889771,14.6818102413212,13.9728551763818,14.5786896387076,15050600,"WU",-0.0218751426442281,1.52805838206607,"Financial_Serv"
"WU","2019-09-25",14.3982286453247,14.4175642202078,14.063086056452,14.2435477341438,8609900,"WU",0.0196258035959524,1.55804775575564,"Financial_Serv"
"WU","2019-09-26",14.4626779556274,14.5722437442797,14.3402217849468,14.4304520005565,4764900,"WU",0.00447619716913316,1.56502188470933,"Financial_Serv"
"WU","2019-09-27",14.85582447052,14.9525011044691,14.6753640429767,14.7075887680967,9267600,"WU",0.0271835213436115,1.60756469051555,"Financial_Serv"
"WU","2019-09-30",14.9331693649292,15.074959912865,14.8364939354596,14.8429391279968,6341400,"WU",0.00520636835489429,1.61593426444869,"Financial_Serv"
"WU","2019-10-01",14.9653930664062,15.0556245264116,14.913832758958,14.9653930664063,4410800,"WU",0.00215786084585156,1.61942122572741,"Financial_Serv"
"WU","2019-10-02",14.6753644943237,14.8751605006606,14.610913812807,14.8107098191439,6418200,"WU",-0.0193799501821014,1.58803692304898,"Financial_Serv"
"WU","2019-10-03",14.7591505050659,14.7784860796001,14.5013489910834,14.6431395164501,6519100,"WU",0.00570929674520827,1.59710349708501,"Financial_Serv"
"WU","2019-10-04",15.0233974456787,15.0427330205155,14.778486310886,14.8236014228772,5802100,"WU",0.0179039396964001,1.62569794178573,"Financial_Serv"
"WU","2019-10-07",15.0298461914062,15.0942968934749,14.7978241556771,14.9331707529507,3619600,"WU",0.000429246829876951,1.62639576747358,"Financial_Serv"
"WU","2019-10-08",14.9267225265503,15.0233979453604,14.7913771860751,14.9396129102035,5456800,"WU",-0.00686125882744701,1.61523664515708,"Financial_Serv"
"WU","2019-10-09",15.068510055542,15.0814004366261,14.8751592564587,15.0169497605001,4633400,"WU",0.00949890565323369,1.63057962565708,"Financial_Serv"
"WU","2019-10-10",15.1845207214355,15.1974111022605,15.0169494585948,15.062065791482,5362900,"WU",0.00769888100853658,1.64313326416995,"Financial_Serv"
"WU","2019-10-11",15.2940912246704,15.3585419194114,15.139410294869,15.2812008398633,4544400,"WU",0.00721593425600755,1.65499000577806,"Financial_Serv"
"WU","2019-10-14",15.3134298324585,15.3392093778799,15.1716392594034,15.2876490577421,4893300,"WU",0.00126444961678347,1.65708265725665,"Financial_Serv"
"WU","2019-10-15",15.4487705230713,15.4552157147942,15.2103045757951,15.3392047223703,4176800,"WU",0.00883803903459456,1.67172801846503,"Financial_Serv"
"WU","2019-10-16",15.4423236846924,15.4874400219422,15.3392030867104,15.4165441498441,3907000,"WU",-0.000417304300641821,1.67103039917342,"Financial_Serv"
"WU","2019-10-17",15.4294357299805,15.577671447428,15.3585398523775,15.4745508414389,3369000,"WU",-0.000834586489382397,1.66963577977893,"Financial_Serv"
"WU","2019-10-18",15.4874382019043,15.5518876460983,15.3263121328307,15.3972067673029,3606500,"WU",0.00375920888740768,1.67591228944101,"Financial_Serv"
"WU","2019-10-21",15.6936836242676,15.7065740083155,15.4938875887039,15.558337050354,4046800,"WU",0.0133169488507093,1.69823032767777,"Financial_Serv"
"WU","2019-10-22",15.6227865219116,15.7710222390083,15.6227865219116,15.7001275908677,4498000,"WU",-0.00451755649300378,1.69055847623435,"Financial_Serv"
"WU","2019-10-23",15.8032493591309,15.8096945511259,15.5647821724942,15.6098972871646,4082600,"WU",0.0115512579632405,1.71008655329528,"Financial_Serv"
"WU","2019-10-24",15.9643745422363,15.9772649254763,15.7581333275748,15.8225827851856,3858600,"WU",0.0101956995959425,1.72752208207574,"Financial_Serv"
"WU","2019-10-25",15.9965991973877,16.0803854587673,15.9257033191888,15.95148408555,4584600,"WU",0.00201853539993763,1.73100914655258,"Financial_Serv"
"WU","2019-10-28",16.1254997253418,16.3059601632331,16.0610490421115,16.0739394246165,7663600,"WU",0.00805799572543841,1.74495761085619,"Financial_Serv"
"WU","2019-10-29",16.1319446563721,16.38974615584,16.093273509481,16.1448338093746,6215700,"WU",0.000399673259126661,1.74565502375156,"Financial_Serv"
"WU","2019-10-30",16.2415103912354,16.2608447353196,15.9321473636474,16.1448337536359,6213100,"WU",0.0067918491661824,1.75751124936907,"Financial_Serv"
"WU","2019-10-31",16.1512794494629,16.280180817427,16.0223793107933,16.215730133445,8828900,"WU",-0.00555557578075704,1.74774726243767,"Financial_Serv"
"WU","2019-11-01",17.0664825439453,17.2856142195265,16.1255063611631,16.2672969391824,14391300,"WU",0.0566644331395589,1.84678237033492,"Financial_Serv"
"WU","2019-11-04",17.1502628326416,17.3629492398756,16.9955819209527,17.1244820660462,13175700,"WU",0.0049090542518389,1.85584832518223,"Financial_Serv"
"WU","2019-11-05",17.0858154296875,17.2340511782214,17.0600346581365,17.1373757434947,8904600,"WU",-0.00375780847110055,1.84887440262478,"Financial_Serv"
"WU","2019-11-06",17.7045345306396,17.7303152953981,17.0922561191619,17.2211562550703,7505400,"WU",0.0362124420399094,1.9158266597689,"Financial_Serv"
"WU","2019-11-07",17.9558944702148,18.0461247003423,17.633642243423,17.743208049704,7893000,"WU",0.0141974893008449,1.94302658827325,"Financial_Serv"
"WU","2019-11-08",17.9623336791992,18.0010035893312,17.7625364800465,17.8914378195454,5836400,"WU",0.000358612543365987,1.9437233819799,"Financial_Serv"
"WU","2019-11-11",17.6336364746094,17.9043283057299,17.5820761843623,17.9043283057299,8234500,"WU",-0.0182992483304373,1.90815470512737,"Financial_Serv"
"WU","2019-11-12",17.1760406494141,17.4016174173497,17.0600296699446,17.2727160558738,10737100,"WU",-0.025950167786106,1.85863777036746,"Financial_Serv"
"WU","2019-11-13",17.0149173736572,17.2856092940486,16.8731268360407,17.1309283722956,7422400,"WU",-0.00938069948980544,1.84120244798325,"Financial_Serv"
"WU","2019-11-14",17.0664825439453,17.1438236415072,16.8795768378878,16.9826974817737,5375300,"WU",0.00303058599437691,1.84678237033492,"Financial_Serv"
"WU","2019-11-15",17.2727184295654,17.3113895808993,17.124482704003,17.1695978179312,7740200,"WU",0.0120842642934225,1.86909937659048,"Financial_Serv"
"WU","2019-11-18",17.4531803131104,17.5563009259176,17.2018239730544,17.2018239730544,7422500,"WU",0.0104477986068498,1.88862735045328,"Financial_Serv"
"WU","2019-11-19",17.6271991729736,17.7174294139611,17.4789634258385,17.4789634258385,5490800,"WU",0.00997061032667857,1.90745811781696,"Financial_Serv"
"WU","2019-11-20",17.3822841644287,17.6143061543366,17.2727183613383,17.5240759268367,6041500,"WU",-0.0138941533559359,1.88095560220799,"Financial_Serv"
"WU","2019-11-21",17.420955657959,17.446735196625,17.3178350447056,17.3307241993913,5917600,"WU",0.00222476477570256,1.88514028597644,"Financial_Serv"
"WU","2019-11-22",17.4016227722168,17.5627489089966,17.3951775792302,17.4596282798011,5133400,"WU",-0.00110974886348184,1.88304825368657,"Financial_Serv"
"WU","2019-11-25",17.6465282440186,17.7560940307153,17.5047377321205,17.5111829230196,6700500,"WU",0.0140737145614242,1.90954973731435,"Financial_Serv"
"WU","2019-11-26",17.6400833129883,17.7303135220289,17.5627422557432,17.6078573602635,29862100,"WU",-0.000365223739262028,1.90885232441898,"Financial_Serv"
"WU","2019-11-27",17.5820808410645,17.7432069444233,17.4467342750098,17.6852014488706,5430500,"WU",-0.00328810646155629,1.9025758147569,"Financial_Serv"
"WU","2019-11-29",17.3242740631104,17.569186371661,17.3049397219525,17.504735699448,3930200,"WU",-0.0146630413251185,1.87467826696095,"Financial_Serv"
"WU","2019-12-02",17.3436126708984,17.4209537369575,17.2469372602956,17.2856071786778,4625200,"WU",0.00111627233081384,1.87677091843953,"Financial_Serv"
"WU","2019-12-03",17.2404899597168,17.3371653584918,17.1180337989781,17.176039284102,7094900,"WU",-0.00594586105781032,1.86561189932115,"Financial_Serv"
"WU","2019-12-04",17.246940612793,17.4982969750785,17.2340502277284,17.2856105386919,5601000,"WU",0.000374157178319417,1.86630993140524,"Financial_Serv"
"WU","2019-12-05",17.2985000610352,17.3178356376677,17.1695986754075,17.2404945604322,5162500,"WU",0.00298948372350416,1.87188923456819,"Financial_Serv"
"WU","2019-12-06",17.3113880157471,17.4854032638377,17.2984976331346,17.3758374702205,4162600,"WU",0.000745033076072541,1.87328385396269,"Financial_Serv"
"WU","2019-12-09",17.3565044403076,17.4660702422241,17.2533838301856,17.2662742137745,4863300,"WU",0.00260617025737667,1.87816595062651,"Financial_Serv"
"WU","2019-12-10",17.2791652679443,17.3887310819078,17.2533857272266,17.317836422963,4927600,"WU",-0.00445591868047311,1.86979699588209,"Financial_Serv"
"WU","2019-12-11",17.1373729705811,17.3307238087493,17.0858126651165,17.2920538869746,4442200,"WU",-0.00820596916370312,1.85445349939149,"Financial_Serv"
"WU","2019-12-12",17.4338397979736,17.4467301782462,17.0858081356749,17.0858081356749,7946700,"WU",0.017299432526882,1.88653449257846,"Financial_Serv"
"WU","2019-12-13",17.5498504638672,17.5627408439209,17.3693900602927,17.3693900602927,4668800,"WU",0.00665433818584468,1.89908813109133,"Financial_Serv"
"WU","2019-12-16",17.6147842407227,17.822552738818,17.5693353074611,17.6342628857164,8356500,"WU",0.00369996183096595,1.90611468469001,"Financial_Serv"
"WU","2019-12-17",17.4394779205322,17.7056798238788,17.4070135186666,17.5628389324507,6113200,"WU",-0.00995222636818614,1.88714459986425,"Financial_Serv"
"WU","2019-12-18",17.4459743499756,17.5303793352163,17.4264957048936,17.4459743499756,5674000,"WU",0.000372512839717,1.88784758545811,"Financial_Serv"
"WU","2019-12-19",17.640754699707,17.6537404622503,17.2966394226538,17.4070159274905,5316000,"WU",0.0111647733639891,1.9089249758955,"Financial_Serv"
"WU","2019-12-20",17.8095645904541,17.9718828951598,17.6082902393683,17.8095645904541,14784600,"WU",0.00956931228967624,1.92719207512741,"Financial_Serv"
"WU","2019-12-23",17.6212749481201,17.8290421821888,17.5823189013298,17.7706087311986,3518600,"WU",-0.0105723888631678,1.90681705109514,"Financial_Serv"
"WU","2019-12-24",17.5758247375488,17.6862012273899,17.5693318571593,17.6147807814956,1069000,"WU",-0.00257928048368247,1.9018988350893,"Financial_Serv"
"WU","2019-12-26",17.7186660766602,17.7316505993767,17.5628394201586,17.5758251812655,2593200,"WU",0.00812714858302855,1.91735584951196,"Financial_Serv"
"WU","2019-12-27",17.7706089019775,17.8615067581585,17.6537395220932,17.7641160210517,3339200,"WU",0.00293153136317662,1.92297663831918,"Financial_Serv"
"WU","2019-12-30",17.3875350952148,17.7706063460091,17.3745493352309,17.7381419460493,4391300,"WU",-0.0215565943111868,1.88152381105704,"Financial_Serv"
"WU","2019-12-31",17.3875350952148,17.458954298346,17.2966360137176,17.3485778152631,3275700,"WU",0,1.88152381105704,"Financial_Serv"
"WU","2020-01-02",17.0044689178467,17.5498586159909,16.9590199827331,17.4719452712315,8124900,"WU",-0.0220310800392625,1.84007180937986,"Financial_Serv"
"WU","2020-01-03",16.9460296630859,17.0758835515875,16.7317695705877,16.7966971340336,4993800,"WU",-0.00343669979010097,1.8337480349788,"Financial_Serv"
"WU","2020-01-06",16.7837162017822,16.939541655844,16.6278907477204,16.8291651377514,8018800,"WU",-0.00957825900997231,1.81618392134074,"Financial_Serv"
"WU","2020-01-07",16.8616275787354,17.0629031984325,16.692816367888,16.7512510654271,6180600,"WU",0.00464208140893444,1.8246147949572,"Financial_Serv"
"WU","2020-01-08",17.0109596252441,17.1732779375522,16.8291626696385,16.8940902422398,5965900,"WU",0.00885632456365693,1.840774175785,"Financial_Serv"
"WU","2020-01-09",17.3096294403076,17.3356009717785,17.0888763763681,17.0953692592358,6917400,"WU",0.0175574936184231,1.8730935566293,"Financial_Serv"
"WU","2020-01-10",17.0499153137207,17.4135079788702,17.0304366708341,17.3745519314875,5206400,"WU",-0.0150040257928421,1.84498961259323,"Financial_Serv"
"WU","2020-01-13",17.2057399749756,17.2446960206225,16.9395380593396,17.0953634803175,7247900,"WU",0.0091393217143715,1.86185156622239,"Financial_Serv"
"WU","2020-01-14",17.3161163330078,17.3680581395906,17.2122327198422,17.2252184810855,4511500,"WU",0.00641508927792472,1.87379551024195,"Financial_Serv"
"WU","2020-01-15",17.5758247375488,17.5758247375488,17.3096228335305,17.3680575186458,4883200,"WU",0.0149980745997855,1.9018988350893,"Financial_Serv"
"WU","2020-01-16",17.9134483337402,17.9134483337402,17.549855675364,17.6732166961762,5072800,"WU",0.0192095449990526,1.9384334463456,"Financial_Serv"
"WU","2020-01-17",18.0303153991699,18.1082274824893,17.8874745157672,17.9524020774603,7463900,"WU",0.00652398484380959,1.95107975677029,"Financial_Serv"
"WU","2020-01-21",17.7381477355957,18.017335474423,17.7121774455416,17.9913639459783,7662500,"WU",-0.0162042458551596,1.91946398070856,"Financial_Serv"
"WU","2020-01-22",17.9069557189941,18.101737193564,17.7511302916602,17.8939699571187,3686900,"WU",0.00951666351609448,1.93773087354422,"Financial_Serv"
"WU","2020-01-23",18.0173320770264,18.0173320770264,17.6926954630259,17.8809852935736,4243400,"WU",0.00616388177668574,1.94967481756378,"Financial_Serv"
"WU","2020-01-24",17.5953044891357,17.9199410987567,17.5108982771357,17.8874766947604,5294600,"WU",-0.023423422851197,1.90400675988966,"Financial_Serv"
"WU","2020-01-27",17.6277713775635,17.7446407798512,17.2382071160679,17.2511928804089,6255800,"WU",0.00184520185187935,1.907520036689,"Financial_Serv"
"WU","2020-01-28",17.8485221862793,17.9394200485205,17.6602335804382,17.6797109861239,4486400,"WU",0.0125228994628777,1.93140771833188,"Financial_Serv"
"WU","2020-01-29",17.8615074157715,17.958898156464,17.8030727236779,17.8939705832055,3700700,"WU",0.000727524069313124,1.93281286393462,"Financial_Serv"
"WU","2020-01-30",17.9199409484863,17.932926709976,17.5758256993532,17.7251582413129,3631000,"WU",0.0032714782327525,1.93913601914697,"Financial_Serv"
"WU","2020-01-31",17.4654483795166,17.9134472226512,17.4005208135218,17.8550125370949,13437500,"WU",-0.0253623921125765,1.88995489106974,"Financial_Serv"
"WU","2020-02-03",17.5888137817383,17.7316534618013,17.5109004409099,17.5953066633399,4394400,"WU",0.00706339737411849,1.90330439348453,"Financial_Serv"
"WU","2020-02-04",17.829044342041,17.9199434467506,17.738146475722,17.7771025272315,5245400,"WU",0.0136581445050124,1.92929999992776,"Financial_Serv"
"WU","2020-02-05",18.1277122497559,18.2186101238158,17.8809889179972,17.9394223810424,5801300,"WU",0.016751762011752,1.96161917437582,"Financial_Serv"
"WU","2020-02-06",18.1601715087891,18.3419684561216,18.0757665351217,18.1991287936113,5730900,"WU",0.00179058772480462,1.9651316255902,"Financial_Serv"
"WU","2020-02-07",17.9524021148682,18.1991266021377,17.8874745530399,18.108227520222,4134100,"WU",-0.0114409378689151,1.94264867675759,"Financial_Serv"
"WU","2020-02-10",18.3744297027588,18.4588359060013,17.9069534792279,17.9718810420937,6758300,"WU",0.0235081403140531,1.98831673443171,"Financial_Serv"
"WU","2020-02-11",18.3354721069336,18.4718201012387,18.2056182305942,18.4328628237857,9613800,"WU",-0.00212020707338449,1.98410109122724,"Financial_Serv"
"WU","2020-02-12",16.9655094146729,17.2252197044218,16.6538585530427,17.1018574406301,20446900,"WU",-0.0747165213020443,1.83585595977915,"Financial_Serv"
"WU","2020-02-13",16.9200592041016,17.2706673256763,16.8031898302433,16.9395378458747,8992400,"WU",-0.00267897706224965,1.83093774377331,"Financial_Serv"
"WU","2020-02-14",17.0369281768799,17.1473046675486,16.952523207964,16.9849863717646,5829600,"WU",0.00690712552294086,1.84358426059424,"Financial_Serv"
"WU","2020-02-18",16.744758605957,17.1797705178282,16.6798310298124,17.1408144674976,7304500,"WU",-0.0171491930874806,1.81196827813627,"Financial_Serv"
"WU","2020-02-19",17.023946762085,17.1927579814033,16.6019193329843,16.7512519060154,9015000,"WU",0.0166731669711027,1.84217952778398,"Financial_Serv"
"WU","2020-02-20",17.2057399749756,17.2122328556485,16.9005820136928,16.9720012243136,6683200,"WU",0.0106786760691421,1.86185156622239,"Financial_Serv"
"WU","2020-02-21",16.7317695617676,17.1537968663581,16.595421554764,17.1018550633068,12934500,"WU",-0.0275472263266422,1.81056271974105,"Financial_Serv"
"WU","2020-02-24",16.3032474517822,16.4266084454677,16.1279434227891,16.2318270166242,8089700,"WU",-0.0256112844731339,1.76419188286931,"Financial_Serv"
"WU","2020-02-25",15.6215105056763,16.3941458447109,15.5890473458943,16.3616826849289,8644600,"WU",-0.0418160215087351,1.69042039714971,"Financial_Serv"
"WU","2020-02-26",15.4591999053955,15.9007060326207,15.4462153780701,15.6799529690081,6924300,"WU",-0.0103901988365199,1.67285659310602,"Financial_Serv"
"WU","2020-02-27",14.7449970245361,15.2709093239872,14.7190267347803,15.1475470420725,10540500,"WU",-0.0461992137516837,1.5955719337852,"Financial_Serv"
"WU","2020-02-28",14.5372247695923,14.7125288093154,14.1866179285363,14.3359504490159,14106800,"WU",-0.0140910340367047,1.57308867535822,"Financial_Serv"
"WU","2020-03-02",15.2514276504517,15.2579205311994,14.4917779404265,14.6281259593492,9722800,"WU",0.0491292452431005,1.65037333467904,"Financial_Serv"
"WU","2020-03-03",14.9657459259033,15.6280048500014,14.7060369081365,15.1540357377782,10577600,"WU",-0.018731474265616,1.61945940903184,"Financial_Serv"
"WU","2020-03-04",15.5176305770874,15.6085296750702,15.134559256819,15.2189654736323,6838800,"WU",0.0368765214855651,1.679179438724,"Financial_Serv"
"WU","2020-03-05",14.5307331085205,15.3163542940665,14.4917770647781,15.1475431199956,11617400,"WU",-0.0635984639319936,1.57238620575497,"Financial_Serv"
"WU","2020-03-06",14.5112543106079,14.6930499895201,13.9074301179006,13.9334003984351,16566400,"WU",-0.00134052409930891,1.57027838415273,"Financial_Serv"
"WU","2020-03-09",13.0958395004272,13.9853442618644,12.9919558953764,13.5308525609741,11371700,"WU",-0.0975391086038633,1.41711483030256,"Financial_Serv"
"WU","2020-03-10",14.2190818786621,14.2190818786621,13.2906210667906,13.5243597993989,9232600,"WU",0.0857709334478494,1.5386620921004,"Financial_Serv"
"WU","2020-03-11",14.1087083816528,14.2450564173583,13.7386228022088,13.7970574977411,13919600,"WU",-0.00776235047741792,1.5267184576752,"Financial_Serv"
"WU","2020-03-12",13.4269714355469,14.0502731809603,13.0698703936454,13.167262374958,15484500,"WU",-0.0483202946481265,1.4529469719556,"Financial_Serv"
"WU","2020-03-13",14.3684177398682,14.537228948305,13.8619853529482,14.069752613058,20301600,"WU",0.0701160577305529,1.55482188572067,"Financial_Serv"
"WU","2020-03-16",13.6698389053345,13.9256560258066,12.5088206259275,13.1450855169018,10090600,"WU",-0.0486190509756227,1.47922792120081,"Financial_Serv"
"WU","2020-03-17",14.7980575561523,15.2047423221555,13.669837279641,13.8535015693054,11154500,"WU",0.0825334269577675,1.60131367078912,"Financial_Serv"
"WU","2020-03-18",14.135555267334,14.935805628912,13.2369150676378,13.9781292743458,11373700,"WU",-0.0447695439961931,1.52962358795302,"Financial_Serv"
"WU","2020-03-19",13.1647624969482,14.2601862492448,12.9614207228891,14.0568444751857,9055400,"WU",-0.0686773707877722,1.42457306163745,"Financial_Serv"
"WU","2020-03-20",12.0496606826782,13.2565933717886,12.0168628167908,13.1450843811035,10324700,"WU",-0.0847035268983025,1.30390669899245,"Financial_Serv"
"WU","2020-03-23",12.1677312850952,12.5285003636349,11.6101812338163,12.0562210246173,8851100,"WU",0.00979866616383003,1.31668324544466,"Financial_Serv"
"WU","2020-03-24",12.5350589752197,13.1188472787695,12.0824583937912,12.5678555929723,7201900,"WU",0.0301886754003573,1.35643216854647,"Financial_Serv"
"WU","2020-03-25",12.6203289031982,13.0007753630775,11.9971845082999,12.5678535725635,8760200,"WU",0.00680251510161091,1.36565931885732,"Financial_Serv"
"WU","2020-03-26",13.617359161377,13.7091906618682,12.5547323296642,12.5875301877756,8143600,"WU",0.0790019234701596,1.473549031852,"Financial_Serv"
"WU","2020-03-27",12.9483032226562,13.5189736786327,12.8171154893026,13.3484284992732,6038400,"WU",-0.0491325763528624,1.40114977153484,"Financial_Serv"
"WU","2020-03-30",12.4038686752319,13.0794896882219,12.1414920079433,13.0794896882219,8272800,"WU",-0.0420467869853166,1.34223592555659,"Financial_Serv"
"WU","2020-03-31",11.8922338485718,12.5547357495628,11.8397585124097,12.3120377889795,9065900,"WU",-0.041248004155493,1.28687137252158,"Financial_Serv"
"WU","2020-04-01",11.5445852279663,12.0299824007609,11.4068366884497,11.4658715980839,8230600,"WU",-0.0292332479357712,1.24925194262721,"Financial_Serv"
"WU","2020-04-02",11.7085733413696,12.3054808890647,11.4921123762836,11.610182221078,8495200,"WU",0.0142047644125027,1.26699727216409,"Financial_Serv"
"WU","2020-04-03",11.6232976913452,11.793842848073,11.472431255009,11.6036202220644,4608300,"WU",-0.00728318024221718,1.25776950266452,"Financial_Serv"
"WU","2020-04-06",12.6072101593018,12.6924833562432,11.8135206017839,12.016862358081,7235100,"WU",0.0846500273918968,1.36423972551777,"Financial_Serv"
"WU","2020-04-07",13.0401344299316,13.3090719663647,12.7187228023785,12.9942186618685,8098900,"WU",0.0343394188848725,1.41108692491171,"Financial_Serv"
"WU","2020-04-08",13.2893886566162,13.4140180205615,12.9220613877943,13.0794873601466,7191900,"WU",0.0191143908848397,1.43805899196696,"Financial_Serv"
"WU","2020-04-09",13.2434768676758,13.6567200123797,13.1713228062549,13.3418679734519,5953000,"WU",-0.00345477057874835,1.433090828071,"Financial_Serv"
"WU","2020-04-13",13.0794868469238,13.3353038855695,12.9745362028071,13.1778779193944,4624800,"WU",-0.0123827014907403,1.41534529213788,"Financial_Serv"
"WU","2020-04-14",13.2237968444824,13.4927330909846,13.0991674555073,13.3812228484512,4286200,"WU",0.011033307288545,1.43096123166544,"Financial_Serv"
"WU","2020-04-15",12.5481767654419,12.9942177693223,12.5284992954012,12.9942177693223,4475600,"WU",-0.0510912324944274,1.3578516586879,"Financial_Serv"
"WU","2020-04-16",12.5809755325317,12.7515207080254,12.4038707828524,12.7121632629117,4038100,"WU",0.00261382730757927,1.36140084843302,"Financial_Serv"
"WU","2020-04-17",13.0729322433472,13.1057288629309,12.8564713012067,12.8564713012067,5276900,"WU",0.0391032245109558,1.41463601145871,"Financial_Serv"
"WU","2020-04-20",12.6793661117554,13.0401339190705,12.4301085587012,12.9286236648095,6798600,"WU",-0.0301054212066373,1.37204779847967,"Financial_Serv"
"WU","2020-04-21",12.2595615386963,12.5088190541031,12.1808479147669,12.4760224406137,5909600,"WU",-0.03310927134361,1.3266202956234,"Financial_Serv"
"WU","2020-04-22",12.4038686752319,12.5350576344316,12.2989180083165,12.5088193421474,5672400,"WU",0.0117709867583886,1.34223592555659,"Financial_Serv"
"WU","2020-04-23",12.4891414642334,12.6268887408735,12.3645120821943,12.4891414642334,5620500,"WU",0.00687469298765938,1.3514633854618,"Financial_Serv"
"WU","2020-04-24",12.1349325180054,12.594092627239,11.9119120365045,12.594092627239,8603400,"WU",-0.0283613527192735,1.31313405569953,"Financial_Serv"
"WU","2020-04-27",12.5481767654419,12.5875342077448,11.9971863354193,12.200528116208,6892000,"WU",0.0340541034590317,1.3578516586879,"Financial_Serv"
"WU","2020-04-28",12.5481767654419,12.8302321797257,12.2398843074002,12.7515197973414,8276600,"WU",0,1.3578516586879,"Financial_Serv"
"WU","2020-04-29",13.0926094055176,13.2369175309445,12.6990449753626,12.8302327017107,5805400,"WU",0.0433873900768652,1.41676529826991,"Financial_Serv"
"WU","2020-04-30",12.5088195800781,13.0532516442242,12.3054778154505,13.0204550293558,5835800,"WU",-0.0445892646269145,1.35359277547113,"Financial_Serv"
"WU","2020-05-01",12.1480512619019,12.4694628272762,12.0890163569239,12.2661210718579,10671800,"WU",-0.0288411161314405,1.31455364903909,"Financial_Serv"
"WU","2020-05-04",12.3645124435425,12.4038686307169,11.833199537801,12.0431008708786,9101300,"WU",0.0178185930380028,1.33797714553794,"Financial_Serv"
"WU","2020-05-05",12.6990451812744,12.8827082513619,12.4497863702831,12.4563459443735,8141700,"WU",0.027055877800232,1.37417729168711,"Financial_Serv"
"WU","2020-05-06",12.7711973190308,12.9679807780089,12.3120384169699,12.6728062150971,9472600,"WU",0.00568169785416157,1.38198495185653,"Financial_Serv"
"WU","2020-05-07",12.7580795288086,13.1516439478181,12.653128850258,12.9351830169186,6904800,"WU",-0.0010271386381777,1.3805654617151,"Financial_Serv"
"WU","2020-05-08",13.0729322433472,13.1910020756258,12.8433521529288,12.9023870690682,6852600,"WU",0.0246786919479233,1.41463601145871,"Financial_Serv"
"WU","2020-05-11",12.6662464141846,13.0860503684757,12.6203306499131,13.0138963097001,5741700,"WU",-0.0311089984704511,1.37062810194199,"Financial_Serv"
"WU","2020-05-12",12.3776340484619,12.7449614543175,12.3710744741113,12.6990456849744,4849000,"WU",-0.0227859427556571,1.33939704847185,"Financial_Serv"
"WU","2020-05-13",12.0168609619141,12.4235456783687,11.9119103094955,12.3513916356645,4550400,"WU",-0.0291471766846009,1.30035740604921,"Financial_Serv"
"WU","2020-05-14",12.0562181472778,12.0627777199888,11.5183456960862,11.8791146885246,5974800,"WU",0.00327516357961594,1.30461628926598,"Financial_Serv"
"WU","2020-05-15",12.1808471679688,12.5284970047508,11.8397569037046,11.9578267068045,14597800,"WU",0.010337322962181,1.31810252918985,"Financial_Serv"
"WU","2020-05-18",12.7252826690674,12.8039963097786,12.3907518854888,12.443227228926,5961700,"WU",0.0446960292327042,1.37701647836622,"Financial_Serv"
"WU","2020-05-19",12.3054790496826,12.6596872800089,12.266122857671,12.6596872800089,4570800,"WU",-0.0329897284250686,1.33158907870807,"Financial_Serv"
"WU","2020-05-20",12.5481767654419,12.626890398937,12.3513945583703,12.4563452356232,3525400,"WU",0.0197227360901108,1.35785165868791,"Financial_Serv"
"WU","2020-05-21",12.3907527923584,12.6137733310668,12.3579561694764,12.5481788341918,4150100,"WU",-0.0125455654654983,1.3408166418114,"Financial_Serv"
"WU","2020-05-22",12.469464302063,12.5678554049597,12.3251574345552,12.4432260073648,3720000,"WU",0.00635243968010827,1.34933409865059,"Financial_Serv"
"WU","2020-05-26",13.0007743835449,13.1254037535787,12.6596841345632,12.7974326490449,6240300,"WU",0.0426088939036484,1.40682773210057,"Financial_Serv"
"WU","2020-05-27",13.3090677261353,13.4205766981275,13.1385226054423,13.1975575030326,8231800,"WU",0.0237134599443968,1.4401884851744,"Financial_Serv"
"WU","2020-05-28",13.3681049346924,13.5780075437833,13.1319665325201,13.4271398480132,8853600,"WU",0.00443586356099131,1.44657696479675,"Financial_Serv"
"WU","2020-05-29",13.1319675445557,13.361547641706,13.040134755029,13.2762744265106,14433100,"WU",-0.0176642382215226,1.42102428468481,"Financial_Serv"
"WU","2020-06-01",13.5845632553101,13.6960734866917,13.0532503886614,13.1385235808941,9056300,"WU",0.0344651865167025,1.47000015170124,"Financial_Serv"
"WU","2020-06-02",15.1194686889648,15.4999151521463,14.9751618412445,15.2506576422456,24359200,"WU",0.112988942287475,1.63609391400439,"Financial_Serv"
"WU","2020-06-03",15.0210809707642,15.3228151305843,14.8833336649041,15.2178644448497,7185700,"WU",-0.00650735288552125,1.62544727355211,"Financial_Serv"
"WU","2020-06-04",15.414644241333,15.486798295584,14.9095683637972,14.9751628448336,8079000,"WU",0.026200728917902,1.66803517693679,"Financial_Serv"
"WU","2020-06-05",16.1033821105957,16.2804868224704,15.7557335107423,15.8278863091608,7807100,"WU",0.0446807502320362,1.74256424005575,"Financial_Serv"
"WU","2020-06-08",16.2804851531982,16.3395200511035,15.9918702357848,16.221450255293,6857800,"WU",0.010997878668358,1.76172875013971,"Financial_Serv"
"WU","2020-06-09",15.9984321594238,16.0771457852374,15.709818450699,15.9590759720724,4786300,"WU",-0.0173246061846631,1.73120749333934,"Financial_Serv"
"WU","2020-06-10",15.5523910522461,15.8344464363418,15.3752875852812,15.7032587293719,8520000,"WU",-0.027880301190326,1.68294090700209,"Financial_Serv"
"WU","2020-06-11",14.7587022781372,15.1719453914363,14.7193460890398,15.0866734398736,7492200,"WU",-0.0510332315746563,1.59705499396859,"Financial_Serv"
"WU","2020-06-12",14.7718210220337,15.1457079360393,14.4832060572654,15.1391483628501,6863000,"WU",0.000888881938889561,1.59847458730814,"Financial_Serv"
"WU","2020-06-15",14.649245262146,14.7817568951998,14.1324464811472,14.3709691898754,5298000,"WU",-0.00829794510134268,1.58521053293676,"Financial_Serv"
"WU","2020-06-16",14.5697402954102,15.020282721528,14.4902335518228,14.9805293497344,6865300,"WU",-0.00542723978697268,1.57660721526168,"Financial_Serv"
"WU","2020-06-17",14.4902315139771,14.6028671046659,14.3908462028647,14.5167333368668,5434100,"WU",-0.00545711727326758,1.56800348479412,"Financial_Serv"
"WU","2020-06-18",14.3643445968628,14.5101077842989,14.2450832327166,14.3775961403761,6277400,"WU",-0.00868770916412407,1.55438112654989,"Financial_Serv"
"WU","2020-06-19",14.317967414856,14.6757502924489,14.1788287164265,14.6293711475514,11863800,"WU",-0.00322863195700309,1.54936260197135,"Financial_Serv"
"WU","2020-06-22",14.4107265472412,14.5564897631186,14.1589534900463,14.3312185343846,3403500,"WU",0.00647851260570753,1.55940016711904,"Financial_Serv"
"WU","2020-06-23",14.3577194213867,14.6293697560074,14.3312163332594,14.5962421595851,5150600,"WU",-0.00367831043637698,1.55366420920983,"Financial_Serv"
"WU","2020-06-24",13.8806762695312,14.3113413746179,13.8210455804245,14.2649622305876,6449200,"WU",-0.0332255519037991,1.50204285838566,"Financial_Serv"
"WU","2020-06-25",14.0264348983765,14.0330606687531,13.7481588612381,13.8276668420218,3958100,"WU",0.0105008305081765,1.51781555585758,"Financial_Serv"
"WU","2020-06-26",13.9866886138916,14.0661953711509,13.7746689095505,13.9668112927082,5876200,"WU",-0.00283366976518487,1.51351456780782,"Financial_Serv"
"WU","2020-06-29",14.1125688552856,14.218578664878,14.0330621299597,14.0993185768891,4776300,"WU",0.00900000313648354,1.52713620366521,"Financial_Serv"
"WU","2020-06-30",14.3245878219604,14.3908429962901,14.0198087123512,14.0860651504172,4190700,"WU",0.0150234141529376,1.55007900332081,"Financial_Serv"
"WU","2020-07-01",14.3709745407104,14.7486347943222,14.3709745407104,14.4703586184393,4592700,"WU",0.00323825853326728,1.55509855988055,"Financial_Serv"
"WU","2020-07-02",14.2782106399536,14.5763640463973,14.2384572736734,14.5233591367781,3985600,"WU",-0.00645494851403794,1.54506047874227,"Financial_Serv"
"WU","2020-07-06",14.3245878219604,14.5631092297672,14.284833200879,14.5101043320617,4581300,"WU",0.00324810882654037,1.55007900332081,"Financial_Serv"
"WU","2020-07-07",13.9071779251099,14.3245927437295,13.8873006077395,14.2185816481577,4100100,"WU",-0.0291394001725251,1.50491063094402,"Financial_Serv"
"WU","2020-07-08",13.953556060791,14.0065609728802,13.8144186404581,13.9005511487018,4224400,"WU",0.00333483442369822,1.50992925872068,"Financial_Serv"
"WU","2020-07-09",13.7349100112915,14.0065603312722,13.456633919636,14.0065603312722,6063200,"WU",-0.0156695575340754,1.48626933532877,"Financial_Serv"
"WU","2020-07-10",14.1324481964111,14.1854531088132,13.6620297568097,13.7084088971944,5203600,"WU",0.0289436323057677,1.52928736847787,"Financial_Serv"
"WU","2020-07-13",14.2252073287964,14.5697399119044,14.0595668096564,14.2583361908665,5477500,"WU",0.00656355721925163,1.53932493362555,"Financial_Serv"
"WU","2020-07-14",14.2848339080811,14.2980854490976,13.9933075881361,14.0661885362541,4801100,"WU",0.00419161407679202,1.54577718968609,"Financial_Serv"
"WU","2020-07-15",14.6624984741211,14.7420064808486,14.3842223461803,14.5299868145579,3550000,"WU",0.0264381489116503,1.58664467721124,"Financial_Serv"
"WU","2020-07-16",14.5432367324829,14.7155017442678,14.5034821016986,14.5829900995304,2699500,"WU",-0.00813379396756135,1.57373923630708,"Financial_Serv"
"WU","2020-07-17",14.5697402954102,14.642622530146,14.4107255444986,14.6227452123807,3474900,"WU",0.0018223978207031,1.57660721526168,"Financial_Serv"
"WU","2020-07-20",14.510106086731,14.5631109908463,14.3444656034036,14.510106086731,3315800,"WU",-0.00409301795845912,1.57015413361618,"Financial_Serv"
"WU","2020-07-21",14.4703569412231,14.7287557661152,14.3974747029256,14.5962440990816,4714900,"WU",-0.00273941108839734,1.56585283597206,"Financial_Serv"
"WU","2020-07-22",15.0202798843384,15.2786786477934,14.5233584077022,14.5233584077022,8044700,"WU",0.0380034124485633,1.62536058713126,"Financial_Serv"
"WU","2020-07-23",15.0534067153931,15.3316827787745,15.020279124122,15.0401564371266,5508400,"WU",0.00220547362031707,1.62894527702968,"Financial_Serv"
"WU","2020-07-24",14.8877668380737,15.1792944553347,14.8016343390181,15.040157049844,4746700,"WU",-0.0110034811688147,1.61102120834885,"Financial_Serv"
"WU","2020-07-27",15.0732870101929,15.1461692418907,14.7950108917629,14.8811434043484,4881000,"WU",0.0124612491676518,1.63109654504046,"Financial_Serv"
"WU","2020-07-28",14.8811435699463,15.106414776122,14.8546417441393,15.060035633157,3167100,"WU",-0.0127472820040281,1.61030449740503,"Financial_Serv"
"WU","2020-07-29",16.0008716583252,16.0074974298126,14.9473980028327,14.9606495458074,10695900,"WU",0.0752447608018708,1.73147147413045,"Financial_Serv"
"WU","2020-07-30",16.0538768768311,16.1665124668201,15.7557247365565,15.8484830116992,7705100,"WU",0.00331264568816668,1.73720722564341,"Financial_Serv"
"WU","2020-07-31",16.0870132446289,16.1863973377815,15.9014953440034,16.1002635303086,11753800,"WU",0.00206407262570164,1.74079294752303,"Financial_Serv"
"WU","2020-08-03",16.0406284332275,16.2062689644112,15.5437068396767,16.1135106713442,8182400,"WU",-0.00288337000138009,1.73577359735953,"Financial_Serv"
"WU","2020-08-04",16.0273780822754,16.1466394664128,15.8153584054697,16.0273780822754,8043300,"WU",-0.000826049366289219,1.73433976267941,"Financial_Serv"
"WU","2020-08-05",15.1594190597534,16.6501836635797,14.8877687219329,16.140011848488,10570200,"WU",-0.0541547730431246,1.64041698645184,"Financial_Serv"
"WU","2020-08-06",15.079909324646,15.4310675942524,15.033530192832,15.1660418174811,4993400,"WU",-0.00524490646996569,1.63181315278616,"Financial_Serv"
"WU","2020-08-07",15.4178199768066,15.4509475754664,14.8612677259119,14.9871548755454,5473900,"WU",0.0224080029187163,1.66837882667659,"Financial_Serv"
"WU","2020-08-10",15.4907026290894,15.7093480897073,15.4178216513747,15.4575750268315,4232600,"WU",0.00472716975502073,1.67626553660597,"Financial_Serv"
"WU","2020-08-11",15.391318321228,15.7424767129361,15.3449391732875,15.5437073112433,3973700,"WU",-0.006415739185045,1.66551105411823,"Financial_Serv"
"WU","2020-08-12",15.4840745925903,15.5900844121524,15.3581874579591,15.4575715058315,3160400,"WU",0.0060265319335494,1.67554830967155,"Financial_Serv"
"WU","2020-08-13",15.5304527282715,15.5370784995335,15.371438009192,15.4641962793875,2734700,"WU",0.00299521520668377,1.68056693744821,"Financial_Serv"
"WU","2020-08-14",15.6629657745361,15.7623510886914,15.4575719018397,15.4840749892776,3500800,"WU",0.00853246512404774,1.69490631623062,"Financial_Serv"
"WU","2020-08-17",15.8749847412109,16.0008718736917,15.6165859684095,15.7027197351678,5791500,"WU",0.0135363231795789,1.71784911588623,"Financial_Serv"
"WU","2020-08-18",15.755729675293,15.8882413579283,15.6563443336451,15.8882413579283,4223200,"WU",-0.00751213735710791,1.7049443973689,"Financial_Serv"
"WU","2020-08-19",15.7027235031128,15.8749885504918,15.6099639425199,15.7557284247072,2819000,"WU",-0.00336424737365838,1.69920854265782,"Financial_Serv"
"WU","2020-08-20",15.4840745925903,15.7225960547366,15.4641972775212,15.6033346917951,3515900,"WU",-0.0139242667349468,1.67554830967155,"Financial_Serv"
"WU","2020-08-21",15.5635824203491,15.6165873338592,15.4310707684422,15.5304548233066,9316500,"WU",0.00513481301600267,1.684151936941,"Financial_Serv"
"WU","2020-08-24",15.8484840393066,15.8683613554418,15.6497159329022,15.6960950734808,2506500,"WU",0.0183056581230948,1.71498144652599,"Financial_Serv"
"WU","2020-08-25",15.8352346420288,16.0075009473443,15.7623536671262,15.8882395618384,2007700,"WU",-0.000836004077422895,1.71354771504399,"Financial_Serv"
"WU","2020-08-26",15.8352346420288,15.9677475734213,15.7027229743733,15.8882395618384,2036600,"WU",0,1.71354771504399,"Financial_Serv"
"WU","2020-08-27",15.8021039962769,15.9809960400665,15.6298377241539,15.9081138154699,2464100,"WU",-0.00209221059876309,1.70996261235308,"Financial_Serv"
"WU","2020-08-28",15.8749847412109,15.9412411932396,15.7557246440434,15.855108690218,3042100,"WU",0.00461209120957902,1.71784911588623,"Financial_Serv"
"WU","2020-08-31",15.6298351287842,15.9081111738918,15.6232093582177,15.9081111738918,4053000,"WU",-0.0154425101140638,1.69132121353972,"Financial_Serv"
"WU","2020-09-01",15.6364679336548,15.7093489151992,15.4840789332818,15.6232163865605,2654400,"WU",0.00042436819172778,1.69203895646474,"Financial_Serv"
"WU","2020-09-02",15.8816089630127,15.9544911795058,15.457569733387,15.6695893481998,3466900,"WU",0.0156775193987567,1.71856593002817,"Financial_Serv"
"WU","2020-09-03",15.391318321228,15.9081172491449,15.2720569329597,15.8551123281076,3292900,"WU",-0.0308715976401714,1.66551105411823,"Financial_Serv"
"WU","2020-09-04",15.258807182312,15.5702109462925,15.0931666403302,15.4642011005231,2997900,"WU",-0.00860947296069197,1.65117188173207,"Financial_Serv"
"WU","2020-09-08",14.9805278778076,15.2256751208077,14.8678922823453,15.0997892452074,3990500,"WU",-0.0182372908432171,1.62105897989278,"Financial_Serv"
"WU","2020-09-09",15.0335330963135,15.2256754314716,15.0269073242409,15.1925478348454,3765500,"WU",0.00353827441450726,1.62679473140574,"Financial_Serv"
"WU","2020-09-10",14.7022533416748,15.1527957715304,14.6757502511012,15.1064153630266,3791600,"WU",-0.0220360545000502,1.59094659404409,"Financial_Serv"
"WU","2020-09-11",14.655873298645,14.7685088992054,14.4703554672111,14.7685088992054,3161700,"WU",-0.00315462140067448,1.58592775987118,"Financial_Serv"
"WU","2020-09-14",14.954026222229,15.0600360559067,14.7486323274456,14.7883856991405,3783200,"WU",0.0203435794993908,1.61819120733441,"Financial_Serv"
"WU","2020-09-15",15.0109128952026,15.3254522914389,14.9707592284721,15.1514513669905,3686800,"WU",0.00380410413411415,1.62434697519602,"Financial_Serv"
"WU","2020-09-16",14.9841413497925,15.2518358369425,14.9640651567796,15.0577574614049,3509200,"WU",-0.00178347217101714,1.62144999756968,"Financial_Serv"
"WU","2020-09-17",15.1313705444336,15.138063032919,14.6629065621472,14.7967537789324,3072900,"WU",0.00982566776461651,1.63738182654274,"Financial_Serv"
"WU","2020-09-18",15.1581430435181,15.3789901133694,15.1112968887711,15.1179893789438,4762600,"WU",0.00176933735155415,1.6402789073672,"Financial_Serv"
"WU","2020-09-21",14.6762943267822,15.0644497974327,14.5290621050604,14.9640650040073,3879700,"WU",-0.0317881098860515,1.58813754121604,"Financial_Serv"
"WU","2020-09-22",14.7499113082886,14.8101411667295,14.5558329232765,14.7632950121299,2041800,"WU",0.00501604695757612,1.59610371369787,"Financial_Serv"
"WU","2020-09-23",14.3149070739746,14.7632936614163,14.1475986648764,14.723140000642,4092000,"WU",-0.0294919898311197,1.54903143920408,"Financial_Serv"
"WU","2020-09-24",14.4085998535156,14.7164466965146,14.1007517340548,14.2680601338922,3484000,"WU",0.00654511964743068,1.5591700353113,"Financial_Serv"
"WU","2020-09-25",14.4353723526001,14.5290646728275,14.2346027302665,14.3015263631984,2211300,"WU",0.00185809165058743,1.56206711613576,"Financial_Serv"
"WU","2020-09-28",14.7164478302002,14.7766789608985,14.5223707351983,14.616063037857,3070500,"WU",0.0194713008251201,1.59248259486307,"Financial_Serv"
"WU","2020-09-29",14.575909614563,14.8369103342157,14.5424471655935,14.7231405606431,2368800,"WU",-0.0095497376308978,1.57727480390035,"Financial_Serv"
"WU","2020-09-30",14.3416767120361,14.7365246508121,14.2479844135001,14.5892924371562,4639400,"WU",-0.0160698651899453,1.55192821043418,"Financial_Serv"
"WU","2020-10-01",14.3751392364502,14.5558326376128,14.1342159780287,14.3751392364502,4166200,"WU",0.0023332365584548,1.55554922607086,"Financial_Serv"
"WU","2020-10-02",14.3215990066528,14.4822149199665,14.0873669877305,14.1877530504557,2970600,"WU",-0.00372450164945912,1.54975558041254,"Financial_Serv"
"WU","2020-10-05",14.3751392364502,14.5156789739529,14.2011383253079,14.2412932654298,3350600,"WU",0.00373842542110641,1.55554922607086,"Financial_Serv"
"WU","2020-10-06",14.5424461364746,14.8101393269775,14.3751377328526,14.4487538389141,4869500,"WU",0.0116386281393493,1.57365368506555,"Financial_Serv"
"WU","2020-10-07",14.7365245819092,14.8837555184148,14.5692161773275,14.6495234967081,3457400,"WU",0.0133456533799904,1.59465512168658,"Financial_Serv"
"WU","2020-10-08",14.9372940063477,15.0577562606669,14.8034480499077,14.8168317520284,2281900,"WU",0.0136239330598304,1.61638059631795,"Financial_Serv"
"WU","2020-10-09",14.8770637512207,15.1581419356206,14.8436025792648,15.057757143291,3284600,"WU",-0.00403220657646278,1.60986301584741,"Financial_Serv"
"WU","2020-10-12",14.9038324356079,14.9774472629088,14.7164465698764,14.9172174138305,2299200,"WU",0.0017993257832891,1.61275968387939,"Financial_Serv"
"WU","2020-10-13",14.4889097213745,14.8971426973143,14.455448546101,14.8436040509994,3174200,"WU",-0.0278400012900087,1.56786045219971,"Financial_Serv"
"WU","2020-10-14",14.6294469833374,14.7766779166049,14.5290609216268,14.5290609216268,3729800,"WU",0.00969964370442349,1.58306813996431,"Financial_Serv"
"WU","2020-10-15",14.8302173614502,14.8369098510261,14.3952157507083,14.4086007298602,2897000,"WU",0.013723716169276,1.6047937177938,"Financial_Serv"
"WU","2020-10-16",14.7699823379517,14.9439831916693,14.7097512241086,14.8502909152296,2710300,"WU",-0.00406164131181992,1.59827562133266,"Financial_Serv"
"WU","2020-10-19",14.5223712921143,14.8168331907517,14.5156788021731,14.7900645074491,2428800,"WU",-0.0167644781267722,1.57148136463828,"Financial_Serv"
"WU","2020-10-20",14.4956007003784,14.7699863936919,14.4822157210797,14.6160629611428,2639100,"WU",-0.00184340361483365,1.56858449021006,"Financial_Serv"
"WU","2020-10-21",14.5290632247925,14.7164491230336,14.3952172487305,14.5089870304373,2995400,"WU",0.00230846069133161,1.57220550584674,"Financial_Serv"
"WU","2020-10-22",14.8770637512207,14.9306023922273,14.421984664434,14.5491394154978,2848100,"WU",0.0239520278110149,1.60986301584741,"Financial_Serv"
"WU","2020-10-23",14.7030630111694,15.0644497993002,14.6896793081164,14.9707574956197,3143200,"WU",-0.0116959060578733,1.59103420924802,"Financial_Serv"
"WU","2020-10-26",14.3149070739746,14.5625240810832,14.0806763224066,14.5424466124651,4393300,"WU",-0.026399664947362,1.54903143920408,"Financial_Serv"
"WU","2020-10-27",13.9535207748413,14.3082137648775,13.9535207748413,14.247983915397,4204900,"WU",-0.025245451979938,1.50992544039024,"Financial_Serv"
"WU","2020-10-28",13.5586748123169,13.9133691301524,13.4917511875322,13.719290745923,5776900,"WU",-0.0282972282691789,1.46719873553407,"Financial_Serv"
"WU","2020-10-29",13.9869842529297,14.073985349857,13.5519825976793,13.605521243303,10229800,"WU",0.0315893290857386,1.51354655922504,"Financial_Serv"
"WU","2020-10-30",13.0099010467529,13.8397505260254,12.7622840625245,13.8062880814206,8116200,"WU",-0.0698566030037604,1.40781533810955,"Financial_Serv"
"WU","2020-11-02",13.6055173873901,13.725979625019,13.1370534136026,13.2039770207811,6043000,"WU",0.0457817733199334,1.47226762079521,"Financial_Serv"
"WU","2020-11-03",13.786208152771,13.8799004193348,13.6925146097458,13.7393620194891,4037100,"WU",0.0132806978401518,1.49182036220683,"Financial_Serv"
"WU","2020-11-04",13.5319042205811,13.7862137276075,13.4716730887307,13.7326750855696,5685900,"WU",-0.0184462565320274,1.46430186110586,"Financial_Serv"
"WU","2020-11-05",13.9735994338989,14.1609853339785,13.7059062026867,13.7059062026867,4435500,"WU",0.0326410242134351,1.51209817360999,"Financial_Serv"
"WU","2020-11-06",13.7795209884644,14.0003680424323,13.6724437063261,14.0003680424323,4204400,"WU",-0.0138889372314302,1.49109673698896,"Financial_Serv"
"WU","2020-11-09",14.348370552063,14.8904494790599,14.3282930820031,14.3282930820031,5066400,"WU",0.041282245157495,1.55265255803888,"Financial_Serv"
"WU","2020-11-10",14.4956007003784,14.5223706589758,14.3416772678293,14.4755232314304,4942200,"WU",0.0102611058016104,1.56858449021006,"Financial_Serv"
"WU","2020-11-11",14.0739831924438,14.6495232255582,13.899982301724,14.569215907664,6177400,"WU",-0.0290858941722618,1.52296080772756,"Financial_Serv"
"WU","2020-11-12",13.9602146148682,14.1275230305729,13.8129823921124,14.0137532568352,3750900,"WU",-0.00808360902667303,1.51064978799494,"Financial_Serv"
"WU","2020-11-13",14.2145214080811,14.2814450228897,14.0003668618629,14.0472130092904,3215100,"WU",0.018216538945042,1.53816859869027,"Financial_Serv"
"WU","2020-11-16",14.5825996398926,14.642829484935,14.1810592553522,14.2881365210347,4409800,"WU",0.0258945216124032,1.57799873871258,"Financial_Serv"
"WU","2020-11-17",14.6093721389771,14.6361421006299,14.3885250611894,14.5022948452898,2633800,"WU",0.00183592087457665,1.58089581953703,"Financial_Serv"
"WU","2020-11-18",14.4621419906616,14.656219117685,14.4554494998729,14.5892954862603,3500100,"WU",-0.0100777875267225,1.56496388736586,"Financial_Serv"
"WU","2020-11-19",14.4085998535156,14.5558307858462,14.3282912599505,14.4420610228984,3872400,"WU",-0.00370222731740353,1.5591700353113,"Financial_Serv"
"WU","2020-11-20",13.9869842529297,14.3617547722957,13.9133694129858,14.3483710682362,3628000,"WU",-0.0292613858995512,1.51354655922504,"Financial_Serv"
"WU","2020-11-23",14.2814502716064,14.4086050588286,14.0070644988644,14.0806806298555,3143300,"WU",0.0210528598125132,1.54541104275612,"Financial_Serv"
"WU","2020-11-24",15.0109128952026,15.0644515429974,14.3483716500696,14.4219864929986,5405200,"WU",0.0510776293529843,1.62434697519602,"Financial_Serv"
"WU","2020-11-25",15.111291885376,15.2852927428681,14.8636749368205,15.0309833063559,4811300,"WU",0.00668706766031666,1.63520909332299,"Financial_Serv"
"WU","2020-11-27",15.0711421966553,15.1313733276411,15.0109110656694,15.1046033687755,1865600,"WU",-0.00265693290985651,1.63086445246844,"Financial_Serv"
"WU","2020-11-30",15.0979099273682,15.1380648631355,14.8770628864951,15.0176026087571,7678000,"WU",0.00177609170981289,1.6337610173023,"Financial_Serv"
"WU","2020-12-01",15.1246795654297,15.4392188968665,15.111294587123,15.2049868823463,4051800,"WU",0.00177306913276769,1.6366577885324,"Financial_Serv"
"WU","2020-12-02",14.9372940063477,15.1849110042774,14.9172178149357,15.0577562606669,4489900,"WU",-0.012389390351802,1.61638059631795,"Financial_Serv"
"WU","2020-12-03",14.6762943267822,15.0109111558417,14.6495243677558,14.950680024494,3884600,"WU",-0.0174730228550444,1.58813754121604,"Financial_Serv"
"WU","2020-12-04",14.5223712921143,14.7566020577436,14.4956013323498,14.6629097514918,7127200,"WU",-0.010487867798282,1.57148136463828,"Financial_Serv"
"WU","2020-12-07",14.5424461364746,14.7900631354784,14.4554463282344,14.4955999876943,4959600,"WU",0.00138233928581983,1.57365368506555,"Financial_Serv"
"WU","2020-12-08",14.5892934799194,14.6093709495244,14.4019088694541,14.4621400018071,3930900,"WU",0.00322142114230179,1.57872308631728,"Financial_Serv"
"WU","2020-12-09",14.9105291366577,14.9372978242028,14.5558347723342,14.6829895484445,5992100,"WU",0.022018588986535,1.61348434107846,"Financial_Serv"
"WU","2020-12-10",14.6495199203491,14.8302132595359,14.4755190688872,14.7699821464736,3669600,"WU",-0.0175050270796158,1.58524025399534,"Financial_Serv"
"WU","2020-12-11",14.8101387023926,14.9038322724636,14.5223693325267,14.5223693325267,4612400,"WU",0.0109640986815102,1.60262098457405,"Financial_Serv"
"WU","2020-12-14",14.7699823379517,15.1849076470417,14.76328985014,14.9774443542659,4784400,"WU",-0.00271141042280925,1.59827562133266,"Financial_Serv"
"WU","2020-12-15",15.0510625839233,15.1046012175678,14.8034468819911,14.8101380942926,3934700,"WU",0.0190305065734195,1.62869161605057,"Financial_Serv"
"WU","2020-12-16",15.1715240478516,15.2719088212103,15.1179854169628,15.1715240478516,4249600,"WU",0.00800351890483085,1.64172688018977,"Financial_Serv"
"WU","2020-12-17",15.4459095001221,15.6332953441513,15.1849088373177,15.1849088373177,5075700,"WU",0.0180855562964594,1.67141842410485,"Financial_Serv"
"WU","2020-12-18",15.3884687423706,15.6587973107925,15.3817103670315,15.4898417944003,15133300,"WU",-0.00371883298623567,1.66520269813549,"Financial_Serv"
"WU","2020-12-21",14.901876449585,15.2735793695261,14.6653397512013,15.2127552787908,5022900,"WU",-0.0316205790798315,1.61254802453515,"Financial_Serv"
"WU","2020-12-22",14.7329187393188,14.9356661079871,14.6720946576212,14.9356661079871,3574100,"WU",-0.0113380157752428,1.59426492959463,"Financial_Serv"
"WU","2020-12-23",14.6856126785278,14.8207776026793,14.6585804671145,14.7734702659348,2486900,"WU",-0.00321090896027047,1.58914589004715,"Financial_Serv"
"WU","2020-12-24",14.7734670639038,14.7802254375494,14.6383021690482,14.7194013637672,814300,"WU",0.00598234389665134,1.59865270726336,"Financial_Serv"
"WU","2020-12-28",14.6720972061157,14.9694592917297,14.6653401194451,14.8680862343015,2446000,"WU",-0.00686161598693134,1.58768336628965,"Financial_Serv"
"WU","2020-12-29",14.5842390060425,14.8072602190323,14.5234149216791,14.7194039244119,2400900,"WU",-0.00598811463957726,1.57817613628096,"Financial_Serv"
"WU","2020-12-30",14.7194032669067,14.8005011830832,14.5639632310168,14.5977551036138,1555700,"WU",0.00926783089664515,1.59280240583713,"Financial_Serv"
"WU","2020-12-31",14.8275327682495,14.834291141897,14.6247854259086,14.780225441745,1874100,"WU",0.00734605196841629,1.60450321508583,"Financial_Serv"
"WU","2021-01-04",14.7126474380493,15.0302833612513,14.6247898431237,14.8680862118059,4101700,"WU",-0.00774810833304658,1.59207135035463,"Financial_Serv"
"WU","2021-01-05",14.9356698989868,15.016767835816,14.6991318866828,14.6991318866828,4131400,"WU",0.0151585540180027,1.61620484991949,"Financial_Serv"
"WU","2021-01-06",15.6250076293945,15.6723149704837,14.9086352702407,15.0167667038812,4707000,"WU",0.0461537872134197,1.69079882465597,"Financial_Serv"
"WU","2021-01-07",15.4492931365967,15.7534122986936,15.3884690463716,15.6655559956065,4131700,"WU",-0.0112457220479873,1.67178457103483,"Financial_Serv"
"WU","2021-01-08",15.7263822555542,16.016985995828,15.570943465324,15.9156116387811,4359200,"WU",0.0179353913805379,1.70176868162028,"Financial_Serv"
"WU","2021-01-11",15.2600612640381,15.6925869472968,15.2330290533485,15.5439065659337,3810600,"WU",-0.029652146561007,1.65130758725995,"Financial_Serv"
"WU","2021-01-12",15.1451721191406,15.435775808454,15.0775896559701,15.2803370454816,2992000,"WU",-0.00752874729069464,1.63887530973626,"Financial_Serv"
"WU","2021-01-13",15.1316537857056,15.3006092814424,15.0505558696076,15.1992362418059,3295400,"WU",-0.000892583678066886,1.6374124763844,"Financial_Serv"
"WU","2021-01-14",14.6383066177368,15.2735797541776,14.6112744039672,15.233030789009,5800800,"WU",-0.0326036515872971,1.58402685049967,"Financial_Serv"
"WU","2021-01-15",14.8207759857178,14.8207759857178,14.5774796644002,14.6112715362655,4124300,"WU",0.012465196470189,1.6037720564052,"Financial_Serv"
"WU","2021-01-19",15.1181383132935,15.4357741809678,14.9221493196661,15.0573142317559,6118400,"WU",0.0200638838251277,1.6359499526269,"Financial_Serv"
"WU","2021-01-20",14.8410482406616,15.1789591891907,14.7126430083207,15.1451686099489,4509000,"WU",-0.0183283197236123,1.60596573884333,"Financial_Serv"
"WU","2021-01-21",14.8883562088013,14.9964876045061,14.7531913196563,14.8207737642288,3799300,"WU",0.00318764331012911,1.61108498478705,"Financial_Serv"
"WU","2021-01-22",14.9086332321167,14.9897324407744,14.6788536447861,14.8140185628729,2620000,"WU",0.00136193835175994,1.61327918321578,"Financial_Serv"
"WU","2021-01-25",15.3479175567627,15.3749510564747,14.6923706570862,14.8951180378413,6372500,"WU",0.0294650970217494,1.6608146108724,"Financial_Serv"
"WU","2021-01-26",15.4290132522583,15.5641781419721,15.0505533656987,15.4290132522583,5921000,"WU",0.00528382402340131,1.66959006301174,"Financial_Serv"
"WU","2021-01-27",15.6452789306641,16.1048380936325,15.3681920157616,15.3681920157616,14704300,"WU",0.0140168185009568,1.69299240389598,"Financial_Serv"
"WU","2021-01-28",15.4965982437134,16.1048377693235,15.4898398692143,15.8345092344999,7673200,"WU",-0.00950323018270233,1.67690350738419,"Financial_Serv"
"WU","2021-01-29",15.050555229187,15.6385196074769,15.0302801065112,15.3952245805075,5580700,"WU",-0.0287832856935113,1.6286367146507,"Financial_Serv"
"WU","2021-02-01",15.2803382873535,15.3749529700648,15.0843492571334,15.1519317257965,3359000,"WU",0.015267414036719,1.65350178568867,"Financial_Serv"
"WU","2021-02-02",15.4492931365967,15.5439078151564,15.2533041149763,15.3952274218442,4025200,"WU",0.0110570097379975,1.67178457103483,"Financial_Serv"
"WU","2021-02-03",15.3614311218262,15.4357719415932,15.1586850721334,15.4087384474859,3356900,"WU",-0.00568712199281002,1.66227692823365,"Financial_Serv"
"WU","2021-02-04",15.537148475647,15.712862359947,15.4087419276915,15.4965995143557,3434600,"WU",0.011438866107412,1.68129149144916,"Financial_Serv"
"WU","2021-02-05",15.5236282348633,15.6790682480792,15.435771956983,15.5912106811709,3006200,"WU",-0.000870188040288288,1.67982845170106,"Financial_Serv"
"WU","2021-02-08",15.7128610610962,15.8412675984373,15.5912128982497,15.5912128982497,3551700,"WU",0.0121899869907943,1.70030553867406,"Financial_Serv"
"WU","2021-02-09",15.7939643859863,15.8615455705052,15.5303928680547,15.6925900311511,3081800,"WU",0.00516158862315293,1.70908181639837,"Financial_Serv"
"WU","2021-02-10",15.8615417480469,15.9899482879393,15.7534103320411,15.8818168719335,4562300,"WU",0.00427868269226357,1.71639443518585,"Financial_Serv"
"WU","2021-02-11",15.9223623275757,16.6657666158292,15.820989308502,16.2737899967905,8410300,"WU",0.00383446833195126,1.72297589529271,"Financial_Serv"
"WU","2021-02-12",16.2129669189453,16.2264836660558,15.8818143489068,15.8818143489068,3843700,"WU",0.0182513489764226,1.75442252963566,"Financial_Serv"
"WU","2021-02-16",16.1521434783936,16.395439779796,16.0913194030429,16.2670332552749,5353900,"WU",-0.0037515305406985,1.74784075993445,"Financial_Serv"
"WU","2021-02-17",16.1318702697754,16.2467600510995,16.0304959475856,16.1318702697754,4179000,"WU",-0.00125514044902357,1.7456469742982,"Financial_Serv"
"WU","2021-02-18",15.881817817688,16.1521463738004,15.8142353564028,16.0440149513555,3416000,"WU",-0.0155005246078565,1.71858853041646,"Financial_Serv"
"WU","2021-02-19",16.1589050292969,16.3413772912255,15.9020932187897,15.9696743922196,4565100,"WU",0.0174468196770453,1.74857243460567,"Financial_Serv"
"WU","2021-02-22",16.1521434783936,16.2332426752037,15.9899463738013,16.0845610292231,4204500,"WU",-0.000418441156195998,1.74784075993445,"Financial_Serv"
"WU","2021-02-23",15.7669277191162,16.0507730198708,15.5979722136439,15.976432184974,4327100,"WU",-0.0238492036547744,1.70615614969465,"Financial_Serv"
"WU","2021-02-24",16.077808380127,16.1386311832299,15.7331389543922,15.8007201331796,3913300,"WU",0.0197172630298687,1.73979687926821,"Financial_Serv"
"WU","2021-02-25",15.8953351974487,16.111598050906,15.807477607589,16.0440155869435,3409100,"WU",-0.0113493816050059,1.7200512605702,"Financial_Serv"
"WU","2021-02-26",15.6925840377808,15.9899460344022,15.6587934584268,15.902089754665,4363000,"WU",-0.0127553874862929,1.69811134024534,"Financial_Serv"
"WU","2021-03-01",16.0034618377686,16.1251099787121,15.7669239291592,15.854780203714,2967100,"WU",0.0198104913275811,1.73175176022454,"Financial_Serv"
"WU","2021-03-02",16.0034618377686,16.1589005560729,15.9223626474636,16.016978584324,3191400,"WU",0,1.73175176022454,"Financial_Serv"
"WU","2021-03-03",16.1386260986328,16.3684056433955,16.003462494614,16.0642865675823,3497100,"WU",0.00844593889962401,1.74637802978071,"Financial_Serv"
"WU","2021-03-04",15.8615417480469,16.1926943706932,15.706102998667,16.1251132024607,5070300,"WU",-0.017169017293821,1.71639443518585,"Financial_Serv"
"WU","2021-03-05",16.2805480957031,16.3075802987878,15.8682963641825,16.0304934497739,3473700,"WU",0.0264164955911581,1.76173556121563,"Financial_Serv"
"WU","2021-03-08",16.9698905944824,17.213185634531,16.3211008132872,16.3954416447336,7092600,"WU",0.0423414798277727,1.83633005194271,"Financial_Serv"
"WU","2021-03-09",16.8820304870605,17.388896904087,16.800932582192,16.8144480403181,7100200,"WU",-0.00517741154150055,1.82682261553778,"Financial_Serv"
"WU","2021-03-10",16.6252250671387,16.9496193881979,16.5644009708115,16.8887952918707,6846000,"WU",-0.015211761412154,1.79903342576789,"Financial_Serv"
"WU","2021-03-11",16.4968166351318,16.6995627406379,16.4900582597445,16.672530528117,7204200,"WU",-0.00772371089644057,1.78513821169423,"Financial_Serv"
"WU","2021-03-12",16.6928062438965,16.7603874221001,16.5238507203308,16.5373661825546,4421600,"WU",0.0118804502165143,1.80634645734786,"Financial_Serv"
"WU","2021-03-15",17.0104389190674,17.0442295017229,16.7333520164019,16.7401103907386,5703200,"WU",0.0190281172937616,1.84071782961144,"Financial_Serv"
"WU","2021-03-16",16.9183444976807,17.0616053538817,16.8296601971194,16.9183444976807,3934900,"WU",-0.0054139944198317,1.83075219355344,"Financial_Serv"
"WU","2021-03-17",16.966100692749,17.157113452021,16.9456344823227,16.9865656019985,3847900,"WU",0.00282274634346796,1.83591994261359,"Financial_Serv"
"WU","2021-03-18",17.0547847747803,17.3140169308391,16.9183459761113,16.952456326367,5169300,"WU",0.00522713401489783,1.84551654219426,"Financial_Serv"
"WU","2021-03-19",16.6795806884766,17.0888944982837,16.6454703368747,17.041141307218,14490300,"WU",-0.0219999308849997,1.80491530581886,"Financial_Serv"
"WU","2021-03-22",16.8978729248047,16.9660922912673,16.4612697601496,16.5294891266123,5610200,"WU",0.0130873935265613,1.82853694270822,"Financial_Serv"
"WU","2021-03-23",16.7955532073975,17.1093606336873,16.6864013839305,16.9047037296876,6276200,"WU",-0.00605518326848284,1.81746481640693,"Financial_Serv"
"WU","2021-03-24",16.5363140106201,16.8637654640162,16.529491942694,16.8023681538574,3983400,"WU",-0.0154349900581521,1.78941226503465,"Financial_Serv"
"WU","2021-03-25",16.8501262664795,16.9797416815246,16.5363175800229,16.5431396494216,5350000,"WU",0.0189771587342763,1.82337022562927,"Financial_Serv"
"WU","2021-03-26",17.3071937561035,17.3140145240297,16.8160151901151,16.8910566490692,4651000,"WU",0.0271254637737216,1.87282998863066,"Financial_Serv"
"WU","2021-03-29",16.9115200042725,17.2321493909705,16.8842317324634,17.184396216481,5208000,"WU",-0.0228618086448311,1.83001370780629,"Financial_Serv"
"WU","2021-03-30",16.9456329345703,17.0070302590647,16.7887292391631,16.8364824246195,3811400,"WU",0.00201714158687294,1.83370510456085,"Financial_Serv"
"WU","2021-03-31",16.8228359222412,17.0343148429144,16.6659322488765,16.9729175270453,3905200,"WU",-0.00724652851877765,1.82041710822562,"Financial_Serv"
"WU","2021-04-01",17.157112121582,17.2321535861494,16.7341542149835,16.8842358429416,4217300,"WU",0.019870383381608,1.85658949408051,"Financial_Serv"
"WU","2021-04-05",17.0957145690918,17.3071948207579,17.0547834531338,17.2730844731456,3638000,"WU",-0.00357854818778051,1.84994559911101,"Financial_Serv"
"WU","2021-04-06",17.1366481781006,17.1639351569115,16.8842367929209,17.0343184293233,4749400,"WU",0.00239437835975543,1.85437506882025,"Financial_Serv"
"WU","2021-04-07",17.2389755249023,17.2935507802162,17.1571119913433,17.1912223391498,2840900,"WU",0.00597125795769822,1.8654480207065,"Financial_Serv"
"WU","2021-04-08",17.0888900756836,17.2799040916889,17.0206719924885,17.2799040916889,5318300,"WU",-0.00870616986502162,1.84920711336386,"Financial_Serv"
"WU","2021-04-09",17.1844005584717,17.1912226281477,17.0343176279531,17.0343176279531,3565100,"WU",0.00558903956694012,1.85954240508792,"Financial_Serv"
"WU","2021-04-12",17.1230030059814,17.2526197257568,17.0820718896438,17.1434679135619,3414200,"WU",-0.00357286553472278,1.85289851011842,"Financial_Serv"
"WU","2021-04-13",17.3276538848877,17.3412980193315,17.1025308712698,17.1502840406469,4914700,"WU",0.0119518100204013,1.87504400109844,"Financial_Serv"
"WU","2021-04-14",17.4504528045654,17.5664253736424,17.3208360976732,17.3413023043961,4014000,"WU",0.00708687514729466,1.88833220382991,"Financial_Serv"
"WU","2021-04-15",17.5732498168945,17.8461261041864,17.5323186990949,17.5664277470651,5046400,"WU",0.00703689547224672,1.90162020016514,"Financial_Serv"
"WU","2021-04-16",17.6619338989258,17.7369753649232,17.5664275248758,17.5937158038483,3074600,"WU",0.0050465385148051,1.9112167997458,"Financial_Serv"
"WU","2021-04-19",17.8393001556396,17.9006974695781,17.6551082138244,17.7369717328011,3905700,"WU",0.0100422896908619,1.93040979251089,"Financial_Serv"
"WU","2021-04-20",17.7165088653564,17.8870567026089,17.6141804232403,17.7915503301241,3332200,"WU",-0.00688318987919402,1.91712241536438,"Financial_Serv"
"WU","2021-04-21",17.8870525360107,17.9552719152561,17.6482866604167,17.73014887457,2782600,"WU",0.00962625717913221,1.93557712877856,"Financial_Serv"
"WU","2021-04-22",17.7710838317871,17.9689199443425,17.6960436694184,17.9007005503173,5019100,"WU",-0.0064833881373223,1.92302803098297,"Financial_Serv"
"WU","2021-04-23",17.9620952606201,18.1121768646913,17.702863162465,17.7710812453851,3176500,"WU",0.0107484400299404,1.94369758244988,"Financial_Serv"
"WU","2021-04-26",17.9757404327393,18.1531103211329,17.9211651825548,18.0234936140036,1882900,"WU",0.000759664834261075,1.94517414115171,"Financial_Serv"
"WU","2021-04-27",17.8734130859375,18.0030284997559,17.8393027392669,17.9484532462595,2736400,"WU",-0.00569252472156244,1.93410118926546,"Financial_Serv"
"WU","2021-04-28",17.8870525360107,18.0303133625436,17.8324772928498,17.9211628762216,2393100,"WU",0.000763113905982147,1.93557712877856,"Financial_Serv"
"WU","2021-04-29",18.0030269622803,18.0712463486189,17.8529453532766,17.9211647396152,4032900,"WU",0.00648370803608074,1.94812684576288,"Financial_Serv"
"WU","2021-04-30",17.5732498168945,18.0030298067321,17.5391394677476,17.9757428285913,3822900,"WU",-0.0238724935693429,1.90162020016514,"Financial_Serv"
"WU","2021-05-03",17.5050315856934,17.7506209112018,17.4436342543162,17.61418210788,4943800,"WU",-0.00388193600568908,1.89423823224097,"Financial_Serv"
"WU","2021-05-04",17.6414661407471,17.6755751827752,17.2048628559626,17.4436300536894,6897100,"WU",0.00779401935870925,1.90900196169306,"Financial_Serv"
"WU","2021-05-05",17.0479583740234,17.7301495917171,16.966096156559,17.6141770326621,6512000,"WU",-0.0336427688032566,1.84477785005086,"Financial_Serv"
"WU","2021-05-06",17.2457981109619,17.2935512981446,16.925167337861,17.0547840610545,4614400,"WU",0.0116048932428139,1.86618630005741,"Financial_Serv"
"WU","2021-05-07",17.1298236846924,17.3071935759894,17.0411380884556,17.2799052998622,5035500,"WU",-0.00672479322344697,1.85363658307309,"Financial_Serv"
"WU","2021-05-10",17.6005363464355,17.7233309978813,17.1502901585856,17.2935510189979,10073000,"WU",0.0274791305741112,1.90457290477631,"Financial_Serv"
"WU","2021-05-11",17.3958797454834,17.6960443093428,17.2799071617998,17.5391393070578,4968000,"WU",-0.0116278616130693,1.88242679460757,"Financial_Serv"
"WU","2021-05-12",16.75461769104,17.3890557979047,16.75461769104,17.3617688229606,4642900,"WU",-0.0368628700488605,1.81303514030146,"Financial_Serv"
"WU","2021-05-13",16.8501262664795,17.0070299591194,16.6863992032642,16.7273316196563,4893200,"WU",0.00570043299111079,1.82337022562927,"Financial_Serv"
"WU","2021-05-14",16.9592800140381,17.1161837366495,16.8705943960911,16.9661020847399,4290500,"WU",0.00647791867149013,1.83518186965892,"Financial_Serv"
"WU","2021-05-17",16.9797401428223,17.0820698733529,16.8569455071268,16.8910558510292,3241400,"WU",0.00120642673316578,1.83739588212669,"Financial_Serv"
"WU","2021-05-18",16.9592800140381,17.1230058073513,16.9183475898271,16.9865669956685,2678300,"WU",-0.0012049730214999,1.83518186965892,"Financial_Serv"
"WU","2021-05-19",16.9115200042725,16.9251628390006,16.4885608994669,16.7955474514368,3687000,"WU",-0.00281615786319299,1.83001370780629,"Financial_Serv"
"WU","2021-05-20",16.700044631958,16.9456339445734,16.6386473038042,16.9115248961221,5503900,"WU",-0.0125048116467962,1.80712973107911,"Financial_Serv"
"WU","2021-05-21",16.7614364624023,16.9183401156974,16.5567796364676,16.7341494928267,5850900,"WU",0.00367614768686627,1.81377300685989,"Financial_Serv"
"WU","2021-05-24",16.8501262664795,16.9251664275118,16.7000433420616,16.9251664275118,4533000,"WU",0.00529130091421991,1.82337022562927,"Financial_Serv"
"WU","2021-05-25",16.5704326629639,16.9456374788915,16.5636105916154,16.8842401379322,3589100,"WU",-0.0165989025300083,1.79310428097793,"Financial_Serv"
"WU","2021-05-26",16.7136859893799,16.7205080581698,16.488562924019,16.522671966792,4590900,"WU",0.00864511683730488,1.80860587698846,"Financial_Serv"
"WU","2021-05-27",16.8023700714111,16.9115218695098,16.7341519867173,16.7477948229501,6486300,"WU",0.00530607563691224,1.81820247656912,"Financial_Serv"
"WU","2021-05-28",16.6932201385498,16.8978783030764,16.6522890261151,16.8501251217065,2545300,"WU",-0.00649610337097886,1.80639124533196,"Financial_Serv"
"WU","2021-06-01",16.7682628631592,17.0002080197826,16.7477966548065,16.781907002061,2972300,"WU",0.00449540136573639,1.81451169900328,"Financial_Serv"
"WU","2021-06-02",17.0547847747803,17.177579433347,16.7546201984146,16.816017527698,3684700,"WU",0.0170871552980362,1.84551654219425,"Financial_Serv"
"WU","2021-06-03",17.1366481781006,17.273085674509,16.9524561917136,17.0138535205092,3672800,"WU",0.00480002558820724,1.85437506882025,"Financial_Serv"
"WU","2021-06-04",17.0752506256104,17.2457984697692,16.8910586416363,17.1571128621476,3302500,"WU",-0.00358282155600861,1.84773117385075,"Financial_Serv"
"WU","2021-06-07",16.8023700714111,17.1434656995867,16.7273299180126,17.1093566572398,4490500,"WU",-0.0159810570387727,1.81820247656913,"Financial_Serv"
"WU","2021-06-08",16.99338722229,17.0274962709209,16.7068667897901,16.8091952368593,3327800,"WU",0.0113684646908187,1.83887264722476,"Financial_Serv"
"WU","2021-06-09",17.1707553863525,17.2867279615157,16.9592764438233,17.013851696772,3411800,"WU",0.0104374814592495,1.85806584638609,"Financial_Serv"
"WU","2021-06-10",16.8978729248047,17.2253243224138,16.8569405242214,17.21850225565,3636500,"WU",-0.0158922805320924,1.82853694270822,"Financial_Serv"
"WU","2021-06-11",17.0206737518311,17.0479607276943,16.918344014108,17.0002075440511,2269900,"WU",0.00726723579783262,1.84182535183593,"Financial_Serv"
"WU","2021-06-14",16.8842353820801,17.0888922601801,16.6659343651263,17.0411390753685,3617900,"WU",-0.00801603812753292,1.82706120959136,"Financial_Serv"
"WU","2021-06-15",16.8532390594482,16.9565497110975,16.805028122625,16.8119155869782,3818400,"WU",-0.00183581441092284,1.82370706429315,"Financial_Serv"
"WU","2021-06-16",16.6603965759277,16.894565127103,16.522649905713,16.8876776622273,2757300,"WU",-0.0114424582028578,1.80283937243572,"Financial_Serv"
"WU","2021-06-17",16.1369647979736,16.7361599305063,16.0749789134151,16.7361599305063,5735800,"WU",-0.03141772619689,1.74619825865556,"Financial_Serv"
"WU","2021-06-18",16.0129928588867,16.1507395594769,15.9165709566635,15.9854429933087,6024200,"WU",-0.00768248184457102,1.73278312223642,"Financial_Serv"
"WU","2021-06-21",16.2815952301025,16.3435811054374,16.0680890559767,16.1094125349834,2779100,"WU",0.0167740267907978,1.76184887275146,"Financial_Serv"
"WU","2021-06-22",16.0336494445801,16.2678179624885,15.9578886553599,16.2678179624885,3919400,"WU",-0.0152285929000398,1.73501839351693,"Financial_Serv"
"WU","2021-06-23",15.8614749908447,16.081868694935,15.8545875233856,16.0474313576396,3124700,"WU",-0.0107383197026022,1.71638721131745,"Financial_Serv"
"WU","2021-06-24",16.0267696380615,16.0818680619153,15.8339244977483,15.9303464110799,3085100,"WU",0.0104211397308387,1.73427392227881,"Financial_Serv"
"WU","2021-06-25",16.1989498138428,16.2196108984877,15.9992172379429,16.0336545684342,5185200,"WU",0.0107432863683486,1.75290572366701,"Financial_Serv"
"WU","2021-06-28",15.7788209915161,16.2127220890483,15.6961740391812,16.2058346240788,3454000,"WU",-0.0259355592278976,1.70744313344993,"Financial_Serv"
"WU","2021-06-29",15.8959045410156,16.1231856200067,15.8201437434687,15.8614685313941,3557600,"WU",0.00742029772455526,1.72011286984787,"Financial_Serv"
"WU","2021-06-30",15.8201456069946,15.8752440170691,15.7099487868456,15.8339205379257,3227400,"WU",-0.00476594042355489,1.71191491438839,"Financial_Serv"
"WU","2021-07-01",15.8683557510376,15.9372277692173,15.7857074901126,15.8132560346546,2661900,"WU",0.00304738940086957,1.71713178575369,"Financial_Serv"
"WU","2021-07-02",16.0198783874512,16.0336533185739,15.8821317035234,15.9027941002075,2310100,"WU",0.00954872948343539,1.73352821266326,"Financial_Serv"
"WU","2021-07-06",15.8132553100586,16.102522239567,15.7168334381056,16.0474238393582,3680300,"WU",-0.0128979179738613,1.71116930797095,"Financial_Serv"
"WU","2021-07-07",15.9992170333862,16.1369637262905,15.6686265467957,15.7168374952173,4400600,"WU",0.0117598634614689,1.73129242539215,"Financial_Serv"
"WU","2021-07-08",15.799485206604,15.8959070999863,15.7099494653349,15.8408086875322,2756700,"WU",-0.012483850076253,1.7096792303154,"Financial_Serv"
"WU","2021-07-09",16.0543174743652,16.0680924081244,15.8063752349494,15.9578955653507,4237400,"WU",0.0161291500595674,1.73725490317488,"Financial_Serv"
"WU","2021-07-12",15.978554725647,16.1231875598382,15.9303424672668,16.0474267531763,2765200,"WU",-0.00471915102209957,1.72905653492292,"Financial_Serv"
"WU","2021-07-13",16.1645126342773,16.2815969317412,15.9578939039999,15.9578939039999,5664600,"WU",0.0116379680029441,1.74917923955163,"Financial_Serv"
"WU","2021-07-14",16.240270614624,16.3022564856212,16.1231863375904,16.2264956847025,2341500,"WU",0.00468668508978319,1.75737709181299,"Financial_Serv"
"WU","2021-07-15",16.1438484191895,16.2815937747827,16.1300734895353,16.2127217538109,5139000,"WU",-0.00593722837030463,1.74694314268616,"Financial_Serv"
"WU","2021-07-16",16.1851787567139,16.3091505488642,16.1438552638805,16.2540521205363,3858400,"WU",0.00256012918674872,1.75141554281334,"Financial_Serv"
"WU","2021-07-19",15.6479635238647,16.1231881503917,15.5584290966074,16.0129913259289,5791600,"WU",-0.033191801025137,1.69328290660395,"Financial_Serv"
"WU","2021-07-20",15.8408069610596,15.9647787039822,15.7099477531246,15.7168352181369,3204700,"WU",0.0123238680164814,1.7141507016595,"Financial_Serv"
"WU","2021-07-21",15.8476991653442,16.0680928570492,15.8270367641281,15.9510085441247,2457500,"WU",0.000435091741324203,1.71489651447318,"Financial_Serv"
"WU","2021-07-22",15.8614749908447,15.8959110144901,15.7099533340451,15.8408125884675,2452300,"WU",0.000869263440500768,1.71638721131745,"Financial_Serv"
"WU","2021-07-23",15.9923305511475,16.0405428161846,15.8821337155052,15.9647819990618,1843000,"WU",0.00824989859885442,1.73054723176719,"Financial_Serv"
"WU","2021-07-26",16.1162967681885,16.1782826310917,15.9992125064435,16.0267623626891,2068100,"WU",0.00775160422332072,1.74396174899761,"Financial_Serv"
"WU","2021-07-27",16.0818614959717,16.1507348260816,15.9785521576315,16.0405380233655,2586900,"WU",-0.00213667399602418,1.74023547127847,"Financial_Serv"
"WU","2021-07-28",15.94411277771,16.178281281668,15.8890143834639,16.1438452778827,2579000,"WU",-0.00856547099949985,1.72532953481693,"Financial_Serv"
"WU","2021-07-29",16.0198783874512,16.1507376058176,15.9854410596444,16.0336533185739,2149900,"WU",0.00475194893547994,1.73352821266326,"Financial_Serv"
"WU","2021-07-30",15.9854393005371,16.0956374237425,15.9165672798019,15.957890754973,3988300,"WU",-0.00214977205701135,1.72980152215163,"Financial_Serv"
"WU","2021-08-02",15.696177482605,16.1714008469094,15.6548526837221,16.0336554582494,3726800,"WU",-0.0180953311631798,1.69850019076173,"Financial_Serv"
"WU","2021-08-03",15.6617393493652,15.7994860446317,15.4069096708671,15.6824017477502,4114100,"WU",-0.00219404586103283,1.69477360344822,"Financial_Serv"
"WU","2021-08-04",15.2416105270386,15.6617366940887,15.1589635748105,15.6410742992068,6361900,"WU",-0.026825170113924,1.64931101323113,"Financial_Serv"
"WU","2021-08-05",15.3380365371704,15.6961768989387,15.1314164913887,15.3104866722729,4754800,"WU",0.00632649744991033,1.65974537515045,"Financial_Serv"
"WU","2021-08-06",15.6341915130615,15.7925993003031,15.3242620913716,15.351811957144,3701000,"WU",0.0193085324300413,1.69179262255215,"Financial_Serv"
"WU","2021-08-09",15.6548500061035,15.6892873326158,15.4482313016288,15.6066390626361,2706700,"WU",0.00132136625195701,1.6940281002289,"Financial_Serv"
"WU","2021-08-10",15.5722007751465,15.6823975765899,15.4413415808139,15.6272991758682,4295900,"WU",-0.00527946488946288,1.68508453835198,"Financial_Serv"
"WU","2021-08-11",15.5997514724731,15.7030608238836,15.5239919820519,15.6066389377205,3302300,"WU",0.00176922309983516,1.68806582884241,"Financial_Serv"
"WU","2021-08-12",15.4551181793213,15.6341883294276,15.4344557841995,15.5653149926714,3503500,"WU",-0.00927151265243367,1.67241490515216,"Financial_Serv"
"WU","2021-08-13",15.4895534515381,15.5653142497187,15.3242582394027,15.4275675827811,2738300,"WU",0.00222808210311007,1.6761411828713,"Financial_Serv"
"WU","2021-08-16",15.4413433074951,15.5308777260612,15.3655825054125,15.4344558424285,1895800,"WU",-0.00311242956059405,1.670924311506,"Financial_Serv"
"WU","2021-08-17",15.3793601989746,15.4344586157578,15.2278398812332,15.3655852663663,2044200,"WU",-0.00401410079979387,1.66421705289079,"Financial_Serv"
"WU","2021-08-18",15.0900907516479,15.3724702563809,15.0763158212586,15.3380342440572,1692900,"WU",-0.0188089389665213,1.63291489591592,"Financial_Serv"
"WU","2021-08-19",14.9247961044312,15.090091334539,14.8077118188985,15.0487678554245,3298400,"WU",-0.0109538537532483,1.61502818495456,"Financial_Serv"
"WU","2021-08-20",14.8834714889526,14.9661184408716,14.7663872123595,14.9316824298469,3209800,"WU",-0.00276885628382195,1.6105564040161,"Financial_Serv"
"WU","2021-08-23",14.9247961044312,15.0969787999997,14.8421478325524,14.9523446526243,2561300,"WU",0.00277654413549884,1.61502818495456,"Financial_Serv"
"WU","2021-08-24",14.9385709762573,15.1107536711448,14.9110211145235,14.9454584416908,2547000,"WU",0.000922952094607318,1.61651877860071,"Financial_Serv"
"WU","2021-08-25",14.9798936843872,15.1314139751775,14.8972454170882,14.9110203472463,3292200,"WU",0.00276617543910721,1.62099035314294,"Financial_Serv"
"WU","2021-08-26",14.7870492935181,15.0143303971399,14.745725814764,14.9936693145877,3170900,"WU",-0.0128735487001575,1.60012245488926,"Financial_Serv"
"WU","2021-08-27",14.911021232605,14.945458560045,14.7801620156323,14.7939369466083,2543200,"WU",0.00838381861222695,1.61353759130841,"Financial_Serv"
"WU","2021-08-30",14.6493053436279,14.9247974180555,14.6355304114941,14.8834739353038,2903400,"WU",-0.0175518420163452,1.58521703441833,"Financial_Serv"
"WU","2021-08-31",14.9041357040405,14.9110231704236,14.6217561505832,14.6493060161156,4144500,"WU",0.0173953886846548,1.61279250088157,"Financial_Serv"
"WU","2021-09-01",14.8903617858887,14.9936711522606,14.7870511058669,14.9316852697075,3454900,"WU",-0.000924167521376053,1.61130201043354,"Financial_Serv"
"WU","2021-09-02",14.9316854476929,14.9661214656774,14.8283760800895,14.8765870307278,3311200,"WU",0.00277519528392929,1.61577368817388,"Financial_Serv"
"WU","2021-09-03",14.9592342376709,15.0969809391031,14.9523467712343,14.9661217041075,3007500,"WU",0.00184498863671709,1.61875477226806,"Financial_Serv"
"WU","2021-09-07",14.8146028518677,15.021221610846,14.7526169614442,15.021221610846,3277100,"WU",-0.00966836828044356,1.60310405497405,"Financial_Serv"
"WU","2021-09-08",14.7870492935181,14.8559226338746,14.70440233601,14.7801618281174,3069200,"WU",-0.00185989179899856,1.60012245488926,"Financial_Serv"
"WU","2021-09-09",14.6837406158447,14.8490358521208,14.6286422037527,14.7457264936545,4048500,"WU",-0.00698642951833706,1.58894331213747,"Financial_Serv"
"WU","2021-09-10",14.5253324508667,14.7526135587809,14.3462622880177,14.6906276826543,5656900,"WU",-0.0107879980396204,1.57180179480106,"Financial_Serv"
"WU","2021-09-13",14.9454584121704,15.041880300749,14.6837399808146,14.7044023770742,5689400,"WU",0.0289236726749509,1.61726407542379,"Financial_Serv"
"WU","2021-09-14",14.5115556716919,15.0625410211299,14.4908945913808,15.0005551528975,4588700,"WU",-0.0290324142968528,1.57031099475867,"Financial_Serv"
"WU","2021-09-15",14.8632926940918,14.877222996605,14.522008253319,14.522008253319,4934400,"WU",0.0242384090553465,1.60837283499374,"Financial_Serv"
"WU","2021-09-16",14.8284645080566,14.9956241104488,14.682199025672,14.8772192260294,4143000,"WU",-0.00234323489094718,1.60460403964913,"Financial_Serv"
"WU","2021-09-17",14.4871826171875,14.8563276660482,14.3687777017768,14.7518530532663,18771800,"WU",-0.0230153223675799,1.56767356040428,"Financial_Serv"
"WU","2021-09-20",14.2434062957764,14.4941450537971,14.0971408025033,14.2434062957764,4293200,"WU",-0.0168270344795625,1.54129426335066,"Financial_Serv"
"WU","2021-09-21",13.8185396194458,14.340913844994,13.797644172176,14.3130532486342,6125000,"WU",-0.0298290077182277,1.49531898487312,"Financial_Serv"
"WU","2021-09-22",13.9299802780151,14.0135607442085,13.8324708411783,13.9230151284602,3868800,"WU",0.00806457568153684,1.50737809799466,"Financial_Serv"
"WU","2021-09-23",14.0832080841064,14.2294735522627,13.9787335088327,13.9787335088327,3670100,"WU",0.010999858078273,1.5239590431429,"Financial_Serv"
"WU","2021-09-24",14.0901756286621,14.2364411216878,14.0344557571443,14.0553512071385,3475900,"WU",0.000494741291476568,1.52471300860806,"Financial_Serv"
"WU","2021-09-27",14.389669418335,14.5986185896291,14.2225098156064,14.5986185896291,4351100,"WU",0.021255504371686,1.5571215526281,"Financial_Serv"
"WU","2021-09-28",14.4732503890991,14.7239891377105,14.4523549398538,14.494144509878,4629500,"WU",0.00580840103648687,1.56616593906832,"Financial_Serv"
"WU","2021-09-29",14.4732503890991,14.5986190991716,14.3827047708359,14.4593200896022,2388900,"WU",0,1.56616593906832,"Financial_Serv"
"WU","2021-09-30",14.0832080841064,14.542897278084,14.0762429352927,14.4593181492515,4874100,"WU",-0.0269491851869325,1.5239590431429,"Financial_Serv"
"WU","2021-10-01",14.3060903549194,14.4035997915636,14.0414199862189,14.2573343081309,3915300,"WU",0.0158261008061452,1.54807737258412,"Financial_Serv"
"WU","2021-10-04",14.2991247177124,14.3966341510311,14.1667895378754,14.2851944191051,4045400,"WU",-0.000486900126744689,1.5473236135152,"Financial_Serv"
"WU","2021-10-05",14.2782306671143,14.4036007099167,14.0832104529252,14.2851958170996,3346900,"WU",-0.00146121185811205,1.54506264590279,"Financial_Serv"
"WU","2021-10-06",14.3339490890503,14.3757386562698,14.0901741780817,14.1946487603636,3731200,"WU",0.00390233378596175,1.55109199606733,"Financial_Serv"
"WU","2021-10-07",14.4871826171875,14.6543435917987,14.424497583825,14.4662884917112,3534700,"WU",0.0106902520153544,1.56767356040429,"Financial_Serv"
"WU","2021-10-08",14.4662847518921,14.619514055795,14.4384241538371,14.5150394700218,2925800,"WU",-0.00144250720430742,1.5654121799994,"Financial_Serv"
"WU","2021-10-11",14.34787940979,14.647374187003,14.3339491112066,14.5568285746767,4423300,"WU",-0.00818491714581826,1.55259941100705,"Financial_Serv"
"WU","2021-10-12",14.0762462615967,14.3548469661168,13.9926671130139,14.3200212138185,3459700,"WU",-0.018931936938919,1.52320569686646,"Financial_Serv"
"WU","2021-10-13",14.1807203292847,14.1807203292847,13.9439105585958,14.0971398632024,1982900,"WU",0.00742201193034099,1.53451094772097,"Financial_Serv"
"WU","2021-10-14",14.5568294525146,14.6404099205894,14.2225102371485,14.2782301063762,3371300,"WU",0.0265225682826052,1.5752101191123,"Financial_Serv"
"WU","2021-10-15",14.8075714111328,14.9050808625635,14.6125511798048,14.6682710561176,4568400,"WU",0.0172250392460873,1.60234317523485,"Financial_Serv"
"WU","2021-10-18",14.8284645080566,14.8632889270468,14.6682687266894,14.8493586280641,4539400,"WU",0.00141097390947715,1.60460403964913,"Financial_Serv"
"WU","2021-10-19",14.0483875274658,14.6195166024148,13.9160523205858,14.5429012728842,9438100,"WU",-0.0526067267562995,1.52019107338325,"Financial_Serv"
"WU","2021-10-20",13.9508771896362,14.2921615828204,13.7140673937996,13.7628221173307,6676300,"WU",-0.00694103416772556,1.50963937520143,"Financial_Serv"
"WU","2021-10-21",13.7628202438354,14.1250000385732,13.6165547646864,14.04838472433,4506500,"WU",-0.0134799370136011,1.48928953151046,"Financial_Serv"
"WU","2021-10-22",13.6304883956909,13.818543488372,13.5538730627171,13.7140688797048,3256300,"WU",-0.00961516940568954,1.47496976037087,"Financial_Serv"
"WU","2021-10-25",13.6304883956909,13.7837190616385,13.5886988179174,13.7279978533181,3163600,"WU",0,1.47496976037087,"Financial_Serv"
"WU","2021-10-26",13.4493951797485,13.7071003916241,13.3797450147714,13.6513805253357,3121100,"WU",-0.0132858934093391,1.45537346935258,"Financial_Serv"
"WU","2021-10-27",12.9618492126465,13.4424326550436,12.8782687326615,13.414573380693,6174500,"WU",-0.03625040089804,1.40261559763218,"Financial_Serv"
"WU","2021-10-28",12.9200582504272,13.2265182377078,12.822548797938,13.0314980042626,5698600,"WU",-0.00322415124058565,1.39809335281301,"Financial_Serv"
"WU","2021-10-29",12.6902122497559,12.9827419047475,12.6623529784772,12.8852324625725,5164300,"WU",-0.0177898579260497,1.37322147069911,"Financial_Serv"
"WU","2021-11-01",13.0802545547485,13.1707988599966,12.6971792240117,12.7598642539783,4541600,"WU",0.0307356801695874,1.41542836662453,"Financial_Serv"
"WU","2021-11-02",12.7250385284424,13.1429382427272,12.634492903973,13.1290079422755,8539300,"WU",-0.027156660049647,1.37699005964748,"Financial_Serv"
"WU","2021-11-03",12.8921976089478,12.9130930587509,11.9101340521327,12.439473490946,12062100,"WU",0.0131362337435557,1.39507852293356,"Financial_Serv"
"WU","2021-11-04",12.439474105835,13.0454275669458,12.348928480679,12.8852330959364,6082600,"WU",-0.035116084692852,1.34608882736905,"Financial_Serv"
"WU","2021-11-05",12.6135969161987,12.801650630617,12.4464373209012,12.6275258861237,5588600,"WU",0.0139976022203458,1.36493084332781,"Financial_Serv"
"WU","2021-11-08",12.7111072540283,12.8016515430934,12.6414570855732,12.676282834034,3905800,"WU",0.00773057348172942,1.37548254150964,"Financial_Serv"
"WU","2021-11-09",12.5718069076538,12.7389678432068,12.5091218889381,12.6344919263696,4432200,"WU",-0.0109589466590619,1.36040870170676,"Financial_Serv"
"WU","2021-11-10",12.9200582504272,12.9409537024464,12.6066344409403,12.6414588658389,6115500,"WU",0.0277009776980761,1.39809335281301,"Financial_Serv"
"WU","2021-11-11",12.536979675293,12.9409489672471,12.502155263137,12.9409489672471,4891800,"WU",-0.0296499108370204,1.35664000956027,"Financial_Serv"
"WU","2021-11-12",12.7250385284424,12.8991632986888,12.5230531572925,12.5230531572925,5265100,"WU",0.015000331660426,1.37699005964748,"Financial_Serv"
"WU","2021-11-15",12.4185771942139,12.8852315802592,12.4046468952952,12.8225465635914,6688500,"WU",-0.0240833325214323,1.34382755016228,"Financial_Serv"
"WU","2021-11-16",12.1399765014648,12.4742956673534,12.1260462041029,12.4603653699914,7711300,"WU",-0.0224341877810955,1.31367987055653,"Financial_Serv"
"WU","2021-11-17",11.9031686782837,12.0842585877712,11.7777986387565,12.0633631383611,7847100,"WU",-0.0195064482334524,1.28805464216619,"Financial_Serv"
"WU","2021-11-18",11.736008644104,12.042468582039,11.5270581429575,11.931027517681,8485800,"WU",-0.0140433223033003,1.26996607568199,"Financial_Serv"
"WU","2021-11-19",11.5967092514038,11.7917294692786,11.4434799342307,11.7151141464588,8641800,"WU",-0.0118694009969205,1.25489233907724,"Financial_Serv"
"WU","2021-11-22",11.8474473953247,11.944956824009,11.5061630664635,11.6454620605172,6867100,"WU",0.0216214909320544,1.2820249824073,"Financial_Serv"
"WU","2021-11-23",11.7708320617676,12.0842571225835,11.7499379433574,11.9170975329705,6093800,"WU",-0.00646682200820433,1.273734355036,"Financial_Serv"
"WU","2021-11-24",11.56884765625,11.868342408804,11.5340219126587,11.7360072400895,5593400,"WU",-0.0171597389596303,1.25187740599967,"Financial_Serv"
"WU","2021-11-26",11.4225835800171,11.4991988967744,11.2623891254031,11.4086532808855,5300400,"WU",-0.01264292525746,1.23605001352411,"Financial_Serv"
"WU","2021-11-29",11.2554225921631,11.5479521956325,11.1788072848244,11.4783020370033,5707900,"WU",-0.0146342538606099,1.21796134384179,"Financial_Serv"
"WU","2021-11-30",11.0186138153076,11.2484584289954,10.9280688668498,11.1997037122232,12170700,"WU",-0.0210395278290443,1.19233601225333,"Financial_Serv"
"WU","2021-12-01",11.3041801452637,11.4992003727382,11.1509508205479,11.1997055452999,8494700,"WU",0.0259167200831861,1.223237450928,"Financial_Serv"
"WU","2021-12-02",11.9449586868286,12.1260486029592,11.3738296666679,11.4016902669033,15752400,"WU",0.0566850964272204,1.29257678378725,"Financial_Serv"
"WU","2021-12-03",12.0076456069946,12.0981912436062,11.7499416564133,11.9519257261824,7613800,"WU",0.00524798132915594,1.29936020261506,"Financial_Serv"
"WU","2021-12-06",12.4325084686279,12.7041426765239,12.0215739175477,12.1260485107026,10272600,"WU",0.035382694954439,1.34533506830013,"Financial_Serv"
"WU","2021-12-07",12.0703287124634,12.4951935661368,11.9937133903999,12.3628583721544,9533900,"WU",-0.0291316717843766,1.3061432086504,"Financial_Serv"
"WU","2021-12-08",12.3280344009399,12.5021591731088,12.0703291536048,12.0772943039075,5735200,"WU",0.0213503455138272,1.33402981744562,"Financial_Serv"
"WU","2021-12-09",12.5578775405884,12.6135974078594,12.1956977390933,12.1956977390933,7506900,"WU",0.0186439404834004,1.35890138996516,"Financial_Serv"
"WU","2021-12-10",12.6832466125488,12.7459316311007,12.5160870058994,12.5718068747825,6538900,"WU",0.00998330104392587,1.37246771163019,"Financial_Serv"
"WU","2021-12-13",12.7111072540283,12.8086166927856,12.4185776092901,12.676282834034,6151400,"WU",0.00219664903873483,1.37548254150964,"Financial_Serv"
"WU","2021-12-14",12.6762800216675,12.9548793052112,12.6623497253738,12.7250347302294,8249300,"WU",-0.00273990547517429,1.37171384936315,"Financial_Serv"
"WU","2021-12-15",12.7668266296387,12.87130121405,12.5787715806185,12.7459311813698,8278100,"WU",0.00714299524911257,1.38151199487229,"Financial_Serv"
"WU","2021-12-16",13.0455160140991,13.0666828309143,12.6645227314601,12.85501869992,8774100,"WU",0.0218291821879574,1.41166927190321,"Financial_Serv"
"WU","2021-12-17",12.2623624801636,13.0102405984841,12.2059189755469,12.9608527001593,81610000,"WU",-0.0600323922096407,1.32692338850202,"Financial_Serv"
"WU","2021-12-20",12.4034729003906,12.5375267391546,12.0224795503764,12.1847544708321,9632200,"WU",0.0115076047095591,1.34219309833677,"Financial_Serv"
"WU","2021-12-21",12.671576499939,12.7139101319276,12.4599137228722,12.4951904038103,6490800,"WU",0.0216152042013891,1.37120487623501,"Financial_Serv"
"WU","2021-12-22",12.5869131088257,12.7491880095228,12.5445808185828,12.6715776893115,5556500,"WU",-0.00668136211099614,1.36204335992852,"Financial_Serv"
"WU","2021-12-23",12.5586919784546,12.6292466999397,12.4740273892479,12.5234152905717,3786700,"WU",-0.00224210099228425,1.35898952115969,"Financial_Serv"
"WU","2021-12-27",12.4881401062012,12.5939715283108,12.2976427389722,12.4669732834914,3734900,"WU",-0.00561777232648553,1.35135502743574,"Financial_Serv"
"WU","2021-12-28",12.5516366958618,12.6856891754816,12.4175828705228,12.4175828705228,3069100,"WU",0.00508455135197549,1.35822606146748,"Financial_Serv"
"WU","2021-12-29",12.6080780029297,12.6927425704964,12.5445789043951,12.5798555832614,3341100,"WU",0.0044967288677563,1.36433363580702,"Financial_Serv"
"WU","2021-12-30",12.7209692001343,12.8268006174769,12.6504144733327,12.6504144733327,4038000,"WU",0.00895387839275406,1.37654971326918,"Financial_Serv"
"WU","2021-12-31",12.5869131088257,12.8761862259708,12.5869131088257,12.8197427237405,4251100,"WU",-0.0105381979312692,1.36204335992852,"Financial_Serv"
"WU","2022-01-03",13.0737380981445,13.0949035686927,12.5586896680591,12.6362999819868,8040900,"WU",0.0386770755553636,1.41472321387016,"Financial_Serv"
"WU","2022-01-04",13.0031852722168,13.3347907007662,12.9890740593289,13.066684384493,5851700,"WU",-0.00539653046420958,1.40708861694808,"Financial_Serv"
"WU","2022-01-05",13.0172967910767,13.2995143268713,13.0031855778571,13.0172967910767,4657500,"WU",0.00108523554532554,1.40861563953062,"Financial_Serv"
"WU","2022-01-06",12.9396848678589,12.996128368055,12.3823041259181,12.4599144433324,8212100,"WU",-0.00596221507916884,1.40021717012386,"Financial_Serv"
"WU","2022-01-07",13.4124021530151,13.4124021530151,12.9679083297298,12.9890751508404,7736900,"WU",0.0365323645810294,1.45137041427544,"Financial_Serv"
"WU","2022-01-10",13.1936826705933,13.5393993136433,13.1372391644977,13.3912342690679,5856100,"WU",-0.0163072565172605,1.42770254462828,"Financial_Serv"
"WU","2022-01-11",13.0737380981445,13.3841766624173,12.9114618648665,13.2712896670965,4871300,"WU",-0.00909106088446927,1.41472321387016,"Financial_Serv"
"WU","2022-01-12",12.925576210022,13.1090179583308,12.7068577717659,13.0878511369307,6748100,"WU",-0.0113327869206426,1.39869045713568,"Financial_Serv"
"WU","2022-01-13",13.0314054489136,13.165459270617,12.8620749431552,12.9820175529489,4902000,"WU",0.00818758383936074,1.41014235251879,"Financial_Serv"
"WU","2022-01-14",12.9820165634155,13.0172945905007,12.8056304651471,12.9467398820495,3999700,"WU",-0.00378998916821857,1.4047979282771,"Financial_Serv"
"WU","2022-01-18",12.7844667434692,13.1160721691171,12.7350774987938,12.9608528658665,4013200,"WU",-0.0152171905636758,1.38342085049905,"Financial_Serv"
"WU","2022-01-19",13.2430725097656,13.3700707535103,12.7703575723379,12.8338566942103,16322500,"WU",0.0358721075738774,1.4330470720681,"Financial_Serv"
"WU","2022-01-20",12.8832426071167,13.3912341577538,12.8691313942803,13.2430704601294,6781000,"WU",-0.0271711796777962,1.3941094925862,"Financial_Serv"
"WU","2022-01-21",12.7985744476318,12.9890717506006,12.7209654819816,12.9044071797605,4733800,"WU",-0.00657196034157524,1.38494746028911,"Financial_Serv"
"WU","2022-01-24",12.6010246276855,12.7703551385001,12.3117515034958,12.6998004225642,6637500,"WU",-0.0154352987322617,1.36357038251106,"Financial_Serv"
"WU","2022-01-25",12.7703561782837,12.8338552932243,12.2623632587592,12.4175839156003,6219700,"WU",0.0134379191852469,1.38189393111464,"Financial_Serv"
"WU","2022-01-26",12.7350788116455,13.0666856171979,12.6151361822218,12.8691326552884,4513900,"WU",-0.00276244187285658,1.37807652945548,"Financial_Serv"
"WU","2022-01-27",12.8409090042114,13.0596273979835,12.7350762644554,12.7844655043438,4582200,"WU",0.00831013251909696,1.38952852803671,"Financial_Serv"
"WU","2022-01-28",13.2924575805664,13.2995131865712,12.826798350001,12.8761862463156,6169800,"WU",0.0351648451217033,1.43839108351731,"Financial_Serv"
"WU","2022-01-31",13.3418474197388,13.3559586338033,13.0172975705703,13.1231289846157,7403600,"WU",0.00371562887246458,1.44373561095712,"Financial_Serv"
"WU","2022-02-01",13.5887880325317,13.6170091144213,13.3065704850392,13.3771238626227,4596000,"WU",0.0185087270918441,1.4704573193731,"Financial_Serv"
"WU","2022-02-02",13.3559579849243,13.5676208027318,13.3065700838172,13.5535095893528,5497200,"WU",-0.0171339818569562,1.44526253034154,"Financial_Serv"
"WU","2022-02-03",13.1584053039551,13.433568587597,13.137239829173,13.3347914376427,3061000,"WU",-0.0147913523831258,1.42388514296913,"Financial_Serv"
"WU","2022-02-04",12.7985744476318,13.1866246587592,12.7209654819816,13.1160699525798,5091900,"WU",-0.0273460839677196,1.38494746028911,"Financial_Serv"
"WU","2022-02-07",12.9185190200806,13.0596284540196,12.7703553255919,12.8691311219177,4342200,"WU",0.00937171346226956,1.39792679104723,"Financial_Serv"
"WU","2022-02-08",12.9820165634155,13.0172945905007,12.7209658915809,12.8902963844323,4135000,"WU",0.00491523395493402,1.4047979282771,"Financial_Serv"
"WU","2022-02-09",13.2077960968018,13.2148517051798,12.9820220115825,13.0666879663996,4547200,"WU",0.0173917150916674,1.42922977360706,"Financial_Serv"
"WU","2022-02-10",13.038462638855,13.3559582167976,12.9820191300784,13.2219043788086,6208500,"WU",-0.0128207201796355,1.41090601860724,"Financial_Serv"
"WU","2022-02-11",13.7087297439575,13.9697804533294,13.285402778098,13.3771229702699,9819100,"WU",0.0514069122769984,1.48343634053687,"Financial_Serv"
"WU","2022-02-14",13.9697828292847,14.0685599904073,13.6170105220227,13.6311217372859,9000400,"WU",0.019042835492633,1.51168517473351,"Financial_Serv"
"WU","2022-02-15",14.1743850708008,14.3507711455039,13.9838877871489,14.0332756727507,7764400,"WU",0.0146460574238283,1.53382540260941,"Financial_Serv"
"WU","2022-02-16",13.9909467697144,14.3931069018234,13.8568929437716,14.0403346672408,6666600,"WU",-0.0129415350415665,1.51397534741389,"Financial_Serv"
"WU","2022-02-17",13.9768362045288,14.0756133498747,13.8357281115936,13.9556707307342,4099400,"WU",-0.00100854970130338,1.51244842802948,"Financial_Serv"
"WU","2022-02-18",13.9203929901123,14.1250015458799,13.7016745667588,14.0262243984627,6557300,"WU",-0.00403833983532089,1.5063406472937,"Financial_Serv"
"WU","2022-02-22",13.7369508743286,13.9697805045471,13.6875629748458,13.9486150308941,4140300,"WU",-0.0131779408752318,1.4864901793057,"Financial_Serv"
"WU","2022-02-23",13.6593437194824,13.913338857285,13.6593437194824,13.722842840363,3789000,"WU",-0.00564951826327212,1.47809222588954,"Financial_Serv"
"WU","2022-02-24",13.1372365951538,13.43356528063,12.8479621690555,13.3912316500484,7065900,"WU",-0.0382234414076518,1.42159445429814,"Financial_Serv"
"WU","2022-02-25",13.4265117645264,13.5676198512626,13.1442928996153,13.2007364034537,5247000,"WU",0.0220194838752671,1.45289723046173,"Financial_Serv"
"WU","2022-02-28",12.8268013000488,13.2924606377116,12.7421353542376,13.2924606377116,8365100,"WU",-0.0446661407665101,1.38800191824666,"Financial_Serv"
"WU","2022-03-01",12.4034729003906,12.8691321869188,12.205919945671,12.7633007755659,7776500,"WU",-0.0330034269460923,1.34219309833677,"Financial_Serv"
"WU","2022-03-02",12.7633008956909,12.876187914959,12.4316954448058,12.4599165267631,4473800,"WU",0.0290102617379815,1.38113047142243,"Financial_Serv"
"WU","2022-03-03",12.6363019943237,12.855020414374,12.6151351746856,12.7774114338061,5051600,"WU",-0.00995031790013383,1.36738778417021,"Financial_Serv"
"WU","2022-03-04",12.5304698944092,12.6998004049894,12.361139383829,12.5163586820977,6611700,"WU",-0.00837524300717812,1.35593557919274,"Financial_Serv"
"WU","2022-03-07",12.3611392974854,12.5516366252022,12.1635863636621,12.4175828006178,5609400,"WU",-0.0135135073425602,1.33761213378728,"Financial_Serv"
"WU","2022-03-08",12.5022468566895,13.0807944216163,12.4387477501209,12.516358068309,11843000,"WU",0.0114154169618336,1.35288153402767,"Financial_Serv"
"WU","2022-03-09",12.5445823669434,12.7491895831378,12.502248725756,12.7350783694087,6878700,"WU",0.00338623215004383,1.3574627049734,"Financial_Serv"
"WU","2022-03-10",12.3893632888794,12.5516395760401,12.1706448310362,12.3823076811142,5351600,"WU",-0.0123733954247044,1.34066628215047,"Financial_Serv"
"WU","2022-03-11",12.1424207687378,12.4458051332867,12.1283109008225,12.3964172312847,4088100,"WU",-0.0199318168644918,1.31394436733825,"Financial_Serv"
"WU","2022-03-14",12.2905874252319,12.424641280826,12.1212568766645,12.24825512452,4733500,"WU",0.0122023984604136,1.32997764006333,"Financial_Serv"
"WU","2022-03-15",12.3681955337524,12.474026939303,12.2553085217359,12.3964166138969,4784700,"WU",0.00631443443957629,1.33837569667761,"Financial_Serv"
"WU","2022-03-16",12.7936973571777,12.8151517852686,12.4003757235447,12.4647376438126,9806600,"WU",0.0344029023687498,1.38441970510312,"Financial_Serv"
"WU","2022-03-17",12.8223037719727,12.8652112658586,12.6006134622232,12.6864284499951,6498800,"WU",0.00223597713751394,1.38751523591245,"Financial_Serv"
"WU","2022-03-18",12.8723611831665,12.9081171964068,12.5505516079856,12.7507888285431,14571000,"WU",0.00390393271630832,1.39293200203631,"Financial_Serv"
"WU","2022-03-21",12.9653282165527,13.0869005766199,12.8366057447209,12.9295722017113,6331900,"WU",0.00722222069932327,1.40299206437416,"Financial_Serv"
"WU","2022-03-22",13.0869026184082,13.3443503302473,13.0153905775682,13.0511465979882,5748300,"WU",0.00937688578529432,1.41614776071947,"Financial_Serv"
"WU","2022-03-23",13.1226596832275,13.2585350127228,12.9939358304431,13.0153902605754,3763800,"WU",0.00273227866531532,1.42001707103302,"Financial_Serv"
"WU","2022-03-24",13.265682220459,13.315742546472,13.0153874104161,13.2299262087398,4648000,"WU",0.0108988985986009,1.43549369309849,"Financial_Serv"
"WU","2022-03-25",13.4659223556519,13.5374357586186,13.265685100146,13.315745437026,3697400,"WU",0.0150945976139886,1.45716189277323,"Financial_Serv"
"WU","2022-03-28",13.3085908889771,13.487373673132,13.2728335137434,13.4158602866692,3191500,"WU",-0.0116836754675605,1.44013688611437,"Financial_Serv"
"WU","2022-03-29",13.8735446929932,13.8806961685117,13.44446570991,13.44446570991,4056400,"WU",0.0424503096330086,1.50127114284385,"Financial_Serv"
"WU","2022-03-30",13.7591257095337,13.9450600066361,13.6089487949537,13.8163361575648,3145900,"WU",-0.00824727825450838,1.48888974199335,"Financial_Serv"
"WU","2022-03-31",13.4015579223633,13.7090645427918,13.2942885199824,13.6733085299996,5781800,"WU",-0.0259876822640447,1.45019694845223,"Financial_Serv"
"WU","2022-04-01",13.6017932891846,13.6232463483383,13.3300427185339,13.3586486160779,3941500,"WU",0.0149412007157134,1.47186463213637,"Financial_Serv"
"WU","2022-04-04",13.5660381317139,13.6447029987964,13.4087097615533,13.5517365446116,3950000,"WU",-0.00262870907611379,1.46799552821906,"Financial_Serv"
"WU","2022-04-05",13.487377166748,13.7233704484014,13.4587712591514,13.5445876179366,3734600,"WU",-0.00579837416068671,1.45948354088023,"Financial_Serv"
"WU","2022-04-06",13.5016775131226,13.651855786165,13.3371976516036,13.4087110500046,4187800,"WU",0.00106027630114534,1.46103099669054,"Financial_Serv"
"WU","2022-04-07",13.487377166748,13.6017980691252,13.2084750236997,13.5231331872391,2857000,"WU",-0.00105915330599571,1.45948354088023,"Financial_Serv"
"WU","2022-04-08",13.5016775131226,13.6017968164857,13.3872566212829,13.5874938640046,2582700,"WU",0.00106027630114534,1.46103099669054,"Financial_Serv"
"WU","2022-04-11",13.6089496612549,13.6876131798022,13.4301668292763,13.4587713731104,2501500,"WU",0.00794509778715009,1.4726390308293,"Financial_Serv"
"WU","2022-04-12",13.3228960037231,13.6232512152147,13.3157458907871,13.5374362199341,3478500,"WU",-0.0210195249928907,1.44168485791528,"Financial_Serv"
"WU","2022-04-13",13.4230117797852,13.4301632548415,13.144109708605,13.2299260452768,2621900,"WU",0.00751456560450775,1.45251849336111,"Financial_Serv"
"WU","2022-04-14",13.5517358779907,13.6303993771993,13.4730710147778,13.4730710147778,2221900,"WU",0.00958980743795687,1.46644786601251,"Financial_Serv"
"WU","2022-04-18",13.5445871353149,13.6661595102593,13.4802252095206,13.4802252095206,1874400,"WU",-0.000527514905849919,1.46567429290454,"Financial_Serv"
"WU","2022-04-19",13.7591257095337,13.8020332045559,13.5803428889358,13.5874943654403,2304500,"WU",0.0158394325405004,1.48888974199335,"Financial_Serv"
"WU","2022-04-20",13.8735446929932,14.0308744263929,13.7948811902978,13.7948811902978,2848200,"WU",0.00831586147804375,1.50127114284385,"Financial_Serv"
"WU","2022-04-21",14.1738996505737,14.2811690538739,13.9879653816514,14.0094198079132,3388400,"WU",0.02164947489824,1.5337728747663,"Financial_Serv"
"WU","2022-04-22",13.6017932891846,14.0880826353979,13.6017932891846,14.0666282122399,3236200,"WU",-0.0403633703845224,1.47186463213637,"Financial_Serv"
"WU","2022-04-25",13.680459022522,13.6876104980805,13.2370784499262,13.5874925682695,3563700,"WU",0.00578348249123542,1.4803771354658,"Financial_Serv"
"WU","2022-04-26",13.4015579223633,13.5874921896922,13.3872549716446,13.5874921896922,3518800,"WU",-0.0203868232564083,1.45019694845223,"Financial_Serv"
"WU","2022-04-27",13.3014402389526,13.4516171322354,13.1012030172378,13.3443477278899,3894100,"WU",-0.00747060035785671,1.43936310661016,"Financial_Serv"
"WU","2022-04-28",13.7090663909912,13.7734283138976,13.3300463298761,13.4802246046593,5041000,"WU",0.0306452643259532,1.48347276947325,"Financial_Serv"
"WU","2022-04-29",11.9855985641479,12.8580580998707,11.9426910759005,12.5863088556306,13216500,"WU",-0.125717374012852,1.2969744684755,"Financial_Serv"
"WU","2022-05-02",12.4647388458252,12.4647388458252,11.8783313948394,12.0070552477884,6183200,"WU",0.0399763331896064,1.34882275196569,"Financial_Serv"
"WU","2022-05-03",12.4289789199829,12.6435190856838,12.264499081082,12.4790392467829,3910700,"WU",-0.00286888688841341,1.34495313205778,"Financial_Serv"
"WU","2022-05-04",12.6649742126465,12.7579420421445,12.3145600519334,12.4218308342781,4581200,"WU",0.0189875044589663,1.37049043564983,"Financial_Serv"
"WU","2022-05-05",12.4146795272827,12.6220668903697,12.3002586309579,12.5147974705657,3973500,"WU",-0.019762747334601,1.3434057794456,"Financial_Serv"
"WU","2022-05-06",12.1286249160767,12.4361315609355,12.057112884811,12.3288621500324,3430100,"WU",-0.0230416428049887,1.31245150333345,"Financial_Serv"
"WU","2022-05-09",12.2931051254272,12.3503155641469,11.9498411291048,11.9784470304669,3727300,"WU",0.0135613237682505,1.33025008310029,"Financial_Serv"
"WU","2022-05-10",11.9283885955811,12.4218295039031,11.8568752030119,12.3646190626487,3771700,"WU",-0.0296683812694163,1.29078371645119,"Financial_Serv"
"WU","2022-05-11",11.821120262146,12.1357770356153,11.7853628806122,11.9999030778009,3352600,"WU",-0.00899269273259565,1.27917609510491,"Financial_Serv"
"WU","2022-05-12",11.9140853881836,11.956992877201,11.699546579092,11.7639084946204,3944600,"WU",0.00786432452897834,1.28923595104653,"Financial_Serv"
"WU","2022-05-13",12.1572303771973,12.1858362798658,11.9426915632015,11.9927505288669,2737100,"WU",0.0204081959371236,1.31554693094467,"Financial_Serv"
"WU","2022-05-16",12.2144412994385,12.3002576468183,12.0142040648887,12.0928689363198,2312000,"WU",0.00470591742248454,1.3217377861671,"Financial_Serv"
"WU","2022-05-17",12.4504337310791,12.5147956463808,12.3288613759541,12.3789203402989,3248500,"WU",0.0193207716878114,1.34727478016479,"Financial_Serv"
"WU","2022-05-18",12.2644996643066,12.4075264482421,12.0213549500191,12.2001377479362,4019300,"WU",-0.0149339429282955,1.32715465548907,"Financial_Serv"
"WU","2022-05-19",12.1500787734985,12.336013046871,12.0499608432228,12.1786846758656,4221700,"WU",-0.0093294381295557,1.31477304824234,"Financial_Serv"
"WU","2022-05-20",12.2072906494141,12.2859555261675,12.0070547653212,12.2430480315768,2870800,"WU",0.00470876584276281,1.32096400666288,"Financial_Serv"
"WU","2022-05-23",12.4504337310791,12.600611988118,12.3002568380447,12.4361307801222,2994600,"WU",0.0199178579955176,1.34727478016479,"Financial_Serv"
"WU","2022-05-24",12.4146795272827,12.4933430410031,12.1357773989869,12.3717706681574,3308200,"WU",-0.00287172355346434,1.3434057794456,"Financial_Serv"
"WU","2022-05-25",12.5291013717651,12.6149163685006,12.2859566076734,12.3431670601653,3714600,"WU",0.00921665712199549,1.35578748989046,"Financial_Serv"
"WU","2022-05-26",12.5934638977051,12.657825830307,12.5434049199046,12.5791609429036,3089700,"WU",0.00513704247656461,1.36275222781522,"Financial_Serv"
"WU","2022-05-27",12.8652114868164,12.8723629632543,12.529100278262,12.6435211732594,2803000,"WU",0.0215784625515819,1.39215832573021,"Financial_Serv"
"WU","2022-05-31",12.9724788665771,13.0225378297705,12.6792751987265,12.836604927625,8246200,"WU",0.00833778596416112,1.40376584387838,"Financial_Serv"
"WU","2022-06-01",12.7865476608276,13.0368439007061,12.6792782334525,13.0296924236805,2817900,"WU",-0.0143327430063157,1.38364602879702,"Financial_Serv"
"WU","2022-06-02",12.7579431533813,12.8294565598385,12.5362528209686,12.8294565598385,4424200,"WU",-0.00223707823292449,1.38055070438393,"Financial_Serv"
"WU","2022-06-03",12.5863103866577,12.7507902482845,12.5863103866577,12.6864283260819,2207000,"WU",-0.0134530123437761,1.36197813871664,"Financial_Serv"
"WU","2022-06-06",12.6935796737671,12.8080005645229,12.6006132115297,12.6578236569076,2951200,"WU",0.00852269519930855,1.37358586326105,"Financial_Serv"
"WU","2022-06-07",12.8509082794189,12.8580597557152,12.5076456012252,12.5934619527759,4400800,"WU",0.0123943449913499,1.39061056032555,"Financial_Serv"
"WU","2022-06-08",12.6292171478271,12.8151514274084,12.6006126085094,12.7722439364295,3083400,"WU",-0.0172510087825341,1.36662112533629,"Financial_Serv"
"WU","2022-06-09",12.4933423995972,12.65067214697,12.4790408112943,12.65067214697,2754200,"WU",-0.010758762529739,1.35191797318067,"Financial_Serv"
"WU","2022-06-10",12.2501955032349,12.4003737479353,12.1929850681119,12.2859528776894,3197800,"WU",-0.0194621173890299,1.32560678688629,"Financial_Serv"
"WU","2022-06-13",11.7210006713867,12.1429282151405,11.6566387502036,11.9784483561191,3519500,"WU",-0.0431988886796461,1.2683420468666,"Financial_Serv"
"WU","2022-06-14",11.7710599899292,11.8282718006842,11.5851270609939,11.7066994308391,4135700,"WU",0.00427090825655229,1.2737590193867,"Financial_Serv"
"WU","2022-06-15",11.6803731918335,11.8835092264891,11.5642943705042,11.8254701617646,3599600,"WU",-0.00770421679723753,1.2639457037539,"Financial_Serv"
"WU","2022-06-16",11.2233152389526,11.5352750444564,11.0999820512371,11.499001147265,4020600,"WU",-0.0391304237779336,1.21448697273372,"Financial_Serv"
"WU","2022-06-17",11.4264526367188,11.4990018191008,11.2160608380671,11.2740999072206,7128900,"WU",0.0180995894208769,1.2364686882972,"Financial_Serv"
"WU","2022-06-21",11.6440982818604,11.7384126298876,11.4917462510232,11.7384126298876,2839600,"WU",0.0190475252522555,1.26002035686116,"Financial_Serv"
"WU","2022-06-22",11.6731185913086,11.7311576582981,11.5497854009859,11.6440983659336,2343100,"WU",0.00249227623692005,1.2631606756546,"Financial_Serv"
"WU","2022-06-23",11.5425329208374,11.7891993565366,11.4990039568201,11.67312119665,1879800,"WU",-0.0111868708819956,1.24902986027284,"Financial_Serv"
"WU","2022-06-24",12.1084136962891,12.1591977128513,11.5497867465829,11.6150808775232,5150900,"WU",0.0490257016664074,1.31026442557501,"Financial_Serv"
"WU","2022-06-27",12.2752752304077,12.3333143011805,12.0793928476394,12.1519420320455,3478200,"WU",0.0137806271163159,1.32832069104764,"Financial_Serv"
"WU","2022-06-28",12.0213556289673,12.4058653969278,12.0213556289673,12.3333162013442,2464100,"WU",-0.0206854507678518,1.30084377878905,"Financial_Serv"
"WU","2022-06-29",12.0213556289673,12.0648845928131,11.8762586215609,12.0068455130984,2364300,"WU",0,1.30084377878905,"Financial_Serv"
"WU","2022-06-30",11.948802947998,12.1084114084774,11.7891958712791,11.839979878246,2983400,"WU",-0.00603531608318878,1.29299277540921,"Financial_Serv"
"WU","2022-07-01",12.1954698562622,12.2535089216433,11.8835093609285,11.9705686508804,3317500,"WU",0.0206436501913765,1.31968486596473,"Financial_Serv"
"WU","2022-07-05",12.1664533615112,12.1882171503756,11.9125318825949,12.0503752083656,2593100,"WU",-0.00237928469283838,1.31654495996377,"Financial_Serv"
"WU","2022-07-06",12.1954698562622,12.2752740900714,12.0431178285469,12.224490080833,3314100,"WU",0.00238495918973155,1.31968486596473,"Financial_Serv"
"WU","2022-07-07",12.1519412994385,12.3260585012598,12.1156674013026,12.2244904794708,5230100,"WU",-0.00356923983550984,1.31497459417081,"Financial_Serv"
"WU","2022-07-08",12.0068435668945,12.1664520480595,11.9488044965874,12.1301767642672,4095500,"WU",-0.0119402924165417,1.29927341299609,"Financial_Serv"
"WU","2022-07-11",11.7093915939331,11.9850781788736,11.6803727545375,11.9705680672956,4939900,"WU",-0.0247735361341398,1.26708581615111,"Financial_Serv"
"WU","2022-07-12",11.9052743911743,12.1301755939457,11.7166470849349,11.7166470849349,4416400,"WU",0.0167286912961987,1.28828250361529,"Financial_Serv"
"WU","2022-07-13",11.9560594558716,11.9923347393681,11.6586090500027,11.7674321329712,2306500,"WU",0.00426576179839365,1.29377800990475,"Financial_Serv"
"WU","2022-07-14",11.7021389007568,11.7601779750263,11.5860614440982,11.68763017001,4364700,"WU",-0.0212378130145586,1.26630099444805,"Financial_Serv"
"WU","2022-07-15",11.8472375869751,11.9342968925279,11.7456695502975,11.8472375869751,2865100,"WU",0.0123993303659109,1.28200227882089,"Financial_Serv"
"WU","2022-07-18",11.8690013885498,12.0140983693662,11.8109623194711,11.9270404576285,4251800,"WU",0.00183703596850579,1.28435736311879,"Financial_Serv"
"WU","2022-07-19",12.2607650756836,12.3115490894695,11.9415494956228,11.9415494956228,2813900,"WU",0.0330072997979197,1.32675053165092,"Financial_Serv"
"WU","2022-07-20",12.1664533615112,12.2390025531674,12.0358650932822,12.1737084190529,2509300,"WU",-0.007692155717053,1.31654495996377,"Financial_Serv"
"WU","2022-07-21",12.115668296814,12.2317464399412,12.0431191114193,12.1446871407155,2787000,"WU",-0.00417418808820038,1.31104945367431,"Financial_Serv"
"WU","2022-07-22",12.1374320983887,12.2317464546433,12.072137969831,12.0939031406038,1751500,"WU",0.00179633521168867,1.31340453797221,"Financial_Serv"
"WU","2022-07-25",12.1519412994385,12.2535093212274,12.035863164891,12.1591963558178,1676200,"WU",0.00119540945170197,1.31497459417081,"Financial_Serv"
"WU","2022-07-26",12.0793952941895,12.180964726434,11.9633171291335,12.0648851776172,2472300,"WU",-0.00596991077074868,1.30712431317781,"Financial_Serv"
"WU","2022-07-27",12.1809606552124,12.2172345507583,12.0286072496468,12.1084114803602,1854400,"WU",0.008408149460247,1.31811480976613,"Financial_Serv"
"WU","2022-07-28",12.2897853851318,12.311549171894,12.1374319589935,12.2027260868013,2432600,"WU",0.00893400225152734,1.32989085044436,"Financial_Serv"
"WU","2022-07-29",12.3478231430054,12.4058622078002,12.1954697330686,12.3333130308665,2779600,"WU",0.00472243868015378,1.33617117843688,"Financial_Serv"
"WU","2022-08-01",12.3333129882812,12.4058621649644,12.180960962631,12.3042927641038,2319000,"WU",-0.00117511844444748,1.33460101904016,"Financial_Serv"
"WU","2022-08-02",12.1664533615112,12.3695894376357,12.1301780738028,12.3042953035212,3143600,"WU",-0.0135291812450203,1.31654495996377,"Financial_Serv"
"WU","2022-08-03",12.4856653213501,12.638018734512,12.2462540010333,12.2825292821482,4133300,"WU",0.0262370594251156,1.35108722831418,"Financial_Serv"
"WU","2022-08-04",11.7891979217529,12.3478248630709,11.3611592403546,12.3115495776706,6865400,"WU",-0.0557813605980797,1.27572174443213,"Financial_Serv"
"WU","2022-08-05",11.8762588500977,11.8835125244109,11.6005721783271,11.6948865495289,3712800,"WU",0.00738480504972144,1.28514270081245,"Financial_Serv"
"WU","2022-08-08",11.7456684112549,11.9995898620855,11.7021380708195,11.9488044649109,3315300,"WU",-0.010995923926136,1.27101136944009,"Financial_Serv"
"WU","2022-08-09",11.8182172775269,11.8399810633995,11.6368450151984,11.7891970513492,3891300,"WU",0.0061766485934896,1.27886196002745,"Financial_Serv"
"WU","2022-08-10",11.9705677032471,12.1374298300383,11.8327244149689,11.9342938091656,3235400,"WU",0.0128911511899447,1.29534796290523,"Financial_Serv"
"WU","2022-08-11",11.9995880126953,12.224489201907,11.9850779014532,12.0721358013853,3539500,"WU",0.00242430519317562,1.29848828169867,"Financial_Serv"
"WU","2022-08-12",12.1084136962891,12.1229224269064,12.0286094509709,12.0793934675331,2377700,"WU",0.00906911832961388,1.31026442557501,"Financial_Serv"
"WU","2022-08-15",11.9415493011475,12.072137553762,11.8907652881886,12.0213535408031,3982800,"WU",-0.0137808634001943,1.29220785050803,"Financial_Serv"
"WU","2022-08-16",11.9778251647949,11.9923352788463,11.7093935898872,11.7674326623321,2776900,"WU",0.003037785360395,1.29613330059889,"Financial_Serv"
"WU","2022-08-17",11.6223344802856,11.8327255773952,11.6150794240046,11.8182168485935,3605900,"WU",-0.0296790677454644,1.25766527256326,"Financial_Serv"
"WU","2022-08-18",11.8472375869751,11.9052766627567,11.5860617459579,11.6295913987343,2802000,"WU",0.019350940817522,1.28200227882089,"Financial_Serv"
"WU","2022-08-19",11.9197854995728,11.9633144558015,11.7239031209026,11.7529233475621,3336000,"WU",0.00612361422357358,1.28985276621013,"Financial_Serv"
"WU","2022-08-22",11.7239036560059,11.7891977852094,11.5933153975988,11.7891977852094,3257300,"WU",-0.0164333362856165,1.26865618194407,"Financial_Serv"
"WU","2022-08-23",11.4917469024658,11.7746871950657,11.4917469024658,11.7311582386105,2978100,"WU",-0.0198020011381713,1.24353425078526,"Financial_Serv"
"WU","2022-08-24",11.3539037704468,11.5135115610029,11.3103748133098,11.4627275470497,4125700,"WU",-0.011994967622326,1.22861809770984,"Financial_Serv"
"WU","2022-08-25",11.3611612319946,11.4264553734006,11.2813576657653,11.3321416904676,3256900,"WU",0.000639204074174215,1.2294034354035,"Financial_Serv"
"WU","2022-08-26",11.0491971969604,11.4409619232596,11.0346877766606,11.4046873346897,4031000,"WU",-0.0274588159312135,1.19564547276555,"Financial_Serv"
"WU","2022-08-29",10.8678255081177,11.0201782344876,10.8605711435326,10.9839043359216,3155300,"WU",-0.0164149200715385,1.17601904789621,"Financial_Serv"
"WU","2022-08-30",10.9548845291138,10.9693939498027,10.8025318065382,10.9040998270017,5875600,"WU",0.00801071207216801,1.18543979788029,"Financial_Serv"
"WU","2022-08-31",10.7517490386963,11.0491994810751,10.7082200769181,11.0129255768867,8258800,"WU",-0.0185429147954619,1.16345828871305,"Financial_Serv"
"WU","2022-09-01",10.6646871566772,10.751745745448,10.5268445640936,10.7372363265929,4028700,"WU",-0.00809746225527598,1.15403722913461,"Financial_Serv"
"WU","2022-09-02",10.5631217956543,10.8170425702191,10.5268472016078,10.7735136108675,3283400,"WU",-0.00952351996179826,1.14304673254628,"Financial_Serv"
"WU","2022-09-06",10.4397869110107,10.5848845719666,10.287434194037,10.5486099837576,5061500,"WU",-0.0116759881244856,1.12970053247134,"Financial_Serv"
"WU","2022-09-07",10.606650352478,10.6574343670876,10.4252780810091,10.4397881948292,4506000,"WU",0.0159834144977898,1.1477570043402,"Financial_Serv"
"WU","2022-09-08",10.6864547729492,10.7227293685726,10.4107695067245,10.5195926017143,4062600,"WU",0.00752399841789324,1.15639272622499,"Financial_Serv"
"WU","2022-09-09",10.8170413970947,10.8968456337182,10.686453149442,10.773512442464,4042600,"WU",0.0122198265860876,1.17052364480487,"Financial_Serv"
"WU","2022-09-12",11.1072378158569,11.2088058414794,10.9693945069689,10.9839046202751,3945200,"WU",0.0268277071436695,1.20192611035243,"Financial_Serv"
"WU","2022-09-13",10.7227268218994,10.9258642323925,10.6719428152162,10.8895896453844,4684100,"WU",-0.0346180571922736,1.16031776352337,"Financial_Serv"
"WU","2022-09-14",10.512336730957,10.7880226677344,10.3382195156914,10.7735132457358,8067000,"WU",-0.0196209503829469,1.13755122625682,"Financial_Serv"
"WU","2022-09-15",10.2874145507812,10.5676452862685,10.2431679997121,10.4939000967717,5626300,"WU",-0.0213960212588533,1.1132121560368,"Financial_Serv"
"WU","2022-09-16",10.4349040985107,10.4496534175437,10.0735542216376,10.1841720045263,9779200,"WU",0.0143368916457529,1.12917215809663,"Financial_Serv"
"WU","2022-09-19",10.4717779159546,10.4717779159546,10.2874156262255,10.3242882248286,3407500,"WU",0.00353369969630198,1.13316231340877,"Financial_Serv"
"WU","2022-09-20",10.5455226898193,10.6266418408606,10.3316624704503,10.4422795585326,4447100,"WU",0.00704224005289398,1.14114231443869,"Financial_Serv"
"WU","2022-09-21",10.4717779159546,10.7888812793402,10.4496546381073,10.6708895264394,4926800,"WU",-0.0069929937124823,1.13316231340877,"Financial_Serv"
"WU","2022-09-22",10.567645072937,10.6045176669411,10.457027994211,10.508649203845,3763500,"WU",0.00915481189076409,1.14353620122973,"Financial_Serv"
"WU","2022-09-23",10.3390369415283,10.4717773041432,10.1841725990724,10.4570286875355,4516400,"WU",-0.0216328358712709,1.11879827027567,"Financial_Serv"
"WU","2022-09-26",9.9408130645752,10.3390362350684,9.9408130645752,10.2652910472098,4830900,"WU",-0.0385165348770153,1.07570603767825,"Financial_Serv"
"WU","2022-09-27",9.9186897277832,10.15467390549,9.80807264997011,10.0366814649935,4660400,"WU",-0.00222550576580404,1.07331204768909,"Financial_Serv"
"WU","2022-09-28",10.0588045120239,10.1104257164532,9.90394019544991,9.97031071730823,3408300,"WU",0.0141263400798039,1.0884740186865,"Financial_Serv"
"WU","2022-09-29",9.99980926513672,10.073553746968,9.84494493901891,9.94081269507098,3951300,"WU",-0.00586503563288125,1.08209007978144,"Financial_Serv"
"WU","2022-09-30",9.95556354522705,10.1915470486549,9.94818888492335,10.0661806366373,4919000,"WU",-0.00442465638458985,1.07730220300123,"Financial_Serv"
"WU","2022-10-03",10.2062931060791,10.2947868915711,9.99243294865199,10.0440541477008,4627600,"WU",0.0251848687131586,1.10443391754821,"Financial_Serv"
"WU","2022-10-04",10.6561412811279,10.678264561208,10.3611618691059,10.3759104880638,5665200,"WU",0.0440755689037471,1.15311247078074,"Financial_Serv"
"WU","2022-10-05",10.5381460189819,10.6045165404818,10.3906563619189,10.4865248148314,3906300,"WU",-0.0110729821455132,1.14034407698002,"Financial_Serv"
"WU","2022-10-06",10.2062931060791,10.5307703195497,10.0735520761981,10.5307703195497,5851100,"WU",-0.0314906352887006,1.10443391754821,"Financial_Serv"
"WU","2022-10-07",9.93343734741211,10.1620461233308,9.85969217262705,10.1472975103455,5540200,"WU",-0.0267340704241066,1.07490790341771,"Financial_Serv"
"WU","2022-10-10",9.97031021118164,10.1177998615541,9.933437622767,9.99243348291597,3871500,"WU",0.003711994396294,1.07889795553172,"Financial_Serv"
"WU","2022-10-11",9.9408130645752,10.0661794619632,9.77120011710102,9.99243497739075,3804800,"WU",-0.00295849837985627,1.07570603767825,"Financial_Serv"
"WU","2022-10-12",10.1178007125854,10.2652903753636,9.88181654885427,9.95556173188643,4685500,"WU",0.0178041420616752,1.09485806078968,"Financial_Serv"
"WU","2022-10-13",10.3537855148315,10.4275307074207,9.92606508570139,9.97031234191215,4825200,"WU",0.0233237250811388,1.12039422920241,"Financial_Serv"
"WU","2022-10-14",10.3242874145508,10.5602709018318,10.3095380949526,10.4054065624821,4717000,"WU",-0.00284901596990844,1.11720220815082,"Financial_Serv"
"WU","2022-10-17",10.3980331420898,10.6635145789691,10.3906584819105,10.4865269543829,5551100,"WU",0.00714293631879399,1.12518231237885,"Financial_Serv"
"WU","2022-10-18",10.5528974533081,10.7372597374427,10.4496543210097,10.5602714101759,3927400,"WU",0.0148936158504238,1.14194034550112,"Financial_Serv"
"WU","2022-10-19",10.5086498260498,10.5971436349275,10.3759087610902,10.4644025699678,4942000,"WU",-0.00419293634322488,1.13715226232467,"Financial_Serv"
"WU","2022-10-20",9.91131401062012,10.2874131603042,9.66795590277425,10.2284172979952,12832500,"WU",-0.0568422989934403,1.07251391342854,"Financial_Serv"
"WU","2022-10-21",10.0514297485352,10.1030509524263,9.62370939355801,9.84494422968423,5822700,"WU",0.0141369487199077,1.08767598762407,"Financial_Serv"
"WU","2022-10-24",10.2579183578491,10.3021656197195,10.0219348366376,10.1399265972434,5307400,"WU",0.0205432077306273,1.11002034138145,"Financial_Serv"
"WU","2022-10-25",10.2652902603149,10.4201545803179,10.1841711225177,10.2136690547427,5410500,"WU",0.000718654819491667,1.11081806284951,"Financial_Serv"
"WU","2022-10-26",10.29478931427,10.5160241817068,10.2505420594682,10.3390365690719,5719300,"WU",0.00287366973626843,1.11401018709922,"Financial_Serv"
"WU","2022-10-27",10.2210426330566,10.4422774682212,10.2210426330566,10.3611583334182,4432000,"WU",-0.00716349591643956,1.10602997967307,"Financial_Serv"
"WU","2022-10-28",10.2579183578491,10.3980341010332,9.87444513588046,9.87444513588046,4682300,"WU",0.00360782418353465,1.11002034138145,"Financial_Serv"
"WU","2022-10-31",9.9629373550415,10.2284187737349,9.95556269536735,10.1767975625883,5273000,"WU",-0.0287564194329841,1.07810013086554,"Financial_Serv"
"WU","2022-11-01",10.0514297485352,10.1325488836908,9.99980854464396,10.0735530211619,4986000,"WU",0.0088821589798387,1.08767598762407,"Financial_Serv"
"WU","2022-11-02",9.61633586883545,10.1620480132182,9.49096947035749,10.1104268032401,7225900,"WU",-0.0432867652249289,1.04059401250699,"Financial_Serv"
"WU","2022-11-03",9.16649436950684,9.5499676124155,9.04850260245802,9.49097172889109,6826800,"WU",-0.0467788880779899,0.991916181661303,"Financial_Serv"
"WU","2022-11-04",9.44672203063965,9.62370962243539,9.29923166752369,9.30660632633672,5974700,"WU",0.0305708649170194,1.02223991725988,"Financial_Serv"
"WU","2022-11-07",9.51309394836426,9.62371174509976,9.27711044058664,9.47622205273875,4498900,"WU",0.00702592047371963,1.02942209362361,"Financial_Serv"
"WU","2022-11-08",9.53521633148193,9.71957859185375,9.44672253089781,9.53521633148193,4667800,"WU",0.00232546669230357,1.03181598041465,"Financial_Serv"
"WU","2022-11-09",9.35085487365723,9.54259110640236,9.29923295808799,9.44672334167293,6162000,"WU",-0.0193347955007597,1.01186602943892,"Financial_Serv"
"WU","2022-11-10",9.9186897277832,9.96293698088018,9.73432746257056,9.73432746257056,6427500,"WU",0.0607254482930382,1.07331204768909,"Financial_Serv"
"WU","2022-11-11",10.2136707305908,10.3390371389387,9.95556325380723,10.1104275992201,7927600,"WU",0.0297399163501755,1.105232258205,"Financial_Serv"
"WU","2022-11-14",10.1472978591919,10.4275285484084,10.1251738840241,10.1620464726843,8051300,"WU",-0.00649843461275223,1.09804997864315,"Financial_Serv"
"WU","2022-11-15",10.3759078979492,10.6192660279401,10.2874140964331,10.2947887557143,4996700,"WU",0.0225291542565924,1.12278811599345,"Financial_Serv"
"WU","2022-11-16",10.2062931060791,10.3464080906199,10.1472972490845,10.3242848200684,4492600,"WU",-0.0163469831785652,1.10443391754821,"Financial_Serv"
"WU","2022-11-17",10.272665977478,10.272665977478,10.0293078357294,10.0588057709933,3947700,"WU",0.00650313200973942,1.11161619711006,"Financial_Serv"
"WU","2022-11-18",10.2431678771973,10.5455218846028,10.1399247537938,10.3980322106594,3634300,"WU",-0.00287151362123852,1.10842417605847,"Financial_Serv"
"WU","2022-11-21",10.2874145507812,10.3906576754196,10.1694228102153,10.2062954049637,3617300,"WU",0.00431962788411227,1.1132121560368,"Financial_Serv"
"WU","2022-11-22",10.4127817153931,10.5086501874625,10.3316625636203,10.383283778086,3351700,"WU",0.0121864598722033,1.12677827130559,"Financial_Serv"
"WU","2022-11-23",10.4570302963257,10.538149458364,10.3390385321658,10.3537871510426,3249300,"WU",0.00424944862401227,1.13156645768015,"Financial_Serv"
"WU","2022-11-25",10.5381460189819,10.729882924807,10.4570268834188,10.4938987702199,2593000,"WU",0.0077570515105758,1.14034407698002,"Financial_Serv"
"WU","2022-11-28",10.5160245895386,10.6782628891027,10.4422793964376,10.4570287163723,3553100,"WU",-0.00209917659173757,1.1379502933871,"Financial_Serv"
"WU","2022-11-29",10.6708869934082,10.7077595832586,10.5086480200384,10.5160226786657,4478900,"WU",0.0147263257660777,1.15470812011312,"Financial_Serv"
"WU","2022-11-30",10.8110027313232,10.892122575207,10.5676446062444,10.6340151318634,7441900,"WU",0.0131306552118482,1.16987019430865,"Financial_Serv"
"WU","2022-12-01",10.6708869934082,10.9437430330429,10.5160226786657,10.8110019908961,5633400,"WU",-0.0129604756743863,1.15470812011312,"Financial_Serv"
"WU","2022-12-02",10.6487655639648,10.7225107613002,10.5528977920297,10.5602717491342,3203400,"WU",-0.00207306379095052,1.1523143365202,"Financial_Serv"
"WU","2022-12-05",10.4349040985107,10.5602704971461,10.3537849536881,10.5233986061361,3864000,"WU",-0.020083216610365,1.12917215809663,"Financial_Serv"
"WU","2022-12-06",10.2062931060791,10.4349018761118,10.0145562192035,10.383280677063,5912800,"WU",-0.0219082983680001,1.10443391754821,"Financial_Serv"
"WU","2022-12-07",10.154673576355,10.2652906505827,10.0661790730293,10.1472989171968,5301100,"WU",-0.00505761780380139,1.0988481129037,"Financial_Serv"
"WU","2022-12-08",10.2579183578491,10.3759101184549,10.1251772755245,10.1694245373948,4995300,"WU",0.0101672181501279,1.11002034138145,"Financial_Serv"
"WU","2022-12-09",10.3095369338989,10.3906567759808,10.1767965888956,10.1915452035466,5892400,"WU",0.00503207124965148,1.11560604282784,"Financial_Serv"
"WU","2022-12-12",10.4127817153931,10.4717775900071,10.1251762991847,10.3021646263132,5571000,"WU",0.0100144926155374,1.12677827130559,"Financial_Serv"
"WU","2022-12-13",10.4275312423706,10.7372599418767,10.331662768401,10.6340168076126,5111800,"WU",0.00141648287467076,1.12837433343044,"Financial_Serv"
"WU","2022-12-14",10.4054069519043,10.4939007629465,10.287415203848,10.3611603980263,5246200,"WU",-0.00212171893347201,1.12598024024316,"Financial_Serv"
"WU","2022-12-15",10.1472978591919,10.3537833710881,9.97768423266968,10.2947875105463,6167000,"WU",-0.0248052857428287,1.09804997864315,"Financial_Serv"
"WU","2022-12-16",9.96348476409912,10.2110713061256,9.91846941946121,10.0985322290248,10634300,"WU",-0.0181144869938224,1.07815936658645,"Financial_Serv"
"WU","2022-12-19",10.1210403442383,10.1660564063521,9.93347473052516,9.93347473052516,6567500,"WU",0.0158133006542923,1.09520862480352,"Financial_Serv"
"WU","2022-12-20",10.1360454559326,10.2185740644691,10.0235056637399,10.0460140514821,4491900,"WU",0.00148256613786527,1.09683234402456,"Financial_Serv"
"WU","2022-12-21",10.2936010360718,10.3236115055149,10.1885640352679,10.1885640352679,4702000,"WU",0.0155440877632354,1.11388160224163,"Financial_Serv"
"WU","2022-12-22",10.2110719680786,10.2410824382847,10.016004269492,10.2035698871566,4575900,"WU",-0.00801751182156353,1.10495104332783,"Financial_Serv"
"WU","2022-12-23",10.3761291503906,10.3761291503906,10.1660558743667,10.2410816866222,3904900,"WU",0.0161645303086694,1.1228120579573,"Financial_Serv"
"WU","2022-12-27",10.3836317062378,10.4361498451533,10.3311135673223,10.4061393778436,3929100,"WU",0.000723059219717357,1.12362391756782,"Financial_Serv"
"WU","2022-12-28",10.241081237793,10.4586573001587,10.2185735666533,10.3686259000942,3704300,"WU",-0.0137283825618728,1.10819837857178,"Financial_Serv"
"WU","2022-12-29",10.4136428833008,10.4361505564406,10.25608774031,10.25608774031,2763700,"WU",0.0168499440147983,1.126871459208,"Financial_Serv"
"WU","2022-12-30",10.3311138153076,10.4211452193978,10.2185740235654,10.3686263637157,3757400,"WU",-0.00792509104815827,1.11794090029421,"Financial_Serv"
"WU","2023-01-03",10.5711975097656,10.5937051818057,10.3611242345445,10.4811661060994,5847500,"WU",0.0232388974461084,1.14392061422696,"Financial_Serv"
"WU","2023-01-04",10.5786981582642,10.6837344168006,10.5111744403445,10.6612267493293,8344300,"WU",0.000709536312381458,1.14473226744123,"Financial_Serv"
"WU","2023-01-05",10.4136428833008,10.5636952300762,10.3236114752355,10.5186798837966,3558200,"WU",-0.0156026074753288,1.126871459208,"Financial_Serv"
"WU","2023-01-06",10.5636940002441,10.5862016707636,10.3911340004184,10.5186786592052,6651200,"WU",0.0144090899433454,1.14310865141832,"Financial_Serv"
"WU","2023-01-09",10.736255645752,10.8112814591523,10.5336844470085,10.5336844470085,4973000,"WU",0.0163353506362286,1.16178173205454,"Financial_Serv"
"WU","2023-01-10",10.8412914276123,10.8562970189039,10.5862020997028,10.7662656176722,3584400,"WU",0.00978327876366388,1.17314776660177,"Financial_Serv"
"WU","2023-01-11",11.0213556289673,11.0963821639362,10.8863088677318,10.901313745422,4956400,"WU",0.0166091099531154,1.19263270684851,"Financial_Serv"
"WU","2023-01-12",10.9763374328613,11.0888764906132,10.8112795280535,11.0588660275123,5507900,"WU",-0.00408463329026751,1.18776123959105,"Financial_Serv"
"WU","2023-01-13",10.721248626709,10.9013114135095,10.6537249027823,10.8788037440359,3760800,"WU",-0.0232398837693027,1.16015780643727,"Financial_Serv"
"WU","2023-01-17",10.5786981582642,10.7362532615747,10.5411849021415,10.7137448785976,4348900,"WU",-0.0132960696471211,1.14473226744123,"Financial_Serv"
"WU","2023-01-18",10.4211435317993,10.6387195686595,10.4061379424613,10.5862007214823,5543400,"WU",-0.0148935742477689,1.12768311242228,"Financial_Serv"
"WU","2023-01-19",10.4586582183838,10.5411875456515,10.3686268104149,10.3836324028294,3470200,"WU",0.00359986276649962,1.1317426168711,"Financial_Serv"
"WU","2023-01-20",10.6462230682373,10.6462230682373,10.4061393308441,10.4811658565325,3438300,"WU",0.0179339305231164,1.15203921033211,"Financial_Serv"
"WU","2023-01-23",10.721248626709,10.7512590911757,10.6012067688419,10.6312172333087,2780700,"WU",0.00704715259024736,1.16015780643727,"Financial_Serv"
"WU","2023-01-24",10.6087112426758,10.7362559157201,10.3461191004067,10.5561923849183,1784500,"WU",-0.0104966676878333,1.14798001547765,"Financial_Serv"
"WU","2023-01-25",10.6387195587158,10.6762321010141,10.4961693221614,10.5411853746275,3228600,"WU",0.00282864858450707,1.15122724752348,"Financial_Serv"
"WU","2023-01-26",10.6987419128418,10.7287523799891,10.5636944529261,10.7062447085051,2285400,"WU",0.00564187765216567,1.15772233080384,"Financial_Serv"
"WU","2023-01-27",10.6387195587158,10.7212481534802,10.5711958377696,10.6837348956761,3038400,"WU",-0.00561022544659491,1.15122724752348,"Financial_Serv"
"WU","2023-01-30",10.6012077331543,10.6987419304197,10.5561916746064,10.5787000616334,3454200,"WU",-0.00352597183848048,1.14716805266902,"Financial_Serv"
"WU","2023-01-31",10.6312189102173,10.6537265832411,10.4136428296376,10.6012084410168,5070400,"WU",0.00283092057229773,1.1504155943092,"Financial_Serv"
"WU","2023-02-01",10.6312189102173,10.7062454409714,10.4811665642151,10.6012084410168,5081200,"WU",0,1.1504155943092,"Financial_Serv"
"WU","2023-02-02",10.8037776947021,10.9988460799677,10.6837358316175,10.7212490927079,7104900,"WU",0.016231326430408,1.16908836535107,"Financial_Serv"
"WU","2023-02-03",10.7137451171875,10.8037765045833,10.5111746744233,10.6387193187772,4518800,"WU",-0.00833343484647946,1.15934584362864,"Financial_Serv"
"WU","2023-02-06",10.5336847305298,10.6912398730689,10.3761295879906,10.6312189345308,5639600,"WU",-0.0168064840714619,1.13986131617438,"Financial_Serv"
"WU","2023-02-07",10.3911352157593,10.5486903588349,10.3086058883588,10.5336847663962,8413800,"WU",-0.0135327303234505,1.12443588037646,"Financial_Serv"
"WU","2023-02-08",10.4661617279053,10.8112825063938,10.3311149645009,10.6987434176392,9966300,"WU",0.00722024211870617,1.13255457967973,"Financial_Serv"
"WU","2023-02-09",10.6912384033203,10.8863067845058,10.5862014175652,10.6012070078899,9062400,"WU",0.0215051784280126,1.15691036799521,"Financial_Serv"
"WU","2023-02-10",10.5411882400513,10.7587643358521,10.4061407614487,10.5937063859496,7462800,"WU",-0.0140348720708017,1.14067327898301,"Financial_Serv"
"WU","2023-02-13",10.8337888717651,10.8788049311304,10.5336841943501,10.5711974579035,8198500,"WU",0.0277578414359522,1.17233590699125,"Financial_Serv"
"WU","2023-02-14",10.5786981582642,10.7962741851686,10.4886660573674,10.7962741851686,4914200,"WU",-0.0235458449966466,1.14473226744123,"Financial_Serv"
"WU","2023-02-15",10.6462230682373,10.6537258639073,10.3536211921658,10.5111763237066,5624700,"WU",0.0063831020568815,1.15203921033211,"Financial_Serv"
"WU","2023-02-16",10.5786981582642,10.6837344168006,10.5186772346702,10.5636925696128,5141200,"WU",-0.00634261648852757,1.14473226744123,"Financial_Serv"
"WU","2023-02-17",10.3761291503906,10.6012080181693,10.3686263545133,10.5411870821624,7700600,"WU",-0.0191487652679916,1.1228120579573,"Financial_Serv"
"WU","2023-02-21",10.1060352325439,10.3161085146831,10.0085010298171,10.2785952497103,7535400,"WU",-0.026030315730651,1.09358490558249,"Financial_Serv"
"WU","2023-02-22",10.0910291671753,10.1585528978588,9.99349496902194,10.0910291671753,6445500,"WU",-0.00148486177055163,1.09196108316334,"Financial_Serv"
"WU","2023-02-23",9.95598316192627,10.166056449842,9.85844895651748,10.1510508572378,5815700,"WU",-0.0133827782094129,1.07734761017406,"Financial_Serv"
"WU","2023-02-24",9.82093524932861,9.88095618603678,9.70089337591228,9.85844851364772,6598700,"WU",-0.0135644978904853,1.06273393078853,"Financial_Serv"
"WU","2023-02-27",9.80593109130859,9.96348625208315,9.79842900975255,9.91847090072248,9742500,"WU",-0.00152777282805579,1.06111031476562,"Financial_Serv"
"WU","2023-02-28",9.72340106964111,9.93347434858075,9.70839547767814,9.79842759844398,61247400,"WU",-0.00841633710241247,1.0521796526537,"Financial_Serv"
"WU","2023-03-01",9.64837551116943,9.78342299039384,9.61086295850139,9.71589925078164,7051700,"WU",-0.00771597900100287,1.04406105654855,"Financial_Serv"
"WU","2023-03-02",9.64837551116943,9.6933915760796,9.53583642215314,9.60336016176535,7364300,"WU",0,1.04406105654855,"Financial_Serv"
"WU","2023-03-03",9.6258659362793,9.70089245781698,9.59585547076541,9.69338966256202,5506800,"WU",-0.00233299117183805,1.04162527132076,"Financial_Serv"
"WU","2023-03-06",9.31075572967529,9.66337923757163,9.28074526403556,9.66337923757163,9525300,"WU",-0.032735777611069,1.00752685808473,"Financial_Serv"
"WU","2023-03-07",9.00315093994141,9.33326615958322,8.99564814243665,9.26574312855882,12082700,"WU",-0.0330375748934629,0.974240614053582,"Financial_Serv"
"WU","2023-03-08",8.84559345245361,9.01815417232392,8.8080801902639,8.98814299016738,13308000,"WU",-0.0175002605797497,0.957191149440269,"Financial_Serv"
"WU","2023-03-09",8.51547718048096,8.86809993759083,8.50797438594521,8.85309506402519,14537900,"WU",-0.0373198557843609,0.921468913785092,"Financial_Serv"
"WU","2023-03-10",8.33541488647461,8.47796514110672,8.24538348563084,8.47796514110672,16162300,"WU",-0.0211452969915865,0.901984179934591,"Financial_Serv"
"WU","2023-03-13",7.93027353286743,8.28289706982782,7.83273933262281,8.1403475251663,19041600,"WU",-0.0486048216105688,0.858143399773315,"Financial_Serv"
"WU","2023-03-14",7.75771331787109,8.10283404993035,7.67518399608141,8.06532078689013,13436700,"WU",-0.0217596800767531,0.839470473934271,"Financial_Serv"
"WU","2023-03-15",8.08032608032227,8.20787002514588,7.5551418481389,7.63016837145251,23180900,"WU",0.0415860639897563,0.874380746780812,"Financial_Serv"
"WU","2023-03-16",8.22222137451172,8.3219312339352,7.8310520948042,7.86173199528323,16057800,"WU",0.0175605901022987,0.889735388668372,"Financial_Serv"
"WU","2023-03-17",8.25290012359619,8.27590986287865,8.08416032876982,8.22222022739743,39088000,"WU",0.00373119959766281,0.893055168992598,"Financial_Serv"
"WU","2023-03-20",8.48300075531006,8.59038003949383,8.27591088187019,8.40630063963607,10341000,"WU",0.0278811845857649,0.917954605004552,"Financial_Serv"
"WU","2023-03-21",8.50600910186768,8.68241831492175,8.43697915537994,8.52134868360584,13299100,"WU",0.00271228863715647,0.920444362849131,"Financial_Serv"
"WU","2023-03-22",8.29125022888184,8.61338877526254,8.27590991495272,8.58270887887074,7793200,"WU",-0.0252479006798482,0.89720507499459,"Financial_Serv"
"WU","2023-03-23",8.30659008026123,8.46765972439925,8.25290044270404,8.28358034008907,8821600,"WU",0.00185012524721055,0.898865016755763,"Financial_Serv"
"WU","2023-03-24",8.32959938049316,8.35260985091644,8.13018042375631,8.1992096406269,6438700,"WU",0.00277000550281277,0.901354877798463,"Financial_Serv"
"WU","2023-03-27",8.32959938049316,8.49066901612405,8.31425979834406,8.44464953821032,6454100,"WU",0,0.901354877798463,"Financial_Serv"
"WU","2023-03-28",8.43698024749756,8.48300046160189,8.28358075292726,8.32193080943646,4989000,"WU",0.0128914803821018,0.912974676522913,"Financial_Serv"
"WU","2023-03-29",8.4753303527832,8.52134983568589,8.42163998077474,8.51368040951311,5697200,"WU",0.00454547766625616,0.917124582524906,"Financial_Serv"
"WU","2023-03-30",8.46766090393066,8.62106041222412,8.40630110061328,8.59038051056543,11574600,"WU",-0.000904914443838818,0.916294663243379,"Financial_Serv"
"WU","2023-03-31",8.55202960968018,8.61338940696388,8.49066981239648,8.61338940696388,9055100,"WU",0.00996363773971487,0.92542429133077,"Financial_Serv"
"WU","2023-04-03",8.48300075531006,8.65173983944642,8.43698053961236,8.58270988163313,10090800,"WU",-0.00807163416412665,0.917954605004552,"Financial_Serv"
"WU","2023-04-04",8.33726978302002,8.59037911340451,8.2375599359797,8.55969921673568,9059900,"WU",-0.0171791770970687,0.902184900278109,"Financial_Serv"
"WU","2023-04-05",8.33726978302002,8.41396989042532,8.13785008893938,8.2375599359797,9525600,"WU",0,0.902184900278109,"Financial_Serv"
"WU","2023-04-06",8.45998954772949,8.57503971125859,8.40629991029578,8.40629991029578,6704800,"WU",0.0147194186950035,0.915464537565613,"Financial_Serv"
"WU","2023-04-10",8.49067115783691,8.59805118583218,8.39863144732666,8.467661413076,3648900,"WU",0.00362667234212556,0.918784627484199,"Financial_Serv"
"WU","2023-04-11",8.66707992553711,8.70542998235804,8.52902001356837,8.54436032888334,4043700,"WU",0.020776775406897,0.937874009336748,"Financial_Serv"
"WU","2023-04-12",8.52134990692139,8.77445925940157,8.52134990692139,8.67475013512338,5079200,"WU",-0.0168142003844151,0.922104407808425,"Financial_Serv"
"WU","2023-04-13",8.58270931243896,8.62872952508466,8.50600993331809,8.53668983125973,4345000,"WU",0.00720066728720288,0.928744174853116,"Financial_Serv"
"WU","2023-04-14",8.50600910186768,8.68241831492175,8.43697915537994,8.62872868163858,4882800,"WU",-0.00893659656632283,0.920444362849132,"Financial_Serv"
"WU","2023-04-17",8.59805202484131,8.63640209082948,8.44465249235529,8.46766223936153,5799600,"WU",0.0108209292832079,0.930404426208649,"Financial_Serv"
"WU","2023-04-18",8.46766090393066,8.67475078872674,8.39863094233197,8.59038051056543,4982800,"WU",-0.0151651932942394,0.916294663243379,"Financial_Serv"
"WU","2023-04-19",8.35261058807373,8.45998986699344,8.2989202171474,8.45998986699344,5920600,"WU",-0.01358702446428,0.903844945237402,"Financial_Serv"
"WU","2023-04-20",8.36795139312744,8.40630145468273,8.2759116842747,8.32193190443436,6330000,"WU",0.00183664794281387,0.905504990196695,"Financial_Serv"
"WU","2023-04-21",8.32959938049316,8.39095917202242,8.25290000681481,8.37561958987331,7772500,"WU",-0.00458320212827427,0.901354877798463,"Financial_Serv"
"WU","2023-04-24",8.34494018554688,8.39862982343018,8.29125054766357,8.34494018554688,3226200,"WU",0.00184172183474239,0.903014922757756,"Financial_Serv"
"WU","2023-04-25",8.22222137451172,8.32960066045506,8.20688105853894,8.3219312339352,3641800,"WU",-0.0147057747936529,0.889735388668373,"Financial_Serv"
"WU","2023-04-26",8.16852855682373,8.30658843341819,8.11483892991091,8.22221891520286,4127000,"WU",-0.00653020822991121,0.883925231310847,"Financial_Serv"
"WU","2023-04-27",8.26823997497559,8.27591013214144,8.14552038618779,8.14552038618779,4783100,"WU",0.0122067784250518,0.894715110753771,"Financial_Serv"
"WU","2023-04-28",8.38329124450684,8.40630098757481,8.20688126374161,8.26057163952227,5278700,"WU",0.0139148440151061,0.907164931957868,"Financial_Serv"
"WU","2023-05-01",8.33726978302002,8.41396989042532,8.18387029967585,8.34493994005384,6018300,"WU",-0.00548966511416051,0.902184900278109,"Financial_Serv"
"WU","2023-05-02",8.13785076141357,8.3142607304369,7.9537713661891,8.28358083123282,9952900,"WU",-0.0239189838875778,0.880605554184741,"Financial_Serv"
"WU","2023-05-03",8.93552875518799,9.18863810317415,8.39096000284607,8.44465037435008,14371000,"WU",0.098020720354898,0.966923144954454,"Financial_Serv"
"WU","2023-05-04",9.21164894104004,9.31135879896702,8.85882972509324,8.89717978298308,9350600,"WU",0.0309013818227304,0.996802406249927,"Financial_Serv"
"WU","2023-05-05",9.3190279006958,9.39572801380324,9.15795824834337,9.30368831695421,9035600,"WU",0.0116568662508797,1.00842199857814,"Financial_Serv"
"WU","2023-05-08",9.39572811126709,9.48776780907087,9.2883480980961,9.35737805431556,7298600,"WU",0.00823049478857792,1.01672181058212,"Financial_Serv"
"WU","2023-05-09",9.39572811126709,9.45708790980294,9.34970789663195,9.36504821199916,7557200,"WU",0,1.01672181058212,"Financial_Serv"
"WU","2023-05-10",9.21164894104004,9.49543819907843,9.1502891410029,9.44941798331732,9918300,"WU",-0.0195917940629112,0.996802406249927,"Financial_Serv"
"WU","2023-05-11",9.17329788208008,9.29601746876212,9.10426793170482,9.16562772504584,5028300,"WU",-0.00416332181191774,0.992652397049814,"Financial_Serv"
"WU","2023-05-12",9.02756977081299,9.20397901754534,9.0198996127464,9.19630885947875,5252000,"WU",-0.0158861200345154,0.976883001917731,"Financial_Serv"
"WU","2023-05-15",9.38805866241455,9.49543868369311,9.02757000166489,9.06591933004543,8254200,"WU",0.0399319972875821,1.0158918913006,"Financial_Serv"
"WU","2023-05-16",9.20398044586182,9.48776975516656,9.19631028660494,9.38038971997018,5073900,"WU",-0.0196076977330466,0.99597259016652,"Financial_Serv"
"WU","2023-05-17",9.47242832183838,9.51844780547666,9.21931896742832,9.27300860882849,5834700,"WU",0.0291664978598753,1.02502162258611,"Financial_Serv"
"WU","2023-05-18",9.54912757873535,9.5721373202501,9.37271834134476,9.42640798203468,3892700,"WU",0.00809710607365009,1.03332133139197,"Financial_Serv"
"WU","2023-05-19",9.37271976470947,9.56446934654046,9.31135995704088,9.56446934654046,5483100,"WU",-0.0184737100401419,1.01423205273754,"Financial_Serv"
"WU","2023-05-22",9.4110689163208,9.50310861891369,9.3420389565095,9.40339875823809,6107500,"WU",0.00409157134471489,1.01838185554141,"Financial_Serv"
"WU","2023-05-23",9.28834819793701,9.4494178536916,9.28067877163746,9.42640811185994,3925900,"WU",-0.0130400403476979,1.00510211505579,"Financial_Serv"
"WU","2023-05-24",9.04290866851807,9.27300827277006,9.04290866851807,9.24232837430089,4869800,"WU",-0.0264244539705627,0.978542840480784,"Financial_Serv"
"WU","2023-05-25",8.92785930633545,9.06591848486104,8.84348903624408,9.00455868741267,4022300,"WU",-0.0127226057897886,0.966093225672927,"Financial_Serv"
"WU","2023-05-26",8.98154830932617,9.05057825942708,8.78212861602721,8.93552809877009,3707900,"WU",0.00601364796963405,0.971902970237973,"Financial_Serv"
"WU","2023-05-30",8.86650085449219,9.01223021268174,8.78213057159655,8.98155030930149,3654800,"WU",-0.0128093120330403,0.959453561826356,"Financial_Serv"
"WU","2023-05-31",8.73611068725586,8.83582055159994,8.65174040817502,8.79747049124198,7231500,"WU",-0.014705932969066,0.945343902059206,"Financial_Serv"
"WU","2023-06-01",8.85115909576416,8.9278592074584,8.70542976130487,8.78979929899536,3970800,"WU",0.0131692938227227,0.957793413668943,"Financial_Serv"
"WU","2023-06-02",9.05825138092041,9.10427087507083,8.89718168846058,8.943201182611,6104300,"WU",0.0233971938494877,0.980203091836318,"Financial_Serv"
"WU","2023-06-05",8.95853900909424,9.04290854587357,8.84348884279537,9.04290854587357,3956300,"WU",-0.0110079051279365,0.969413109195273,"Financial_Serv"
"WU","2023-06-06",9.07358932495117,9.10426922598319,8.91251966166644,8.92785997791572,3374900,"WU",0.0128425311024644,0.981862827201251,"Financial_Serv"
"WU","2023-06-07",9.33436679840088,9.37271684913082,9.08892764407548,9.12727696333904,7420900,"WU",0.0287402773159023,1.01008183714119,"Financial_Serv"
"WU","2023-06-08",9.03523921966553,9.3650487026758,9.03523921966553,9.3650487026758,4693300,"WU",-0.0320458350518855,0.977712921199258,"Financial_Serv"
"WU","2023-06-09",9.05057811737061,9.07358785655427,8.95086827228616,9.02756837818694,2659500,"WU",0.00169767477453087,0.979372759762311,"Financial_Serv"
"WU","2023-06-12",8.99688816070557,9.17329811973105,8.92785894000841,8.95853883747374,4460300,"WU",-0.00593221294471708,0.973562911999146,"Financial_Serv"
"WU","2023-06-13",9.05057811737061,9.20397759770575,8.99688775065349,9.03523780360388,6073300,"WU",0.00596761410234408,0.979372759762311,"Financial_Serv"
"WU","2023-06-14",9.05825138092041,9.28835031460588,8.99689083627539,9.05825138092041,7470400,"WU",0.000847820266318406,0.980203091836318,"Financial_Serv"
"WU","2023-06-15",9.10129070281982,9.10911658323708,8.89782228987329,9.0230333912813,4999300,"WU",0.00475139407039075,0.984860422994648,"Financial_Serv"
"WU","2023-06-16",9.03868579864502,9.11694236946413,8.96042848150882,9.08563959187307,19769400,"WU",-0.00687868415799619,0.978085879205157,"Financial_Serv"
"WU","2023-06-20",9.12476634979248,9.21084952997497,8.98390350681527,8.99955526550915,7388300,"WU",0.00952356936230322,0.987400747918057,"Financial_Serv"
"WU","2023-06-21",9.00738334655762,9.12476858018683,8.99173158403793,9.08563992020472,4925400,"WU",-0.012864220160282,0.974698607310412,"Financial_Serv"
"WU","2023-06-22",8.92912292480469,8.99955433904267,8.83521462125966,8.97607744973563,3872200,"WU",-0.00868847463706968,0.966229963182008,"Financial_Serv"
"WU","2023-06-23",8.88216972351074,8.92129762612675,8.81173830469488,8.89782073529377,5301900,"WU",-0.00525843374420476,0.96114910693895,"Financial_Serv"
"WU","2023-06-26",8.82739067077637,8.92912487508324,8.78826201584033,8.8665193257124,4449800,"WU",-0.00616730533637261,0.955221406922676,"Financial_Serv"
"WU","2023-06-27",9.02303409576416,9.03868585782071,8.81956641324871,8.85086919104471,3670200,"WU",0.022163222665049,0.976392191658724,"Financial_Serv"
"WU","2023-06-28",8.99172973632812,8.99955561597983,8.85869276751698,8.99955561597983,3540200,"WU",-0.00346938281555767,0.973004713367739,"Financial_Serv"
"WU","2023-06-29",9.09346580505371,9.1169427025254,9.02303436632154,9.06998890758202,2644300,"WU",0.0113144046483687,0.984013682419551,"Financial_Serv"
"WU","2023-06-30",9.17954635620117,9.18737223584106,9.09346391911333,9.1482435839586,2920100,"WU",0.00946619836626223,0.993328551132451,"Financial_Serv"
"WU","2023-07-03",9.17172241210938,9.28128175600568,9.15607065080016,9.17954754644693,1956300,"WU",-0.000852323610361363,0.992481913755475,"Financial_Serv"
"WU","2023-07-05",9.14041805267334,9.17954595653526,9.07781251091395,9.13259217337419,3777700,"WU",-0.00341313856105198,0.989094435464489,"Financial_Serv"
"WU","2023-07-06",8.85869121551514,9.06998545119164,8.82738844870938,9.06998545119164,5282200,"WU",-0.0308220953937446,0.958608472421181,"Financial_Serv"
"WU","2023-07-07",9.03085803985596,9.06998669028792,8.82738965466327,8.85086729271261,5608100,"WU",0.0194347923584115,0.977238829035701,"Financial_Serv"
"WU","2023-07-10",9.10911655426025,9.14041932951268,8.96825369246582,9.00738234811061,3754100,"WU",0.00866567872719491,0.985707266767864,"Financial_Serv"
"WU","2023-07-11",9.24997901916504,9.29693355697595,9.13259379411335,9.14824480917228,2709500,"WU",0.0154638997169166,1.0009501450914,"Financial_Serv"
"WU","2023-07-12",9.30475902557373,9.39084147037807,9.28128138454953,9.35171281498809,2610800,"WU",0.00592217628766429,1.00687794830579,"Financial_Serv"
"WU","2023-07-13",9.57865810394287,9.62561263959226,9.32823590399154,9.33606178431927,5220400,"WU",0.0294364504890821,1.03651686117964,"Financial_Serv"
"WU","2023-07-14",9.46127128601074,9.57083060682318,9.33606020718687,9.57083060682318,3239500,"WU",-0.0122550378830004,1.02381430777952,"Financial_Serv"
"WU","2023-07-17",9.42997074127197,9.50040217630766,9.40649384503243,9.40649384503243,2129300,"WU",-0.00330828107476951,1.02042724228101,"Financial_Serv"
"WU","2023-07-18",9.50822639465332,9.57083194280429,9.41431807242687,9.43779571272123,2393100,"WU",0.00829861041231524,1.02889537041882,"Financial_Serv"
"WU","2023-07-19",9.64908885955811,9.69604339192426,9.52387776833767,9.57083155438684,5416300,"WU",0.0148147992126055,1.04413824874235,"Financial_Serv"
"WU","2023-07-20",9.59430885314941,9.6960430477339,9.56300608145549,9.62561162484334,3843600,"WU",-0.00567722063772145,1.03821044552796,"Financial_Serv"
"WU","2023-07-21",9.53952884674072,9.62561203228049,9.49257506037083,9.62561203228049,3273600,"WU",-0.00570963549820573,1.03228264231356,"Financial_Serv"
"WU","2023-07-24",9.87603282928467,9.90733559790693,9.55517926432726,9.56300514306205,4839800,"WU",0.0352746962612221,1.06869609897691,"Financial_Serv"
"WU","2023-07-25",9.76647472381592,9.88386068941921,9.71952093462822,9.86820892881196,4475400,"WU",-0.0110933314380938,1.05684069894436,"Financial_Serv"
"WU","2023-07-26",9.73517227172852,9.87603513659655,9.6334388096761,9.72734713748244,4892500,"WU",-0.00320509221316778,1.05345342704961,"Financial_Serv"
"WU","2023-07-27",9.65691566467285,10.4394858061041,9.55518145672874,10.0951545259368,12234400,"WU",-0.00803854363039118,1.04498519571369,"Financial_Serv"
"WU","2023-07-28",9.39084339141846,9.78995441466986,9.36736649190872,9.77430265078525,8510400,"WU",-0.0275525108112672,1.01619322981117,"Financial_Serv"
"WU","2023-07-31",9.53170394897461,9.5943094965609,9.39084109374697,9.39084109374697,5658300,"WU",0.0149997770897632,1.03143590173847,"Financial_Serv"
"WU","2023-08-01",9.50040054321289,9.53170331492377,9.35171181784852,9.49257466370593,3258500,"WU",-0.00328413533711213,1.0280485266456,"Financial_Serv"
"WU","2023-08-02",9.38301658630371,9.39866834864838,9.23432857561487,9.39866834864838,3771100,"WU",-0.0123556850445678,1.01534628283984,"Financial_Serv"
"WU","2023-08-03",9.30475902557373,9.38301559003667,9.20302482008659,9.33606180062231,3651700,"WU",-0.0083403412975111,1.00687794830579,"Financial_Serv"
"WU","2023-08-04",9.34388732910156,9.40649362815869,9.28910765703327,9.32823631407507,3113800,"WU",0.00420519257084354,1.01111206397375,"Financial_Serv"
"WU","2023-08-07",9.34388732910156,9.42997052385695,9.28128177636149,9.39084186681514,4180700,"WU",0,1.01111206397375,"Financial_Serv"
"WU","2023-08-08",9.17172241210938,9.2499789797043,9.15607065080016,9.22650208405753,5141600,"WU",-0.0184254059288557,0.992481913755475,"Financial_Serv"
"WU","2023-08-09",9.24215412139893,9.28128203320648,9.171722686038,9.19519958238595,3847200,"WU",0.00767922382785595,1.0001034045163,"Financial_Serv"
"WU","2023-08-10",9.41431999206543,9.6334402015908,9.26563197146771,9.28128298853829,6222400,"WU",0.0186283271632398,1.0187336579327,"Financial_Serv"
"WU","2023-08-11",9.2969331741333,9.38301561920524,9.27345627935314,9.32823594927919,2717100,"WU",-0.0124689640920496,1.00603110453258,"Financial_Serv"
"WU","2023-08-14",9.07781505584717,9.26563173377906,9.03868639469874,9.26563173377906,3743700,"WU",-0.0235688602017471,0.982320098071239,"Financial_Serv"
"WU","2023-08-15",9.09346580505371,9.1404203463142,9.00738335011279,9.02303436632154,4514700,"WU",0.00172406566010199,0.984013682419551,"Financial_Serv"
"WU","2023-08-16",9.12476634979248,9.21084952997497,9.05433492830387,9.09346357872165,3388300,"WU",0.00344209187231717,0.987400747918057,"Financial_Serv"
"WU","2023-08-17",9.13259410858154,9.21867656016244,9.07781443451344,9.14824512417939,2741900,"WU",0.000857858545522157,0.988247798087513,"Financial_Serv"
"WU","2023-08-18",9.21085071563721,9.23432761038315,9.04651095978155,9.05433609381884,4910300,"WU",0.00856893519248046,0.996716029423437,"Financial_Serv"
"WU","2023-08-21",9.14824485778809,9.24215393390896,9.08563930458555,9.18737351511894,2089100,"WU",-0.00679696803063321,0.989941382435826,"Financial_Serv"
"WU","2023-08-22",9.24997901916504,9.25780489985303,9.15607068986028,9.1873734662952,2258900,"WU",0.0111206207265369,1.0009501450914,"Financial_Serv"
"WU","2023-08-23",9.32823657989502,9.32823657989502,9.24215412900366,9.26563102537092,1934000,"WU",0.00846029602530325,1.00941847962544,"Financial_Serv"
"WU","2023-08-24",9.32823657989502,9.44562180804843,9.26563102537092,9.32041069900024,4216000,"WU",0,1.00941847962544,"Financial_Serv"
"WU","2023-08-25",9.33606147766113,9.42214391948763,9.28910694355404,9.38301526545122,2002900,"WU",0.000838839977855851,1.01026522020054,"Financial_Serv"
"WU","2023-08-28",9.52387809753418,9.53952911131923,9.37518936183269,9.37518936183269,2189900,"WU",0.0201173289531614,1.03058905796525,"Financial_Serv"
"WU","2023-08-29",9.57083129882812,9.64126272233822,9.51605163446114,9.55518028600197,3620200,"WU",0.00493005063831108,1.03566991420831,"Financial_Serv"
"WU","2023-08-30",9.60995960235596,9.62561136093226,9.5473540606846,9.57865683152028,2328600,"WU",0.00408828682756356,1.03990402987627,"Financial_Serv"
"WU","2023-08-31",9.66474151611328,9.68821841131678,9.58648420367888,9.64126387459274,2637700,"WU",0.00570053528049109,1.0458320394869,"Financial_Serv"
"WU","2023-09-01",9.77429962158203,9.82908003188371,9.71169407808035,9.71169407808035,2415900,"WU",0.011335854692657,1.05768743951945,"Financial_Serv"
"WU","2023-09-05",9.79777908325195,9.83690699548351,9.60213653682584,9.70387000420838,6697000,"WU",0.00240216307857786,1.06022817723534,"Financial_Serv"
"WU","2023-09-06",9.89951229095459,9.96211784446334,9.74299840718272,9.75865016871844,6677300,"WU",0.010383292666451,1.07123683669279,"Financial_Serv"
"WU","2023-09-07",9.90733623504639,9.99341941403126,9.8290796816165,9.86820758517298,8927100,"WU",0.000790336317774542,1.07208347406977,"Financial_Serv"
"WU","2023-09-08",10.0012464523315,10.0638520055295,9.91516400326366,9.93081501840461,6357700,"WU",0.00947885638048264,1.08224559934837,"Financial_Serv"
"WU","2023-09-11",10.0716762542725,10.1734104483136,10.009070711219,10.0403734827457,5808600,"WU",0.00704210242959256,1.08986688371295,"Financial_Serv"
"WU","2023-09-12",10.2125406265259,10.3142748357808,10.0638518798006,10.0716777604318,5497000,"WU",0.0139861894581513,1.10510996843273,"Financial_Serv"
"WU","2023-09-13",9.92298984527588,10.2438434907426,9.91516396457741,10.2281917293457,4879800,"WU",-0.0283524728898435,1.07377736801244,"Financial_Serv"
"WU","2023-09-14",10.1422595977783,10.1661798079411,9.98279026267688,10.0067104728397,3262700,"WU",0.0220971457112627,1.09750478297487,"Financial_Serv"
"WU","2023-09-15",10.0704975128174,10.2299668369281,10.0465773043032,10.1023913776395,7110300,"WU",-0.00707555197824527,1.08973933083656,"Financial_Serv"
"WU","2023-09-18",10.1183395385742,10.1422605113013,9.99076405900223,10.0625254563639,2628100,"WU",0.00475071124300902,1.09491636772751,"Financial_Serv"
"WU","2023-09-19",10.1661806106567,10.2698358767597,10.1183394261439,10.1422603986052,3303500,"WU",0.00472815444669895,1.10009330142035,"Financial_Serv"
"WU","2023-09-20",10.3336229324341,10.381464113783,10.1901001487971,10.2219940162265,4542100,"WU",0.0164705240040514,1.11821241454809,"Financial_Serv"
"WU","2023-09-21",10.3097019195557,10.3814633057889,10.2538870855911,10.2778080546086,4091600,"WU",-0.00231487185422038,1.11562389610261,"Financial_Serv"
"WU","2023-09-22",10.405385017395,10.4691727565028,10.3415972782872,10.3575438328592,5224700,"WU",0.00928087917438832,1.1259778666864,"Financial_Serv"
"WU","2023-09-25",10.4930925369263,10.5170127480053,10.3256495385536,10.3575434067956,3907500,"WU",0.00842905086016774,1.13546879139212,"Financial_Serv"
"WU","2023-09-26",10.3415966033936,10.5249861512581,10.3415966033936,10.4611984163131,5244100,"WU",-0.0144376820274466,1.11907525402991,"Financial_Serv"
"WU","2023-09-27",10.421332359314,10.4771472055576,10.2937568714598,10.3495709572935,4531100,"WU",0.00771019785225863,1.12770354565005,"Financial_Serv"
"WU","2023-09-28",10.7243232727051,10.7960846663581,10.4133582474219,10.4133582474219,7658300,"WU",0.0290741052050142,1.16049051717635,"Financial_Serv"
"WU","2023-09-29",10.5090389251709,10.788110057593,10.4930916122503,10.7562161921617,5286400,"WU",-0.0200743992939964,1.13719436715765,"Financial_Serv"
"WU","2023-10-02",10.4691734313965,10.5728287042313,10.3176769709418,10.4851199869965,4716200,"WU",-0.00379344810294018,1.13288047934289,"Financial_Serv"
"WU","2023-10-03",10.3336229324341,10.5648536613993,10.2538878836558,10.4133579812123,4150800,"WU",-0.0129475836703492,1.11821241454809,"Financial_Serv"
"WU","2023-10-04",10.5170125961304,10.5249862531782,10.3176757323944,10.3894371250049,4729900,"WU",0.0177468894399741,1.13805720663948,"Financial_Serv"
"WU","2023-10-05",10.4532251358032,10.5887742675455,10.4213312671821,10.4851190044244,2708700,"WU",-0.00606516914799725,1.13115469718111,"Financial_Serv"
"WU","2023-10-06",10.5170125961304,10.6366151706178,10.4372783068818,10.4532248605676,3520600,"WU",0.00610217990126997,1.13805720663948,"Financial_Serv"
"WU","2023-10-09",10.4930925369263,10.604721455978,10.4213311432795,10.4930925369263,2978800,"WU",-0.00227441576069831,1.13546879139212,"Financial_Serv"
"WU","2023-10-10",10.4293031692505,10.5648522781807,10.3814627545749,10.4930908957577,4068800,"WU",-0.00607917708257122,1.12856607553752,"Financial_Serv"
"WU","2023-10-11",10.4611988067627,10.580801384556,10.4053847267051,10.4452522526361,3503900,"WU",0.00305827119938822,1.13201753666294,"Financial_Serv"
"WU","2023-10-12",10.4372777938843,10.604720781609,10.3974102710146,10.5887734682972,7105800,"WU",-0.00228664164789165,1.12942901821746,"Financial_Serv"
"WU","2023-10-13",10.4851179122925,10.5887731646169,10.4133572856769,10.4372774945487,4647500,"WU",0.00458358197922403,1.13460584871218,"Financial_Serv"
"WU","2023-10-16",10.5329618453979,10.6525636814495,10.5170145283724,10.5249881868852,3160400,"WU",0.00456303243374858,1.13978309199937,"Financial_Serv"
"WU","2023-10-17",10.6605358123779,10.6924296814488,10.5409339934645,10.5489068904249,3423100,"WU",0.0121118797212505,1.15358800771798,"Financial_Serv"
"WU","2023-10-18",10.5648536682129,10.6764825844925,10.5249861437981,10.5967475356628,3442600,"WU",-0.00897535976136797,1.14323414033231,"Financial_Serv"
"WU","2023-10-19",10.5568809509277,10.7243239600465,10.5249870806389,10.5409343959882,4031100,"WU",-0.00075464531128758,1.14237140404861,"Financial_Serv"
"WU","2023-10-20",10.5409336090088,10.620667898573,10.4851187698631,10.5329599519294,3287100,"WU",-0.00151061113534143,1.14064572508496,"Financial_Serv"
"WU","2023-10-23",10.5648536682129,10.6605352705626,10.4532247519333,10.4851186193832,4366900,"WU",0.00226925432711751,1.14323414033231,"Financial_Serv"
"WU","2023-10-24",10.588773727417,10.7641903760902,10.5329596502795,10.61269469797,6152900,"WU",0.00226411647101855,1.14582255557967,"Financial_Serv"
"WU","2023-10-25",10.3097019195557,10.540932630524,10.15820549075,10.4691712442908,5835400,"WU",-0.0263554416257608,1.11562389610261,"Financial_Serv"
"WU","2023-10-26",9.30504512786865,10.1582066858853,9.06584073241816,10.1582066858853,13530000,"WU",-0.0974477050380435,1.00690890774181,"Financial_Serv"
"WU","2023-10-27",9.05786609649658,9.48843365762349,8.92231697906684,9.35288454019375,9109100,"WU",-0.02656397985989,0.980161399795813,"Financial_Serv"
"WU","2023-10-30",8.74690055847168,9.23328216355644,8.70703303927235,9.16949443700138,10310700,"WU",-0.0343309930520146,0.94651148558957,"Financial_Serv"
"WU","2023-10-31",9.00205230712891,9.0658400396534,8.75487427328918,8.76284792995718,5179800,"WU",0.0291705326877305,0.974121729819273,"Financial_Serv"
"WU","2023-11-01",9.08976173400879,9.18544410883446,8.98610722203242,9.03394764903538,3825300,"WU",0.00974327007747155,0.983612860921236,"Financial_Serv"
"WU","2023-11-02",9.30504512786865,9.30504512786865,9.08178804697277,9.21733717904772,3760300,"WU",0.023684162485183,1.00690890774181,"Financial_Serv"
"WU","2023-11-03",9.36085891723633,9.52830191280981,9.36085891723633,9.40870009900438,7287100,"WU",0.00599822876737193,1.01294857771835,"Financial_Serv"
"WU","2023-11-06",9.31301784515381,9.44059330707486,9.31301784515381,9.3927521286496,5234700,"WU",-0.00511075666298408,1.00777164402552,"Financial_Serv"
"WU","2023-11-07",9.3449125289917,9.40870026553828,9.29707134637686,9.32896521465015,5137900,"WU",0.00342474205120176,1.01122300195282,"Financial_Serv"
"WU","2023-11-08",9.36085891723633,9.45654052036264,9.31301849587807,9.31301849587807,5288200,"WU",0.00170642455936926,1.01294857771835,"Financial_Serv"
"WU","2023-11-09",9.32099056243896,9.40869926113473,9.31301766652912,9.36883173994663,4451600,"WU",-0.00425904878493072,1.00863438030922,"Financial_Serv"
"WU","2023-11-10",9.3688325881958,9.3927527989105,9.27315098492723,9.32896506339812,2375000,"WU",0.00513271904271915,1.01381141720018,"Financial_Serv"
"WU","2023-11-13",9.43262100219727,9.47248852986263,9.33693939204631,9.36085960448159,4062000,"WU",0.00680857656500711,1.02071402985666,"Financial_Serv"
"WU","2023-11-14",9.53627395629883,9.63992919891627,9.49640643830602,9.59208802524297,3152900,"WU",0.0109887754503671,1.0319304271298,"Financial_Serv"
"WU","2023-11-15",9.71169185638428,9.75953227593931,9.51235500061553,9.53627521039305,3321500,"WU",0.0183948050244072,1.0509125861356,"Financial_Serv"
"WU","2023-11-16",9.56817054748535,9.75156011798208,9.50438280466824,9.68777237516497,3570100,"WU",-0.0147781983841031,1.03538199145334,"Financial_Serv"
"WU","2023-11-17",9.58411693572998,9.67979854069445,9.55222230699869,9.592089832503,3353400,"WU",0.00166660786045665,1.03710756721887,"Financial_Serv"
"WU","2023-11-20",9.55222225189209,9.59208977716641,9.45654064747961,9.57614322330256,4211300,"WU",-0.00332786881167799,1.03365620929157,"Financial_Serv"
"WU","2023-11-21",9.49640846252441,9.60803738461675,9.48046190817398,9.52032867425498,3954600,"WU",-0.00584301620040512,1.02761653931503,"Financial_Serv"
"WU","2023-11-22",9.52032852172852,9.55222239032823,9.43262057318175,9.4884346531288,3013800,"WU",0.00251885323788431,1.03020495456238,"Financial_Serv"
"WU","2023-11-24",9.61600971221924,9.65587647278715,9.4645132845862,9.54424832654145,1424500,"WU",0.0100501984014886,1.04055871874993,"Financial_Serv"
"WU","2023-11-27",9.6319580078125,9.67182553600641,9.54425005411377,9.59209047961859,3339100,"WU",0.00165851492152675,1.0422845009117,"Financial_Serv"
"WU","2023-11-28",9.66384983062744,9.71966390202665,9.58411555154424,9.63195596691222,2730000,"WU",0.00331104255116913,1.04573554924465,"Financial_Serv"
"WU","2023-11-29",9.33693790435791,9.72763794032511,9.31301769573393,9.72763794032511,6570800,"WU",-0.0338283326002703,1.01036005927287,"Financial_Serv"
"WU","2023-11-30",9.27315044403076,9.40072590761413,9.21733636881547,9.33693817582245,6746800,"WU",-0.00683173230673156,1.00345754981451,"Financial_Serv"
"WU","2023-12-01",9.29706954956055,9.32098975604008,9.20936161886249,9.29706954956055,6200500,"WU",0.0025793936671417,1.00604586186374,"Financial_Serv"
"WU","2023-12-04",9.28112411499023,9.45653999748434,9.25720314522397,9.28112411499023,4961900,"WU",-0.00171510328983892,1.00432038929633,"Financial_Serv"
"WU","2023-12-05",9.20936393737793,9.3768069457088,9.19341662210364,9.28112533529256,4588700,"WU",-0.00773184117820411,0.996555143554262,"Financial_Serv"
"WU","2023-12-06",9.41667461395264,9.51235622579614,9.24125794536794,9.24923160312403,4672900,"WU",0.0225108572084222,1.01898845409113,"Financial_Serv"
"WU","2023-12-07",9.43262100219727,9.5522228247835,9.35288594686655,9.40072713214695,5716400,"WU",0.00169342033131327,1.02071402985666,"Financial_Serv"
"WU","2023-12-08",9.52032852172852,9.56019604758062,9.39275304732964,9.43262057318175,4161300,"WU",0.00929831904735907,1.03020495456238,"Financial_Serv"
"WU","2023-12-11",9.45654010772705,9.53627515372463,9.45654010772705,9.49640763072584,2938000,"WU",-0.00670023244007586,1.0233023419059,"Financial_Serv"
"WU","2023-12-12",9.472487449646,9.52032786906096,9.35288488028907,9.44856723993851,5296600,"WU",0.00168638230655994,1.02502802086955,"Financial_Serv"
"WU","2023-12-13",9.59209060668945,9.66385200630718,9.44059491003747,9.45654146528038,8702900,"WU",0.0126263727114177,1.0379704067007,"Financial_Serv"
"WU","2023-12-14",9.65587711334229,9.88710783786033,9.62398324652634,9.70371829377109,5224600,"WU",0.00664990660204437,1.04487281296094,"Financial_Serv"
"WU","2023-12-15",9.53627395629883,9.64790285459677,9.52032664493784,9.58411512997213,8479900,"WU",-0.0123865657815997,1.0319304271298,"Financial_Serv"
"WU","2023-12-18",9.7037181854248,9.71966473844984,9.52830153969082,9.5920892726105,5950000,"WU",0.0175586638862632,1.05004974665378,"Financial_Serv"
"WU","2023-12-19",9.85413074493408,9.87852194079238,9.60208657850668,9.70778201902002,4787300,"WU",0.0155005078089758,1.0663260509516,"Financial_Serv"
"WU","2023-12-20",9.69965267181396,9.886653142669,9.69152201428579,9.81347877567975,4161400,"WU",-0.0156764789425524,1.04960981306796,"Financial_Serv"
"WU","2023-12-21",9.65900039672852,9.79721847657273,9.61834788347159,9.77282727877146,5123000,"WU",-0.00419110626544184,1.04521078680414,"Financial_Serv"
"WU","2023-12-22",9.62647914886475,9.73217537985187,9.61834849062368,9.65900100644676,3639600,"WU",-0.00336693721172063,1.04169162771196,"Financial_Serv"
"WU","2023-12-26",9.55330371856689,9.6346087412182,9.54517306122533,9.61021676919351,3517900,"WU",-0.00760147393104582,1.03377323595972,"Financial_Serv"
"WU","2023-12-27",9.55330371856689,9.6427386231776,9.48826001059871,9.55330371856689,3637100,"WU",0,1.03377323595972,"Financial_Serv"
"WU","2023-12-28",9.70778369903564,9.71591435752287,9.55330506468971,9.55330506468971,3733500,"WU",0.0161703202389051,1.05048968023959,"Financial_Serv"
"WU","2023-12-29",9.6915225982666,9.73217511297491,9.6264788848862,9.69965325628471,3375000,"WU",-0.0016750580022357,1.04873004909444,"Financial_Serv"
"WU","2024-01-02",9.86226272583008,9.87852326679089,9.61021775018843,9.61834840835995,5132100,"WU",0.0176174719536861,1.06720602132135,"Financial_Serv"
"WU","2024-01-03",9.61834907531738,9.81348023267141,9.5939578744937,9.77282848975937,5275600,"WU",-0.0247320171134628,1.04081186373844,"Financial_Serv"
"WU","2024-01-04",9.55330371856689,9.67526047716169,9.44760749927306,9.47199869591559,4777800,"WU",-0.00676263215663567,1.03377323595972,"Financial_Serv"
"WU","2024-01-05",9.72404384613037,9.78095689792932,9.54517325784231,9.56956523036944,5832500,"WU",0.0178723646388047,1.05224920818663,"Financial_Serv"
"WU","2024-01-08",10.0086116790771,10.0086116790771,9.69152298224786,9.72404484022659,5118800,"WU",0.0292643510713929,1.08304259842959,"Financial_Serv"
"WU","2024-01-09",9.8785228729248,10.0492628108081,9.79721862059794,9.98421909879372,5459500,"WU",-0.0129976874239504,1.06896554926838,"Financial_Serv"
"WU","2024-01-10",9.84600162506104,9.95169785745834,9.8297410837442,9.87852348307695,4246800,"WU",-0.00329211647147209,1.0654463901762,"Financial_Serv"
"WU","2024-01-11",9.79721927642822,9.86226299279666,9.65900118529973,9.86226299279666,5577600,"WU",-0.00495453387988955,1.06016759993887,"Financial_Serv"
"WU","2024-01-12",9.91104412078857,9.95982728949712,9.8216092161021,9.82973987345055,3484900,"WU",0.0116180766346845,1.07248470836057,"Financial_Serv"
"WU","2024-01-16",9.94356632232666,9.96795829522451,9.75656584906961,9.8378708746314,4915900,"WU",0.0032814102269881,1.07600397065087,"Financial_Serv"
"WU","2024-01-17",9.79721927642822,9.98421976714191,9.73217556005979,9.83787179300406,3788400,"WU",-0.0147177623354147,1.06016759993887,"Financial_Serv"
"WU","2024-01-18",9.72404384613037,9.90291443441843,9.67526067645829,9.7972182129474,3992500,"WU",-0.007468999951232,1.05224920818663,"Financial_Serv"
"WU","2024-01-19",9.81347846984863,9.82160912712342,9.70778225142281,9.74843476241461,3041100,"WU",0.00919726660363134,1.06192702468778,"Financial_Serv"
"WU","2024-01-22",9.90291595458984,9.95169835636821,9.85413277742918,9.89478529583268,4024700,"WU",0.0091137393347326,1.07160515078329,"Financial_Serv"
"WU","2024-01-23",10.0736560821533,10.1143078258629,9.91917666468071,9.92730732357555,3392400,"WU",0.0172413992349739,1.0900811230102,"Financial_Serv"
"WU","2024-01-24",10.0411329269409,10.2281334051106,10.0248716112485,10.1712203509515,2670800,"WU",-0.00322853539441564,1.08656175752178,"Financial_Serv"
"WU","2024-01-25",10.1630897521973,10.211872924176,10.0492628678351,10.0899153819203,4116400,"WU",0.0121457236094476,1.09975883631323,"Financial_Serv"
"WU","2024-01-26",10.1386985778809,10.2362641466869,10.1386985778809,10.2037422904182,2552200,"WU",-0.00239997627799487,1.09711944119457,"Financial_Serv"
"WU","2024-01-29",10.2525253295898,10.3338303630475,10.0573941797502,10.1305685547856,6436600,"WU",0.0112269588482801,1.1094367560125,"Financial_Serv"
"WU","2024-01-30",10.423264503479,10.5127001886999,10.2118728279164,10.2281333681679,6843600,"WU",0.0166533774265731,1.12791262504129,"Financial_Serv"
"WU","2024-01-31",10.2200031280518,10.4639174448507,10.2200031280518,10.4232649294872,8111200,"WU",-0.0195007404215256,1.1059174937222,"Financial_Serv"
"WU","2024-02-01",10.3500909805298,10.3907434975572,10.2118736632482,10.2200035463479,7110300,"WU",0.0127287487927439,1.11999443968529,"Financial_Serv"
"WU","2024-02-02",10.2525253295898,10.3338303630475,10.2037429298211,10.3256997046253,4733600,"WU",-0.00942655007801172,1.1094367560125,"Financial_Serv"
"WU","2024-02-05",10.0817842483521,10.2443942970208,10.0492623936947,10.1874804698339,5820600,"WU",-0.0166535634635319,1.09096068058748,"Financial_Serv"
"WU","2024-02-06",10.1956129074097,10.325700348751,10.0573948071389,10.0980473264036,6289000,"WU",0.0112905271778875,1.10327820180166,"Financial_Serv"
"WU","2024-02-07",9.62647914886475,10.3988738479744,9.45573920271358,10.2281339018232,8465300,"WU",-0.055821436505431,1.04169162771196,"Financial_Serv"
"WU","2024-02-08",9.82161045074463,9.91917602504421,9.634609960516,9.6508705018748,6466400,"WU",0.0202702669233844,1.06280699505753,"Financial_Serv"
"WU","2024-02-09",10.1386985778809,10.1549591183241,9.74843552727461,9.81347923981195,5228700,"WU",0.0322847387122944,1.09711944119457,"Financial_Serv"
"WU","2024-02-12",10.2362651824951,10.2931782428788,10.0980470855214,10.1386996038164,10308900,"WU",0.00962318820949214,1.10767722806547,"Financial_Serv"
"WU","2024-02-13",10.2525253295898,10.3338303630475,10.0899160380568,10.098046696479,5167400,"WU",0.00158848435487318,1.1094367560125,"Financial_Serv"
"WU","2024-02-14",10.4070043563843,10.4801787287359,10.3338299840327,10.3338299840327,4128200,"WU",0.0150674123524076,1.12615309709426,"Financial_Serv"
"WU","2024-02-15",10.6346569061279,10.6834400774253,10.3826127180079,10.4639169696606,4034100,"WU",0.021874935567217,1.15078762353202,"Financial_Serv"
"WU","2024-02-16",10.3988733291626,10.6021351227548,10.3907426713272,10.5940044649194,7811100,"WU",-0.0221712443613924,1.12527322992263,"Financial_Serv"
"WU","2024-02-20",10.5045700073242,10.5127006655098,10.1143069436192,10.2769170058026,5366800,"WU",0.0101642432613546,1.13671078076705,"Financial_Serv"
"WU","2024-02-21",10.4964399337769,10.5614836521202,10.4151356735389,10.4557874159667,4071300,"WU",-0.000773955863180945,1.13583101679354,"Financial_Serv"
"WU","2024-02-22",10.5289602279663,10.561482082304,10.3419597593698,10.4964383736286,4099500,"WU",0.00309822133929476,1.1393500726876,"Financial_Serv"
"WU","2024-02-23",10.5370922088623,10.6753103010035,10.512701008891,10.5858753841872,5371500,"WU",0.000772344155541255,1.14023004305735,"Financial_Serv"
"WU","2024-02-26",10.4070043563843,10.5370917848395,10.3663518411465,10.4883086114777,3059800,"WU",-0.0123457069464208,1.12615309709426,"Financial_Serv"
"WU","2024-02-27",10.5045700073242,10.5289612064988,10.3582212615121,10.4232649762325,4137800,"WU",0.00937499856816038,1.13671078076705,"Financial_Serv"
"WU","2024-02-28",10.6834402084351,10.7159620645714,10.4313952418421,10.4476565576013,2953800,"WU",0.0170278460694844,1.15606651696748,"Financial_Serv"
"WU","2024-02-29",10.902961730957,10.9598747811085,10.7728743161067,10.7728743161067,5238900,"WU",0.0205478308708697,1.1798211762336,"Financial_Serv"
"WU","2024-03-01",10.9680070877075,10.9923990631965,10.8053977946921,10.9110940289977,2992400,"WU",0.00596584289256042,1.18685980401232,"Financial_Serv"
"WU","2024-03-04",11.2769641876221,11.3013553856859,10.9761368268938,10.9842674847092,5162300,"WU",0.0281689369311966,1.22029238297772,"Financial_Serv"
"WU","2024-03-05",11.1712675094604,11.3420074397527,11.1062238003379,11.2119200215076,3181400,"WU",-0.0093727954086825,1.2088548321333,"Financial_Serv"
"WU","2024-03-06",11.1875286102295,11.3257466833141,11.1468760989607,11.2200504641681,2676000,"WU",0.00145561824164287,1.21061446327845,"Financial_Serv"
"WU","2024-03-07",11.4558353424072,11.4720958834503,11.1712685080229,11.2607041975974,3895600,"WU",0.0239826633321325,1.23964822237626,"Financial_Serv"
"WU","2024-03-08",11.4151821136475,11.5371388776897,11.350138402774,11.4883564822257,2935100,"WU",-0.0035486917841142,1.23524909291433,"Financial_Serv"
"WU","2024-03-11",11.4314441680908,11.5127484242478,11.2932260797034,11.4151828516301,3283400,"WU",0.00142459877393609,1.2370088272576,"Financial_Serv"
"WU","2024-03-12",11.2281827926636,11.5290101802153,11.1956609338845,11.4639664626572,4716300,"WU",-0.0177809008589326,1.21501369593851,"Financial_Serv"
"WU","2024-03-13",11.0167894363403,11.2769642856353,10.9517457240166,11.2444424294735,6271000,"WU",-0.0188270319629429,1.19213859424966,"Financial_Serv"
"WU","2024-03-14",11.0209245681763,11.0953904026748,10.8719936882462,11.054020406946,5671700,"WU",0.000375348177418842,1.19258606129824,"Financial_Serv"
"WU","2024-03-15",11.1533098220825,11.2029539832224,10.9050913835847,10.9381872279889,9714000,"WU",0.0120121731246144,1.20691161153256,"Financial_Serv"
"WU","2024-03-18",11.2112283706665,11.2774200608273,11.0705708318079,11.1119408354252,4860600,"WU",0.00519294716168567,1.21317903976007,"Financial_Serv"
"WU","2024-03-19",11.1450357437134,11.3105149552062,11.0622957434334,11.2112274283105,3601700,"WU",-0.00590413688533131,1.20601626464291,"Financial_Serv"
"WU","2024-03-20",11.3518857955933,11.3601591649799,11.0622965622456,11.1202140932883,2964000,"WU",0.0185598374591631,1.22839973048779,"Financial_Serv"
"WU","2024-03-21",11.4428987503052,11.509090437366,11.3518853778634,11.3518853778634,3482000,"WU",0.00801743043849549,1.23824833987764,"Financial_Serv"
"WU","2024-03-22",11.3518857955933,11.5173650193346,11.318789950845,11.4346250129303,2500400,"WU",-0.00795366250264923,1.22839973048779,"Financial_Serv"
"WU","2024-03-25",11.3187894821167,11.4346245394051,11.3105153240055,11.3601586945385,2428000,"WU",-0.00291549034869698,1.22481834292921,"Financial_Serv"
"WU","2024-03-26",11.3105154037476,11.4346246200222,11.2939670874085,11.3684329328001,2319700,"WU",-0.000731003821761451,1.22392299603957,"Financial_Serv"
"WU","2024-03-27",11.3436107635498,11.4511724479649,11.3022407635337,11.3518849213665,4635200,"WU",0.00292606999954047,1.22750428040003,"Financial_Serv"
"WU","2024-03-28",11.567008972168,11.5835572899058,11.3518863650465,11.3684338937171,4031700,"WU",0.0196937477206116,1.2516784400242,"Financial_Serv"
"WU","2024-04-01",11.3684320449829,11.5421854076384,11.3601578874595,11.5256378816588,2649600,"WU",-0.01716752599249,1.23019021787084,"Financial_Serv"
"WU","2024-04-02",11.3767070770264,11.3849812351858,11.2608712299961,11.3105153898854,2864500,"WU",0.000727895633339247,1.23108566795861,"Financial_Serv"
"WU","2024-04-03",11.3353366851807,11.4428983703497,11.2608708424431,11.3767066854868,3304000,"WU",-0.00363641179873961,1.22660893351038,"Financial_Serv"
"WU","2024-04-04",11.1202144622803,11.4428995510835,11.1036669338907,11.4346253923551,2961800,"WU",-0.0189780179340974,1.2033303271721,"Financial_Serv"
"WU","2024-04-05",11.1698579788208,11.1864062953194,11.0622962887811,11.14503629314,2362000,"WU",0.00446425891415296,1.20870230531185,"Financial_Serv"
"WU","2024-04-08",11.1533098220825,11.3187898331706,11.1036664500098,11.2112281415902,3427200,"WU",-0.00148150108709155,1.20691161153256,"Financial_Serv"
"WU","2024-04-09",11.2608709335327,11.2774192494159,11.0705700352793,11.1533092474936,2861000,"WU",0.0096438737169512,1.2185509147017,"Financial_Serv"
"WU","2024-04-10",11.0622968673706,11.2195027260613,11.0292010217095,11.1284885586928,2842300,"WU",-0.0176339882886673,1.1970630021427,"Financial_Serv"
"WU","2024-04-11",11.0043802261353,11.1284894601511,10.9547360590886,11.1284894601511,2846100,"WU",-0.00523549873319552,1.19079578031143,"Financial_Serv"
"WU","2024-04-12",10.9133644104004,11.062296100079,10.8637210398856,10.9630085699823,5082100,"WU",-0.00827087158608914,1.18094686132722,"Financial_Serv"
"WU","2024-04-15",10.6237773895264,10.9216400193858,10.5741332233495,10.9050924900383,4037500,"WU",-0.0265350821235336,1.14961033937837,"Financial_Serv"
"WU","2024-04-16",10.5079412460327,10.6485987925167,10.4831195581436,10.632051263613,2923100,"WU",-0.0109034799249325,1.13707558612146,"Financial_Serv"
"WU","2024-04-17",10.5906801223755,10.6816934942568,10.5327618047536,10.6072276495052,2662300,"WU",0.00787393785381238,1.14602884862167,"Financial_Serv"
"WU","2024-04-18",10.6982412338257,10.7561587592587,10.5575837100023,10.648597076978,3195400,"WU",0.0101562043426225,1.15766815179081,"Financial_Serv"
"WU","2024-04-19",10.7727069854736,10.7892545115746,10.6485969889145,10.6899669877675,3630600,"WU",0.00696056015380393,1.1657261705995,"Financial_Serv"
"WU","2024-04-22",11.0043802261353,11.029201915125,10.7644351283887,10.8140785063681,3867800,"WU",0.0215055733878234,1.19079578031143,"Financial_Serv"
"WU","2024-04-23",11.0871181488037,11.1698581544636,10.9878306154521,10.9878306154521,3468400,"WU",0.00751863539501803,1.19974893961352,"Financial_Serv"
"WU","2024-04-24",11.2443227767944,11.3105144584846,11.0043777334007,11.0457477317238,5731600,"WU",0.0141790342522583,1.21676022092241,"Financial_Serv"
"WU","2024-04-25",10.9961042404175,11.5256385150059,10.7396108665678,11.4594468293157,7680300,"WU",-0.0220750098786933,1.18990022702555,"Financial_Serv"
"WU","2024-04-26",11.1450357437134,11.2939666395233,10.9961040588363,11.0043782166777,3831400,"WU",0.0135440243234948,1.20601626464291,"Financial_Serv"
"WU","2024-04-29",11.1781320571899,11.2525979027674,11.0788445261091,11.1284878971159,3834300,"WU",0.00296960137568256,1.20959765220149,"Financial_Serv"
"WU","2024-04-30",11.1202144622803,11.1864069430404,11.0043793963513,11.1119410926191,4105200,"WU",-0.00518133035227603,1.2033303271721,"Financial_Serv"
"WU","2024-05-01",10.8306245803833,11.1781313104862,10.805802896538,11.1533088375738,3392100,"WU",-0.0260417533204292,1.17199349562889,"Financial_Serv"
"WU","2024-05-02",10.7561597824097,10.9630090089945,10.7478856239702,10.9381873227431,3376200,"WU",-0.0068753927736084,1.16393558001833,"Financial_Serv"
"WU","2024-05-03",11.0622968673706,11.1036668717138,10.8389001064248,10.8471734760397,4053600,"WU",0.0284615598088814,1.1970630021427,"Financial_Serv"
"WU","2024-05-06",11.0126523971558,11.2525974515803,10.9547340812139,11.1698574511303,3006400,"WU",-0.00448771813033469,1.19169092080484,"Financial_Serv"
"WU","2024-05-07",11.1119403839111,11.1698579131817,11.0540220655734,11.0953920675097,2578800,"WU",0.00901581046733248,1.20243498028245,"Financial_Serv"
"WU","2024-05-08",11.0622968673706,11.1202144000108,11.0043793347304,11.1119410303959,2041500,"WU",-0.0044675830525878,1.1970630021427,"Financial_Serv"
"WU","2024-05-09",10.9961042404175,11.1450359277539,10.9464600816163,11.0871176109747,1962400,"WU",-0.00598362417377959,1.18990022702555,"Financial_Serv"
"WU","2024-05-10",11.0043802261353,11.0788460821717,10.9712843777932,11.0457502338296,2393300,"WU",0.000752628888998167,1.19079578031143,"Financial_Serv"
"WU","2024-05-13",11.0622968673706,11.161584404354,11.0126534934125,11.0374751803916,1500800,"WU",0.00526305344282819,1.1970630021427,"Financial_Serv"
"WU","2024-05-14",10.9795570373535,11.1284879400153,10.8885428750449,11.087117937972,2473900,"WU",-0.00747944400779368,1.18810963644438,"Financial_Serv"
"WU","2024-05-15",10.9795570373535,11.0209262503296,10.8223511874025,10.9712828791314,2689300,"WU",0,1.18810963644438,"Financial_Serv"
"WU","2024-05-16",10.9133644104004,10.9878302552397,10.8719951979938,10.946460253766,2426800,"WU",-0.00602871561465834,1.18094686132722,"Financial_Serv"
"WU","2024-05-17",10.871994972229,10.9381866575856,10.8140766557416,10.9050908149073,1751300,"WU",-0.00379071353394576,1.17647023007711,"Financial_Serv"
"WU","2024-05-20",10.8058023452759,10.8968157074437,10.73960987662,10.8719940248647,2290500,"WU",-0.00608836070309128,1.16930745495996,"Financial_Serv"
"WU","2024-05-21",10.7147884368896,10.8223501159261,10.6816925963451,10.7809801179787,1951100,"WU",-0.00842268861469785,1.15945874237198,"Financial_Serv"
"WU","2024-05-22",10.6982412338257,10.7561587592587,10.6237753930878,10.7147887600635,1950800,"WU",-0.00154433315799264,1.15766815179081,"Financial_Serv"
"WU","2024-05-23",10.582405090332,10.7065142952904,10.5327609349085,10.7065142952904,2563000,"WU",-0.0108275875409691,1.14513339853391,"Financial_Serv"
"WU","2024-05-24",10.6320505142212,10.7065155726401,10.590680511277,10.6072280390144,2085900,"WU",0.00469131766034128,1.1505055830699,"Financial_Serv"
"WU","2024-05-28",10.5493106842041,10.6734199060385,10.4831189940168,10.6403240609448,2684800,"WU",-0.00778211408104381,1.14155221737157,"Financial_Serv"
"WU","2024-05-29",10.4996662139893,10.5741320605321,10.4500228423388,10.4582970006363,3479300,"WU",-0.00470594446414194,1.1361801360337,"Financial_Serv"
"WU","2024-05-30",10.5244884490967,10.5906801358339,10.4913926057281,10.5493101343564,2236800,"WU",0.00236409754382,1.13886617670263,"Financial_Serv"
"WU","2024-05-31",10.5906801223755,10.5989542804739,10.4003784314473,10.5162142776239,4892000,"WU",0.00628930076734417,1.14602884862167,"Financial_Serv"
"WU","2024-06-03",10.6485967636108,10.6734184467707,10.5079392439267,10.6734184467707,3965800,"WU",0.00546864229361323,1.15229607045295,"Financial_Serv"
"WU","2024-06-04",10.7230634689331,10.7892551554211,10.5658584107908,10.5989542540348,3874200,"WU",0.00699310030939839,1.16035419245975,"Financial_Serv"
"WU","2024-06-05",10.7313375473022,10.8140767602641,10.6403233872569,10.7561592322841,3016800,"WU",0.000771615163251837,1.16124953934939,"Financial_Serv"
"WU","2024-06-06",10.6899681091309,10.7561597986123,10.6155022611974,10.6816939506789,3102900,"WU",-0.00385501229357813,1.15677290809929,"Financial_Serv"
"WU","2024-06-07",10.6651449203491,10.7065141286466,10.5989532401927,10.6320490802709,1726400,"WU",-0.00232210129425321,1.15408676423223,"Financial_Serv"
"WU","2024-06-10",10.5658597946167,10.6237773306125,10.5162156287151,10.5824073238724,2436900,"WU",-0.00930930863799006,1.14334301434898,"Financial_Serv"
"WU","2024-06-11",10.4169282913208,10.5493116842449,10.4169282913208,10.5327633655957,2987500,"WU",-0.0140955403716202,1.12722697673161,"Financial_Serv"
"WU","2024-06-12",10.483118057251,10.5741314258588,10.4086522151777,10.5410355837226,3679500,"WU",0.0063540579409886,1.13438944225441,"Financial_Serv"
"WU","2024-06-13",10.3093662261963,10.4748454615551,10.2928179081268,10.4748454615551,2687900,"WU",-0.0165744418889289,1.11558757036435,"Financial_Serv"
"WU","2024-06-14",10.1702213287354,10.2545510366989,10.043725560437,10.2545510366989,4173000,"WU",-0.0134969400065901,1.10053055185504,"Financial_Serv"
"WU","2024-06-17",10.2798490524292,10.2967154752239,10.0099927215963,10.1533540984101,3767500,"WU",0.010779285931969,1.11239348535036,"Financial_Serv"
"WU","2024-06-18",10.4316444396973,10.4653764836352,10.2123857519828,10.2882830519021,4103100,"WU",0.0147663050783996,1.12881942692226,"Financial_Serv"
"WU","2024-06-20",10.2882833480835,10.414779119669,10.2545513031745,10.3894794828106,3904600,"WU",-0.0137429043371354,1.11330616952417,"Financial_Serv"
"WU","2024-06-21",10.4063453674316,10.4316441987419,10.2629839829479,10.3135816455684,11118600,"WU",0.011475385674534,1.1260817871933,"Financial_Serv"
"WU","2024-06-24",10.4569425582886,10.6424691894096,10.3894784750146,10.4400769395877,2909500,"WU",0.00486214795592752,1.13155696345311,"Financial_Serv"
"WU","2024-06-25",10.3388805389404,10.5244063608782,10.2967152869599,10.4400766611525,2821300,"WU",-0.0112903000748115,1.11878134578398,"Financial_Serv"
"WU","2024-06-26",10.1955194473267,10.3051487838204,10.1617874056544,10.2882823608666,3317600,"WU",-0.0138662102800988,1.10326808838589,"Financial_Serv"
"WU","2024-06-27",10.1196231842041,10.2039536991,10.0099938365336,10.1955204867633,3810000,"WU",-0.00744408007013896,1.09505527239711,"Financial_Serv"
"WU","2024-06-28",10.3051490783691,10.3051490783691,10.1533544843876,10.1533544843876,6193100,"WU",0.0183332808730101,1.11513122827744,"Financial_Serv"
"WU","2024-07-01",10.2545509338379,10.4569431960026,10.2376853141085,10.3473146571732,2993700,"WU",-0.00490998666263424,1.10965594881951,"Financial_Serv"
"WU","2024-07-02",10.3810472488403,10.3894796570325,10.1786541717567,10.220819429659,2915200,"WU",0.0123356269639297,1.12334425066246,"Financial_Serv"
"WU","2024-07-03",10.3304481506348,10.4485107047382,10.3220149387198,10.4147786613137,1370300,"WU",-0.00487418051307096,1.11786886800641,"Financial_Serv"
"WU","2024-07-05",10.220817565918,10.3135804729995,10.1533534872705,10.2967148554552,4639100,"WU",-0.0106123745183369,1.10600562491673,"Financial_Serv"
"WU","2024-07-08",10.3473148345947,10.3810468788672,10.2292522775232,10.2461178975418,2962200,"WU",0.0123764334761802,1.1196940299578,"Financial_Serv"
"WU","2024-07-09",10.4147777557373,10.4232101626837,10.2714163825898,10.330447252391,4183500,"WU",0.00651984811721644,1.12699426497087,"Financial_Serv"
"WU","2024-07-10",10.4485101699829,10.5244066606271,10.3979117053181,10.4063449168015,3748600,"WU",0.00323889909480045,1.13064448567553,"Financial_Serv"
"WU","2024-07-11",10.5497064590454,10.6340361624837,10.4738091629863,10.5244068242021,3310800,"WU",0.0096852362122614,1.14159504459139,"Financial_Serv"
"WU","2024-07-12",10.591872215271,10.6846351347236,10.4822428717896,10.6003046230501,3862800,"WU",0.0039968653525362,1.14615784627175,"Financial_Serv"
"WU","2024-07-15",10.4991073608398,10.6509019438099,10.4738085317566,10.6509019438099,4234400,"WU",-0.00875811684145955,1.13611966193534,"Financial_Serv"
"WU","2024-07-16",10.625602722168,10.7014992066137,10.4991069729545,10.5581386442816,3815000,"WU",0.012048201526154,1.14980786058017,"Financial_Serv"
"WU","2024-07-17",10.8870267868042,10.9123256171926,10.6340360702139,10.7099333656146,4723800,"WU",0.0246032221862414,1.17809683884551,"Financial_Serv"
"WU","2024-07-18",10.625602722168,10.9123246510676,10.5918706832248,10.8279949558272,2806700,"WU",-0.0240124388187502,1.14980786058017,"Financial_Serv"
"WU","2024-07-19",10.5075416564941,10.6087377875075,10.4485107811285,10.5918721677896,2608600,"WU",-0.0111109994191219,1.13703234610916,"Financial_Serv"
"WU","2024-07-22",10.6340360641479,10.6593356987573,10.4232106011489,10.5244067268802,2913300,"WU",0.0120384397977265,1.15072044155586,"Financial_Serv"
"WU","2024-07-23",10.5581398010254,10.6256038863031,10.515974546668,10.6003042511475,2465900,"WU",-0.00713710793011494,1.14250762556709,"Financial_Serv"
"WU","2024-07-24",10.4485101699829,10.6003039555066,10.4316437470162,10.5244066606271,3593800,"WU",-0.0103834229427265,1.13064448567553,"Financial_Serv"
"WU","2024-07-25",10.6340360641479,10.6930677406677,10.4569426430593,10.4906746849698,3637000,"WU",0.017756205540004,1.15072044155586,"Financial_Serv"
"WU","2024-07-26",10.7773971557617,10.8532944490939,10.7099330737409,10.7267994963638,3076900,"WU",0.0134813433722595,1.16623369895395,"Financial_Serv"
"WU","2024-07-29",10.8617267608643,10.9207576266848,10.7267986079971,10.7773962632047,3304200,"WU",0.0078246726815162,1.17535909591842,"Financial_Serv"
"WU","2024-07-30",10.9376239776611,11.0641189191028,10.8111282319842,10.8870255185433,6360200,"WU",0.0069875829569143,1.18357201510532,"Financial_Serv"
"WU","2024-07-31",10.0268592834473,10.3473140828731,9.99312724162535,10.1617874507349,15136900,"WU",-0.0832689710374028,1.08501719125883,"Financial_Serv"
"WU","2024-08-01",9.84133338928223,10.1449217884447,9.80760134493084,10.0437256553905,6290000,"WU",-0.0185028919744902,1.0649412353785,"Financial_Serv"
"WU","2024-08-02",9.71483707427979,9.80759998229911,9.61364015105018,9.80759998229911,5749400,"WU",-0.0128535748154008,1.05125293353556,"Financial_Serv"
"WU","2024-08-05",9.57147598266602,9.72326976344901,9.41968139764773,9.49557869015687,5910800,"WU",-0.0147569218626755,1.03573967613747,"Financial_Serv"
"WU","2024-08-06",9.69797039031982,9.75700125707954,9.52087698580544,9.58834106331233,4950000,"WU",0.0132157681723164,1.04942777158417,"Financial_Serv"
"WU","2024-08-07",9.67267227172852,9.81603364800389,9.65580584899715,9.6811046788589,3625600,"WU",-0.00260859928140844,1.04669023505333,"Financial_Serv"
"WU","2024-08-08",9.79916858673096,9.85819946602164,9.65580719053751,9.69797244898889,4174500,"WU",0.013077700913342,1.06037853689627,"Financial_Serv"
"WU","2024-08-09",9.84976577758789,9.84976577758789,9.74013644155652,9.79916731317521,2612400,"WU",0.00516341671327578,1.06585371315608,"Financial_Serv"
"WU","2024-08-12",9.68953800201416,9.91722988610266,9.65580596039757,9.91722988610266,4338500,"WU",-0.0162671660617872,1.0485152938066,"Financial_Serv"
"WU","2024-08-13",9.82446670532227,9.84133312916986,9.66423969994693,9.74857021071417,5445600,"WU",0.0139251947079477,1.06311607342711,"Financial_Serv"
"WU","2024-08-14",9.74857044219971,9.90879745137973,9.72327080582757,9.86663219499487,2461200,"WU",-0.00772522981643806,1.05490325743834,"Financial_Serv"
"WU","2024-08-15",9.91722965240479,9.93409527069799,9.82446593696863,9.85819797779033,4939500,"WU",0.0173009172170501,1.07315405136728,"Financial_Serv"
"WU","2024-08-16",9.94252872467041,9.99312718925578,9.89193026008504,9.90879668302527,3722700,"WU",0.00255102212536647,1.07589169109624,"Financial_Serv"
"WU","2024-08-19",9.95939636230469,10.0268604538232,9.9087978915481,9.96782877056794,6138900,"WU",0.00169651384485555,1.07771695624575,"Financial_Serv"
"WU","2024-08-20",9.83289909362793,9.94252842674849,9.82446588241051,9.92566280854894,2952700,"WU",-0.0127012987609909,1.06402855120469,"Financial_Serv"
"WU","2024-08-21",9.89193058013916,9.96782787735522,9.82446649466607,9.94252904636165,3510400,"WU",0.00600346713101988,1.07041641163831,"Financial_Serv"
"WU","2024-08-22",9.84976577758789,9.95096190217793,9.84976577758789,9.91722986064792,3342700,"WU",-0.00426254533527836,1.06585371315608,"Financial_Serv"
"WU","2024-08-23",9.95096111297607,10.0099919799131,9.8413317856393,9.89192944180382,2192100,"WU",0.0102738824123557,1.07680416887382,"Financial_Serv"
"WU","2024-08-26",10.0774564743042,10.1702201881668,9.98469356467688,9.98469356467688,2567000,"WU",0.012711873746866,1.09049236751864,"Financial_Serv"
"WU","2024-08-27",10.1111898422241,10.16178831136,10.0099937081878,10.0605921773237,2565300,"WU",0.00334740894251801,1.09414269142142,"Financial_Serv"
"WU","2024-08-28",10.2123851776123,10.2292516007504,10.0352917558394,10.0774570094492,2922800,"WU",0.0100082519433661,1.10509314713916,"Financial_Serv"
"WU","2024-08-29",10.2123851776123,10.2882824732629,10.128055474628,10.2714168543602,2553500,"WU",0,1.10509314713916,"Financial_Serv"
"WU","2024-08-30",10.2882833480835,10.2882833480835,10.1955204256425,10.2292524705515,3461500,"WU",0.00743197295746112,1.11330616952417,"Financial_Serv"
"WU","2024-09-03",10.2629833221436,10.3557462337987,10.1955192401698,10.254550110838,3389200,"WU",-0.00245911053223999,1.11056842659709,"Financial_Serv"
"WU","2024-09-04",10.3135814666748,10.3810463560575,10.2545505932297,10.2798494241011,3593600,"WU",0.00493015948121817,1.11604370605502,"Financial_Serv"
"WU","2024-09-05",10.1786527633667,10.3726126011851,10.1196218930128,10.3641793899245,2718200,"WU",-0.0130826235041713,1.1014429264345,"Financial_Serv"
"WU","2024-09-06",10.2461175918579,10.2967160588748,10.1617878858102,10.1786535053256,2636600,"WU",0.00662807053739165,1.10874336784382,"Financial_Serv"
"WU","2024-09-09",10.2376842498779,10.2882819080417,10.1364881293151,10.2208178276665,2528200,"WU",-0.000823076829284297,1.10783078686812,"Financial_Serv"
"WU","2024-09-10",10.0352916717529,10.3135812173164,9.94252875797687,10.2882823870566,4080500,"WU",-0.0197693710008114,1.08592966903641,"Financial_Serv"
"WU","2024-09-11",9.93409538269043,10.0099926764537,9.75700196532119,9.96782742389241,4217300,"WU",-0.0100840406410254,1.07497911012055,"Financial_Serv"
"WU","2024-09-12",9.99312782287598,10.052158698439,9.84133322373056,9.99312782287598,3068600,"WU",0.00594240722596719,1.08136707375229,"Financial_Serv"
"WU","2024-09-13",10.0015602111816,10.0605918908652,9.95939575971029,10.0521586788768,3702300,"WU",0.000843818717735291,1.08227955152987,"Financial_Serv"
"WU","2024-09-16",10.1177072525024,10.1779314367041,10.0316720003632,10.0316720003632,3043500,"WU",0.0116128922756421,1.09484794737391,"Financial_Serv"
"WU","2024-09-17",10.2123460769653,10.2295534567757,10.1177079494872,10.1693284479323,2434900,"WU",0.0093537816524078,1.10508891601624,"Financial_Serv"
"WU","2024-09-18",10.2381553649902,10.3586045508758,10.1865348713914,10.2381553649902,3635200,"WU",0.0025272633565677,1.10788176673943,"Financial_Serv"
"WU","2024-09-19",10.0402746200562,10.3241897731791,9.95423937708251,10.2897758400883,7372700,"WU",-0.019327773205195,1.08646887921372,"Financial_Serv"
"WU","2024-09-20",10.1005001068115,10.1779316714239,9.94563779807969,10.0574824797499,7437100,"WU",0.00599839038616199,1.09298594369366,"Financial_Serv"
"WU","2024-09-23",10.3069820404053,10.3499996604064,10.0574808289904,10.1349123808938,4448800,"WU",0.0204427435681629,1.1153295750642,"Financial_Serv"
"WU","2024-09-24",10.3241901397705,10.4188282540076,10.2639659598462,10.2983798941591,2919500,"WU",0.00166955751914338,1.11719168194257,"Financial_Serv"
"WU","2024-09-25",10.2381553649902,10.3241906149789,10.1865348713914,10.3155869258814,3271400,"WU",-0.00833331947741383,1.10788176673943,"Financial_Serv"
"WU","2024-09-26",10.4876565933228,10.5134676605855,10.2639664204964,10.2639664204964,3662600,"WU",0.0243697442984406,1.13488056210778,"Financial_Serv"
"WU","2024-09-27",10.4618463516235,10.6683299668678,10.444639793933,10.5392779124634,2756400,"WU",-0.00246101132979998,1.13208760818646,"Financial_Serv"
"WU","2024-09-30",10.2639675140381,10.4704511511814,10.22094988451,10.4618474611772,4312500,"WU",-0.0189143322253764,1.11067492705699,"Financial_Serv"
"WU","2024-10-01",10.1177072525024,10.2639666888434,10.0144654422311,10.2553629995308,4784500,"WU",-0.0142498757264775,1.09484794737391,"Financial_Serv"
"WU","2024-10-02",10.1865348815918,10.2639664425605,10.109103320623,10.109103320623,2866900,"WU",0.00680269031033015,1.1022958588968,"Financial_Serv"
"WU","2024-10-03",10.0488786697388,10.1779307183462,9.97144711237717,10.1091028496898,4561700,"WU",-0.0135135464074037,1.08739993265291,"Financial_Serv"
"WU","2024-10-04",10.15212059021,10.1779308361315,9.99725747369459,10.1177066554835,2200900,"WU",0.0102739742278006,1.0985718515363,"Financial_Serv"
"WU","2024-10-07",10.074688911438,10.1607241574713,9.98005079719563,10.1521204687694,3870800,"WU",-0.0076271433228091,1.09019288657422,"Financial_Serv"
"WU","2024-10-08",9.98865509033203,10.1005005979335,9.98005222089579,10.1005005979335,4016200,"WU",-0.00853960076209214,1.08088307456921,"Financial_Serv"
"WU","2024-10-09",9.9714469909668,10.0574814154932,9.88541174594748,9.98865354767492,4560800,"WU",-0.00172276439716995,1.07902096769084,"Financial_Serv"
"WU","2024-10-10",10.0488786697388,10.0574815379511,9.90261924372085,9.9628434236719,3735900,"WU",0.00776534026025697,1.08739993265291,"Financial_Serv"
"WU","2024-10-11",10.1951389312744,10.2381557373403,10.0660860515979,10.0660860515979,3443100,"WU",0.0145548838176436,1.10322691233598,"Financial_Serv"
"WU","2024-10-14",10.1865348815918,10.2725693111737,10.1521209456605,10.203741439311,7500400,"WU",-0.000843936481946663,1.1022958588968,"Financial_Serv"
"WU","2024-10-15",10.1091032028198,10.2639663229527,10.1091032028198,10.1865347628863,3749000,"WU",-0.00760137570548159,1.09391689393473,"Financial_Serv"
"WU","2024-10-16",10.1865348815918,10.203741439311,10.0746893846917,10.109103320623,8511500,"WU",0.00765959919672933,1.1022958588968,"Financial_Serv"
"WU","2024-10-17",10.2639675140381,10.2725703835493,10.1607256954664,10.2037425045015,3763900,"WU",0.00760146932655367,1.11067492705699,"Financial_Serv"
"WU","2024-10-18",10.2639675140381,10.3413990830901,10.2295535745142,10.298381453562,3337900,"WU",0,1.11067492705699,"Financial_Serv"
"WU","2024-10-21",9.9714469909668,10.2381547736395,9.9714469909668,10.2037408397303,4056700,"WU",-0.0284997514529549,1.07902096769084,"Financial_Serv"
"WU","2024-10-22",9.98005104064941,10.0058612868919,9.91982603875977,9.96284366282582,3467100,"WU",0.000862868718091933,1.07995202113002,"Financial_Serv"
"WU","2024-10-23",9.93703365325928,10.0230680829476,9.89401602816865,9.93703365325928,6059600,"WU",-0.00431033741359879,1.07529706352845,"Financial_Serv"
"WU","2024-10-24",9.60149669647217,9.84239423660604,9.44663358185394,9.82518767970008,10829900,"WU",-0.0337663097957866,1.03898824975885,"Financial_Serv"
"WU","2024-10-25",9.61010074615479,9.7305499309926,9.60149705713217,9.63591099272969,5281200,"WU",0.000896115465600122,1.03991930319804,"Financial_Serv"
"WU","2024-10-28",9.65311813354492,9.74775624898911,9.63591075592257,9.63591075592257,3288800,"WU",0.00447626809816213,1.04457426079961,"Financial_Serv"
"WU","2024-10-29",9.32618522644043,9.61010038971274,9.24875366909472,9.61010038971274,7567700,"WU",-0.0338681141763291,1.00919650046919,"Financial_Serv"
"WU","2024-10-30",9.29177188873291,9.42082394560009,9.26596164145807,9.33478951451963,4233900,"WU",-0.00368996935745552,1.00547259630681,"Financial_Serv"
"WU","2024-10-31",9.25735759735107,9.41221989555695,9.24875390842493,9.30037522148885,3105600,"WU",-0.00370373829598274,1.00174858894631,"Financial_Serv"
"WU","2024-11-01",9.24015045166016,9.30897832381274,9.19713282644155,9.26596151908709,3358700,"WU",-0.00185875348445453,0.999886585266054,"Financial_Serv"
"WU","2024-11-04",9.36920356750488,9.45523799965471,9.24875437790355,9.24875437790355,4058200,"WU",0.0139665600165136,1.01385156126888,"Financial_Serv"
"WU","2024-11-05",9.45523834228516,9.46384203195981,9.27456496158257,9.3347899688121,2702200,"WU",0.00918272019178524,1.02316147647202,"Financial_Serv"
"WU","2024-11-06",9.32618522644043,9.54127252107054,9.21433973477362,9.47244465242834,6709800,"WU",-0.0136488485189826,1.00919650046919,"Financial_Serv"
"WU","2024-11-07",9.21433925628662,9.41221916323411,9.18852901200931,9.35199498642277,5222500,"WU",-0.0119926816204247,0.997093528146617,"Financial_Serv"
"WU","2024-11-08",9.205735206604,9.26596020154373,9.14551103215712,9.23154544986798,5298900,"WU",-0.000933767407874303,0.996162474707431,"Financial_Serv"
"WU","2024-11-11",9.13690853118896,9.36920321222002,9.13690853118896,9.2573577162228,5055700,"WU",-0.00747649958100731,0.988714666382666,"Financial_Serv"
"WU","2024-11-12",9.12830543518066,9.17992675226106,9.042271000704,9.17132306266549,3817400,"WU",-0.000941576243095134,0.987783716141601,"Financial_Serv"
"WU","2024-11-13",9.13690853118896,9.17992615587912,9.05947697084528,9.1541159092622,3577600,"WU",0.00094246364447275,0.988714666382666,"Financial_Serv"
"WU","2024-11-14",9.09389114379883,9.27456451581769,9.08528827503067,9.15411614813376,5286000,"WU",-0.00470808996755262,0.984059708781098,"Financial_Serv"
"WU","2024-11-15",9.32618522644043,9.39501309508263,9.11970162051382,9.13690817742792,7426300,"WU",0.0255439700089223,1.00919650046919,"Financial_Serv"
"WU","2024-11-18",9.34339237213135,9.51546287507284,9.31758212488731,9.31758212488731,4442800,"WU",0.00184503580758126,1.01105850414944,"Financial_Serv"
"WU","2024-11-19",9.24875450134277,9.33478975513385,9.19713318496953,9.32618606565615,5174900,"WU",-0.0101288554541337,1.00081763870524,"Financial_Serv"
"WU","2024-11-20",9.22294425964355,9.28316844504227,9.17132294323538,9.23154712863409,3665600,"WU",-0.00279067215974556,0.998024684783923,"Financial_Serv"
"WU","2024-11-21",9.34339237213135,9.39501368711239,9.20573662617252,9.2487542519079,2979000,"WU",0.0130596162241631,1.01105850414944,"Financial_Serv"
"WU","2024-11-22",9.51546382904053,9.54987776898038,9.37780724878805,9.37780724878805,4300400,"WU",0.0184163791967486,1.02967854095196,"Financial_Serv"
"WU","2024-11-25",9.59289455413818,9.65311956424955,9.51546380484022,9.54987774469255,4564200,"WU",0.0081373568844162,1.03805740271591,"Financial_Serv"
"WU","2024-11-26",9.54987621307373,9.58429014740672,9.44663358958184,9.53266883566078,3313900,"WU",-0.00448439632289045,1.03340234191622,"Financial_Serv"
"WU","2024-11-27",9.48104858398438,9.6359108821496,9.48104858398438,9.5670830117444,3498800,"WU",-0.00720717499930845,1.02595443039333,"Financial_Serv"
"WU","2024-11-29",9.47244453430176,9.54987609068185,9.47244453430176,9.47244453430176,1359800,"WU",-0.000907499798825139,1.02502337695415,"Financial_Serv"
"WU","2024-12-02",9.54127216339111,9.57568609642212,9.37780536612417,9.45523692056716,3473600,"WU",0.00726608942814242,1.03247128847703,"Financial_Serv"
"WU","2024-12-03",9.36920356750488,9.55847981053029,9.32618594118348,9.52406587357176,2891000,"WU",-0.0180341355890088,1.01385156126888,"Financial_Serv"
"WU","2024-12-04",9.24015045166016,9.35199594903134,9.21434020472618,9.33478939123967,3987800,"WU",-0.0137741820758725,0.999886585266054,"Financial_Serv"
"WU","2024-12-05",9.36920356750488,9.42082406269618,9.2745646254992,9.32618594118348,4072600,"WU",0.0139665600165136,1.01385156126888,"Financial_Serv"
"WU","2024-12-06",9.29177188873291,9.44663419287493,9.28316819947697,9.41222025634415,4021500,"WU",-0.00826448888788458,1.00547259630681,"Financial_Serv"
"WU","2024-12-09",9.4036169052124,9.47244477474336,9.28316772328677,9.30037510091597,5781000,"WU",0.0120369955072954,1.01757546543126,"Financial_Serv"
"WU","2024-12-10",9.43803024291992,9.48965073155612,9.24014951516683,9.4036163103315,4253900,"WU",0.0036595852483574,1.02129936959364,"Financial_Serv"
"WU","2024-12-11",9.35199642181396,9.45523823526214,9.30037592533637,9.43803167660061,7284000,"WU",-0.00911565431468039,1.01198955758863,"Financial_Serv"
"WU","2024-12-12",9.3778076171875,9.46384288066349,9.30037686465081,9.32618711549637,2436800,"WU",0.00275996634401285,1.01478261470807,"Financial_Serv"
"WU","2024-12-13",9.25735759735107,9.34339202513369,9.16271866014939,9.29177153256271,3365700,"WU",-0.0128441555588821,1.00174858894631,"Financial_Serv"
"WU","2024-12-16",9.62730693817139,9.83379136440956,9.37780570943931,9.53266882399471,9957600,"WU",0.0399627363348447,1.04178120368017,"Financial_Serv"
"WU","2024-12-17",9.58429145812988,9.73915377356046,9.56708407836369,9.61010170728614,8051500,"WU",-0.00446806986811145,1.03712645247484,"Financial_Serv"
"WU","2024-12-18",9.24875450134277,9.72194675620775,9.23154712238736,9.56708362758099,6411700,"WU",-0.0350090518691906,1.00081763870524,"Financial_Serv"
"WU","2024-12-19",9.205735206604,9.37780486251857,9.205735206604,9.28316675688877,6134500,"WU",-0.00465136086513312,0.996162474707432,"Financial_Serv"
"WU","2024-12-20",9.21433925628662,9.35199498642277,9.11970114694124,9.19713187977317,12762300,"WU",0.000934640144379215,0.997093528146617,"Financial_Serv"
"WU","2024-12-23",9.25392436981201,9.29790622705282,9.13956969540557,9.23633095579557,5229300,"WU",0.00429603386899208,1.00137707571409,"Financial_Serv"
"WU","2024-12-24",9.3067045211792,9.32429793819594,9.17475724915485,9.20994324428803,2243500,"WU",0.00570354254670224,1.00708847247072,"Financial_Serv"
"WU","2024-12-26",9.40346527099609,9.50902408937925,9.28911142239814,9.29790729151319,3115300,"WU",0.0103968864163138,1.01755905693017,"Financial_Serv"
"WU","2024-12-27",9.39466953277588,9.50022751372951,9.33309341471107,9.38587282463801,3734400,"WU",-0.000935372010927109,1.01660726066885,"Financial_Serv"
"WU","2024-12-30",9.29790687561035,9.35948299006288,9.24512830767985,9.33309286719742,3907600,"WU",-0.010299740382346,1.00613646981316,"Financial_Serv"
"WU","2024-12-31",9.32429695129395,9.38587222653469,9.2715175447303,9.31550024371664,3880600,"WU",0.00283828135048528,1.00899216819147,"Financial_Serv"
"WU","2025-01-02",9.18355274200439,9.36827941860018,9.12197746277255,9.32429755566331,4617500,"WU",-0.0150943508153738,0.993762086434825,"Financial_Serv"
"WU","2025-01-03",9.22753429412842,9.30670297979113,9.17475572962005,9.20994171892568,3999600,"WU",0.00478916530014114,0.998521377335774,"Financial_Serv"
"WU","2025-01-06",9.19234943389893,9.32429753917706,9.15716344027148,9.24512884379023,5137700,"WU",-0.00381302947331019,0.994713985894263,"Financial_Serv"
"WU","2025-01-07",9.17475700378418,9.28911169463377,9.13077430131891,9.19234958143012,3945200,"WU",-0.00191381215882307,0.992810290173507,"Financial_Serv"
"WU","2025-01-08",9.18355274200439,9.20114615829936,9.02521618985105,9.15716345646221,3734700,"WU",0.000958688956730624,0.993762086434825,"Financial_Serv"
"WU","2025-01-10",9.03401184082031,9.13077310241862,8.98123243701204,9.10438381996457,4816500,"WU",-0.0162835566349068,0.97758010521874,"Financial_Serv"
"WU","2025-01-13",9.10438442230225,9.13957041420225,8.96363961580203,8.97243632350208,3324500,"WU",0.00778973757416988,0.985195197696123,"Financial_Serv"
"WU","2025-01-14",9.20114421844482,9.22753349842342,9.08678955333747,9.14836481958755,3399000,"WU",0.0106278240959986,0.99566567895746,"Financial_Serv"
"WU","2025-01-15",9.25392436981201,9.34188892319378,9.20114496666283,9.30670293406104,2438400,"WU",0.00573625954708798,1.00137707571409,"Financial_Serv"
"WU","2025-01-16",9.27151870727539,9.28911212463603,9.17475742849284,9.22753600277412,3205700,"WU",0.00190128390510461,1.00328097783108,"Financial_Serv"
"WU","2025-01-17",9.17475700378418,9.28911169463377,9.10438501539985,9.28031498636066,4555400,"WU",-0.0104364459099114,0.992810290173507,"Financial_Serv"
"WU","2025-01-21",9.14836692810059,9.23633233350359,9.14836692810059,9.17475705306165,4298900,"WU",-0.00287637870656509,0.989954591795193,"Financial_Serv"
"WU","2025-01-22",9.0252161026001,9.12197737458617,8.96363998506328,9.11318066652373,4583700,"WU",-0.0134615091926639,0.976628308957422,"Financial_Serv"
"WU","2025-01-23",9.03401184082031,9.07799369861035,8.99002914413011,9.03401184082031,5511800,"WU",0.000974573696654295,0.97758010521874,"Financial_Serv"
"WU","2025-01-24",9.0252161026001,9.0955880892991,8.99882597841278,9.03401281066254,4757800,"WU",-0.000973624827506997,0.976628308957422,"Financial_Serv"
"WU","2025-01-27",9.13077354431152,9.17475624313031,8.99882544785516,9.10438426058033,4877800,"WU",0.011695835369639,0.988050792876317,"Financial_Serv"
"WU","2025-01-28",9.04280853271484,9.15716321896545,8.99882583201842,9.08679123341127,6616100,"WU",-0.00963390573315466,0.978532004678178,"Financial_Serv"
"WU","2025-01-29",9.09558868408203,9.09558868408203,8.94604799284275,9.03401340141891,5517300,"WU",0.00583669898309146,0.984243401434805,"Financial_Serv"
"WU","2025-01-30",9.14836692810059,9.27151832788473,9.09558835597901,9.11318093371944,7297500,"WU",0.00580261991298272,0.989954591795193,"Financial_Serv"
"WU","2025-01-31",9.07799339294434,9.25392417378135,9.07799339294434,9.15716207654097,4976000,"WU",-0.0076924696734766,0.982339396119689,"Financial_Serv"
"WU","2025-02-03",9.03401184082031,9.08679040572842,8.83169177160546,8.97243572989397,7175500,"WU",-0.00484485394737201,0.97758010521874,"Financial_Serv"
"WU","2025-02-04",9.13077354431152,9.1835521117739,8.94604688039279,8.99882544785516,9279900,"WU",0.0107108231864377,0.988050792876317,"Financial_Serv"
"WU","2025-02-05",9.68495464324951,9.71134392999752,9.25392599113076,9.2627218607799,15292000,"WU",0.0606937732327447,1.04801932364159,"Financial_Serv"
"WU","2025-02-06",9.86088466644287,10.0016286482993,9.72893739317757,9.78171596692357,11766700,"WU",0.0181652913899792,1.06705690003786,"Financial_Serv"
"WU","2025-02-07",9.33309268951416,9.9048660905439,9.31550011350566,9.8696800996267,8270900,"WU",-0.0535237957629518,1.00994396445279,"Financial_Serv"
"WU","2025-02-10",9.19234943389893,9.42105881192748,9.13077415477595,9.36827940203617,9135600,"WU",-0.0150800233424619,0.994713985894262,"Financial_Serv"
"WU","2025-02-11",9.0252161026001,9.17475678406055,8.99882597841278,9.14836665987323,5874900,"WU",-0.0181817861147103,0.976628308957422,"Financial_Serv"
"WU","2025-02-12",9.00762271881104,9.06040212847489,8.95484414804744,8.98123343342924,4472600,"WU",-0.00194935872881692,0.974724510038546,"Financial_Serv"
"WU","2025-02-13",9.11318016052246,9.1571628594923,9.01641889390898,9.05160488530481,5608000,"WU",0.0117186792793825,0.986146993957441,"Financial_Serv"
"WU","2025-02-14",9.24512767791748,9.26272025306253,9.1395697103467,9.16595899251436,4494300,"WU",0.0144787565998756,1.00042517625465,"Financial_Serv"
"WU","2025-02-18",9.55300521850586,9.61458133098705,9.25392471904082,9.26272058748083,7830800,"WU",0.0333015996440765,1.03374093494814,"Financial_Serv"
"WU","2025-02-19",9.49142932891846,9.55300459850315,9.42105735256448,9.42985405933376,3467900,"WU",-0.00644570877739279,1.02707774193019,"Financial_Serv"
"WU","2025-02-20",9.44744777679443,9.5793958775945,9.38587249976121,9.51781976166104,3526200,"WU",-0.00463381758425157,1.02231845102924,"Financial_Serv"
"WU","2025-02-21",9.37707424163818,9.46503962762845,9.28910969454801,9.4562429212494,6060200,"WU",-0.00744894672285006,1.01470325535374,"Financial_Serv"
"WU","2025-02-24",9.35948371887207,9.4386515769325,9.15716362231689,9.26272160529775,5459600,"WU",-0.00187590737929789,1.01279976602922,"Financial_Serv"
"WU","2025-02-25",9.59698867797852,9.64976808730839,9.42105871171269,9.43865128888915,5889600,"WU",0.0253758611308389,1.03850043224533,"Financial_Serv"
"WU","2025-02-26",9.44744777679443,9.62337773896095,9.4298552000279,9.59698845436103,5092600,"WU",-0.0155820649791139,1.02231845102924,"Financial_Serv"
"WU","2025-02-27",9.47383785247803,9.50902384473374,9.33309304455495,9.42105844464434,4850400,"WU",0.00279335502106877,1.02517414940756,"Financial_Serv"
"WU","2025-02-28",9.5266170501709,9.58819233095732,9.41226235806734,9.50022776396247,5297700,"WU",0.00557104718433258,1.03088544296606,"Financial_Serv"
"WU","2025-03-03",9.44744777679443,9.6497678624611,9.4298552000279,9.55300575409434,4146200,"WU",-0.00831032390191906,1.02231845102924,"Financial_Serv"
"WU","2025-03-04",9.35948371887207,9.4386515769325,9.2979075996247,9.42985570752597,4551700,"WU",-0.00931088056802257,1.01279976602922,"Financial_Serv"
"WU","2025-03-05",9.40346527099609,9.47383809621828,9.3242974155591,9.40346527099609,3713200,"WU",0.00469914297039065,1.01755905693017,"Financial_Serv"
"WU","2025-03-06",9.72893714904785,9.73773301851793,9.34189036975465,9.412262358917,6972900,"WU",0.0346119083414535,1.05277871774066,"Financial_Serv"
"WU","2025-03-07",10.2215404510498,10.2479297356544,9.6849538566212,9.69375056445615,7921600,"WU",0.0506327972372772,1.10608384909174,"Financial_Serv"
"WU","2025-03-10",10.212742805481,10.5118241332058,10.1687609481451,10.1863535232994,8021800,"WU",-0.000860696644598622,1.10513184643418,"Financial_Serv"
"WU","2025-03-11",9.6585636138916,10.2127436171493,9.62337762188636,10.2039477483232,6454000,"WU",-0.054263502189827,1.04516352206515,"Financial_Serv"
"WU","2025-03-12",9.35948371887207,9.59698897085392,9.31550101623831,9.56180297652697,7850200,"WU",-0.0309652560127444,1.01279976602922,"Financial_Serv"
"WU","2025-03-13",9.27151870727539,9.52661738670241,9.24512942013475,9.32429812045698,8123800,"WU",-0.00939848972858521,1.00328097783108,"Financial_Serv"
"WU","2025-03-14",9.39466953277588,9.45624481194043,9.30670412919772,9.30670412919772,5954400,"WU",0.0132827025850524,1.01660726066885,"Financial_Serv"
"WU","2025-03-17",9.57905387878418,9.59704312473544,9.40816033111951,9.43514334227194,6405600,"WU",0.0196264855687606,1.03655968839947,"Financial_Serv"
"WU","2025-03-18",9.67799282073975,9.74994808754436,9.54307605215026,9.57005992053282,4983600,"WU",0.0103286757969592,1.04726597736514,"Financial_Serv"
"WU","2025-03-19",9.62402629852295,9.80391447220316,9.62402629852295,9.72296543737792,5839800,"WU",-0.00557621019320739,1.04142620214716,"Financial_Serv"
"WU","2025-03-20",9.66000366210938,9.68698753073484,9.5430761380557,9.57905377178187,6150700,"WU",0.00373828608427093,1.04531935122644,"Financial_Serv"
"WU","2025-03-21",9.57006072998047,9.68698826287146,9.50709922287023,9.62402675576122,7613300,"WU",-0.00931085900947435,1.0355865301273,"Financial_Serv"
"WU","2025-03-24",9.43514251708984,9.6240252941864,9.4081595082973,9.59704228539386,5546300,"WU",-0.0140979474109252,1.0209868856861,"Financial_Serv"
"WU","2025-03-25",9.39916610717773,9.55207127315707,9.3362054592243,9.47112137848866,5839300,"WU",-0.00381302241560691,1.01709383980494,"Financial_Serv"
"WU","2025-03-26",9.51609420776367,9.55207184557513,9.39916667043279,9.40816129432929,5033600,"WU",0.0124402632374637,1.02974675490932,"Financial_Serv"
"WU","2025-03-27",9.55207061767578,9.59704287360265,9.49810459678309,9.54307599493552,3937800,"WU",0.00378058572421006,1.03363980079048,"Financial_Serv"
"WU","2025-03-28",9.42614936828613,9.58804916189642,9.37218334226571,9.56106614888621,3660000,"WU",-0.0131826129045398,1.02001372741393,"Financial_Serv"
"WU","2025-03-31",9.51609420776367,9.57006109336813,9.35419440872483,9.35419440872483,5130500,"WU",0.00954205539964755,1.02974675490932,"Financial_Serv"
"WU","2025-04-01",9.48910999298096,9.55207063673956,9.41715472646414,9.51609300348115,3840300,"WU",-0.0028356397271372,1.0268267641022,"Financial_Serv"
"WU","2025-04-02",9.56106567382812,9.56106567382812,9.38117749974059,9.4531327693756,6042000,"WU",0.00758297468365244,1.03461316545889,"Financial_Serv"
"WU","2025-04-03",9.44413948059082,9.5160947603924,9.25525665666802,9.35419495195154,7708800,"WU",-0.0122294101124492,1.02196045675075,"Financial_Serv"
"WU","2025-04-04",9.1113452911377,9.45313326885028,8.92246248392217,9.21927820129306,11710700,"WU",-0.0352381696751799,0.985948440774445,"Financial_Serv"
"WU","2025-04-07",8.71558952331543,9.25525487575871,8.65262888004767,8.89547854597948,15145900,"WU",-0.0434354922546075,0.943123284911744,"Financial_Serv"
"WU","2025-04-08",8.17592620849609,8.86849595770791,8.09497630817046,8.86849595770791,13128700,"WU",-0.0619193129019742,0.884725739128156,"Financial_Serv"
"WU","2025-04-09",8.98542213439941,9.03039438973941,8.09497508132007,8.09497508132007,12829400,"WU",0.0990096907995726,0.972322161001658,"Financial_Serv"
"WU","2025-04-10",8.5357027053833,8.90447371604371,8.29285385890371,8.90447371604371,7111100,"WU",-0.0500498944055646,0.923657539515335,"Financial_Serv"
"WU","2025-04-11",8.74257373809814,8.77855137250289,8.42776879372576,8.5446963199848,5570800,"WU",0.0242359697678288,0.946043275718856,"Financial_Serv"
"WU","2025-04-14",8.85950183868408,8.9584401252673,8.75156807069845,8.89547947542112,7544700,"WU",0.0133745626961534,0.958696190823232,"Financial_Serv"
"WU","2025-04-15",8.85050678253174,8.95843968746816,8.79653990117629,8.87748979432223,4526000,"WU",-0.00101530044421547,0.957722826154821,"Financial_Serv"
"WU","2025-04-16",8.76955604553223,8.96743344776209,8.67961153785291,8.86849431775996,5094100,"WU",-0.00914645217370878,0.948963060129727,"Financial_Serv"
"WU","2025-04-17",8.82352447509766,8.94944577868818,8.74257457548972,8.74257457548972,4725500,"WU",0.00615406632732847,0.95480304174395,"Financial_Serv"
"WU","2025-04-21",8.7335786819458,8.7965393245882,8.60765653888657,8.76955631456638,7800000,"WU",-0.0101938622605634,0.945069911050445,"Financial_Serv"
"WU","2025-04-22",8.99441719055176,9.05737783639779,8.79653977218277,8.79653977218277,8767500,"WU",0.0298661657614841,0.973295525670069,"Financial_Serv"
"WU","2025-04-23",9.09335517883301,9.22827194702337,8.98542227894539,9.08436141383987,12614000,"WU",0.0109999332013618,0.984001711437624,"Financial_Serv"
"WU","2025-04-24",9.15631675720215,9.21927740155421,8.64363440621934,8.78754579838389,10445200,"WU",0.00692391060625224,0.990814851324017,"Financial_Serv"
"WU","2025-04-25",9.12033939361572,9.30922219003829,9.09335552428788,9.1473224051691,7455600,"WU",-0.00392923973038906,0.986921702244736,"Financial_Serv"
"WU","2025-04-28",9.13832855224609,9.32721136458787,9.07536790072368,9.15631779998081,6686200,"WU",0.00197242206172323,0.988868328383436,"Financial_Serv"
"WU","2025-04-29",9.09335517883301,9.19229431372749,9.08436141383987,9.12033904713574,10957600,"WU",-0.00492140035849685,0.984001711437624,"Financial_Serv"
"WU","2025-04-30",8.91346836090088,9.05737891585707,8.76056318181629,9.03039590124642,9770300,"WU",-0.019782227175164,0.964535966041215,"Financial_Serv"
"WU","2025-05-01",8.68860721588135,8.93145690145822,8.66162420340875,8.88648464215423,7825900,"WU",-0.0252271210167626,0.940203500500873,"Financial_Serv"
"WU","2025-05-02",8.74257373809814,8.83251739522278,8.6976014806486,8.81452900690764,5921800,"WU",0.00621118216946842,0.946043275718856,"Financial_Serv"
"WU","2025-05-05",8.74257373809814,8.85950126435719,8.7065961036934,8.71558986896374,5885700,"WU",0,0.946043275718856,"Financial_Serv"
"WU","2025-05-06",8.68860721588135,8.76056248765794,8.57167968480076,8.71559022835394,8537400,"WU",-0.00617284152624565,0.940203500500873,"Financial_Serv"
"WU","2025-05-07",8.58067321777344,8.7605613743545,8.57167859550079,8.74257298758359,5764200,"WU",-0.0124224741004087,0.928523846866787,"Financial_Serv"
"WU","2025-05-08",8.78754615783691,8.87748981662264,8.58966873606915,8.67061862941844,5290000,"WU",0.0241091735826711,0.950909789466548,"Financial_Serv"
"WU","2025-05-09",8.77855205535889,8.92246260417222,8.74257441815555,8.82352431630669,5313500,"WU",-0.00102350557442093,0.949936527996258,"Financial_Serv"
"WU","2025-05-12",8.98542213439941,9.18329954323074,8.85050622615385,8.97642751177653,9678100,"WU",0.0235653986826043,0.972322161001659,"Financial_Serv"
"WU","2025-05-13",8.7335786819458,8.98542211028984,8.58067352886474,8.96743372286677,8132200,"WU",-0.0280280045485527,0.945069911050445,"Financial_Serv"
"WU","2025-05-14",8.679612159729,8.76955667385266,8.6706183945362,8.73357903975809,4601600,"WU",-0.00617919917849453,0.939230135832463,"Financial_Serv"
"WU","2025-05-15",8.79654026031494,8.81452950742604,8.67061896163533,8.68860735097191,4200700,"WU",0.0134715812681644,0.951883050936839,"Financial_Serv"
"WU","2025-05-16",8.94044971466064,8.97642734671619,8.82352305381092,8.82352305381092,6338900,"WU",0.0163597789684362,0.967455647253966,"Financial_Serv"
"WU","2025-05-19",8.86849498748779,8.97642789018918,8.7875459537926,8.85950122226019,6468600,"WU",-0.008048222345556,0.959669349095403,"Financial_Serv"
"WU","2025-05-20",8.88648414611816,9.02140005872476,8.85050651223811,8.90447253417097,5037900,"WU",0.00202843421073714,0.961615975234103,"Financial_Serv"
"WU","2025-05-21",8.68860721588135,8.90447303121113,8.68860721588135,8.83251775943453,5926500,"WU",-0.0222671786707968,0.940203500500873,"Financial_Serv"
"WU","2025-05-22",8.66162490844727,8.73358018608087,8.63464189377831,8.73358018608087,5534000,"WU",-0.00310548132326235,0.937283716090002,"Financial_Serv"
"WU","2025-05-23",8.45475196838379,8.6256463784379,8.38279669818453,8.58966874333827,6225900,"WU",-0.0238838488447731,0.914897773490241,"Financial_Serv"
"WU","2025-05-27",8.51771354675293,8.58966881757406,8.48173591134236,8.5536911821635,7958700,"WU",0.00744688650886306,0.921710913376634,"Financial_Serv"
"WU","2025-05-28",8.42776966094971,8.53570257527033,8.32883137059944,8.50871956113381,6993800,"WU",-0.0105596279223913,0.911977989079369,"Financial_Serv"
"WU","2025-05-29",8.38279628753662,8.48173542254474,8.30184639808432,8.44575778920754,5256800,"WU",-0.00533633158265718,0.907111372133557,"Financial_Serv"
"WU","2025-05-30",8.3468189239502,8.4007858045873,8.30184666638169,8.35581354701879,7352200,"WU",-0.00429180936198059,0.903218223054275,"Financial_Serv"
"WU","2025-06-02",8.3468189239502,8.36480817008739,8.16693075145063,8.31084128945028,7133100,"WU",0,0.903218223054275,"Financial_Serv"
"WU","2025-06-03",8.46374607086182,8.50871832641301,8.24788027354539,8.32883016198265,5711100,"WU",0.0140085879395458,0.915871034960531,"Financial_Serv"
"WU","2025-06-04",8.37380218505859,8.55369034449486,8.36480756264318,8.49072884536136,5393300,"WU",-0.0106269593924696,0.906138110663267,"Financial_Serv"
"WU","2025-06-05",8.36480808258057,8.44575797380215,8.31084120250803,8.36480808258057,4255000,"WU",-0.00107407630121423,0.905164849192976,"Financial_Serv"
"WU","2025-06-06",8.5087194442749,8.53570245804083,8.43676416904939,8.44575879289622,3693600,"WU",0.0172043829665413,0.920737651906344,"Financial_Serv"
"WU","2025-06-09",8.3468189239502,8.53570171951836,8.30184666638169,8.53570171951836,7437600,"WU",-0.0190276012019226,0.903218223054275,"Financial_Serv"
"WU","2025-06-10",8.3468189239502,8.46374645051853,8.32883053558747,8.38279655845011,6386700,"WU",0,0.903218223054275,"Financial_Serv"
"WU","2025-06-11",8.3198356628418,8.42776856310249,8.229891150404,8.41877394030382,8948700,"WU",-0.00323275985189678,0.900298335445284,"Financial_Serv"
"WU","2025-06-12",8.21190357208252,8.29285346970141,8.14894292183428,8.29285346970141,8888600,"WU",-0.0129728633032171,0.888618888207438,"Financial_Serv"
"WU","2025-06-13",7.76218223571777,8.17592546598252,7.75318761254856,8.17592546598252,13979000,"WU",-0.0547645661468353,0.839954060324875,"Financial_Serv"
"WU","2025-06-16",7.99795961380005,8.04419077262265,7.8777598353617,7.89625176981913,10112500,"WU",0.0303751407687059,0.865467783146489,"Financial_Serv"
"WU","2025-06-17",7.79454469680786,7.99796040488984,7.77605187873526,7.89625255084885,12360900,"WU",-0.0254333513564142,0.843456036930067,"Financial_Serv"
"WU","2025-06-18",7.80379009246826,7.91474523546069,7.76680533873281,7.78529815649358,9970500,"WU",0.00118613671741298,0.844456491104994,"Financial_Serv"
"WU","2025-06-20",7.84077405929565,7.95172919115251,7.757559033082,7.84077405929565,13010800,"WU",0.00473923137208511,0.848458565799999,"Financial_Serv"
"WU","2025-06-23",7.81303596496582,7.84077430791658,7.7298200543275,7.81303596496582,5678900,"WU",-0.00353767295423454,0.84545699687898,"Financial_Serv"
"WU","2025-06-24",7.91474533081055,7.97946843018079,7.85002134965421,7.87776057662954,7366900,"WU",0.0130179057540242,0.856463076383431,"Financial_Serv"
"WU","2025-06-25",7.86851406097412,7.90549881465377,7.76680532701552,7.89625240578734,7782100,"WU",-0.00584115696767356,0.851460341117259,"Financial_Serv"
"WU","2025-06-26",7.82228326797485,7.92399112495234,7.78529851254794,7.88700636952543,7822300,"WU",-0.00587541594779132,0.846457657450147,"Financial_Serv"
"WU","2025-06-27",7.73906707763672,7.90549891214055,7.69283591452053,7.85002134004391,12598400,"WU",-0.0106383504006854,0.837452744290849,"Financial_Serv"
"WU","2025-06-30",7.78529834747314,7.92399095693679,7.674344083545,7.75756000193764,9736400,"WU",0.00597375231053604,0.842455479557021,"Financial_Serv"
"WU","2025-07-01",8.01645278930664,8.05343754166502,7.66509720100901,7.75755952279799,11189200,"WU",0.0296911475343166,0.867468949491642,"Financial_Serv"
"WU","2025-07-02",8.07192993164062,8.09966915881149,7.91474538660289,8.0349451771989,5953200,"WU",0.0069204102852058,0.873472190531801,"Financial_Serv"
"WU","2025-07-03",7.97022247314453,8.09042315149537,7.92399130735019,8.08117674197927,4714300,"WU",-0.0126001413983312,0.86246631742359,"Financial_Serv"
"WU","2025-07-07",7.87776041030884,8.03494495091996,7.83152924811212,7.92399069071948,5958600,"WU",-0.0116009387626559,0.852460898490305,"Financial_Serv"
"WU","2025-07-08",8.02569961547852,8.16439222359312,7.89625253459509,7.90549894361235,9941900,"WU",0.0187793481223527,0.868469558463748,"Financial_Serv"
"WU","2025-07-09",7.99795961380005,8.07192911520181,7.90549817794085,8.04419077262265,5238500,"WU",-0.00345639670153701,0.865467783146489,"Financial_Serv"
"WU","2025-07-10",7.9424843788147,8.08117699881959,7.93323796900473,7.97946913626841,5344700,"WU",-0.0069361734322379,0.859464748502571,"Financial_Serv"
"WU","2025-07-11",7.72057437896729,7.90549813138261,7.71132797090002,7.86851338089954,11185800,"WU",-0.0279396205599499,0.835451629544756,"Financial_Serv"
"WU","2025-07-14",7.68358993530273,7.76680496587304,7.62811236646982,7.72982021391311,6325000,"WU",-0.0047903746339528,0.83144950325069,"Financial_Serv"
"WU","2025-07-15",7.50791215896606,7.71132874801539,7.489420222754,7.70208233901631,7707800,"WU",-0.0228640229132358,0.812439222757168,"Financial_Serv"
"WU","2025-07-16",7.50791215896606,7.55414332217538,7.45243546854376,7.50791215896606,8614100,"WU",0,0.812439222757168,"Financial_Serv"
"WU","2025-07-17",7.48941993713379,7.5448966254404,7.42469595839466,7.47092711984088,7427700,"WU",-0.00246303119172641,0.810438159610135,"Financial_Serv"
"WU","2025-07-18",7.41545009613037,7.55414269240985,7.38771087144566,7.52640434951116,9796900,"WU",-0.00987657810942917,0.802433803823883,"Financial_Serv"
"WU","2025-07-21",7.48941993713379,7.53565021679395,7.43394236704111,7.46168071119442,6169400,"WU",0.00997509794341653,0.810438159610135,"Financial_Serv"
"WU","2025-07-22",7.9517297744751,7.97946811858114,7.52640467710948,7.53565020395412,17133700,"WU",0.0617283903455726,0.860465202677497,"Financial_Serv"
"WU","2025-07-23",8.1551456451416,8.17363846279192,7.97946828639397,8.03494497577277,16980600,"WU",0.0255813359401957,0.882477052092038,"Financial_Serv"
"WU","2025-07-24",8.08117580413818,8.16439171655336,8.0256991170521,8.10891502946727,7112900,"WU",-0.00907032740089507,0.874472696305787,"Financial_Serv"
"WU","2025-07-25",7.93323659896851,8.09966841966125,7.85926709683529,8.09042201144809,12486800,"WU",-0.0183066435819799,0.858464036332344,"Financial_Serv"
"WU","2025-07-28",7.80379009246826,7.95172998919614,7.7760517476132,7.93323717143537,12712700,"WU",-0.0163169854932948,0.844456491104994,"Financial_Serv"
"WU","2025-07-29",7.48017358779907,7.9424834423549,7.39695767289325,7.54489668526535,21724500,"WU",-0.0414691452274612,0.809437602237088,"Financial_Serv"
"WU","2025-07-30",7.48941993713379,7.63735894833285,7.44318877568757,7.5448966254404,12451300,"WU",0.00123611427277551,0.810438159610135,"Financial_Serv"
"WU","2025-07-31",7.44318866729736,7.74831309389861,7.41545032354799,7.47092701104674,10695000,"WU",-0.00617287723541892,0.805435424343963,"Financial_Serv"
"WU","2025-08-01",7.32298803329468,7.48941986007421,7.30449565708507,7.44318869910367,9654500,"WU",-0.0161490779524108,0.792428384890599,"Financial_Serv"
"WU","2025-08-04",7.42469596862793,7.46168072147867,7.29524933365034,7.34148049516028,8263000,"WU",0.0138888572357113,0.80343430959787,"Financial_Serv"
"WU","2025-08-05",7.42469596862793,7.56338945315775,7.35997287158565,7.43394237728713,8802100,"WU",0,0.80343430959787,"Financial_Serv"
"WU","2025-08-06",7.44318866729736,7.57263485931847,7.39695750652438,7.46168060253493,8727900,"WU",0.00249070113410327,0.805435424343963,"Financial_Serv"
"WU","2025-08-07",7.39695739746094,7.56338922107534,7.3507262373696,7.56338922107534,7495400,"WU",-0.00621121832361297,0.80043268907779,"Financial_Serv"
"WU","2025-08-08",7.43394231796265,7.48941988768906,7.36921878054384,7.41545038257788,6014900,"WU",0.00500001804990851,0.804434866970916,"Financial_Serv"
"WU","2025-08-11",7.62811231613159,7.74831297965466,7.48941971764361,7.49866524423305,11529500,"WU",0.0261193845558597,0.825446210611471,"Financial_Serv"
"WU","2025-08-12",7.69283628463745,7.74831385940322,7.60037483574268,7.69283628463745,8306400,"WU",0.00848492599787552,0.832450060623736,"Financial_Serv"
"WU","2025-08-13",7.85926723480225,7.88700557814263,7.66509706784746,7.66509706784746,9857900,"WU",0.0216345368608918,0.850459732145152,"Financial_Serv"
"WU","2025-08-14",7.65585041046143,7.80378941251309,7.61886565994851,7.76680466200017,6495400,"WU",-0.0258824160400163,0.828447779532491,"Financial_Serv"
"WU","2025-08-15",7.729820728302,7.74831354640561,7.62811287409046,7.67434403756338,8905400,"WU",0.00966193353771628,0.836452186917802,"Financial_Serv"
"WU","2025-08-18",7.82228326797485,7.85002161409851,7.69283618308758,7.7298209385145,11065200,"WU",0.0119617961299295,0.846457657450147,"Financial_Serv"
"WU","2025-08-19",7.78529834747314,7.9424837751512,7.72057524729492,7.85002144765137,13362000,"WU",-0.00472814896043571,0.842455479557021,"Financial_Serv"
"WU","2025-08-20",7.67434358596802,7.84077453017639,7.66509717746032,7.78529784270228,9979200,"WU",-0.0142518316643754,0.830448945877644,"Financial_Serv"
"WU","2025-08-21",7.85926723480225,7.88700557814263,7.66509706784746,7.67434347622293,9550100,"WU",0.0240963473634863,0.850459732145152,"Financial_Serv"
"WU","2025-08-22",8.02569961547852,8.10891553306171,7.88700612557782,7.88700612557782,8075900,"WU",0.0211765773708873,0.868469558463748,"Financial_Serv"
"WU","2025-08-25",7.80379009246826,8.01645308778665,7.74831340275813,8.00720667890627,7596800,"WU",-0.0276498665091172,0.844456491104994,"Financial_Serv"
"WU","2025-08-26",7.93323659896851,7.99795969288856,7.83152875398184,7.85926709683529,14100600,"WU",0.0165876458703288,0.858464036332344,"Financial_Serv"
"WU","2025-08-27",7.90549850463867,8.00720635282271,7.87776016091322,7.94248325686796,6995000,"WU",-0.00349644107846734,0.855462467411325,"Financial_Serv"
"WU","2025-08-28",7.86851406097412,7.95172997719986,7.78529814474838,7.91474522352021,5369600,"WU",-0.00467831897543837,0.851460341117259,"Financial_Serv"
"WU","2025-08-29",8.01645278930664,8.04419113312891,7.87776018840923,7.91474494076761,10572200,"WU",0.0188013552731969,0.867468949491642,"Financial_Serv"
"WU","2025-09-02",8.09042167663574,8.16439117570782,7.93323627066108,7.96097461236662,9358700,"WU",0.00922713440385636,0.875473202079774,"Financial_Serv"
"WU","2025-09-03",8.06268501281738,8.14590093703764,8.00720743607516,8.04419219330792,6015100,"WU",-0.00342833351918601,0.872471787955934,"Financial_Serv"
"WU","2025-09-04",8.06268501281738,8.09042336029541,7.9517307411191,8.08117695054068,6841900,"WU",0,0.872471787955934,"Financial_Serv"
"WU","2025-09-05",8.17363834381104,8.27534619404902,8.10891524654923,8.13665359083485,8168500,"WU",0.0137613376706727,0.884478166838131,"Financial_Serv"
"WU","2025-09-08",8.08117580413818,8.14589978145334,7.979467956623,8.14589978145334,7740000,"WU",-0.0113122866199314,0.874472696305787,"Financial_Serv"
"WU","2025-09-09",7.98871469497681,8.11816089138079,7.97946828615193,8.07192972904248,8472900,"WU",-0.0114415416026502,0.864467380570623,"Financial_Serv"
"WU","2025-09-10",7.81303596496582,8.00720612919322,7.79454403026065,8.00720612919322,8249900,"WU",-0.0219908629508888,0.84545699687898,"Financial_Serv"
"WU","2025-09-11",7.85002136230469,7.91474534356533,7.76680544481679,7.86851418031804,7145700,"WU",0.004733806103634,0.849459226371166,"Financial_Serv"
"WU","2025-09-12",7.76680517196655,7.85002108653105,7.74831323638892,7.80378992490788,7946300,"WU",-0.0106007597301243,0.840454313211868,"Financial_Serv"
"WU","2025-09-15",7.75756025314331,7.85926811125776,7.72057549730295,7.83152976482402,10622200,"WU",-0.00119031166851085,0.839453910636002,"Financial_Serv"
"WU","2025-09-16",7.80036592483521,7.82890359559932,7.61011327441409,7.77182825407109,11503700,"WU",0.00551792964476814,0.844085958254917,"Financial_Serv"
"WU","2025-09-17",7.93354368209839,8.11428348341405,7.80987922553662,7.82890403805584,8775700,"WU",0.0170732704781407,0.858497266127003,"Financial_Serv"
"WU","2025-09-18",7.80036592483521,7.9620809044922,7.75280253543088,7.9620809044922,11065100,"WU",-0.0167866671691355,0.844085958254917,"Financial_Serv"
"WU","2025-09-19",7.74329090118408,7.84792963641227,7.72426518176283,7.809879104766,16295200,"WU",-0.00731696746038601,0.837909808764597,"Financial_Serv"
"WU","2025-09-22",7.71475172042847,7.77182796704498,7.6671892399769,7.72426457939725,8041100,"WU",-0.00368566558067076,0.834821553422726,"Financial_Serv"
"WU","2025-09-23",7.72426509857178,7.8003661610447,7.68621456733531,7.73377795817995,8260700,"WU",0.00123314119339957,0.83585100626939,"Financial_Serv"
"WU","2025-09-24",7.76231575012207,7.81939200145954,7.71475235854022,7.73377807805145,6039000,"WU",0.0049261193219959,0.839968508061683,"Financial_Serv"
"WU","2025-09-25",7.49596166610718,7.74329056465702,7.4674235418137,7.74329056465702,11468200,"WU",-0.0343137399442562,0.81114604711469,"Financial_Serv"
"WU","2025-09-26",7.56255006790161,7.63865112991048,7.46742374039053,7.50547427139496,8543500,"WU",0.00888323670270508,0.818351649451673,"Financial_Serv"
"WU","2025-09-29",7.61011362075806,7.648164152574,7.52449969737313,7.61011362075806,6245800,"WU",0.00628935378005938,0.82349855249157,"Financial_Serv"
"WU","2025-09-30",7.6006007194519,7.63865125105982,7.50547439043212,7.6006007194519,6971900,"WU",-0.00125003407047748,0.822469151243967,"Financial_Serv"
"WU","2025-10-01",7.68621444702148,7.72426497766233,7.58157526096009,7.61011338573978,7922100,"WU",0.011264073818596,0.831733504477097,"Financial_Serv"
"WU","2025-10-02",7.6671895980835,7.80036600108194,7.62913906762734,7.78134118945197,8684200,"WU",-0.00247519101491641,0.82967480518001,"Financial_Serv"
"WU","2025-10-03",7.61962604522705,7.7528024453768,7.5720626563752,7.6671894340789,59323100,"WU",-0.00620351854457002,0.824527902140113,"Financial_Serv"
"WU","2025-10-06",7.67670154571533,7.7528026065822,7.61011334425588,7.61011334425588,10187600,"WU",0.00749059076515093,0.830704103229493,"Financial_Serv"
"WU","2025-10-07",7.77182817459106,7.84792923398125,7.68621425597806,7.7052399744237,11292200,"WU",0.0123916018239404,0.840997857710227,"Financial_Serv"
"WU","2025-10-08",7.69572734832764,7.82890375269668,7.67670162930565,7.80036608135991,8087600,"WU",-0.00979188223849686,0.8327629057247,"Financial_Serv"
"WU","2025-10-09",7.67670154571533,7.81939171523785,7.65767673409672,7.7528026065822,7381000,"WU",-0.00247225528545254,0.830704103229494,"Financial_Serv"
"WU","2025-10-10",7.54352474212646,7.78134123940117,7.48644894607585,7.74329070870076,11284200,"WU",-0.0173481804386675,0.816292898555527,"Financial_Serv"
"WU","2025-10-13",7.74329090118408,7.77182857311973,7.56255019546712,7.61011358682402,7292600,"WU",0.0264818060371741,0.837909808764597,"Financial_Serv"
"WU","2025-10-14",7.87646675109863,7.93354299812809,7.66718929544836,7.67670124728979,6618600,"WU",0.0171988695264162,0.852320910240444,"Financial_Serv"
"WU","2025-10-15",7.76231575012207,7.90500592486763,7.75280289036645,7.89549306511202,7350200,"WU",-0.0144926658848195,0.839968508061684,"Financial_Serv"
"WU","2025-10-16",7.68621444702148,7.78134122722172,7.62913910465831,7.76231550830319,9251300,"WU",-0.00980394324971761,0.831733504477097,"Financial_Serv"
"WU","2025-10-17",7.8859806060791,7.89549346631811,7.67670221680229,7.6862150770413,8875500,"WU",0.0259901880743165,0.853350414686167,"Financial_Serv"
"WU","2025-10-20",7.70524024963379,7.92403057639611,7.70524024963379,7.91451771683352,6616600,"WU",-0.0229191986987623,0.833792306972304,"Financial_Serv"
"WU","2025-10-21",7.73377752304077,7.80036572215896,7.67670127579935,7.67670127579935,8081800,"WU",0.00370361889862405,0.836880355917934,"Financial_Serv"
"WU","2025-10-22",7.73377752304077,7.80036572215896,7.69572699394521,7.72426466396784,8025800,"WU",0,0.836880355917934,"Financial_Serv"
"WU","2025-10-23",7.74329090118408,7.82890391699102,7.64816411847029,7.72426518176283,15209000,"WU",0.00123010755287024,0.837909808764597,"Financial_Serv"
"WU","2025-10-24",8.53283977508545,8.77065581524906,8.19989695597791,8.35209907653123,28734100,"WU",0.101965544621426,0.923347738758914,"Financial_Serv"
"WU","2025-10-27",8.47576427459717,8.5899158750905,8.35209981393032,8.54235248141921,11180800,"WU",-0.00668892209308005,0.917171537669534,"Financial_Serv"
"WU","2025-10-28",9.02749729156494,9.16067460986275,8.51381464555377,8.56137803831701,27847200,"WU",0.0650953706465599,0.976875158860607,"Financial_Serv"
"WU","2025-10-29",9.07505989074707,9.3033630674108,8.9609083024152,9.05603507962318,17299900,"WU",0.00526863621732351,0.982021958702384,"Financial_Serv"
"WU","2025-10-30",8.96090888977051,9.1701872690278,8.85627015373998,9.0560356732137,13604900,"WU",-0.0125785396846748,0.969669556523624,"Financial_Serv"
"WU","2025-10-31",8.87529468536377,8.94188288734992,8.67552917220912,8.81821934286028,11989600,"WU",-0.00955418757850253,0.960405151691434,"Financial_Serv"
"WU","2025-11-03",8.65650367736816,8.87529398502749,8.52332637670848,8.87529398502749,10734900,"WU",-0.0246516894088501,0.936729542185277,"Financial_Serv"
"WU","2025-11-04",8.58991527557373,8.76114311796134,8.51381421388951,8.58991527557373,7599400,"WU",-0.00769229752290459,0.929523939848294,"Financial_Serv"
"WU","2025-11-05",8.43771362304688,8.75163074681057,8.42820076300646,8.58991575490851,8506600,"WU",-0.0177186442059162,0.913054035877241,"Financial_Serv"
"WU","2025-11-06",8.82773208618164,9.25580082210105,8.73260620441971,8.76114387822866,17003300,"WU",0.0462232401523399,0.955258351849657,"Financial_Serv"
"WU","2025-11-07",8.65650367736816,8.9323702302234,8.58991457344025,8.78968007083171,8653100,"WU",-0.0193966476487779,0.936729542185277,"Financial_Serv"
"WU","2025-11-10",8.44722652435303,8.72309311649895,8.39966313111485,8.70406739632517,9141700,"WU",-0.0241757135230333,0.914083437124844,"Financial_Serv"
"WU","2025-11-11",8.47576427459717,8.60894159543752,8.44722660127291,8.47576427459717,7427000,"WU",0.00337835740072406,0.917171537669534,"Financial_Serv"
"WU","2025-11-12",8.47576427459717,8.7421180090816,8.43771374109939,8.54235248141921,8357800,"WU",0,0.917171537669534,"Financial_Serv"
"WU","2025-11-13",8.51381492614746,8.71358045657981,8.46625153181666,8.47576439212208,8785100,"WU",0.00448934754643131,0.921289039461827,"Financial_Serv"
"WU","2025-11-14",8.39966297149658,8.54235224130334,8.39015011159047,8.4377135039248,5930100,"WU",-0.0134078501401643,0.908936534084947,"Financial_Serv"
"WU","2025-11-17",8.4662504196167,8.50430094864344,8.36161169159221,8.39966222061895,6550800,"WU",0.00792739522360302,0.91614203322381,"Financial_Serv"
"WU","2025-11-18",8.30453586578369,8.44722603727046,8.29502391344155,8.44722603727046,8509200,"WU",-0.0191010832207736,0.898642728005154,"Financial_Serv"
"WU","2025-11-19",8.03818130493164,8.3330735692784,7.94305544112658,8.29502304231716,9108500,"WU",-0.0320733831675631,0.8698202154591,"Financial_Serv"
"WU","2025-11-20",7.77182817459106,8.21892257890553,7.77182817459106,8.14282151951535,10085900,"WU",-0.0331359943544893,0.840997857710227,"Financial_Serv"
"WU","2025-11-21",8.00964450836182,8.04769503946487,7.7432907906404,7.80036613369688,7740800,"WU",0.030599793051043,0.86673221811253,"Financial_Serv"
"WU","2025-11-24",7.98110675811768,8.00964442936445,7.81939177572558,7.99061871040246,11463200,"WU",-0.00356292344989195,0.86364411756784,"Financial_Serv"
"WU","2025-11-25",8.19989776611328,8.29502455445556,8.009645096625,8.04769563052266,7693600,"WU",0.027413617512768,0.887319727073997,"Financial_Serv"
"WU","2025-11-26",8.24746036529541,8.3711248153416,8.19038411635247,8.199896975709,7119100,"WU",0.00580038929005738,0.892466526915774,"Financial_Serv"
"WU","2025-11-28",8.36161231994629,8.39014999206183,8.23794786451728,8.2950241159446,3471200,"WU",0.0138408612584815,0.904819032292654,"Financial_Serv"
"WU","2025-12-01",8.21892261505127,8.40917526436344,8.21892261505127,8.29502367477614,6842000,"WU",-0.0170648553694171,0.889378426371084,"Financial_Serv"
"WU","2025-12-02",8.2855110168457,8.3711249379156,8.16184656498876,8.22843476706703,6888500,"WU",0.00810184070506889,0.896584028708067,"Financial_Serv"
"WU","2025-12-03",8.60894107818604,8.65650446899957,8.28551110928946,8.31404878089909,7703000,"WU",0.039035620214945,0.931582742343501,"Financial_Serv"
"WU","2025-12-04",8.49478912353516,8.59942785312096,8.42820001634766,8.58991499392329,6925200,"WU",-0.0132596975184469,0.919230236966621,"Financial_Serv"
"WU","2025-12-05",8.59942817687988,8.65650442701857,8.47576372424291,8.48527658379872,6147000,"WU",0.012318028361036,0.930553341095897,"Financial_Serv"
"WU","2025-12-08",8.59942817687988,8.70406691040522,8.50430139571414,8.59942817687988,5157900,"WU",0,0.930553341095897,"Financial_Serv"
"WU","2025-12-09",8.68504238128662,8.72309291355265,8.52332739235693,8.59942845688899,7855700,"WU",0.00995580201912932,0.939817745928087,"Financial_Serv"
"WU","2025-12-10",8.9989595413208,9.03701007376459,8.68504242186047,8.70406723448424,14098300,"WU",0.0361445743443425,0.973787058315917,"Financial_Serv"
"WU","2025-12-11",9.1416482925415,9.18921168219683,8.98944617140141,8.99895903077172,6915400,"WU",0.015856138764211,0.989227561039367,"Financial_Serv"
"WU","2025-12-12",9.33190155029297,9.41751456027687,9.15116085686922,9.27482530310753,15319200,"WU",0.0208117017482163,1.00981507000083,"Financial_Serv"
"WU","2025-12-15",9.12262344360352,9.38897715450689,9.08457291347446,9.36043948370915,11577400,"WU",-0.0224260945704987,0.987168861742281,"Financial_Serv"
"WU","2025-12-16",9.1416482925415,9.24628793122247,9.10359776225648,9.15116115191181,7837900,"WU",0.00208545809827631,0.989227561039368,"Financial_Serv"
"WU","2025-12-17",9.1796989440918,9.3033633959508,9.12262360150839,9.15116127280009,9268500,"WU",0.00416234034964327,0.993345062831661,"Financial_Serv"
"WU","2025-12-18",9.1416482925415,9.23677507185216,9.08457295071207,9.20823740093745,7607500,"WU",-0.00414508708641071,0.989227561039368,"Financial_Serv"
"WU","2025-12-19",9.09408569335938,9.22726209404953,9.05603516356273,9.14164817520803,15318000,"WU",-0.00520284719561289,0.984080761197591,"Financial_Serv"
"WU","2025-12-22",9.08920955657959,9.12821900373003,9.00143806797646,9.06970529803366,7103500,"WU",-0.000536187687712881,0.983553109209722,"Financial_Serv"
"WU","2025-12-23",9.00143814086914,9.09896222456427,9.00143814086914,9.05020018271671,4426300,"WU",-0.00965666102911142,0.974055270229955,"Financial_Serv"
"WU","2025-12-24",9.11846733093262,9.11846733093262,8.98193380100487,8.99168639529797,2515500,"WU",0.013001165839504,0.986719124335057,"Financial_Serv"
"WU","2025-12-26",9.16722774505615,9.19648552571024,9.07945719326943,9.11846663741637,4193500,"WU",0.00534743530397098,0.99199554101563,"Financial_Serv"
"WU","2025-12-29",9.08920955657959,9.18673363948498,9.04044844518548,9.1574767866368,4615000,"WU",-0.00851055418783911,0.983553109209722,"Financial_Serv"
"WU","2025-12-30",9.06970500946045,9.15747649527093,9.05995241546849,9.09896186137776,4198700,"WU",-0.00214590135673805,0.981442501258245,"Financial_Serv"
"WU","2025-12-31",9.07945728302002,9.13797098478957,9.02094265119194,9.03069524483971,4959000,"WU",0.00107525807613345,0.982497805233983,"Financial_Serv"
"WU","2026-01-02",9.00143814086914,9.15747686079307,8.97218128778404,9.11846741332673,6372400,"WU",-0.00859293014096632,0.974055270229955,"Financial_Serv"
"WU","2026-01-05",9.19648551940918,9.30376125822512,8.92341848050922,8.99168570526347,8146800,"WU",0.0216684684699956,0.995161556140966,"Financial_Serv"
"WU","2026-01-06",9.45004653930664,9.45979913295261,9.16722783398324,9.20623727850859,7809900,"WU",0.0275715129831195,1.02259966590641,"Financial_Serv"
"WU","2026-01-07",9.36227607727051,9.46955181823873,9.19648570391874,9.45979922449838,6953800,"WU",-0.0092878338398715,1.01310193012476,"Financial_Serv"
"WU","2026-01-08",9.47930431365967,9.59633264715441,9.35252338652573,9.36227598016492,8574100,"WU",0.0124999770807099,1.02576568103174,"Financial_Serv"
"WU","2026-01-09",9.45004653930664,9.54757061564927,9.37202765025595,9.50856117112392,6616700,"WU",-0.00308648961832219,1.02259966590641,"Financial_Serv"
"WU","2026-01-12",9.27450466156006,9.51831392650081,9.23549521637188,9.48905614506577,7499000,"WU",-0.0185757685971631,1.00360409114499,"Financial_Serv"
"WU","2026-01-13",8.97218132019043,9.27450523669041,8.96242872577397,9.26475264227396,7819500,"WU",-0.0325972493843973,0.970889358302739,"Financial_Serv"
"WU","2026-01-14",9.16722774505615,9.18673293215888,8.92341848662319,8.98193311787284,7111300,"WU",0.0217390195210169,0.99199554101563,"Financial_Serv"
"WU","2026-01-15",9.27450466156006,9.28425725537174,8.99168595143113,9.15747632599552,9422100,"WU",0.0117022200699399,1.00360409114499,"Financial_Serv"
"WU","2026-01-16",9.04044818878174,9.2745048650461,9.01119040670478,9.22574282497638,6877400,"WU",-0.0252365469983978,0.978276589331029,"Financial_Serv"
"WU","2026-01-20",8.91366672515869,9.05995190658722,8.88440894482618,8.95267616887686,6102700,"WU",-0.014023802910609,0.964557431250188,"Financial_Serv"
"WU","2026-01-21",9.04044818878174,9.15747652691392,8.94292410864231,8.94292410864231,5858000,"WU",0.0142232672066601,0.978276589331029,"Financial_Serv"
"WU","2026-01-22",9.17698097229004,9.26475246019601,9.05995263176828,9.05995263176828,8583100,"WU",0.0151024352617522,0.993050948189489,"Financial_Serv"
"WU","2026-01-23",9.2549991607666,9.36227582894797,9.13797082916206,9.17698027303024,7955600,"WU",0.0085015092340432,1.0014933799954,"Financial_Serv"
"WU","2026-01-26",9.26475238800049,9.2940092403883,9.13797145424187,9.2549997938517,6409800,"WU",0.00105383340014035,1.00254878716926,"Financial_Serv"
"WU","2026-01-27",9.13797092437744,9.21598981292674,9.07945722299473,9.18673296223538,5632100,"WU",-0.0136842797641577,0.988829629088415,"Financial_Serv"
"WU","2026-01-28",9.10871410369873,9.26475188131145,9.06970465929555,9.18673299250509,6371200,"WU",-0.00320167583381802,0.985663717161199,"Financial_Serv"
"WU","2026-01-29",9.13797092437744,9.35252333291726,9.09896148010279,9.21598981292674,8273200,"WU",0.00321195948688638,0.988829629088415,"Financial_Serv"
"WU","2026-01-30",9.13797092437744,9.19648555581867,8.97218055369556,9.0892088865195,10987500,"WU",0,0.988829629088415,"Financial_Serv"
"WU","2026-02-02",9.28425693511963,9.31351378548694,9.09896137932348,9.14772341664134,6869500,"WU",0.0160085878968972,1.00465939512073,"Financial_Serv"
"WU","2026-02-03",9.16722774505615,9.28425700755547,9.03069515557114,9.21598978275445,9315800,"WU",-0.0126051218618034,0.99199554101563,"Financial_Serv"
"WU","2026-02-04",9.63534259796143,9.64509519211309,9.18673349762922,9.20623775587398,11362800,"WU",0.0510639493120181,1.0426507510398,"Financial_Serv"
"WU","2026-02-05",9.7816276550293,9.80113284306348,9.47930468096795,9.60608561301446,14385600,"WU",0.0151821334405713,1.058480413874,"Financial_Serv"
"WU","2026-02-06",10.0254364013672,10.0449415883824,9.75237029356378,9.76212288707139,11638500,"WU",0.0249251714475693,1.0848632196637,"Financial_Serv"
"WU","2026-02-09",9.73286533355713,10.0937038612866,9.66459903752867,9.98642719031788,10943800,"WU",-0.0291828760461899,1.05320379079719,"Financial_Serv"
"WU","2026-02-10",9.85964679718018,9.88890457997369,9.6938564149179,9.75237105044635,6963500,"WU",0.0130261191620445,1.06692294887803,"Financial_Serv"
"WU","2026-02-11",9.65484619140625,9.93766489192054,9.63534193450449,9.86939859767662,7105500,"WU",-0.0207715965882772,1.04476125579316,"Financial_Serv"
"WU","2026-02-12",9.56707572937012,9.84989443251863,9.53781794865721,9.73286516978403,8928400,"WU",-0.00909081929386478,1.03526352001151,"Financial_Serv"
"WU","2026-02-13",9.36227607727051,9.60608534042798,9.29400885114661,9.52806645062227,8657300,"WU",-0.0214067138060684,1.01310193012476,"Financial_Serv"
"WU","2026-02-17",9.20623779296875,9.45979966158223,9.10871464123488,9.40128595655363,8992700,"WU",-0.0166667040166209,0.996216860116705,"Financial_Serv"
"WU","2026-02-18",9.41103744506836,9.47930467307257,9.24524706715014,9.28425744318601,8661700,"WU",0.0222457486657606,1.01837845000345,"Financial_Serv"
"WU","2026-02-19",9.20623779296875,9.51831429666941,9.12821889955823,9.36227650984837,18048100,"WU",-0.0217616445896653,0.996216860116705,"Financial_Serv"
"WU","2026-02-20",9.04044818878174,9.31351431109016,8.63084854028983,9.06970504080014,20278000,"WU",-0.0180083990784632,0.978276589331029,"Financial_Serv"
"WU","2026-02-23",8.98193359375,9.05995248617743,8.73812432239963,9.02094303996372,12520300,"WU",-0.00647253253487464,0.971944662278478,"Financial_Serv"
"WU","2026-02-24",9.12821865081787,9.54757088901617,9.05019975953333,9.05995235345854,11990300,"WU",0.016286588577059,0.987774325112676,"Financial_Serv"
"WU","2026-02-25",9.45979976654053,9.53781866081668,9.1477241894359,9.20623789511373,10576200,"WU",0.0363248436969624,1.02365507308027,"Financial_Serv"
"WU","2026-02-26",9.2940092086792,9.51831422304334,9.18673346358417,9.45979958840878,11058400,"WU",-0.0175257999062234,1.00571469909647,"Financial_Serv"
"WU","2026-02-27",9.39153289794922,9.39153289794922,9.13797104187443,9.18673308035935,10241600,"WU",0.0104931776029388,1.01626784205198,"Financial_Serv"
"WU","2026-03-02",9.32326698303223,9.4890564325611,9.12821882112332,9.20623771386345,7562800,"WU",-0.00726887885702866,1.00888071422181,"Financial_Serv"
"WU","2026-03-03",9.33301830291748,9.45979923145969,9.16722792944371,9.2159899681228,5053200,"WU",0.00104591232912247,1.00993591499943,"Financial_Serv"
"WU","2026-03-04",9.34277153015137,9.49880932045775,9.34277153015137,9.39153357213676,6062300,"WU",0.00104502390516451,1.01099132217328,"Financial_Serv"
"WU","2026-03-05",9.45979976654053,9.47930495513886,9.23549567801122,9.39153346656354,7360600,"WU",0.0125260728052144,1.02365507308027,"Financial_Serv"
"WU","2026-03-06",9.49880886077881,9.51831404865248,9.28425737451969,9.35252367196045,5128700,"WU",0.00412367018340674,1.02787628898322,"Financial_Serv"
"WU","2026-03-09",9.4695520401001,9.51831407988574,9.26475221704724,9.36227629661852,8155100,"WU",-0.00308005152093482,1.024710377056,"Financial_Serv"
"WU","2026-03-10",9.48905658721924,9.52806696428369,9.20623786391205,9.48905658721924,10174900,"WU",0.00205971169877371,1.02682098500748,"Financial_Serv"
"WU","2026-03-11",9.58658027648926,9.63534231576085,9.43054249486698,9.52806657341018,8686700,"WU",0.0102774905359268,1.03737412796299,"Financial_Serv"
"WU","2026-03-12",9.48905658721924,9.68410475230716,9.45979973447948,9.5865806697632,9067300,"WU",-0.0101729382592448,1.02682098500748,"Financial_Serv"
"WU","2026-03-13",9.2940092086792,9.69385626682987,9.2940092086792,9.65484682042636,7482700,"WU",-0.0205549810718536,1.00571469909647,"Financial_Serv"
"WU","2026-03-16",9.2549991607666,9.37202749237114,9.14772342264374,9.3525232354663,6984200,"WU",-0.00419733260821048,1.0014933799954,"Financial_Serv"
"WU","2026-03-17",9.25,9.40999984741211,9.22999954223633,9.31999969482422,6466000,"WU",-0.000540157884378185,1.00095241545004,"Financial_Serv"
"WU","2026-03-18",8.98999977111816,9.27999973297119,8.98999977111816,9.19999980926514,9081400,"WU",-0.0281081328520904,0.97281751197795,"Financial_Serv"
"WU","2026-03-19",9.18000030517578,9.1899995803833,8.88000011444092,8.89999961853027,7008300,"WU",0.0211346539371474,0.9933776734376,"Financial_Serv"
"WU","2026-03-20",9.02000045776367,9.21000003814697,8.97999954223633,9.17000007629395,22783500,"WU",-0.0174291766985999,0.976063918438812,"Financial_Serv"
"WU","2026-03-23",9.1899995803833,9.39000034332275,9.0600004196167,9.14000034332275,9259400,"WU",0.0188469084248558,0.994459705726434,"Financial_Serv"
"WU","2026-03-24",9.17000007629395,9.23999977111816,9.06999969482422,9.10000038146973,6579400,"WU",-0.00217622470103762,0.992295537950646,"Financial_Serv"
"WU","2026-03-25",9.10000038146973,9.34000015258789,9.02000045776367,9.23999977111816,5461000,"WU",-0.00763355444294708,0.984720795938206,"Financial_Serv"
"WU","2026-03-26",8.97000026702881,9.15999984741211,8.93000030517578,9.05000019073486,8346100,"WU",-0.0142857262627853,0.970653344202161,"Financial_Serv"
"WU","2026-03-27",8.77000045776367,8.9399995803833,8.72999954223633,8.9399995803833,1912795,"WU",-0.0222965221082857,0.949011150453676,"Financial_Serv"
