"Ticker","Date","Close","High","Low","Open","Volume","Symbol","Daily_Return","Cumulative_Return","Sector"
"TROW","2010-01-04",31.4122676849365,31.9550523845217,30.6731540269924,31.0484853018787,2330200,"TROW",NA,1,"Financial_Serv"
"TROW","2010-01-05",31.7644996643066,31.7760485563863,30.9676459353404,31.2101660608364,1569500,"TROW",0.0112131980697155,1.01121319806972,"Financial_Serv"
"TROW","2010-01-06",31.2679080963135,31.8049194213802,31.1697436226119,31.7125282919078,1517900,"TROW",-0.0156335397453522,0.995404356346668,"Financial_Serv"
"TROW","2010-01-07",31.2448196411133,31.493115368877,30.9214571996073,31.0773639730445,1048000,"TROW",-0.000738407415330656,0.994669342388689,"Financial_Serv"
"TROW","2010-01-08",31.1235446929932,31.1928358249764,30.7308912738791,31.1524158144257,1344700,"TROW",-0.00388144177220784,0.990808591253607,"Financial_Serv"
"TROW","2010-01-11",31.3429927825928,31.6374841907443,31.1466659114008,31.1813126072796,1099000,"TROW",0.00705087070782827,0.997794654526742,"Financial_Serv"
"TROW","2010-01-12",31.5219860076904,31.7529594912326,31.0427168002947,31.1235590614429,1606800,"TROW",0.00571078921337293,1.00349284947697,"Financial_Serv"
"TROW","2010-01-13",31.8338050842285,31.9204185035705,31.2679223741658,31.4296025191189,1477000,"TROW",0.00989211391890128,1.0134195150608,"Financial_Serv"
"TROW","2010-01-14",31.6374702453613,31.7933770040033,31.2910100474704,31.706761403849,1191300,"TROW",-0.00616749516269603,1.00716925510388,"Financial_Serv"
"TROW","2010-01-15",30.9503231048584,31.695210162279,30.9041297368641,31.6432412465816,1657900,"TROW",-0.0217194085106624,0.985294134612903,"Financial_Serv"
"TROW","2010-01-19",31.3487548828125,31.4411438294551,30.805967893902,30.9214546278867,1194600,"TROW",0.0128732671579625,0.997978089236949,"Financial_Serv"
"TROW","2010-01-20",30.8117446899414,31.1235582235105,30.4883822622335,31.1235582235105,1474500,"TROW",-0.0171301920882835,0.980882532868422,"Financial_Serv"
"TROW","2010-01-21",29.9802379608154,30.8521606295764,29.8705267851249,30.8348383920268,1979600,"TROW",-0.0269866811338802,0.954411768724109,"Financial_Serv"
"TROW","2010-01-22",29.2411251068115,30.0148832540713,29.1487361729324,29.8878476439653,1826500,"TROW",-0.0246533351392986,0.930882335528862,"Financial_Serv"
"TROW","2010-01-25",29.8532066345215,30.0091133915444,29.3623885766212,29.6684287453223,1562000,"TROW",0.020932215346508,0.950367765038413,"Financial_Serv"
"TROW","2010-01-26",29.6626434326172,30.1823324516175,29.402798923117,29.760807892973,2311800,"TROW",-0.00638334113441383,0.944301243391022,"Financial_Serv"
"TROW","2010-01-27",30.3902168273926,30.4941546611807,29.5067452401932,29.8358809796137,2050800,"TROW",0.0245282722838972,0.96746332140694,"Financial_Serv"
"TROW","2010-01-28",29.2180271148682,31.2505858484793,28.1844266127982,30.9965168328002,5056600,"TROW",-0.0385712849362709,0.930147017971562,"Financial_Serv"
"TROW","2010-01-29",28.6521377563477,29.5644801806352,28.3980688015624,29.4720912695564,2663300,"TROW",-0.0193678155029346,0.912132102136884,"Financial_Serv"
"TROW","2010-02-01",29.4663410186768,29.5298588625807,28.5078044173661,28.7387779947027,2245400,"TROW",0.0284168416769782,0.938052015671797,"Financial_Serv"
"TROW","2010-02-02",29.5471572875977,29.7896795685408,29.2699905398951,29.5413839440463,1741200,"TROW",0.00274266387094598,0.940624777044248,"Financial_Serv"
"TROW","2010-02-03",29.2757740020752,29.6049097416376,29.1140917034872,29.3623873951186,1475800,"TROW",-0.00918475110417385,0.931985372584678,"Financial_Serv"
"TROW","2010-02-04",27.8726215362549,29.2815537431387,27.8726215362549,28.7734155586586,2274400,"TROW",-0.0479287914205394,0.887316440055073,"Financial_Serv"
"TROW","2010-02-05",28.2190723419189,28.3461079567751,27.3817963582985,27.9188077449028,3487900,"TROW",0.0124297890391624,0.898345596215938,"Financial_Serv"
"TROW","2010-02-08",27.7917804718018,28.6925722591035,27.7744560278507,28.3865342495948,1735900,"TROW",-0.0151419531067452,0.884742889324385,"Financial_Serv"
"TROW","2010-02-09",28.1151237487793,28.5193260208962,27.6531792389565,28.1266726368655,1844400,"TROW",0.0116344930583203,0.895036424328628,"Financial_Serv"
"TROW","2010-02-10",28.334566116333,28.5655396185164,28.0169792028758,28.0169792028758,1454900,"TROW",0.00780513610804358,0.90202230544217,"Financial_Serv"
"TROW","2010-02-11",28.2999076843262,28.4153943874852,27.9938697932717,28.2363920901781,1402200,"TROW",-0.00122318555592272,0.900918964787033,"Financial_Serv"
"TROW","2010-02-12",28.2594928741455,28.3403351231562,27.8552926427222,28.1151350192869,1829300,"TROW",-0.00142808982387768,0.899632371581282,"Financial_Serv"
"TROW","2010-02-16",28.9755115509033,28.9755115509033,28.2883688896027,28.5539868390742,1242200,"TROW",0.025337279757518,0.922426608658956,"Financial_Serv"
"TROW","2010-02-17",28.8253765106201,29.2122567219534,28.6405986255053,29.1256411246132,1504600,"TROW",-0.00518144571906696,0.917647105256367,"Financial_Serv"
"TROW","2010-02-18",28.6405944824219,28.958183491577,28.426945496675,28.8369212322969,1739700,"TROW",-0.00641039426250558,0.911764625517827,"Financial_Serv"
"TROW","2010-02-19",28.8427066802979,29.0505823930206,28.5770886930306,28.6579287584835,1647700,"TROW",0.00705684366991833,0.918198805943867,"Financial_Serv"
"TROW","2010-02-22",28.8946666717529,29.1949312525151,28.6579198949805,29.0159267324283,1469600,"TROW",0.00180149498557885,0.91985293648854,"Financial_Serv"
"TROW","2010-02-23",28.6405944824219,29.033247982172,28.5713033362089,28.8657945623843,2207600,"TROW",-0.00879304794263062,0.911764625517827,"Financial_Serv"
"TROW","2010-02-24",29.2353477478027,29.2699922165466,28.6579164396645,28.8426942820507,1379300,"TROW",0.0207660935860074,0.930698415059741,"Financial_Serv"
"TROW","2010-02-25",29.0563468933105,29.0967669137313,28.6175000132881,28.9350868320482,1076400,"TROW",-0.00612275441483814,0.924999977230051,"Financial_Serv"
"TROW","2010-02-26",29.2699909210205,29.4316731779964,28.7964974455226,29.200699783874,1529700,"TROW",0.00735274907387435,0.931801269955963,"Financial_Serv"
"TROW","2010-03-01",29.5067462921143,29.5471663175033,29.2064838757175,29.2469039011065,1047000,"TROW",0.00808867251556686,0.939338305278226,"Financial_Serv"
"TROW","2010-03-02",29.6799755096436,29.7261688772666,29.4836487411122,29.5182932161479,1466800,"TROW",0.0058708342768241,0.944853004798387,"Financial_Serv"
"TROW","2010-03-03",29.8185577392578,30.0610800775203,29.6106820786689,29.7030710164055,1403300,"TROW",0.00466921644087038,0.949264727982598,"Financial_Serv"
"TROW","2010-03-04",30.3498039245605,30.3786750623367,29.7377256711628,29.7781457045948,1699000,"TROW",0.0178159584359548,0.966176788921054,"Financial_Serv"
"TROW","2010-03-05",31.1697521209717,31.1755276695013,30.38444492815,30.38444492815,1754900,"TROW",0.0270165895782803,0.992279590687395,"Financial_Serv"
"TROW","2010-03-08",30.8117446899414,31.1524293574944,30.7482268735411,31.1177826750779,1316900,"TROW",-0.0114857323741564,0.980882532868422,"Financial_Serv"
"TROW","2010-03-09",30.8868198394775,31.0715977907316,30.5288106315367,30.7886553138399,1167200,"TROW",0.002436575737324,0.983272527449174,"Financial_Serv"
"TROW","2010-03-10",30.8579216003418,30.97918382274,30.6673704555306,30.9098904948767,1710200,"TROW",-0.000935617175414295,0.982352560784379,"Financial_Serv"
"TROW","2010-03-11",30.8348445892334,30.8348445892334,30.4364154237091,30.6096444421983,1083900,"TROW",-0.000747847227278678,0.981617911145586,"Financial_Serv"
"TROW","2010-03-12",30.9509220123291,31.18306710025,30.6607389919874,30.9915474580633,1320700,"TROW",0.00376448866994562,0.98531320065031,"Financial_Serv"
"TROW","2010-03-15",31.0205535888672,31.0669817033292,30.6084943871169,30.8290318051715,1265200,"TROW",0.00224974159123107,0.987529900738202,"Financial_Serv"
"TROW","2010-03-16",31.2527084350586,31.2759236065634,30.916097303921,31.1598499629599,1334800,"TROW",0.00748390403563665,0.994920479747648,"Financial_Serv"
"TROW","2010-03-17",32.0652122497559,32.2161063921005,31.3107371101927,31.3107371101927,1956400,"TROW",0.0259978688370515,1.02078629188342,"Financial_Serv"
"TROW","2010-03-18",32.047794342041,32.163865709745,31.8504699174571,32.163865709745,1055100,"TROW",-0.000543202632783956,1.02023179808216,"Financial_Serv"
"TROW","2010-03-19",31.8098564147949,32.262541117431,31.5951194334602,32.262541117431,1518200,"TROW",-0.00742447123526256,1.012657116444,"Financial_Serv"
"TROW","2010-03-22",32.1870994567871,32.2103146293024,31.5777155687466,31.6821816311445,837400,"TROW",0.0118593129460569,1.02466653409496,"Financial_Serv"
"TROW","2010-03-23",32.4192390441895,32.4482568959722,32.0245900609682,32.1348587833105,1330500,"TROW",0.00721219343526134,1.03205662734549,"Financial_Serv"
"TROW","2010-03-24",31.9201183319092,32.3553926727988,31.6415430194102,32.2393190724443,1374500,"TROW",-0.015395818254708,1.01616727108232,"Financial_Serv"
"TROW","2010-03-25",32.047794342041,32.6455702986102,31.8272547583485,32.0535970248584,1547300,"TROW",0.0039998601760885,1.02023179808216,"Financial_Serv"
"TROW","2010-03-26",31.9665508270264,32.3553948685952,31.6415451667611,32.0478016886127,1506800,"TROW",-0.00253507352635721,1.0176454354601,"Financial_Serv"
"TROW","2010-03-29",32.1290397644043,32.2044879118183,31.8678748032935,32.163860283273,970700,"TROW",0.00508309258190446,1.02281822142409,"Financial_Serv"
"TROW","2010-03-30",32.0419960021973,32.3960195023302,31.8330639553044,32.1638722915782,1009300,"TROW",-0.0027091927690745,1.02004720969453,"Financial_Serv"
"TROW","2010-03-31",31.902702331543,32.14645485594,31.6415373311751,31.8562720141801,1435500,"TROW",-0.00434722202214696,1.01561283800092,"Financial_Serv"
"TROW","2010-04-01",32.4250411987305,32.5759375678052,32.1638761091166,32.2103064423458,1222900,"TROW",0.0163728721711155,1.03224133717285,"Financial_Serv"
"TROW","2010-04-05",32.4192390441895,32.4772747477549,32.2103069690817,32.2219145525788,1713800,"TROW",-0.000178940544915724,1.03205662734549,"Financial_Serv"
"TROW","2010-04-06",32.4598541259766,32.5294973908255,32.1522610101344,32.4018184409224,1665200,"TROW",0.00125280799255493,1.033349596137,"Financial_Serv"
"TROW","2010-04-07",32.2335319519043,32.6339837418605,32.1290658825382,32.5353225729708,1632500,"TROW",-0.00697237187800999,1.02614469847274,"Financial_Serv"
"TROW","2010-04-08",32.308967590332,32.3902206735102,31.9839641133001,32.0768225658692,2967800,"TROW",0.00234028459990956,1.02854616910786,"Financial_Serv"
"TROW","2010-04-09",32.8022727966309,32.8428982224396,32.2451222021803,32.3728011630421,1680700,"TROW",0.0152683679823444,1.04425039050463,"Financial_Serv"
"TROW","2010-04-12",32.7268371582031,33.0460380034459,32.5701380784104,32.9009465088882,1631200,"TROW",-0.00229970767255745,1.04184891986951,"Financial_Serv"
"TROW","2010-04-13",33.173713684082,33.2607694518386,32.5585250529386,32.6049553861208,1323600,"TROW",0.0136547422446808,1.05607509832823,"Financial_Serv"
"TROW","2010-04-14",33.9397811889648,33.9455860849591,33.115663071318,33.115663071318,2166800,"TROW",0.0230926061573384,1.0804626246465,"Financial_Serv"
"TROW","2010-04-15",34.0674781799316,34.166139318533,33.7482773832705,33.9107791239881,1949500,"TROW",0.00376245769693754,1.08452781956485,"Financial_Serv"
"TROW","2010-04-16",32.9183502197266,34.0848845509202,32.7616511817,33.875952500218,3128900,"TROW",-0.033730936999088,1.04794568000935,"Financial_Serv"
"TROW","2010-04-19",33.4580917358398,33.5161274345741,32.9357615915512,33.0808530523069,2150200,"TROW",0.0163963720086384,1.06512818722363,"Financial_Serv"
"TROW","2010-04-20",33.9513969421387,34.0326477942688,33.3304057563789,33.5799632101612,1522900,"TROW",0.0147439731528504,1.0808324086204,"Financial_Serv"
"TROW","2010-04-21",33.7831077575684,34.113916234031,33.3536381137737,33.9165916854462,1382100,"TROW",-0.00495676760685628,1.07547497354891,"Financial_Serv"
"TROW","2010-04-22",34.2299766540527,34.4156935439841,33.138888265266,33.6554157176776,2230100,"TROW",0.0132275840248671,1.08970090912817,"Financial_Serv"
"TROW","2010-04-23",34.1719436645508,34.4969471407296,33.7540795221264,33.9978343431807,2247800,"TROW",-0.00169538501555134,1.0878534465354,"Financial_Serv"
"TROW","2010-04-26",33.550952911377,34.3170357093708,33.4174690222938,34.2241772554903,1485500,"TROW",-0.0181725323929417,1.06808439453946,"Financial_Serv"
"TROW","2010-04-27",32.6513824462891,33.6844351868833,32.5178985636002,33.2839813248965,1899200,"TROW",-0.0268120690182499,1.03944684203576,"Financial_Serv"
"TROW","2010-04-28",32.796459197998,33.1911079845089,32.6803878487223,32.8254792492361,2083500,"TROW",0.00444320395767723,1.04406531635808,"Financial_Serv"
"TROW","2010-04-29",34.1777496337891,34.305430848227,33.0170177612125,33.0808583684315,1715600,"TROW",0.042117059876858,1.08803827780249,"Financial_Serv"
"TROW","2010-04-30",33.3942489624023,34.2706003541258,33.3594262170793,34.1893494956253,1461000,"TROW",-0.0229242907968443,1.06309577192405,"Financial_Serv"
"TROW","2010-05-03",33.9978332519531,34.0616716370677,33.3942522242511,33.5161285239063,1344600,"TROW",0.0180744981038603,1.08231069443791,"Financial_Serv"
"TROW","2010-05-04",33.2607688903809,33.661220544677,33.0982649409064,33.5567545107006,2538700,"TROW",-0.021679745179935,1.05884647437698,"Financial_Serv"
"TROW","2010-05-05",32.8371047973633,33.4290760871724,32.6804057333831,32.9589811091522,1698400,"TROW",-0.0127376518087681,1.04535925666742,"Financial_Serv"
"TROW","2010-05-06",31.0205535888672,33.1621026722872,29.3200815554763,32.6745952938762,4050500,"TROW",-0.0553200782988017,0.987529900738202,"Financial_Serv"
"TROW","2010-05-07",30.4750118255615,31.2294892516128,30.1964364648017,30.9915393259271,4105100,"TROW",-0.017586461239088,0.970162744416429,"Financial_Serv"
"TROW","2010-05-10",31.943323135376,32.4366330095,31.4326007877978,32.0071637055631,2614000,"TROW",0.0481808282214636,1.01690598895202,"Financial_Serv"
"TROW","2010-05-11",31.3629627227783,31.9085056796524,31.148225821376,31.49064167035,2975700,"TROW",-0.0181684419663567,0.998430391506506,"Financial_Serv"
"TROW","2010-05-12",31.9085178375244,31.9781611276373,31.4210103788933,31.542886690071,2242300,"TROW",0.0173948845193081,1.01579797286733,"Financial_Serv"
"TROW","2010-05-13",31.1888561248779,31.7924348173787,31.1540333831507,31.7924348173787,2138300,"TROW",-0.0225539060231799,0.992887760848743,"Financial_Serv"
"TROW","2010-05-14",30.4517879486084,30.8986697880336,30.1732126877822,30.8986697880336,2448600,"TROW",-0.0236324209300387,0.969423419348082,"Financial_Serv"
"TROW","2010-05-17",30.8290367126465,31.0321661107726,30.11518690454,30.5214434868719,2010700,"TROW",0.0123883945558384,0.981433019158636,"Financial_Serv"
"TROW","2010-05-18",30.1674251556396,31.3455674561358,30.0223336520743,31.0495817629875,2202000,"TROW",-0.0214606626594802,0.960370816211597,"Financial_Serv"
"TROW","2010-05-19",30.0571479797363,30.3705460708789,29.3897263649608,30.0397354987262,1997800,"TROW",-0.00365550507987933,0.956860175814368,"Financial_Serv"
"TROW","2010-05-20",28.4205055236816,29.4999859464471,28.4147006276044,29.3142669086026,2823700,"TROW",-0.0544510230031826,0.90475816037027,"Financial_Serv"
"TROW","2010-05-21",29.5928516387939,29.8656220457112,27.4629081078864,27.7008579854507,4011200,"TROW",0.0412500092278597,0.942079442834525,"Financial_Serv"
"TROW","2010-05-24",28.362476348877,29.4767798487964,28.3450660831332,29.4651722669939,3025500,"TROW",-0.0415767735037763,0.90291081921723,"Financial_Serv"
"TROW","2010-05-25",28.9254322052002,28.9544500530629,27.2946034738438,27.2946034738438,3498000,"TROW",0.0198486143945443,0.920832347900535,"Financial_Serv"
"TROW","2010-05-26",28.6874809265137,29.4477609017913,28.5772122243869,29.0182892468138,2663800,"TROW",-0.00822636899592272,0.913257241223323,"Financial_Serv"
"TROW","2010-05-27",29.8714332580566,30.1674188897273,29.2852624656074,29.4129436706795,2586100,"TROW",0.0412706969488119,0.950948004062159,"Financial_Serv"
"TROW","2010-05-28",28.7397174835205,29.8598237638338,28.6874844678715,29.7147322996888,3086300,"TROW",-0.0378862227586919,0.914920176148327,"Financial_Serv"
"TROW","2010-06-01",28.2696304321289,28.9602674648569,28.1941844378692,28.4959728427497,2150900,"TROW",-0.0163567039815597,0.899955097660312,"Financial_Serv"
"TROW","2010-06-02",29.0705280303955,29.1053507814198,27.9330113973122,28.345070655125,2522500,"TROW",0.0283306709717849,0.925451429421507,"Financial_Serv"
"TROW","2010-06-03",28.7106990814209,29.0357025379477,28.3450679789082,29.0124895867101,2159700,"TROW",-0.0123777919891369,0.913996384132078,"Financial_Serv"
"TROW","2010-06-04",27.8111248016357,28.5946198678178,27.7414815337261,27.8865729666576,4172700,"TROW",-0.0313323711566217,0.885358710188642,"Financial_Serv"
"TROW","2010-06-07",27.3468399047852,28.2522114831739,27.3294296366747,28.066494576928,2137600,"TROW",-0.016694215000728,0.870578341527985,"Financial_Serv"
"TROW","2010-06-08",27.8401489257812,27.903989519823,26.9870104670773,27.3874620834486,2721100,"TROW",0.0180389771803131,0.886282684364483,"Financial_Serv"
"TROW","2010-06-09",27.3990650177002,28.2754184917474,27.3004039083134,27.9446102095737,2418900,"TROW",-0.0158434464290021,0.872240912133803,"Financial_Serv"
"TROW","2010-06-10",28.4964466094971,28.5606544452097,27.5274974632609,27.5274974632609,2305400,"TROW",0.040051789763189,0.907175721769438,"Financial_Serv"
"TROW","2010-06-11",29.0918140411377,29.1852066132339,28.0411470483922,28.0411470483922,2035200,"TROW",0.0208926902290409,0.926129063107674,"Financial_Serv"
"TROW","2010-06-14",28.8233127593994,29.7163794338278,28.7882897073348,29.6696842577297,1596600,"TROW",-0.00922944445329546,0.917581406363139,"Financial_Serv"
"TROW","2010-06-15",29.4712257385254,29.7922625999351,29.1326762371682,29.7922625999351,2538300,"TROW",0.0224787825235213,0.938207519244402,"Financial_Serv"
"TROW","2010-06-16",28.8933544158936,29.4303611463443,28.764938794849,29.3311325131041,3079000,"TROW",-0.0196079839962825,0.919811161221866,"Financial_Serv"
"TROW","2010-06-17",28.8583297729492,29.0684636042713,28.3972052282751,28.8991888816336,2674600,"TROW",-0.00121220410895142,0.918696162352774,"Financial_Serv"
"TROW","2010-06-18",28.7999610900879,28.9517231800856,28.5314577318934,28.8583306108591,2182800,"TROW",-0.00202259393806085,0.916838013063879,"Financial_Serv"
"TROW","2010-06-21",28.4614143371582,29.33113452981,28.3505113465019,29.1093263218426,1868200,"TROW",-0.0117551114694459,0.906060480020888,"Financial_Serv"
"TROW","2010-06-22",27.918571472168,28.8466589632929,27.8835484204321,28.2921417840646,2241900,"TROW",-0.0190729405980896,0.888779242307173,"Financial_Serv"
"TROW","2010-06-23",27.8018283843994,28.1987473716319,27.6792488246258,28.0119622278348,1643200,"TROW",-0.00418155663461993,0.885062761569791,"Financial_Serv"
"TROW","2010-06-24",26.8503894805908,27.7901534686762,26.7511608491306,27.6092043901462,2981700,"TROW",-0.0342221702347634,0.8547739930749,"Financial_Serv"
"TROW","2010-06-25",27.7668132781982,27.9827832449984,26.9379542438187,27.0838803183212,3398000,"TROW",0.0341307450407701,0.883948066300021,"Financial_Serv"
"TROW","2010-06-28",27.428258895874,28.0177991056609,27.3932358453963,27.7551317937144,1598300,"TROW",-0.0121927705182518,0.873170290377572,"Financial_Serv"
"TROW","2010-06-29",26.1791286468506,27.1364052651003,26.0273665567959,27.0721974562353,3288500,"TROW",-0.0455417259172561,0.833404608334106,"Financial_Serv"
"TROW","2010-06-30",25.910623550415,26.5351867329528,25.8464157458572,26.0390391595308,2218600,"TROW",-0.0102564565863749,0.824856830149842,"Financial_Serv"
"TROW","2010-07-01",25.7530212402344,26.149940159693,24.9883703842086,25.8347394483604,2918000,"TROW",-0.00608253637254282,0.819839608478315,"Financial_Serv"
"TROW","2010-07-02",25.4495010375977,26.021533086267,25.1109537753115,25.8464200531433,2608300,"TROW",-0.0117858095097023,0.810177135024281,"Financial_Serv"
"TROW","2010-07-06",25.5545692443848,26.1966452024107,25.2043476139378,25.8639339854896,2792400,"TROW",0.00412849771128666,0.813521949471966,"Financial_Serv"
"TROW","2010-07-07",26.8153667449951,26.8562258556799,25.4728477006186,25.4728477006186,3044800,"TROW",0.0493374585403115,0.853659054925672,"Financial_Serv"
"TROW","2010-07-08",27.4866313934326,27.7084396171436,27.0430171726656,27.1597562335773,3733000,"TROW",0.0250328348972809,0.875028561106195,"Financial_Serv"
"TROW","2010-07-09",27.9535884857178,28.0294706408047,27.4691152493654,27.5041360696713,2596100,"TROW",0.0169885165483292,0.889893998296809,"Financial_Serv"
"TROW","2010-07-12",27.9010562896729,28.0353079691072,27.6267168693742,27.7434559112096,2513500,"TROW",-0.00187926484185606,0.888221651792831,"Financial_Serv"
"TROW","2010-07-13",28.6832160949707,28.7941212873419,28.0703272998905,28.2337637181375,1945800,"TROW",0.0280333402856635,0.913121471606633,"Financial_Serv"
"TROW","2010-07-14",28.3154830932617,28.6948916245634,28.0411436980008,28.5314551995863,1174900,"TROW",-0.0128204940649407,0.901414803199331,"Financial_Serv"
"TROW","2010-07-15",28.3096446990967,28.4088733127531,27.7843101954621,28.3271551069998,2083400,"TROW",-0.000206190872527562,0.90122893969455,"Financial_Serv"
"TROW","2010-07-16",27.3932304382324,28.1929043397285,27.317348290503,28.1345348271085,2572800,"TROW",-0.0323710972216299,0.872055170068751,"Financial_Serv"
"TROW","2010-07-19",27.5916938781738,27.632552988232,26.9554563015688,27.4574421984605,1402200,"TROW",0.00724498121493597,0.878373193394287,"Financial_Serv"
"TROW","2010-07-20",27.8135089874268,27.8485298181032,26.8737447689208,27.0371812498244,1698600,"TROW",0.00803919868900817,0.885434610019082,"Financial_Serv"
"TROW","2010-07-21",27.5041313171387,28.1987404885749,27.4399235221332,28.1111839996304,2396500,"TROW",-0.0111232879831143,0.875585665861623,"Financial_Serv"
"TROW","2010-07-22",28.8583297729492,28.9225375799259,27.7959884938471,27.8310115412856,2472700,"TROW",0.0492361834735244,0.918696162352774,"Financial_Serv"
"TROW","2010-07-23",27.9302444458008,28.2104244149017,27.3698889609084,28.1345422471596,5420900,"TROW",-0.0321600499561271,0.889150847877007,"Financial_Serv"
"TROW","2010-07-26",28.2921352386475,28.3738534471374,27.6850825089304,28.023629690768,2730800,"TROW",0.0129569504323149,0.9006715313398,"Financial_Serv"
"TROW","2010-07-27",28.2162685394287,28.6131876779717,28.1637350585435,28.5606541970864,1947600,"TROW",-0.00268154731266501,0.898256338015342,"Financial_Serv"
"TROW","2010-07-28",28.1403713226318,28.5898237020459,28.0236300689333,28.5372902492143,1476500,"TROW",-0.00268983890236294,0.895840173173054,"Financial_Serv"
"TROW","2010-07-29",28.4322357177734,29.0392887198828,28.058665324677,28.2979839969203,1768900,"TROW",0.0103717321919939,0.905131587536034,"Financial_Serv"
"TROW","2010-07-30",28.1520481109619,28.4205514590852,27.8601960647442,28.0820042433329,1864800,"TROW",-0.00985457526424395,0.896211900182616,"Financial_Serv"
"TROW","2010-08-02",29.1968860626221,29.2260708290018,28.3855375333283,28.5548100689928,2380500,"TROW",0.0371141008122004,0.929473998995087,"Financial_Serv"
"TROW","2010-08-03",29.0100975036621,29.2844369476338,28.8174740600339,29.1968826587021,2469600,"TROW",-0.00639755070315831,0.923527641959249,"Financial_Serv"
"TROW","2010-08-04",29.2727718353271,29.3253053119311,28.9225479157488,29.156030528801,1361200,"TROW",0.00905458286142886,0.931889799518189,"Financial_Serv"
"TROW","2010-08-05",29.3836631774902,29.4361966332222,28.823307800785,28.9925802900065,2062000,"TROW",0.0037882077852723,0.935419991711739,"Financial_Serv"
"TROW","2010-08-06",28.7532577514648,29.3194513379133,28.2512741872455,29.1034814836959,2681900,"TROW",-0.0214542830217412,0.915351226465361,"Financial_Serv"
"TROW","2010-08-09",29.126838684082,29.4070164156979,28.7474300866922,28.8933561277414,2163200,"TROW",0.0129926471583261,0.927244061976766,"Financial_Serv"
"TROW","2010-08-10",28.7007274627686,28.9400482641342,28.4263880696363,28.8875148098486,2476900,"TROW",-0.0146295046275087,0.913678940681247,"Financial_Serv"
"TROW","2010-08-11",27.5625152587891,28.3271663973809,27.5508409066492,28.3096559824986,3555500,"TROW",-0.0396579565955607,0.877444300909433,"Financial_Serv"
"TROW","2010-08-12",27.1422538757324,27.3523878103901,27.0488612632907,27.2356464881741,3113300,"TROW",-0.0152475700824376,0.864065407437881,"Financial_Serv"
"TROW","2010-08-13",27.089714050293,27.2706631686998,26.9963214597147,27.0546909938305,1962900,"TROW",-0.00193572080196436,0.862392818054445,"Financial_Serv"
"TROW","2010-08-16",26.9729652404785,27.2473068730294,26.7044618957056,26.9087574348471,1665000,"TROW",-0.00430970993631402,0.85867615515747,"Financial_Serv"
"TROW","2010-08-17",27.8660278320312,28.0002794746784,27.1655826396799,27.2414625507496,2201700,"TROW",0.033109544449066,0.887106531484009,"Financial_Serv"
"TROW","2010-08-18",27.7201175689697,27.9010644728779,27.4165910725354,27.7901614599453,1479500,"TROW",-0.00523613426143943,0.882461522580959,"Financial_Serv"
"TROW","2010-08-19",26.646089553833,27.6500589597663,26.6402512666738,27.4982968934389,2567800,"TROW",-0.0387454350604559,0.848270166964448,"Financial_Serv"
"TROW","2010-08-20",26.9029159545898,27.0021445602837,26.4301149392588,26.6227383173524,2311500,"TROW",0.00963842744121873,0.856446157419285,"Financial_Serv"
"TROW","2010-08-23",26.7511672973633,27.0780402578157,26.745329007838,26.9963220177026,1264600,"TROW",-0.00564060258310672,0.851615285011454,"Financial_Serv"
"TROW","2010-08-24",26.1791286468506,26.500167691176,26.0565513171924,26.500167691176,2315800,"TROW",-0.0213836893229358,0.833404608334106,"Financial_Serv"
"TROW","2010-08-25",26.3250484466553,26.4417896872735,25.7413444702181,25.998175644909,2302100,"TROW",0.00557389826732228,0.838049920836478,"Financial_Serv"
"TROW","2010-08-26",25.6713066101074,26.5702114780891,25.6654705487082,26.4242854499098,3338600,"TROW",-0.0248334523627786,0.817238248049755,"Financial_Serv"
"TROW","2010-08-27",26.4067687988281,26.4067687988281,25.4494924097977,25.8347369440871,3870500,"TROW",0.028649191873667,0.840651463424631,"Financial_Serv"
"TROW","2010-08-30",25.5545692443848,26.325058612692,25.5312227685685,26.3192225504016,3044300,"TROW",-0.0322720118063509,0.813521949471965,"Financial_Serv"
"TROW","2010-08-31",25.5603981018066,25.875598788896,25.2743821687098,25.396959471471,2753200,"TROW",0.000228094528463077,0.813707509377425,"Financial_Serv"
"TROW","2010-09-01",26.8620681762695,26.8620681762695,25.9456527390773,26.1441122607615,3963500,"TROW",0.0509252660806909,0.855145780804326,"Financial_Serv"
"TROW","2010-09-02",27.2297878265381,27.253134290282,26.8036820200691,27.0196540662667,2215900,"TROW",0.0136891786535411,0.866852024172579,"Financial_Serv"
"TROW","2010-09-03",28.0703372955322,28.1170324773788,27.6383951735128,27.6383951735128,2081000,"TROW",0.0308687483849927,0.893610661193784,"Financial_Serv"
"TROW","2010-09-07",27.3873996734619,27.8193417561156,27.3290301448096,27.8193417561156,1400300,"TROW",-0.0243295124985552,0.871869549443427,"Financial_Serv"
"TROW","2010-09-08",27.8251705169678,27.9594244056185,27.4982976796387,27.4982976796387,1808500,"TROW",0.0159843887599908,0.885805851269729,"Financial_Serv"
"TROW","2010-09-09",28.3738536834717,28.3972023794216,27.9477500023291,28.2396020217408,2163100,"TROW",0.0197189507309333,0.90327301320809,"Financial_Serv"
"TROW","2010-09-10",28.5382022857666,28.5675500515567,28.2212432805061,28.3679843485476,1489300,"TROW",0.00579225522653125,0.908505001039829,"Financial_Serv"
"TROW","2010-09-13",29.2777881622314,29.2895277202309,28.9432185960678,28.9901745889739,2763800,"TROW",0.0259156434963569,0.932049492761434,"Financial_Serv"
"TROW","2010-09-14",29.2601795196533,29.3423564307441,28.8727830380216,29.1251779529278,1852200,"TROW",-0.000601433499025048,0.931488926973738,"Financial_Serv"
"TROW","2010-09-15",29.0664825439453,29.0840907625784,28.6203882664433,29.0547429851593,2956300,"TROW",-0.00661981501439205,0.925322642589217,"Financial_Serv"
"TROW","2010-09-16",29.125171661377,29.1545194323095,28.84342903006,29.0136492361967,1581900,"TROW",0.00201913380275405,0.927190992815323,"Financial_Serv"
"TROW","2010-09-17",29.14866065979,29.3423600440043,28.778872351167,29.271922682967,2290600,"TROW",0.000806484462518545,0.927938757944816,"Financial_Serv"
"TROW","2010-09-20",29.9527950286865,30.0173614761431,29.1369148052084,29.2249603679386,1871400,"TROW",0.0275873522383061,0.953538131315816,"Financial_Serv"
"TROW","2010-09-21",29.4362773895264,30.0584584706353,29.3364922370834,29.9410650956229,2153300,"TROW",-0.0172443886677512,0.937094949169885,"Financial_Serv"
"TROW","2010-09-22",29.0429992675781,29.7297488041255,28.9138663785147,29.4303956956769,1319800,"TROW",-0.0133603212370927,0.924575059619318,"Financial_Serv"
"TROW","2010-09-23",28.2916736602783,28.8845064913561,28.2505863471883,28.7612445520861,2437400,"TROW",-0.0258694221067774,0.900656837132627,"Financial_Serv"
"TROW","2010-09-24",29.5654029846191,29.5888821033882,28.6262606247764,28.66147930293,2151200,"TROW",0.0450213493777551,0.941205623266639,"Financial_Serv"
"TROW","2010-09-27",29.3306102752686,29.7297462258579,29.2895229485101,29.6593088893364,1247000,"TROW",-0.00794146825844831,0.933731068684794,"Financial_Serv"
"TROW","2010-09-28",29.406925201416,29.5712768099703,28.9432248748492,29.4714916648739,1840000,"TROW",0.00260188674668694,0.936160531177375,"Financial_Serv"
"TROW","2010-09-29",29.1369037628174,29.3482112420144,28.8786403099603,29.2895157151667,1257500,"TROW",-0.00918223978702917,0.927564480700951,"Financial_Serv"
"TROW","2010-09-30",29.383430480957,29.671041702909,29.2249498684343,29.3364722672803,2542500,"TROW",0.00846097856335201,0.935412583888289,"Financial_Serv"
"TROW","2010-10-01",29.5477752685547,29.9938670353619,29.2719014027782,29.7532118245007,1734300,"TROW",0.00559311097811284,0.940644450280299,"Financial_Serv"
"TROW","2010-10-04",29.2190818786621,29.7121319758582,28.9666870527706,29.4949558137275,1400600,"TROW",-0.0111241332690918,0.93018059605655,"Financial_Serv"
"TROW","2010-10-05",30.4751873016357,30.5573641896507,29.2308235341674,29.6299594624464,2263900,"TROW",0.0429892160263575,0.970168330643951,"Financial_Serv"
"TROW","2010-10-06",30.5162887573242,30.6512903387503,30.1523691144274,30.4341118372851,2519800,"TROW",0.0013486859090205,0.971476783000868,"Financial_Serv"
"TROW","2010-10-07",30.0290966033936,30.651279631799,29.9469219511514,30.651279631799,2250500,"TROW",-0.0159649870207016,0.955967168769346,"Financial_Serv"
"TROW","2010-10-08",30.2990970611572,30.3930112612119,29.4656088155586,29.6593058735689,2187300,"TROW",0.0089912947209061,0.964562551327262,"Financial_Serv"
"TROW","2010-10-11",30.3578052520752,30.4458485853473,29.9058423095175,30.0525834373963,2025900,"TROW",0.00193762179775421,0.966431508752011,"Financial_Serv"
"TROW","2010-10-12",30.5984497070312,30.6923639058392,30.1406160286375,30.36953398738,1925200,"TROW",0.00792693849103616,0.974092351877687,"Financial_Serv"
"TROW","2010-10-13",31.1267127990723,31.3614993897158,30.6747500674925,30.8156224696968,2702600,"TROW",0.0172643744078193,0.990909446948297,"Financial_Serv"
"TROW","2010-10-14",30.8273601531982,31.3791056969245,30.627792234984,31.0973631486968,1750800,"TROW",-0.00961722645775,0.981379646397871,"Financial_Serv"
"TROW","2010-10-15",30.7451972961426,31.091506397444,30.6160644057649,31.091506397444,1495800,"TROW",-0.0026652576363124,0.978764016801188,"Financial_Serv"
"TROW","2010-10-18",31.0621528625488,31.1501984122027,30.6864960303295,30.8273684619574,1814200,"TROW",0.0103091082276456,0.988854200979717,"Financial_Serv"
"TROW","2010-10-19",30.3871555328369,30.8743349531959,30.1465001528565,30.5162884525164,1697500,"TROW",-0.0217305391773327,0.967365866024657,"Financial_Serv"
"TROW","2010-10-20",31.0328063964844,31.2206348204873,30.2404053726651,30.4047546838948,1590200,"TROW",0.0212474926437178,0.987919965146799,"Financial_Serv"
"TROW","2010-10-21",30.933032989502,31.4319519735697,30.8273791887901,31.1854279313034,2306700,"TROW",-0.0032150945585677,0.984743709042556,"Financial_Serv"
"TROW","2010-10-22",32.2184677124023,32.5060811835674,31.9778124565667,32.2830341389348,3380400,"TROW",0.0415554052955829,1.02566513298409,"Financial_Serv"
"TROW","2010-10-25",32.1010932922363,32.4121860540237,32.1010932922363,32.3534882503411,2944800,"TROW",-0.0036430789078412,1.02192855397161,"Financial_Serv"
"TROW","2010-10-26",32.0423889160156,32.3123920214284,31.2499878164936,31.7899940273192,2477100,"TROW",-0.00182873448222715,1.02005971798659,"Financial_Serv"
"TROW","2010-10-27",31.9308586120605,32.1362952201143,31.6080264578459,31.7841175379961,1602200,"TROW",-0.00348071126180396,1.01650918463848,"Financial_Serv"
"TROW","2010-10-28",32.1069564819336,32.418046929923,31.8134742512744,32.1128251413464,1332500,"TROW",0.00551497446443652,1.02211520683463,"Financial_Serv"
"TROW","2010-10-29",32.4415283203125,32.5589216686253,31.8780429353215,32.0658713969852,2456500,"TROW",0.0104205404385547,1.03276619968031,"Financial_Serv"
"TROW","2010-11-01",32.5178375244141,32.9345818246932,32.2478321250644,32.5589248644927,1460000,"TROW",0.00235220743449942,1.0351954800133,"Financial_Serv"
"TROW","2010-11-02",33.0402221679688,33.1987028033369,32.6704340187765,32.9228288559452,1536000,"TROW",0.0160645566656296,1.05182543646198,"Financial_Serv"
"TROW","2010-11-03",33.3161010742188,33.3161010742188,32.8230508484692,33.0284897486683,1678100,"TROW",0.00834978968505406,1.06060795764182,"Financial_Serv"
"TROW","2010-11-04",34.7071952819824,34.7776303620995,33.5039190674832,33.8326176007567,2730600,"TROW",0.0417544119182707,1.104893019189,"Financial_Serv"
"TROW","2010-11-05",35.4878692626953,35.5230879349278,34.5135083885122,34.6661203957615,2941900,"TROW",0.0224931451351865,1.12974553822847,"Financial_Serv"
"TROW","2010-11-08",34.6367683410645,35.270690969334,34.5193772520588,35.2178640836449,1949100,"TROW",-0.0239828690567662,1.10265099891767,"Financial_Serv"
"TROW","2010-11-09",33.9617652893066,34.8422120123723,33.7621972758481,34.7717769014727,2093600,"TROW",-0.019488049378947,1.08116248180302,"Financial_Serv"
"TROW","2010-11-10",34.225902557373,34.3609041306096,33.5508924520982,33.8795933950385,2105000,"TROW",0.0077774893565257,1.08957121149792,"Financial_Serv"
"TROW","2010-11-11",34.4313316345215,34.5545936212114,33.7563216784911,33.8091485640856,1338700,"TROW",0.00600215222386249,1.09611098376806,"Financial_Serv"
"TROW","2010-11-12",33.8913345336914,34.1965541331763,33.6858955951206,34.1026398935443,1725100,"TROW",-0.0156833057333358,1.07892034009196,"Financial_Serv"
"TROW","2010-11-15",34.1437149047852,34.5193739667618,33.9265387238842,34.0204529296055,1502600,"TROW",0.00744675223228104,1.08695479254299,"Financial_Serv"
"TROW","2010-11-16",33.3747978210449,34.1143720170461,33.1400111535983,33.8913271459726,1862000,"TROW",-0.0225200182781655,1.06247655074739,"Financial_Serv"
"TROW","2010-11-17",33.6917533874512,33.8971900070087,33.2397905853334,33.3806607704325,1323800,"TROW",0.00949685352719618,1.07256673492592,"Financial_Serv"
"TROW","2010-11-18",34.3608932495117,34.8128560632717,34.1202379579347,34.1319775135106,1866800,"TROW",0.0198606422873134,1.09386859917755,"Financial_Serv"
"TROW","2010-11-19",34.6191635131836,34.6485112883068,33.9265452726352,34.3022021680326,1404400,"TROW",0.00751640132858144,1.1020905545697,"Financial_Serv"
"TROW","2010-11-22",34.3608932495117,34.6308963104827,34.038063307995,34.5252425493912,1179400,"TROW",-0.00746032652041177,1.09386859917755,"Financial_Serv"
"TROW","2010-11-23",33.5626182556152,33.9558832548502,33.4569645043689,33.7563153068395,2537300,"TROW",-0.0232320792157471,1.06845575722984,"Financial_Serv"
"TROW","2010-11-24",34.7600288391113,34.830463932779,33.8795823314466,33.903059203275,1743600,"TROW",0.0356769121639001,1.10657495943154,"Financial_Serv"
"TROW","2010-11-26",34.4254684448242,34.660252898806,34.2493773054731,34.4724244399838,451100,"TROW",-0.00962485951423229,1.09592433090505,"Financial_Serv"
"TROW","2010-11-29",34.2435073852539,34.4313358371622,33.8443713651758,34.1437222606885,1227100,"TROW",-0.00528565239023406,1.09013165584588,"Financial_Serv"
"TROW","2010-11-30",34.2376289367676,34.5956752814723,33.7563161473876,33.9265363329776,1504500,"TROW",-0.000171666074394574,1.08994451722395,"Financial_Serv"
"TROW","2010-12-01",34.9009094238281,35.2120021384631,34.7365600766117,34.9772154375037,2466500,"TROW",0.0193728510898211,1.1110598500523,"Financial_Serv"
"TROW","2010-12-02",36.0806999206543,36.1100476908319,35.0417727349089,35.0417727349089,2086200,"TROW",0.0338040044314916,1.14861812214712,"Financial_Serv"
"TROW","2010-12-03",35.9926490783691,36.0983028267454,35.2295959705,35.7989520324066,1496100,"TROW",-0.00244038620311664,1.14581505032918,"Financial_Serv"
"TROW","2010-12-06",36.145263671875,36.1922196528508,35.6463426595742,35.9339561597562,1351000,"TROW",0.00424016007195141,1.15067348955543,"Financial_Serv"
"TROW","2010-12-07",36.4504814147949,37.1078830299628,36.4328732026517,36.7263553468581,2932100,"TROW",0.00844419743872044,1.16039000368873,"Financial_Serv"
"TROW","2010-12-08",36.2978858947754,36.7263697243671,36.1394052061716,36.5444099176534,2658100,"TROW",-0.00418637872798009,1.15553217166113,"Financial_Serv"
"TROW","2010-12-09",36.6500549316406,36.7909273674663,36.1980920921931,36.5209242911495,1879300,"TROW",0.00970219141374084,1.16674336597532,"Financial_Serv"
"TROW","2010-12-10",37.1511459350586,37.2336774761228,36.5675265036795,36.8210175219858,1224100,"TROW",0.0136723124795474,1.18269544585837,"Financial_Serv"
"TROW","2010-12-13",37.4046363830566,37.7524494785356,37.1570395148232,37.5284336927655,1981900,"TROW",0.00682322016233783,1.19076523727046,"Financial_Serv"
"TROW","2010-12-14",37.009651184082,37.6699078228554,36.8033223899749,37.6699078228554,1089900,"TROW",-0.0105597925061912,1.1781910034413,"Financial_Serv"
"TROW","2010-12-15",36.9625091552734,37.6227638645231,36.8740812014275,37.5873922332215,2539800,"TROW",-0.00127377663123909,1.17669025127398,"Financial_Serv"
"TROW","2010-12-16",36.9271202087402,37.1157643229272,36.6500481821714,36.9919670446449,2669600,"TROW",-0.000957428143867073,1.1755636549108,"Financial_Serv"
"TROW","2010-12-17",37.1334648132324,37.3103184537554,36.8740773749038,36.8740773749038,2410300,"TROW",0.00558788779969222,1.18213257271583,"Financial_Serv"
"TROW","2010-12-20",37.3515777587891,37.5166408281787,37.0391363063542,37.404634066638,1014100,"TROW",0.00587375691047598,1.18907613208392,"Financial_Serv"
"TROW","2010-12-21",37.8880233764648,38.047194509514,37.4989468800905,37.5696878568117,1345600,"TROW",0.0143620604500315,1.2061537153726,"Financial_Serv"
"TROW","2010-12-22",38.5364990234375,38.5423909201293,37.9705666044854,38.0177242661747,1439300,"TROW",0.0171155840073588,1.22679774061385,"Financial_Serv"
"TROW","2010-12-23",37.9646759033203,38.45986515755,37.7170790273896,38.3950183031678,920300,"TROW",-0.014838481299752,1.20859392528117,"Financial_Serv"
"TROW","2010-12-27",38.1592140197754,38.1710023118019,37.7524482315736,37.8349797686535,563300,"TROW",0.00512418746706762,1.21478698712587,"Financial_Serv"
"TROW","2010-12-28",37.9528694152832,38.3419504011529,37.7524370268995,38.1945720575895,560900,"TROW",-0.00540746474456347,1.20821806932083,"Financial_Serv"
"TROW","2010-12-29",37.6758193969727,37.9057316223873,37.5402315197176,37.9057316223873,916100,"TROW",-0.00729984379518303,1.19939826614427,"Financial_Serv"
"TROW","2010-12-30",37.8585662841797,37.9941519012866,37.6404446205151,37.7347689607912,978700,"TROW",0.00485050863211526,1.20521595778755,"Financial_Serv"
"TROW","2010-12-31",38.0472183227539,38.0943805026296,37.6109771541695,37.8232047147937,1177400,"TROW",0.00498307403291848,1.21122163813086,"Financial_Serv"
"TROW","2011-01-03",38.7781982421875,38.996319861576,38.2476351799123,38.2712162601946,2496500,"TROW",0.0192124405319912,1.23449216182451,"Financial_Serv"
"TROW","2011-01-04",37.8939208984375,38.530596454339,37.8172857750463,38.1120424771159,2078800,"TROW",-0.0228034664794709,1.20634146119318,"Financial_Serv"
"TROW","2011-01-05",38.4127082824707,38.4127082824707,37.9293028134035,37.9351992087323,1886700,"TROW",0.013690517416333,1.22285689997769,"Financial_Serv"
"TROW","2011-01-06",38.4127082824707,38.9609516119964,38.2889064687235,38.4598659522062,1563900,"TROW",0,1.22285689997769,"Financial_Serv"
"TROW","2011-01-07",38.1002578735352,38.7958840197311,37.7111812820053,38.4893389626964,1452200,"TROW",-0.00813403748150012,1.21291013611876,"Financial_Serv"
"TROW","2011-01-10",38.1592140197754,38.2889032225927,37.5402229940449,37.8644572451669,1281600,"TROW",0.00154739493984333,1.21478698712587,"Financial_Serv"
"TROW","2011-01-11",38.4421730041504,38.913785581229,38.2653216609691,38.3124793205722,1087400,"TROW",0.00741522045575575,1.22379490044219,"Financial_Serv"
"TROW","2011-01-12",39.2675094604492,39.2910905490921,38.636729956558,38.6662029441371,1444700,"TROW",0.0214695578267576,1.25006923582533,"Financial_Serv"
"TROW","2011-01-13",39.3441276550293,39.7744744662836,39.0906366834972,39.1967492878044,1533600,"TROW",0.00195118548726012,1.25250835277634,"Financial_Serv"
"TROW","2011-01-14",39.9100608825684,39.9454347498333,38.9609438179217,39.2085428982524,1884000,"TROW",0.0143841854240914,1.2705246651679,"Financial_Serv"
"TROW","2011-01-18",40.0043983459473,40.0397677272055,39.4620468443704,39.8334388404787,1324500,"TROW",0.00236375142740287,1.27352786965874,"Financial_Serv"
"TROW","2011-01-19",38.9196891784668,39.8452254286911,38.8430540231451,39.7568019793323,1544300,"TROW",-0.0271147476859968,1.23899648280186,"Financial_Serv"
"TROW","2011-01-20",38.6897583007812,39.4738121105721,38.5659610409664,39.0611545778557,1241100,"TROW",-0.00590782923859426,1.23167670315425,"Financial_Serv"
"TROW","2011-01-21",39.0552520751953,39.3500086946307,38.8312386635708,39.0021980425589,1189200,"TROW",0.00944678360543499,1.2433120864408,"Financial_Serv"
"TROW","2011-01-24",39.2144546508789,39.2203510480138,38.5011435170816,38.5188282108532,1271900,"TROW",0.00407634229007335,1.24838025207852,"Financial_Serv"
"TROW","2011-01-25",39.3971862792969,39.4089745697392,38.8135647057061,39.2026457547666,1452300,"TROW",0.00465980287230319,1.25419745796288,"Financial_Serv"
"TROW","2011-01-26",39.6683540344238,39.8039395868431,39.255691989044,39.6035072058303,1279200,"TROW",0.0068829218717442,1.26283000107778,"Financial_Serv"
"TROW","2011-01-27",40.1281852722168,40.2225095946223,39.5740411221625,39.7155276057708,1534400,"TROW",0.0115918910422633,1.27746858885517,"Financial_Serv"
"TROW","2011-01-28",38.8194694519043,40.6646498884749,38.2948027105338,40.6174877212966,2830200,"TROW",-0.0326133816277659,1.23580601824936,"Financial_Serv"
"TROW","2011-01-31",38.860710144043,39.1083046154897,38.3006743875378,38.854818250172,2165400,"TROW",0.00106237134924699,1.23711890315637,"Financial_Serv"
"TROW","2011-02-01",39.6212005615234,39.8511104595538,38.8843087094694,38.9078897884509,1737700,"TROW",0.0195696479725048,1.26132888459127,"Financial_Serv"
"TROW","2011-02-02",39.2144546508789,39.5092115407604,39.0847653973429,39.350044799183,1308700,"TROW",-0.0102658653670259,1.24838025207852,"Financial_Serv"
"TROW","2011-02-03",38.9786338806152,39.3500257630519,38.6190302891124,39.1613816246923,1170800,"TROW",-0.0060136185078475,1.24087296948979,"Financial_Serv"
"TROW","2011-02-04",38.9550552368164,39.4207714663677,38.8666273075745,39.0788525387025,1437000,"TROW",-0.000604912010796617,1.24012235052667,"Financial_Serv"
"TROW","2011-02-07",39.5033073425293,39.8275371218752,39.0257982711955,39.0729604383254,1511500,"TROW",0.0140739655579987,1.25757578977569,"Financial_Serv"
"TROW","2011-02-08",39.6447944641113,39.7921728821935,39.3795151106163,39.6447944641113,1008000,"TROW",0.00358165255266376,1.26207998931331,"Financial_Serv"
"TROW","2011-02-09",39.5740356445312,39.7862608429373,39.3677068398672,39.6094095093527,856300,"TROW",-0.00178481993756161,1.25982740378558,"Financial_Serv"
"TROW","2011-02-10",40.1281852722168,40.210716805506,39.3264465222949,39.3264465222949,1037300,"TROW",0.0140028586587207,1.27746858885517,"Financial_Serv"
"TROW","2011-02-11",40.6646461486816,40.8238128262304,39.857010976149,39.9867046751458,1057100,"TROW",0.0133686802138114,1.29454665790277,"Financial_Serv"
"TROW","2011-02-14",40.8650932312012,40.9594175906677,40.4406426088679,40.5408588675763,904200,"TROW",0.0049292715295404,1.30092782988723,"Financial_Serv"
"TROW","2011-02-15",40.7884407043457,41.0065578219319,40.5997965633255,40.6351659342571,953400,"TROW",-0.00187574579658473,1.29848761997866,"Financial_Serv"
"TROW","2011-02-16",41.5548057556152,41.7021841320337,40.8414949534656,40.9122381932936,1493700,"TROW",0.0187887803023537,1.32288461859576,"Financial_Serv"
"TROW","2011-02-17",41.4604873657227,41.5783882718779,41.1952035804265,41.5665999803148,882400,"TROW",-0.00226973482795869,1.31988202130357,"Financial_Serv"
"TROW","2011-02-18",41.914421081543,42.0264301182031,41.3190110148799,41.5607137786975,1214200,"TROW",0.0109485861035874,1.33433286326038,"Financial_Serv"
"TROW","2011-02-22",39.8688011169434,41.6432382218463,39.7626884944461,41.3131120619133,1846900,"TROW",-0.0488046813439205,1.26921117306224,"Financial_Serv"
"TROW","2011-02-23",39.0552520751953,40.1458506675806,38.6366982153125,39.8864679008652,2089700,"TROW",-0.0204056560256663,1.2433120864408,"Financial_Serv"
"TROW","2011-02-24",39.0847549438477,39.5858406231007,38.5954575580784,39.1672864911302,1931700,"TROW",0.000755413602133208,1.24425130130259,"Financial_Serv"
"TROW","2011-02-25",39.5681381225586,39.6447732397861,39.1377913931918,39.2556922654849,1985100,"TROW",0.0123675632457055,1.25963965796501,"Financial_Serv"
"TROW","2011-02-28",39.4856185913086,39.9690195105692,39.1849654288321,39.7332131968157,1868700,"TROW",-0.00208550452878029,1.25701267375369,"Financial_Serv"
"TROW","2011-03-01",38.5247192382812,39.6978502371574,38.4009219015023,39.5976339879981,1819000,"TROW",-0.0243354260945744,1.22642273473161,"Financial_Serv"
"TROW","2011-03-02",38.624927520752,38.8253644753614,38.1592157536255,38.548292375019,998000,"TROW",0.00260114244703251,1.22961283496493,"Financial_Serv"
"TROW","2011-03-03",39.8628997802734,39.9925889569436,38.984521530739,39.1377962819699,1206500,"TROW",0.0320511218786459,1.26902330580194,"Financial_Serv"
"TROW","2011-03-04",39.3441276550293,39.8275285196218,38.819461027519,39.7803708603093,1282800,"TROW",-0.0130139083735414,1.25250835277634,"Financial_Serv"
"TROW","2011-03-07",38.8725357055664,39.8688108229433,38.7546302642924,39.5151034943869,979200,"TROW",-0.0119863364006396,1.23749536631535,"Financial_Serv"
"TROW","2011-03-08",39.8393211364746,39.9041679775854,38.8371455450732,39.0375824624058,1328600,"TROW",0.0248706551646376,1.26827268683882,"Financial_Serv"
"TROW","2011-03-09",39.3146629333496,39.8688026520549,39.1849692233446,39.7509017325768,1850200,"TROW",-0.0131693560070393,1.25157035231183,"Financial_Serv"
"TROW","2011-03-10",37.9528694152832,38.7015539192578,37.8644460072493,38.6190224066728,1962500,"TROW",-0.0346383109115055,1.20821806932083,"Financial_Serv"
"TROW","2011-03-11",38.3379325866699,38.3912433634008,37.8048022223891,37.9825138502809,1120400,"TROW",0.0101458250013544,1.22047643841564,"Financial_Serv"
"TROW","2011-03-14",37.7277679443359,38.1601946035102,37.4730505306216,37.9587924490991,2092100,"TROW",-0.0159154289541982,1.20105203236976,"Financial_Serv"
"TROW","2011-03-15",36.7029914855957,37.0643350546525,36.1520910048528,36.3653430954238,3308100,"TROW",-0.0271623929688129,1.16842858509054,"Financial_Serv"
"TROW","2011-03-16",36.033618927002,37.1176473533323,35.8855274514046,36.6911431805091,2154800,"TROW",-0.0182375477175055,1.14711931301546,"Financial_Serv"
"TROW","2011-03-17",36.7207641601562,37.1235709044779,36.3475730000253,36.7563046689424,1335400,"TROW",0.0190695593064448,1.16899437278657,"Financial_Serv"
"TROW","2011-03-18",36.8688468933105,37.5559911030977,36.8096089598916,37.2420357052175,2061200,"TROW",0.00403267024913859,1.17370854161512,"Financial_Serv"
"TROW","2011-03-21",37.721866607666,37.792949894097,37.2420493399386,37.4197586858646,1531400,"TROW",0.0231365986797444,1.20086416510946,"Financial_Serv"
"TROW","2011-03-22",37.3368110656738,37.6566891007176,37.1827969708542,37.6566891007176,2143200,"TROW",-0.0102077541919396,1.18860603889411,"Financial_Serv"
"TROW","2011-03-23",37.7692413330078,37.8580971043438,36.7859142235325,37.1294874623557,1342400,"TROW",0.0115818746966193,1.20237232510023,"Financial_Serv"
"TROW","2011-03-24",38.207592010498,38.2609027602742,37.7159273387321,38.1720515106473,1224200,"TROW",0.0116060228381433,1.21632708576529,"Financial_Serv"
"TROW","2011-03-25",38.5452499389648,38.8888232545928,38.1542907848381,38.2905324145363,1365600,"TROW",0.00883745639803788,1.2270763233515,"Financial_Serv"
"TROW","2011-03-28",38.1661338806152,38.6577986463322,38.118743525497,38.6577986463322,954100,"TROW",-0.00983561032682178,1.21500727879374,"Financial_Serv"
"TROW","2011-03-29",38.6044769287109,38.6044769287109,37.8284792004879,38.1424323418486,1496900,"TROW",0.0114851310186893,1.22896179657935,"Financial_Serv"
"TROW","2011-03-30",39.2086906433105,39.6648102846583,38.6459404662387,38.6459404662387,1576300,"TROW",0.0156513897524213,1.24819675664845,"Financial_Serv"
"TROW","2011-03-31",39.3449363708496,39.3864017971484,38.8651215066222,39.0369081354007,1117400,"TROW",0.00347488593226736,1.25253409799883,"Financial_Serv"
"TROW","2011-04-01",40.2157135009766,40.2453335985129,39.7240488059836,39.7299737293694,1809000,"TROW",0.0221318728773471,1.28025502343028,"Financial_Serv"
"TROW","2011-04-04",39.8721466064453,40.3815816333552,39.7714454898079,40.3105006189726,895200,"TROW",-0.00854310080866543,1.26931767570431,"Financial_Serv"
"TROW","2011-04-05",39.8958358764648,39.9432262252976,39.3745555974817,39.6174232263129,1004900,"TROW",0.000594130791435791,1.27007181641956,"Financial_Serv"
"TROW","2011-04-06",40.2335014343262,40.3164323206053,39.9373184063596,40.067639661768,961600,"TROW",0.00846367923978056,1.28082129688522,"Financial_Serv"
"TROW","2011-04-07",40.2335014343262,40.4349082434285,39.8247719289204,40.1031801789178,998600,"TROW",0,1.28082129688522,"Financial_Serv"
"TROW","2011-04-08",40.1920127868652,40.6303621497502,40.0261511100651,40.5711264822347,1163800,"TROW",-0.00103119653974587,1.27950051839584,"Financial_Serv"
"TROW","2011-04-11",39.8662300109863,40.4585959575425,39.6411280588831,40.4289758524573,1002900,"TROW",-0.00810565963955336,1.2691293226851,"Financial_Serv"
"TROW","2011-04-12",39.4041709899902,39.712203736557,39.1198379371204,39.623347962763,881300,"TROW",-0.0115902361690273,1.25441981410614,"Financial_Serv"
"TROW","2011-04-13",39.7358894348145,39.9787570045814,39.3745460217784,39.6944240195181,1269600,"TROW",0.00841835867853899,1.26497997003475,"Financial_Serv"
"TROW","2011-04-14",39.4278717041016,39.6115082009156,39.2620099800577,39.5878130232817,790400,"TROW",-0.00775162542210574,1.25517431914057,"Financial_Serv"
"TROW","2011-04-15",39.6944389343262,39.7536746185223,39.244239599528,39.5285772108197,998400,"TROW",0.00676088306833156,1.26366040594266,"Financial_Serv"
"TROW","2011-04-18",38.9006538391113,39.1553712669895,38.4563795709093,39.0665155094708,1302200,"TROW",-0.019997387959763,1.23839049855563,"Financial_Serv"
"TROW","2011-04-19",39.1198310852051,39.2027619210493,38.7584876492874,39.0605954195151,1096000,"TROW",0.00563428180411163,1.24536793960802,"Financial_Serv"
"TROW","2011-04-20",39.3153228759766,39.6707414801498,39.0724507094993,39.2442373473848,2157200,"TROW",0.00499725549289037,1.2515913613849,"Financial_Serv"
"TROW","2011-04-21",37.9588088989258,38.3438476473624,37.5204571277778,38.053585095194,2986400,"TROW",-0.0345034423685141,1.20840715097843,"Financial_Serv"
"TROW","2011-04-25",37.5026779174805,37.9884154110676,37.3427388875414,37.8936392374328,2567700,"TROW",-0.0120164724520168,1.19388635973787,"Financial_Serv"
"TROW","2011-04-26",37.7337074279785,37.9410368441043,37.5382256007482,37.5559981139396,3500000,"TROW",0.00616034702925471,1.20124111402735,"Financial_Serv"
"TROW","2011-04-27",38.4682388305664,38.486009082541,37.638925756406,37.7988648032668,2654500,"TROW",0.019466186936173,1.22462469810843,"Financial_Serv"
"TROW","2011-04-28",38.2786865234375,38.4860136869337,37.9469585424504,38.4504731787324,1701400,"TROW",-0.00492750156730051,1.21859035798914,"Financial_Serv"
"TROW","2011-04-29",38.0595016479492,38.3201440392925,37.9114102018482,38.1898228436208,1118600,"TROW",-0.00572602916649393,1.21161267405729,"Financial_Serv"
"TROW","2011-05-02",37.8640213012695,38.2964503289406,37.7396250241185,38.2727551543319,1385000,"TROW",-0.00513617725444444,1.2053896165996,"Financial_Serv"
"TROW","2011-05-03",37.313117980957,37.7929327716023,37.0998659585832,37.7929327716023,2100000,"TROW",-0.014549519606731,1.18785177673913,"Financial_Serv"
"TROW","2011-05-04",37.1887283325195,37.4256755827226,36.7622264457291,37.3190495461008,2027200,"TROW",-0.00333367070800631,1.18389187006556,"Financial_Serv"
"TROW","2011-05-05",37.0050926208496,37.6803892780821,36.8214584075142,36.9577022717194,1700000,"TROW",-0.00493794006689232,1.1780458829655,"Financial_Serv"
"TROW","2011-05-06",37.0347175598145,37.8640284913303,37.0110223807063,37.5204574330485,1714600,"TROW",0.000800563837750059,1.17898898389861,"Financial_Serv"
"TROW","2011-05-09",37.0998725891113,37.1413380164619,36.6496732925963,36.9340086200128,1346800,"TROW",0.00175929596848265,1.18106317446487,"Financial_Serv"
"TROW","2011-05-10",37.4849243164062,37.5856277236978,37.1413531696581,37.2598268360081,1171800,"TROW",0.0103787884006894,1.19332117924049,"Financial_Serv"
"TROW","2011-05-11",36.8273963928223,37.4908479984881,36.6259941043168,37.4138397789613,1400000,"TROW",-0.0175411298161859,1.17238897752303,"Financial_Serv"
"TROW","2011-05-12",37.1887283325195,37.2301937623506,36.4364234117758,36.7089134274182,1300000,"TROW",0.00981149837048187,1.18389187006556,"Financial_Serv"
"TROW","2011-05-13",36.726692199707,37.2716678380159,36.6082185471234,37.2005845503445,1507600,"TROW",-0.0124240906728847,1.16918309012498,"Financial_Serv"
"TROW","2011-05-16",36.6496734619141,37.2064987912448,36.5489723549393,36.5904377824814,1377700,"TROW",-0.00209707798824265,1.16673122200245,"Financial_Serv"
"TROW","2011-05-17",36.8333129882812,36.9340141097587,36.3298028615009,36.4660467515744,1896400,"TROW",0.00501067292067482,1.17257733054225,"Financial_Serv"
"TROW","2011-05-18",37.4849243164062,37.6507883531752,36.6911536894674,36.8984831705043,1792100,"TROW",0.0176908150600603,1.19332117924049,"Financial_Serv"
"TROW","2011-05-19",37.7514839172363,37.9706586987642,37.5678496485689,37.6744757065439,1437200,"TROW",0.00711111481992272,1.20180702316311,"Financial_Serv"
"TROW","2011-05-20",37.265739440918,37.7337090538179,37.1176479628886,37.5974651651945,1611900,"TROW",-0.012866897560458,1.18634349530863,"Financial_Serv"
"TROW","2011-05-23",36.6852226257324,36.8807022097219,36.4423526821718,36.7740784200801,1500000,"TROW",-0.0155777618771234,1.16786291883424,"Financial_Serv"
"TROW","2011-05-24",36.8570022583008,37.0228639657646,36.5489717589421,36.779994068537,1487200,"TROW",0.00468252937486242,1.17333147125749,"Financial_Serv"
"TROW","2011-05-25",36.7977828979492,37.0169599902621,36.4660593155469,36.6556162939761,1064000,"TROW",-0.00160673296044377,1.1714462409091,"Financial_Serv"
"TROW","2011-05-26",36.7977828979492,36.9458744285781,36.3120428582623,36.6378437737063,1676600,"TROW",0,1.1714462409091,"Financial_Serv"
"TROW","2011-05-27",36.9873161315918,37.1887205743392,36.8629198680497,36.9636232192714,1022000,"TROW",0.00515066992400624,1.17747997382974,"Financial_Serv"
"TROW","2011-05-31",37.4967613220215,37.59746470088,37.1354177585409,37.4079077921192,1497800,"TROW",0.0137735105898791,1.19369800671865,"Financial_Serv"
"TROW","2011-06-01",35.2576103210449,36.566738108863,35.2042973122349,36.306097987845,4202100,"TROW",-0.0597158507036588,1.12241531476419,"Financial_Serv"
"TROW","2011-06-02",35.488639831543,35.6248837129757,35.0384427563608,35.3109305192262,2409700,"TROW",0.00655261398587038,1.12977006905367,"Financial_Serv"
"TROW","2011-06-03",34.9318161010742,35.382013168318,34.7422592033193,35.1569135048479,2459800,"TROW",-0.0156901964434781,1.11204375473425,"Financial_Serv"
"TROW","2011-06-06",34.3809242248535,34.9495950597699,34.2979933438903,34.8133511468023,2522400,"TROW",-0.0157704905644388,1.09450627919297,"Financial_Serv"
"TROW","2011-06-07",34.6356544494629,35.1095469850569,34.4994104867107,34.7008150968004,1632100,"TROW",0.00740905692189723,1.10261553851689,"Financial_Serv"
"TROW","2011-06-08",33.818172454834,34.6474856955532,33.788554609029,34.4283086652637,2973100,"TROW",-0.0236023256272434,1.07659124753515,"Financial_Serv"
"TROW","2011-06-09",34.4342308044434,34.5586271025783,33.7826269509667,34.0373444717363,2627900,"TROW",0.0182167841988551,1.09620327796188,"Financial_Serv"
"TROW","2011-06-10",33.7731666564941,34.3389316822131,33.6183268260355,34.2376906914923,2789200,"TROW",-0.019197877591734,1.07515850161591,"Financial_Serv"
"TROW","2011-06-13",33.7553100585938,34.1066798182619,33.5826023880187,33.9280177291688,2156400,"TROW",-0.000528721457540821,1.07459004224585,"Financial_Serv"
"TROW","2011-06-14",34.4044494628906,34.6188448706682,34.059034134402,34.207919581824,1848600,"TROW",0.0192307344583733,1.09525519799989,"Financial_Serv"
"TROW","2011-06-15",33.7433967590332,34.2912963714009,33.5230469391845,34.0649898616091,2320600,"TROW",-0.0192141631148741,1.07421078597311,"Financial_Serv"
"TROW","2011-06-16",33.8208122253418,33.9994742732516,33.380110386807,33.6183279652276,2770700,"TROW",0.00229424046611044,1.07667528382742,"Financial_Serv"
"TROW","2011-06-17",34.0828666687012,34.4401932137699,33.9518467083281,34.3151276734991,1627700,"TROW",0.00774831904134516,1.08501770743044,"Financial_Serv"
"TROW","2011-06-20",34.3448905944824,34.4044461307702,33.9339676172484,34.047119728478,1165400,"TROW",0.00768784880474478,1.09335915951564,"Financial_Serv"
"TROW","2011-06-21",34.9761810302734,35.2799087193873,34.5176134223379,34.5295245348338,2080400,"TROW",0.0183809127024103,1.11345609877908,"Financial_Serv"
"TROW","2011-06-22",34.261531829834,35.035738276588,34.2555774092061,34.7796550251501,1721100,"TROW",-0.0204324537267489,1.09070545856401,"Financial_Serv"
"TROW","2011-06-23",33.9935340881348,34.0471306803169,33.314614386937,33.8625141379684,2391300,"TROW",-0.0078221179085126,1.08217383186366,"Financial_Serv"
"TROW","2011-06-24",33.6540679931641,34.0888155305767,33.4218070417154,34.041171093453,2065100,"TROW",-0.00998619602453137,1.07136703184605,"Financial_Serv"
"TROW","2011-06-27",34.3508491516113,34.4520901610877,33.4932698287456,33.4932698287456,1746500,"TROW",0.0207042179444339,1.09354884837187,"Financial_Serv"
"TROW","2011-06-28",34.8570594787598,34.976168288515,34.3746720933778,34.4461364705063,1512400,"TROW",0.0147364720130854,1.10966390037085,"Financial_Serv"
"TROW","2011-06-29",35.3037071228027,35.3692170656359,34.9046953209078,35.0952684608891,1915400,"TROW",0.0128136925696539,1.12388279244584,"Financial_Serv"
"TROW","2011-06-30",35.935001373291,35.9886002396925,35.2382161100721,35.7742047740867,2202300,"TROW",0.0178818119097903,1.14397985314901,"Financial_Serv"
"TROW","2011-07-01",36.3280448913574,36.4114203686019,35.6789043261968,35.964764078954,1732100,"TROW",0.0109376235716117,1.15649227415626,"Financial_Serv"
"TROW","2011-07-05",36.1910667419434,36.4769264644762,35.8456514906675,36.3339954673042,1739800,"TROW",-0.00377058963188658,1.15213161637797,"Financial_Serv"
"TROW","2011-07-06",36.3280448913574,36.3578215229717,35.6848587437951,36.0600506632064,1661100,"TROW",0.00378486078873472,1.15649227415626,"Financial_Serv"
"TROW","2011-07-07",36.8461761474609,37.0724827020709,36.637737394407,36.7747117566728,1487500,"TROW",0.0142625692533974,1.17298682530743,"Financial_Serv"
"TROW","2011-07-08",36.2744674682617,36.411441872029,35.8218564937181,36.2089574769355,1651600,"TROW",-0.015516092549501,1.15478665316662,"Financial_Serv"
"TROW","2011-07-11",34.8630142211914,35.8754356398367,34.7498598359299,35.7503701470838,1735400,"TROW",-0.038910378169032,1.10985346778735,"Financial_Serv"
"TROW","2011-07-12",34.9821319580078,35.5657627432597,34.8392009034221,34.8392009034221,1812600,"TROW",0.00341673660403124,1.11364554475585,"Financial_Serv"
"TROW","2011-07-13",35.0774116516113,35.9647676290896,34.928526207032,35.2143859880069,1957100,"TROW",0.00272366743450309,1.11667874485969,"Financial_Serv"
"TROW","2011-07-14",34.8034515380859,35.297752174336,34.5592795641751,35.2262878158724,2197600,"TROW",-0.00781015760930028,1.10795730786338,"Financial_Serv"
"TROW","2011-07-15",34.7439002990723,35.1012243839186,34.2079118999916,34.9642500756671,2112800,"TROW",-0.00171107279255059,1.10606151225858,"Financial_Serv"
"TROW","2011-07-18",34.0947761535645,34.6128970066029,33.7314952057308,34.5295214982763,1778900,"TROW",-0.0186831109898489,1.08539684226346,"Financial_Serv"
"TROW","2011-07-19",34.7260360717773,34.7617671185082,34.1066721812488,34.2019587588831,1292000,"TROW",0.0185148573895798,1.10549281000906,"Financial_Serv"
"TROW","2011-07-20",34.4163551330566,34.8987424525208,34.2972463395775,34.7319915047368,1279400,"TROW",-0.00891783151064535,1.09563421139317,"Financial_Serv"
"TROW","2011-07-21",35.8635368347168,36.2685055410925,34.3985019160931,34.3985019160931,2851700,"TROW",0.0420492436245856,1.14170480127148,"Financial_Serv"
"TROW","2011-07-22",35.9230766296387,36.1970252775942,35.7265490419528,35.9349877367426,1438900,"TROW",0.00166017632885106,1.14360023255708,"Financial_Serv"
"TROW","2011-07-25",35.7146453857422,36.0719695861596,35.3275422754467,35.5538488140108,1832700,"TROW",-0.00580215458841062,1.13696488722044,"Financial_Serv"
"TROW","2011-07-26",35.768238067627,36.3578231237055,35.5002438276769,35.8397024410098,2430100,"TROW",0.0015005799807314,1.138670993969,"Financial_Serv"
"TROW","2011-07-27",33.3324737548828,35.7146408463892,33.0287461785013,35.5181109708704,4823300,"TROW",-0.0680985266352468,1.06112917695742,"Financial_Serv"
"TROW","2011-07-28",33.5945167541504,34.3448985098222,33.2371925413185,33.2848347095171,2641000,"TROW",0.00786149270511889,1.06947123624126,"Financial_Serv"
"TROW","2011-07-29",33.8267631530762,34.3031959889596,33.0049150912954,33.1954904974598,2590700,"TROW",0.00691322338777469,1.0768647298042,"Financial_Serv"
"TROW","2011-08-01",33.7493553161621,34.5176048425961,33.3979878080259,34.2198339196507,2373300,"TROW",-0.00228836074453145,1.07440047482934,"Financial_Serv"
"TROW","2011-08-02",32.683349609375,33.8148781852307,32.6773929164286,33.3801327444647,2104300,"TROW",-0.0315859576220294,1.04046450696229,"Financial_Serv"
"TROW","2011-08-03",32.9572830200195,33.1240339956087,31.9746381497283,32.7250220835028,2977600,"TROW",0.00838143623338886,1.0491850938805,"Financial_Serv"
"TROW","2011-08-04",31.0396194458008,32.7726449581201,30.9919773115905,32.5106075404376,3768000,"TROW",-0.0581863369335963,0.988136856502264,"Financial_Serv"
"TROW","2011-08-05",30.6763515472412,31.6828184604153,29.9974343820299,31.4981997180918,3562900,"TROW",-0.0117033618660784,0.976572333297409,"Financial_Serv"
"TROW","2011-08-08",28.1274433135986,30.5453442152968,27.9547356195176,29.8247390705185,6726100,"TROW",-0.0830903319684966,0.895428613932478,"Financial_Serv"
"TROW","2011-08-09",30.9622097015381,31.0634506860704,28.4787999745704,28.722971946937,6860300,"TROW",0.100782938439661,0.985672540807545,"Financial_Serv"
"TROW","2011-08-10",29.2053718566895,30.5572520819374,28.9433319978147,30.0331746359998,5741600,"TROW",-0.0567413586363431,0.929744141671589,"Financial_Serv"
"TROW","2011-08-11",30.7775974273682,31.2659414743657,28.9909722002616,29.2113220088308,4561300,"TROW",0.0538334378481332,0.979795465136933,"Financial_Serv"
"TROW","2011-08-12",30.3488063812256,31.647087550013,30.2118320542926,31.0932335526949,3895500,"TROW",-0.0139319206820636,0.966145032431999,"Financial_Serv"
"TROW","2011-08-15",30.932445526123,31.0575110519346,30.3130836755394,30.6584967968445,2548400,"TROW",0.0192310411673558,0.984725007324335,"Financial_Serv"
"TROW","2011-08-16",30.491735458374,30.8847928890377,29.9736148160927,30.4440910319608,3610700,"TROW",-0.0142475016201624,0.970695136187067,"Financial_Serv"
"TROW","2011-08-17",30.3607158660889,30.8252376692817,30.170142702122,30.6108445636774,2852000,"TROW",-0.00429688865902757,0.966524167265012,"Financial_Serv"
"TROW","2011-08-18",28.038106918335,29.3006548029388,27.6986460278885,29.3006548029388,5819100,"TROW",-0.0765004671825977,0.892584616925967,"Financial_Serv"
"TROW","2011-08-19",27.6569595336914,28.9731085982723,27.5616729394595,27.7820250344677,4422300,"TROW",-0.0135939058137449,0.880450905712678,"Financial_Serv"
"TROW","2011-08-22",27.9249496459961,28.7289322953444,27.7522420096385,28.3596948096535,3805400,"TROW",0.00968978936307966,0.888982289533567,"Financial_Serv"
"TROW","2011-08-23",29.4138145446777,29.4197712359871,27.8058509347767,28.0500230267823,3256700,"TROW",0.0533166547319134,0.936379851327414,"Financial_Serv"
"TROW","2011-08-24",29.979564666748,30.3309343066822,29.0266990017457,29.3542464321021,3004800,"TROW",0.0192341636346069,0.954390334611994,"Financial_Serv"
"TROW","2011-08-25",29.4435863494873,31.12897076689,29.1875031887384,30.1582369778142,2679800,"TROW",-0.0178781220881177,0.937327627690081,"Financial_Serv"
"TROW","2011-08-26",30.1880168914795,30.5810744389609,28.4609468133147,29.0981764392041,3057900,"TROW",0.0252832835360476,0.96102634786714,"Financial_Serv"
"TROW","2011-08-29",31.5577602386475,31.5637146569101,30.6287142346674,30.7597341545626,1946700,"TROW",0.045373743896194,1.00463171125276,"Financial_Serv"
"TROW","2011-08-30",31.5160675048828,31.7542851074498,30.8609725055407,31.2123422198308,1936400,"TROW",-0.00132115630036346,1.00330443573789,"Financial_Serv"
"TROW","2011-08-31",31.8495845794678,32.2843299489973,31.6232779926537,31.8495845794678,2462300,"TROW",0.0105824457487689,1.01392185049859,"Financial_Serv"
"TROW","2011-09-01",31.0753726959229,31.9865509637053,31.0694160054418,31.7662011239551,2036300,"TROW",-0.0243083824724052,0.989275050359539,"Financial_Serv"
"TROW","2011-09-02",29.8783283233643,30.575113347923,29.7413539943236,30.3190302152523,1929600,"TROW",-0.0385206763011936,0.951167506371792,"Financial_Serv"
"TROW","2011-09-06",29.4078598022461,29.4495475537055,28.5621891187589,28.8420945401107,2571100,"TROW",-0.0157461460369008,0.936190283910907,"Financial_Serv"
"TROW","2011-09-07",30.7597332000732,30.8371519941439,29.8783293849798,30.0153059906989,2395900,"TROW",0.0459697987856939,0.979226762887413,"Financial_Serv"
"TROW","2011-09-08",30.104642868042,30.7656947466233,30.0331784754908,30.3190383175075,2253400,"TROW",-0.0212970095602029,0.958372161156594,"Financial_Serv"
"TROW","2011-09-09",29.437629699707,30.2177902316707,29.2351454082255,29.711578367061,3217800,"TROW",-0.0221564883283514,0.937137999553711,"Financial_Serv"
"TROW","2011-09-12",29.8331680297852,29.8631348735311,28.8083650713916,28.8802804668536,2654800,"TROW",0.0134364870444057,0.949729842143534,"Financial_Serv"
"TROW","2011-09-13",30.1807651519775,30.4264781971944,29.5155414162041,29.9770029472014,2316500,"TROW",0.0116513647442788,0.960795490942875,"Financial_Serv"
"TROW","2011-09-14",30.5523338317871,30.9898228453556,29.611432395483,30.3605578884735,2610500,"TROW",0.0123114400161331,0.972624266997389,"Financial_Serv"
"TROW","2011-09-15",31.7629051208496,31.7748913971198,30.7680670519067,30.8519686996497,2446000,"TROW",0.0396228744988052,1.01116243626312,"Financial_Serv"
"TROW","2011-09-16",31.7808895111084,31.9786596784218,31.115665909998,31.8767774535834,2773200,"TROW",0.000566207347544663,1.01173496386409,"Financial_Serv"
"TROW","2011-09-19",30.8400001525879,31.277489200285,30.3066231257538,31.1696149379871,2728900,"TROW",-0.0296055073660427,0.981782036938931,"Financial_Serv"
"TROW","2011-09-20",30.750093460083,31.4572678646031,30.7321128998672,31.0137847197105,1828600,"TROW",-0.00291526238845814,0.97891988469298,"Financial_Serv"
"TROW","2011-09-21",29.2638339996338,30.9538606196179,29.2578397165432,30.7261258713071,3121400,"TROW",-0.0483334940877024,0.931605266233837,"Financial_Serv"
"TROW","2011-09-22",28.1491374969482,28.4607739458231,27.41799035589,28.3289271404127,6098900,"TROW",-0.0380912666023015,0.896119241669616,"Financial_Serv"
"TROW","2011-09-23",28.1131801605225,28.7184725260618,27.8075379788669,28.1611252872956,4051000,"TROW",-0.00127738679132458,0.894974550786855,"Financial_Serv"
"TROW","2011-09-26",28.9282150268555,28.9521875786407,27.7356068662473,28.4967182393151,3610100,"TROW",0.0289912013397015,0.920920938182626,"Financial_Serv"
"TROW","2011-09-27",29.6713600158691,30.6002774089929,29.1979144657806,29.4136629626055,3633800,"TROW",0.0256892790766307,0.944578733171112,"Financial_Serv"
"TROW","2011-09-28",29.0181159973145,30.0009702934593,28.9342143310195,29.6653613421306,3059500,"TROW",-0.0220159783105767,0.923782908268985,"Financial_Serv"
"TROW","2011-09-29",29.7792358398438,29.9650197855279,28.8682989640258,29.755265561489,2953400,"TROW",0.0262291267496393,0.948012927259122,"Financial_Serv"
"TROW","2011-09-30",28.6285648345947,29.4915561189033,28.6285648345947,29.1319769886451,3457400,"TROW",-0.0386400447425,0.911381665333362,"Financial_Serv"
"TROW","2011-10-03",27.501895904541,28.784398437395,27.3820353633262,28.3588956879247,3579800,"TROW",-0.0393547122101016,0.875514502180604,"Financial_Serv"
"TROW","2011-10-04",29.0420951843262,29.0600757498857,26.7767405326759,27.1003632789544,3770600,"TROW",0.05600338555317,0.924546278403616,"Financial_Serv"
"TROW","2011-10-05",29.3896942138672,29.6234210203798,28.6046098121135,28.9761754458989,2659600,"TROW",0.0119688000240634,0.935611987922821,"Financial_Serv"
"TROW","2011-10-06",30.2047252655029,30.2406818075478,28.6105871273105,29.2158792085987,2567100,"TROW",0.0277318656568798,0.961558253878863,"Financial_Serv"
"TROW","2011-10-07",29.4016895294189,30.5283730600731,29.3357660947864,30.4264930510231,2727900,"TROW",-0.0265864274223722,0.935993855149729,"Financial_Serv"
"TROW","2011-10-10",31.0377597808838,31.0617323390071,30.0429214802567,30.066891752231,2185500,"TROW",0.055645450232641,0.988077654634521,"Financial_Serv"
"TROW","2011-10-11",31.019775390625,31.2594963699727,30.5882808284074,30.8100212483073,2281100,"TROW",-0.000579435835116737,0.987505127033548,"Financial_Serv"
"TROW","2011-10-12",32.044605255127,32.6199333083326,31.1756188888047,31.2535286104316,4143400,"TROW",0.0330379524544102,1.02013027446897,"Financial_Serv"
"TROW","2011-10-13",31.3673896789551,31.8048787893874,30.6362423043461,31.649061658252,2864100,"TROW",-0.021133528429517,0.998571322311668,"Financial_Serv"
"TROW","2011-10-14",32.1105155944824,32.715807974954,31.6130951796126,32.0206196226398,2533600,"TROW",0.0236910346424497,1.02222851010151,"Financial_Serv"
"TROW","2011-10-17",31.0137977600098,31.9966501155092,30.9119177825945,31.9007621365861,2098700,"TROW",-0.0341544760078878,0.987314830978669,"Financial_Serv"
"TROW","2011-10-18",32.326244354248,32.5779515677847,30.8939175792521,31.2355184299353,2822800,"TROW",0.0423181515657716,1.02909616963916,"Financial_Serv"
"TROW","2011-10-19",31.5771160125732,32.488052282168,31.4812281045184,32.2723039175077,3410000,"TROW",-0.0231739986082349,1.0052478964362,"Financial_Serv"
"TROW","2011-10-20",31.6310749053955,31.9067548314445,31.0018099321819,31.5531674981302,3369100,"TROW",0.00170879737088024,1.00696566139871,"Financial_Serv"
"TROW","2011-10-21",32.8776206970215,32.9135772583092,32.0505854951586,32.1225009038838,2424400,"TROW",0.0394088975905572,1.04664906802598,"Financial_Serv"
"TROW","2011-10-24",33.5548286437988,33.656708609109,32.6858426520995,32.8176871786098,2360200,"TROW",0.0205978392724354,1.06820777730383,"Financial_Serv"
"TROW","2011-10-25",30.6122627258301,31.5831286447947,30.1987440245651,30.3785336708697,4168300,"TROW",-0.0876942615086952,0.974532085135323,"Financial_Serv"
"TROW","2011-10-26",30.576301574707,31.03776307996,29.8451544772739,31.0137905192886,3244100,"TROW",-0.00117473025255018,0.973387272812834,"Financial_Serv"
"TROW","2011-10-27",34.0462493896484,34.297954407382,32.5779632610886,32.5779632610886,3868300,"TROW",0.11348487672596,1.08385200747462,"Financial_Serv"
"TROW","2011-10-28",33.8844375610352,34.1601151344974,33.4769131975913,33.8125198831457,1986600,"TROW",-0.00475270643651219,1.07870077706247,"Financial_Serv"
"TROW","2011-10-31",31.6670341491699,33.2971320161846,31.5771381720935,33.1592931945105,3427800,"TROW",-0.0654401716974373,1.00811041300134,"Financial_Serv"
"TROW","2011-11-01",29.7492637634277,30.8819408594531,29.6833403707661,30.2287035016727,4748500,"TROW",-0.0605604672893706,0.947058775310697,"Financial_Serv"
"TROW","2011-11-02",30.666202545166,31.0018116159777,30.1268335186095,30.5403500009178,2843800,"TROW",0.0308222344267061,0.976249242899193,"Financial_Serv"
"TROW","2011-11-03",31.6490440368652,31.9067433029224,30.1987363800216,31.1636100571916,2570800,"TROW",0.0320496641294814,1.00753770324077,"Financial_Serv"
"TROW","2011-11-04",31.6190872192383,31.7149751891271,30.7860600521763,31.1815982137363,2704800,"TROW",-0.000946531515835329,1.00658403705126,"Financial_Serv"
"TROW","2011-11-07",31.768913269043,31.882781808433,31.1995797166912,31.708984143369,2362400,"TROW",0.00473846853218228,1.01135370383583,"Financial_Serv"
"TROW","2011-11-08",32.5599937438965,32.6558817220888,31.8408327643795,31.9726773055503,2311600,"TROW",0.0249010870517998,1.0365375104552,"Financial_Serv"
"TROW","2011-11-09",30.8160247802734,31.6071033938084,30.7800682202147,31.4692622930849,3044700,"TROW",-0.0535617106483616,0.981018788244029,"Financial_Serv"
"TROW","2011-11-10",31.2535133361816,31.6370651842022,30.9898197260555,31.4992263817041,1964900,"TROW",0.0141967875164826,0.994946103530406,"Financial_Serv"
"TROW","2011-11-11",32.5599937438965,32.6798520020245,31.7149779355055,31.8588110458688,2124100,"TROW",0.0418026733078471,1.0365375104552,"Financial_Serv"
"TROW","2011-11-14",32.5240249633789,32.6558717504393,32.374199900319,32.4521095732319,2420400,"TROW",-0.00110469248859486,1.03539245525326,"Financial_Serv"
"TROW","2011-11-15",32.7937049865723,32.9854808519553,32.1584460036482,32.344229873428,1827700,"TROW",0.00829171738421094,1.04397763687396,"Financial_Serv"
"TROW","2011-11-16",32.044605255127,32.8896190476947,31.9367309593821,32.2783321338573,1989700,"TROW",-0.0228427904609144,1.02013027446897,"Financial_Serv"
"TROW","2011-11-17",31.4752674102783,32.2064148651108,31.3314342620907,31.9666937135148,2591600,"TROW",-0.0177670419190931,1.00200557711954,"Financial_Serv"
"TROW","2011-11-18",31.463264465332,31.7868871627941,31.2415240035076,31.7569226062474,1726600,"TROW",-0.0003813452889798,1.00162346701318,"Financial_Serv"
"TROW","2011-11-21",30.7201271057129,30.9838206556431,30.4084930149479,30.9238892642277,2120700,"TROW",-0.0236192071054156,0.977965914904148,"Financial_Serv"
"TROW","2011-11-22",30.5463390350342,30.8939320431369,30.1867574596545,30.6002761570337,2058000,"TROW",-0.00565714035233898,0.972433424463731,"Financial_Serv"
"TROW","2011-11-23",29.6294116973877,30.2526846777225,29.5754745685866,30.1867612662824,2354800,"TROW",-0.030017585301952,0.943243321194422,"Financial_Serv"
"TROW","2011-11-25",29.7312984466553,30.3066263833176,29.5934596047143,29.6653750252596,912300,"TROW",0.00343870308017493,0.946486854908368,"Financial_Serv"
"TROW","2011-11-28",31.6550369262695,31.6550369262695,31.0737149906904,31.1576189405004,2103300,"TROW",0.0647041528665787,1.00772848505457,"Financial_Serv"
"TROW","2011-11-29",31.8887767791748,32.1105195943683,31.4932385688658,31.798883082284,1904200,"TROW",0.00738397031251921,1.01516952227129,"Financial_Serv"
"TROW","2011-11-30",34.0162887573242,34.1001927313694,33.2731575621204,33.3630512479445,3191200,"TROW",0.0667166380473647,1.08289821984538,"Financial_Serv"
"TROW","2011-12-01",33.9084129333496,34.0702220066517,33.2791457734334,33.8125226882087,1648800,"TROW",-0.00317129904276762,1.07946402575737,"Financial_Serv"
"TROW","2011-12-02",34.4597663879395,35.4126539325476,34.3399058737081,34.4058292708428,1892900,"TROW",0.0162600784552667,1.09701619550582,"Financial_Serv"
"TROW","2011-12-05",34.7654075622559,35.5504917368346,34.4238065921767,35.2628278823548,2516200,"TROW",0.00886950801916572,1.10674618944901,"Financial_Serv"
"TROW","2011-12-06",34.6635437011719,34.9332294043282,34.3579014283615,34.7654236967253,2085900,"TROW",-0.00293003500394962,1.10350338437344,"Financial_Serv"
"TROW","2011-12-07",35.5684814453125,35.6883419947405,34.1421479941835,34.5736427715146,6554500,"TROW",0.0261063251911556,1.13231180257543,"Financial_Serv"
"TROW","2011-12-08",34.1541137695312,35.3587059669052,34.0462395684353,35.3227471378238,3187900,"TROW",-0.0397646348201814,1.08728583724344,"Financial_Serv"
"TROW","2011-12-09",34.7354545593262,34.8613071088676,33.728629590695,33.9443781248517,2766000,"TROW",0.01702110597036,1.10579264469923,"Financial_Serv"
"TROW","2011-12-12",33.8798637390137,34.1992001532161,33.4038700774513,34.1088230936861,2037500,"TROW",-0.0246316287253763,1.07855517082775,"Financial_Serv"
"TROW","2011-12-13",33.1568260192871,34.2052166099825,32.8194147520983,33.952155861149,2152100,"TROW",-0.0213412227775274,1.05553748464926,"Financial_Serv"
"TROW","2011-12-14",32.6145668029785,33.2291404666099,32.4639360706701,33.0604324834835,2837700,"TROW",-0.0163543765013323,1.03827482721404,"Financial_Serv"
"TROW","2011-12-15",32.5362319946289,33.1387548093443,32.4880290661995,33.0363270340949,1708800,"TROW",-0.00240183500896463,1.03578106238511,"Financial_Serv"
"TROW","2011-12-16",32.7049446105957,33.1508125997312,32.4217603903262,32.8314761754423,3122800,"TROW",0.00518537659783862,1.04115197726648,"Financial_Serv"
"TROW","2011-12-19",32.343433380127,32.9760820421982,32.2771554853346,32.8194270805058,2479500,"TROW",-0.011053717863556,1.0296433770567,"Financial_Serv"
"TROW","2011-12-20",34.0124206542969,34.078698545899,33.0062061424549,33.0785105506259,1930700,"TROW",0.0516020440549584,1.08277507996047,"Financial_Serv"
"TROW","2011-12-21",34.0786933898926,34.4040539836656,33.2110590106517,34.0425411912768,2067700,"TROW",0.0019484862976764,1.08488485236724,"Financial_Serv"
"TROW","2011-12-22",34.2413711547852,34.5968573932994,34.1027888908777,34.2775210510723,1665700,"TROW",0.00477359161137401,1.09006364959781,"Financial_Serv"
"TROW","2011-12-23",34.639045715332,34.6510941518098,34.0063947734431,34.3438084558877,1197300,"TROW",0.0116138620369267,1.10272349843571,"Financial_Serv"
"TROW","2011-12-27",34.5968551635742,34.9523436776197,34.3498209282845,34.6209566251737,843800,"TROW",-0.00121800560282577,1.10138037503624,"Financial_Serv"
"TROW","2011-12-28",33.9160118103027,34.6872403235329,33.8798596118292,34.6330131750438,1313400,"TROW",-0.0196793422423065,1.07970593369695,"Financial_Serv"
"TROW","2011-12-29",34.560718536377,34.6269964319965,33.988321245095,34.1088263009085,1029800,"TROW",0.0190089191406159,1.10022997648623,"Financial_Serv"
"TROW","2011-12-30",34.3136749267578,34.6992891623244,34.2775227302576,34.6450620167953,1115700,"TROW",-0.00714810397703724,1.09236541821566,"Financial_Serv"
"TROW","2012-01-03",34.6992950439453,35.5910286894549,34.6571186234338,35.2536150269205,1657400,"TROW",0.0112380885466393,1.10464151751085,"Financial_Serv"
"TROW","2012-01-04",34.6330261230469,34.7716061546752,34.2353609849351,34.4823953540887,1192500,"TROW",-0.00190980597198042,1.10253186654381,"Financial_Serv"
"TROW","2012-01-05",35.1210746765137,35.1933768103554,34.030506956536,34.3016428314965,1832800,"TROW",0.0140919985372581,1.11806874399443,"Financial_Serv"
"TROW","2012-01-06",35.3741226196289,35.6573091478488,34.9282569139663,35.1933661903483,1984000,"TROW",0.00720501708577995,1.12612444839798,"Financial_Serv"
"TROW","2012-01-09",35.0668449401855,35.759745127315,35.0367192448222,35.4705343146292,2256000,"TROW",-0.00868651027044421,1.11634235681118,"Financial_Serv"
"TROW","2012-01-10",36.3984107971191,36.6092929072268,35.6030806983666,35.7175592297904,2607400,"TROW",0.0379722173239389,1.15873235139193,"Financial_Serv"
"TROW","2012-01-11",35.7476844787598,35.8922886864933,35.470522200126,35.5669257714292,1884000,"TROW",-0.0178778771959703,1.13801667671075,"Financial_Serv"
"TROW","2012-01-12",35.771785736084,35.9585686719567,35.4705242708688,35.916392250702,1788100,"TROW",0.000674204712155245,1.1387839329167,"Financial_Serv"
"TROW","2012-01-13",35.5488471984863,35.5970501284484,35.0367037090715,35.4343686874897,1499600,"TROW",-0.00623224513426435,1.1316867522918,"Financial_Serv"
"TROW","2012-01-17",35.3560485839844,36.1092023075722,35.2415700454384,35.6874357626745,1731800,"TROW",-0.00542348429543905,1.12554906696339,"Financial_Serv"
"TROW","2012-01-18",35.9947166442871,36.0790694768814,35.1813094047511,35.3439908526583,1918300,"TROW",0.0180638981413788,1.14588087066214,"Financial_Serv"
"TROW","2012-01-19",36.1875228881836,36.4646828451812,35.4765457474038,36.1754721554738,2854600,"TROW",0.00535651511864549,1.15201879887001,"Financial_Serv"
"TROW","2012-01-20",36.1814956665039,36.3502036227058,35.9826643267789,36.2417493288768,2921400,"TROW",-0.000166555243317182,1.15182692409865,"Financial_Serv"
"TROW","2012-01-23",36.259838104248,36.3923939135697,35.9043494052478,36.1694587254482,1414000,"TROW",0.00216526255482215,1.15432093180704,"Financial_Serv"
"TROW","2012-01-24",36.4767417907715,36.5731453757129,35.7898659607584,36.0127988199775,1258400,"TROW",0.00598192650225942,1.16122599478113,"Financial_Serv"
"TROW","2012-01-25",36.7418479919434,36.8442780852233,36.2236779044439,36.3261079977239,1354800,"TROW",0.00726781472677875,1.16966557016712,"Financial_Serv"
"TROW","2012-01-26",36.7780151367188,37.4407897095367,36.6394350823457,37.0431245061572,2152500,"TROW",0.000984358347552939,1.17081694023496,"Financial_Serv"
"TROW","2012-01-27",36.0429267883301,36.6575005431076,35.7778174875888,36.0790789968851,2712700,"TROW",-0.0199871674873168,1.14741562595349,"Financial_Serv"
"TROW","2012-01-30",35.0969581604004,35.7537081990306,34.8438996511657,35.651278113072,2128500,"TROW",-0.0262456107819738,1.11730100202956,"Financial_Serv"
"TROW","2012-01-31",34.8499298095703,35.3560492127599,34.4100883029859,35.3560492127599,2232800,"TROW",-0.00703845472023835,1.1094369295179,"Financial_Serv"
"TROW","2012-02-01",35.3198852539062,35.4825666827783,34.0425375845625,34.331748247521,2765000,"TROW",0.0134851188195759,1.12439781833528,"Financial_Serv"
"TROW","2012-02-02",34.8559532165527,35.6030827175573,34.7655761492849,35.506679133406,1881700,"TROW",-0.0131351513182565,1.10962868284952,"Financial_Serv"
"TROW","2012-02-03",35.729621887207,35.7597475846405,35.1270987447636,35.1572244421971,2451500,"TROW",0.0250651205900575,1.13744165959533,"Financial_Serv"
"TROW","2012-02-06",35.4042320251465,35.7777977454194,35.2596278676048,35.4223092686704,1316500,"TROW",-0.00910700547259507,1.12708297217664,"Financial_Serv"
"TROW","2012-02-07",35.343994140625,35.4162962469402,34.7113455388714,35.235539831931,2094800,"TROW",-0.00170143175196398,1.12516531742068,"Financial_Serv"
"TROW","2012-02-08",35.2656669616699,35.5548776972124,34.837876225666,35.3319448528564,3052400,"TROW",-0.00221613829618219,1.12267179547121,"Financial_Serv"
"TROW","2012-02-09",35.880241394043,35.9103670820066,35.0306841221895,35.247592753036,2938500,"TROW",0.0174269901953371,1.14223658584347,"Financial_Serv"
"TROW","2012-02-10",35.6332054138184,35.7296089898727,35.1752890021707,35.4584732139565,1864900,"TROW",-0.00688501444323124,1.13437227045235,"Financial_Serv"
"TROW","2012-02-13",36.2116203308105,36.3019996726088,35.9163854380281,36.0790668741998,1458400,"TROW",0.0162324694137082,1.15278593363623,"Financial_Serv"
"TROW","2012-02-14",36.1212539672852,36.1754811287088,35.7476903543903,35.9645967016422,1468500,"TROW",-0.00249550731781264,1.14990914790297,"Financial_Serv"
"TROW","2012-02-15",36.2116203308105,36.5791596164085,35.9645860681297,36.3502026011525,2047800,"TROW",0.00250175045437888,1.15278593363623,"Financial_Serv"
"TROW","2012-02-16",37.4889831542969,37.4950073732004,36.2056084742167,36.2718863743698,2005900,"TROW",0.0352749424581669,1.19345039111183,"Financial_Serv"
"TROW","2012-02-17",37.9047164916992,37.9288179599261,37.4166721030972,37.6576821884805,1914500,"TROW",0.0110894802265314,1.20668513562541,"Financial_Serv"
"TROW","2012-02-21",37.175666809082,37.9589461914391,37.0551617583096,37.9589461914391,2066900,"TROW",-0.0192337458262441,1.18347606043448,"Financial_Serv"
"TROW","2012-02-22",36.8382377624512,37.3744826013717,36.8081120869333,37.2238519253405,1282300,"TROW",-0.00907661047113822,1.172734109232,"Financial_Serv"
"TROW","2012-02-23",37.0491371154785,37.1154127091233,36.6635204977373,36.7538998593916,1490300,"TROW",0.00572501199398608,1.17944802607311,"Financial_Serv"
"TROW","2012-02-24",36.7719688415527,37.3021895937157,36.7117174758616,37.1756603466989,1118300,"TROW",-0.00748109930500878,1.17062445826496,"Financial_Serv"
"TROW","2012-02-27",36.9045295715332,37.0250346175777,36.4405866382494,36.500840310493,1330400,"TROW",0.00360493969065572,1.17484448883741,"Financial_Serv"
"TROW","2012-02-28",36.8985061645508,37.2539947940523,36.7538996464304,36.940682586827,1166200,"TROW",-0.000163215926401298,1.17465273550579,"Financial_Serv"
"TROW","2012-02-29",37.1093902587891,37.3202723814382,36.8021045517227,37.1214409941466,1550400,"TROW",0.00571524747635671,1.18136616658799,"Financial_Serv"
"TROW","2012-03-01",37.5010261535645,37.6155046766558,37.1756632372722,37.1756632372722,1234000,"TROW",0.0105535524039669,1.19383377633535,"Financial_Serv"
"TROW","2012-03-02",37.1455421447754,37.5010307902084,37.0069598385798,37.4468036307884,1011200,"TROW",-0.00947931417485422,1.18251705089691,"Financial_Serv"
"TROW","2012-03-05",36.8623542785645,37.0551614387606,36.6755713365557,36.9888835464852,1017900,"TROW",-0.0076237375970233,1.17350185119687,"Financial_Serv"
"TROW","2012-03-06",36.259838104248,36.6093002854919,36.1513837690654,36.4767467746133,1742900,"TROW",-0.0163450269552309,1.15432093180704,"Financial_Serv"
"TROW","2012-03-07",36.7418479919434,36.7719736787519,36.3441829501205,36.5249393694141,1125000,"TROW",0.0132932167625658,1.16966557016712,"Financial_Serv"
"TROW","2012-03-08",37.3865509033203,37.4588530182344,36.8985087545971,37.2238694209316,1521600,"TROW",0.0175468286602874,1.19018949151668,"Financial_Serv"
"TROW","2012-03-09",38.025218963623,38.2180260995176,37.3624424228486,37.6034524919379,1744600,"TROW",0.0170828291155902,1.21052129521543,"Financial_Serv"
"TROW","2012-03-12",37.5914001464844,38.2059737277073,37.4889723655017,37.964963668954,1426900,"TROW",-0.0114087131898882,1.19671080494806,"Financial_Serv"
"TROW","2012-03-13",38.74853515625,38.772768691331,37.7065185691757,38.0033712852879,1672000,"TROW",0.0307819077037981,1.23354784649411,"Financial_Serv"
"TROW","2012-03-14",38.627368927002,38.8999904129662,38.3244566783832,38.7485342886568,1102700,"TROW",-0.00312698863994355,1.2296905563913,"Financial_Serv"
"TROW","2012-03-15",39.2028923034668,39.3785819158942,38.5910107397836,38.8212246349974,1142700,"TROW",0.0148993677915902,1.24801216826082,"Financial_Serv"
"TROW","2012-03-16",39.2392501831055,39.4997548986852,39.1604946633531,39.299836329764,2177100,"TROW",0.000927428500867439,1.24916961031509,"Financial_Serv"
"TROW","2012-03-19",39.2089500427246,39.3058795287479,38.8818043610097,39.1423089989268,1172200,"TROW",-0.000772189586688513,1.24820501455,"Financial_Serv"
"TROW","2012-03-20",39.0756759643555,39.1604910152874,38.7727637475775,38.9302793944827,1222700,"TROW",-0.00339907287045219,1.24396227474828,"Financial_Serv"
"TROW","2012-03-21",39.0696258544922,39.4452387578898,38.893936171713,39.1544409258925,1260300,"TROW",-0.000154830587417096,1.24376967133856,"Financial_Serv"
"TROW","2012-03-22",38.7364044189453,38.912096329403,38.4880165515357,38.8757437288545,927800,"TROW",-0.00852891288971895,1.23316166815684,"Financial_Serv"
"TROW","2012-03-23",38.7848854064941,38.9969276952826,38.4092771460506,38.912112628597,813800,"TROW",0.00125156137426934,1.23470504566893,"Financial_Serv"
"TROW","2012-03-26",39.3785820007324,39.4694565759179,39.0453767657432,39.2634738973593,1195100,"TROW",0.0153074216415984,1.25360519640599,"Financial_Serv"
"TROW","2012-03-27",39.2513694763184,39.523988649479,39.2029024075556,39.523988649479,1023500,"TROW",-0.00323050038753799,1.24955542433318,"Financial_Serv"
"TROW","2012-03-28",39.0696258544922,39.48764629359,38.6455504974906,39.3967716822111,1332600,"TROW",-0.00463024919260012,1.24376967133856,"Financial_Serv"
"TROW","2012-03-29",38.8333549499512,39.1180932442562,38.4759183525818,38.9666370981003,1237500,"TROW",-0.00604743197237067,1.23624805886184,"Financial_Serv"
"TROW","2012-03-30",39.5603332519531,39.7602517814904,38.9847973265964,39.0150903939579,1847600,"TROW",0.0187204608754224,1.25939119228008,"Financial_Serv"
"TROW","2012-04-02",39.7966117858887,39.9844158966426,39.2453092875061,39.4028249473403,1534500,"TROW",0.00597261232433834,1.26691304763625,"Financial_Serv"
"TROW","2012-04-03",39.7966117858887,39.8571933098021,39.4149394032934,39.7057371889815,1388800,"TROW",0,1.26691304763625,"Financial_Serv"
"TROW","2012-04-04",39.0999145507812,39.5300493995605,38.9848064144621,39.4210008025408,1230400,"TROW",-0.0175064459973565,1.24473390278446,"Financial_Serv"
"TROW","2012-04-05",39.3058891296387,39.3967637226576,38.8818138583155,38.9242213854478,778800,"TROW",0.00526790355487635,1.25129104093582,"Financial_Serv"
"TROW","2012-04-09",38.536491394043,38.7969960772821,38.3183942349556,38.6697735048267,859900,"TROW",-0.0195746172553959,1.22679749773439,"Financial_Serv"
"TROW","2012-04-10",37.4702491760254,38.5243849572273,37.4641919471097,38.4880346506212,1850200,"TROW",-0.0276683781902989,1.19285400060416,"Financial_Serv"
"TROW","2012-04-11",37.4399490356445,38.1669388084898,37.2763761634266,38.0639497654471,2129200,"TROW",-0.000808645286518306,1.19188940483907,"Financial_Serv"
"TROW","2012-04-12",38.2093467712402,38.2517542966305,37.4460090031794,37.6095818772718,1532300,"TROW",0.0205501811678002,1.2163829480405,"Financial_Serv"
"TROW","2012-04-13",37.5914039611816,38.2699266493725,37.5308224449462,38.2699266493725,1102000,"TROW",-0.0161725562532703,1.19671092638779,"Financial_Serv"
"TROW","2012-04-16",37.6701622009277,38.0881802140988,37.355133228712,37.9791316348304,1197600,"TROW",0.00209511301646043,1.19921817102661,"Financial_Serv"
"TROW","2012-04-17",38.4698524475098,38.6394825534158,37.8397944669489,38.0397176440841,1069400,"TROW",0.021228744445447,1.22467606711367,"Financial_Serv"
"TROW","2012-04-18",37.8276748657227,38.2396356443665,37.7973841078005,38.2396356443665,1019300,"TROW",-0.0166930087050198,1.20423253886451,"Financial_Serv"
"TROW","2012-04-19",37.4157066345215,38.0154736904782,37.1976118343007,37.9003679088864,1167300,"TROW",-0.0108906569770291,1.19111765536316,"Financial_Serv"
"TROW","2012-04-20",37.488410949707,37.8761381590245,37.2642542791032,37.5368756953535,1305500,"TROW",0.00194314959478719,1.19343217515252,"Financial_Serv"
"TROW","2012-04-23",36.9613456726074,37.1188613109817,36.6342022525929,37.1188613109817,1447600,"TROW",-0.0140594189976924,1.17665321215673,"Financial_Serv"
"TROW","2012-04-24",37.5308227539062,37.8155586558008,37.0098133902605,37.0946284381029,1629800,"TROW",0.0154073687236143,1.19478234205625,"Financial_Serv"
"TROW","2012-04-25",38.2759857177734,38.385034294488,37.4581237034511,37.7670931301178,1511600,"TROW",0.0198546930013579,1.21850437866122,"Financial_Serv"
"TROW","2012-04-26",38.4092674255371,38.5667807507991,38.0033638806474,38.106355229156,1098600,"TROW",0.00348212345846348,1.2227473613424,"Financial_Serv"
"TROW","2012-04-27",38.3062705993652,38.6758237958712,37.9609509297532,38.5001341924444,979700,"TROW",-0.00268156184888326,1.2194684886674,"Financial_Serv"
"TROW","2012-04-30",38.2396392822266,38.2881063483422,37.8761455305071,38.2032912936768,852900,"TROW",-0.00173943628800492,1.21734730092613,"Financial_Serv"
"TROW","2012-05-01",38.1184692382812,38.7061196319317,37.8761408706275,38.1305860033194,2064700,"TROW",-0.00316870258767402,1.21348988938359,"Financial_Serv"
"TROW","2012-05-02",37.7065124511719,37.9306668367085,37.4581245344863,37.9306668367085,1577400,"TROW",-0.0108072751960265,1.20037537020142,"Financial_Serv"
"TROW","2012-05-03",37.2521476745605,37.7792143163335,37.1128060127577,37.7125732548722,1567200,"TROW",-0.0120500345185652,1.18591080555526,"Financial_Serv"
"TROW","2012-05-04",36.6220855712891,37.0885706382577,36.3494641281208,36.9371145377238,1913900,"TROW",-0.0169134437234542,1.16585296988447,"Financial_Serv"
"TROW","2012-05-07",36.500919342041,36.6947829611324,36.1798331562403,36.3191724880224,2270300,"TROW",-0.0033085562266022,1.16199567978165,"Financial_Serv"
"TROW","2012-05-08",36.3494606018066,36.3979276585732,35.6467044559465,36.1677137610049,1936500,"TROW",-0.00414945001289126,1.1571740367932,"Financial_Serv"
"TROW","2012-05-09",36.1858940124512,36.3737004233602,35.7436424426044,35.8102835016701,1669600,"TROW",-0.00449983539363275,1.15196694410585,"Financial_Serv"
"TROW","2012-05-10",36.2707061767578,36.7735415379979,36.0707853265198,36.591794680226,1527500,"TROW",0.00234379076768029,1.15466691359412,"Financial_Serv"
"TROW","2012-05-11",36.4282150268555,36.7311271703759,35.7436329354092,35.9799040375893,1321100,"TROW",0.00434259121755362,1.15968115999229,"Financial_Serv"
"TROW","2012-05-14",36.0404930114746,36.4403370057107,35.76181204316,35.8829773801181,1555200,"TROW",-0.0106434535728699,1.14733814740658,"Financial_Serv"
"TROW","2012-05-15",35.9920310974121,36.4706329757436,35.94962357007,36.1192536794384,1442300,"TROW",-0.0013446518072622,1.14579537709313,"Financial_Serv"
"TROW","2012-05-16",35.8405685424805,36.5978489818593,35.828451778126,36.2949368061078,1608700,"TROW",-0.00420822471845805,1.14097361266495,"Financial_Serv"
"TROW","2012-05-17",35.1438636779785,36.0465428261101,35.1438636779785,35.9677850266268,1697300,"TROW",-0.0194390014677411,1.1187942249337,"Financial_Serv"
"TROW","2012-05-18",34.4653511047363,35.4952530875388,34.3865932825417,35.3559137473709,2322400,"TROW",-0.0193067153759577,1.09719398326864,"Financial_Serv"
"TROW","2012-05-21",35.2286911010742,35.2468650942217,34.3078377013333,34.4653510343641,2241800,"TROW",0.0221480406225425,1.12149468018089,"Financial_Serv"
"TROW","2012-05-22",35.1983871459961,35.9132599285224,34.9439420764712,35.4528345265571,2049000,"TROW",-0.000860206670499914,1.12052996297606,"Financial_Serv"
"TROW","2012-05-23",34.8954772949219,35.0045258492402,34.4229351002333,34.8227790290551,3126500,"TROW",-0.00860578781118031,1.11088691987862,"Financial_Serv"
"TROW","2012-05-24",35.1802253723145,35.1802253723145,34.6470992130779,35.0530027933829,1927200,"TROW",0.00816002816026866,1.11995178842771,"Financial_Serv"
"TROW","2012-05-25",34.6531677246094,35.3438074016815,34.5865266485695,35.1560009429362,2058500,"TROW",-0.0149816450044647,1.10317306831137,"Financial_Serv"
"TROW","2012-05-29",35.325626373291,35.3801506691062,34.9257823076589,35.0651216611783,1638900,"TROW",0.0194054019541794,1.12458058512697,"Financial_Serv"
"TROW","2012-05-30",34.7440414428711,35.0348392976181,34.6713431347031,34.9197311393948,1261700,"TROW",-0.0164635419135737,1.10606600552855,"Financial_Serv"
"TROW","2012-05-31",34.8894233703613,35.174161545917,34.2533082840043,34.7743175792609,1701000,"TROW",0.00418437008052972,1.11069419502917,"Financial_Serv"
"TROW","2012-06-01",33.4475631713867,34.2109031776629,33.3203406073529,34.0715638488111,2728000,"TROW",-0.041326570051584,1.06479301357241,"Financial_Serv"
"TROW","2012-06-04",33.4536094665527,33.6474730048254,32.999241365407,33.4414927065312,2201400,"TROW",0.000180769377279719,1.0649854955424,"Financial_Serv"
"TROW","2012-06-05",33.6656532287598,33.8534595773466,33.3688006418407,33.3688006418407,2144900,"TROW",0.00633844196749636,1.07173584430213,"Financial_Serv"
"TROW","2012-06-06",34.9560623168945,34.9560623168945,33.895869799638,34.0412663363957,1640300,"TROW",0.0383301366341052,1.11281562564989,"Financial_Serv"
"TROW","2012-06-07",35.3195610046387,35.664880717459,35.0166488136709,35.4952506300488,2110300,"TROW",0.0103987309682893,1.12438749595834,"Financial_Serv"
"TROW","2012-06-08",35.6224746704102,35.6406509741256,34.8470201689598,35.2468641851497,1464900,"TROW",0.0085763711992825,1.13403066049551,"Financial_Serv"
"TROW","2012-06-11",35.2165794372559,36.076849132741,35.1802291346579,36.0102080668299,1443300,"TROW",-0.0113943581098664,1.12110910904225,"Financial_Serv"
"TROW","2012-06-12",35.8990859985352,35.9051788623187,35.0154719733861,35.0154719733861,2063000,"TROW",0.0193802627110704,1.14283649810327,"Financial_Serv"
"TROW","2012-06-13",35.7345504760742,36.1001850650699,35.4420441996576,35.6553292997635,1839200,"TROW",-0.00458327887422123,1.13759855972482,"Financial_Serv"
"TROW","2012-06-14",36.4170608520508,36.6181602011195,35.7954865404255,35.8503316061139,2022000,"TROW",0.0190994532429765,1.15932607022556,"Financial_Serv"
"TROW","2012-06-15",37.0447463989258,37.0569344541085,36.3195722256723,36.4780146184142,2471000,"TROW",0.0172360298219853,1.17930824894537,"Financial_Serv"
"TROW","2012-06-18",36.9533386230469,37.0630287994381,36.4780160751077,36.7827104929423,1212000,"TROW",-0.00246749633253143,1.17639831016618,"Financial_Serv"
"TROW","2012-06-19",37.5931854248047,37.6785017895024,37.099582100251,37.1239558798171,1569300,"TROW",0.0173149930588073,1.1967676387411,"Financial_Serv"
"TROW","2012-06-20",37.6967849731445,38.0014793200666,37.349433603624,37.6419398977132,1969900,"TROW",0.00275580659550831,1.20006569889323,"Financial_Serv"
"TROW","2012-06-21",36.2403335571289,38.0197467983707,36.2281455086041,37.8856805892299,2157000,"TROW",-0.0386359583994553,1.15370001047418,"Financial_Serv"
"TROW","2012-06-22",37.0203590393066,37.1239539899302,36.2281542902234,36.721757589649,2043300,"TROW",0.0215236838520846,1.17853188475977,"Financial_Serv"
"TROW","2012-06-25",36.203784942627,36.673014551282,36.1001899726733,36.5694172566949,1848900,"TROW",-0.022057433203516,1.15253649643347,"Financial_Serv"
"TROW","2012-06-26",36.4048805236816,36.5937895254587,36.0879981332352,36.4231614400773,1293000,"TROW",0.00555454578501581,1.15893831317181,"Financial_Serv"
"TROW","2012-06-27",36.9655303955078,37.0630325260331,36.343953441671,36.5998979871964,1103300,"TROW",0.0154004041150874,1.17678643153911,"Financial_Serv"
"TROW","2012-06-28",37.0142593383789,37.075197259885,36.3378377163512,36.6730009339,975900,"TROW",0.00131822653022221,1.17833770263357,"Financial_Serv"
"TROW","2012-06-29",38.3671035766602,38.3731987641176,37.5688060425655,37.8674051382606,1838600,"TROW",0.0365492721578932,1.22140508802104,"Financial_Serv"
"TROW","2012-07-02",38.4097633361816,38.5925817788489,37.928348101106,38.4889845063619,1060300,"TROW",0.00111188376355404,1.22276314850713,"Financial_Serv"
"TROW","2012-07-03",38.4646224975586,38.6169697058462,38.2147731689523,38.4158725997162,657800,"TROW",0.00142826085380423,1.22450957324562,"Financial_Serv"
"TROW","2012-07-05",38.038028717041,38.4646011281868,38.00146689513,38.3305372401252,971100,"TROW",-0.0110905489984896,1.21092908982442,"Financial_Serv"
"TROW","2012-07-06",37.6724014282227,37.7881844203211,37.3067692139717,37.5200542848459,964100,"TROW",-0.00961215134302053,1.19928945614736,"Financial_Serv"
"TROW","2012-07-09",37.6236686706543,37.7089827378236,37.3494432228717,37.7089827378236,958000,"TROW",-0.00129359307399636,1.19773806361317,"Financial_Serv"
"TROW","2012-07-10",36.7583198547363,38.2513223770192,36.6364416708419,38.0014731461204,1869100,"TROW",-0.0230001179176055,1.17018994691566,"Financial_Serv"
"TROW","2012-07-11",37.1300506591797,37.2275527502697,36.6973852752571,36.7766041260825,1075800,"TROW",0.0101128344797147,1.18202388415864,"Financial_Serv"
"TROW","2012-07-12",36.7887954711914,36.9655187535594,36.4475392841453,36.6912933713735,1479500,"TROW",-0.00919080857499214,1.17116012890827,"Financial_Serv"
"TROW","2012-07-13",38.2635231018066,38.3732132711808,36.9167744190434,37.0447455084353,1748100,"TROW",0.0400863255164216,1.21810763506755,"Financial_Serv"
"TROW","2012-07-16",37.6906967163086,38.105081290305,37.5810065452723,37.983205388828,945600,"TROW",-0.0149705604466673,1.19987188108622,"Financial_Serv"
"TROW","2012-07-17",37.8308601379395,38.2025853760248,37.239752221836,37.9649241014033,931800,"TROW",0.00371878033154562,1.20433394103798,"Financial_Serv"
"TROW","2012-07-18",38.3610229492188,38.4158680306646,37.6541320798248,37.6602249445927,1192400,"TROW",0.0140140300629224,1.22121151309348,"Financial_Serv"
"TROW","2012-07-19",38.208667755127,38.6352402631659,38.0806967001052,38.3000746552997,1301500,"TROW",-0.00397161447684751,1.21636133176879,"Financial_Serv"
"TROW","2012-07-20",37.4591178894043,38.1538205196738,37.4408346507009,37.9344402522975,2517100,"TROW",-0.0196172729844023,1.19249963947581,"Financial_Serv"
"TROW","2012-07-23",37.2458305358887,37.4773988545048,36.5145637518498,36.7887890864435,1000600,"TROW",-0.0056938701585377,1.18570970136453,"Financial_Serv"
"TROW","2012-07-24",36.9777030944824,37.3311472991032,36.5572257670973,37.3311472991032,1410900,"TROW",-0.00719885790029283,1.17717394571341,"Financial_Serv"
"TROW","2012-07-25",35.9356498718262,36.4048794169941,35.8564286954645,35.9843997556103,2220600,"TROW",-0.0281805827688561,1.14400049790289,"Financial_Serv"
"TROW","2012-07-26",36.4109725952148,36.831449935597,36.1062782638741,36.5694126246734,1733800,"TROW",0.0132270523862525,1.15913225241855,"Financial_Serv"
"TROW","2012-07-27",37.3250694274902,37.5749187788358,36.6486473891894,36.8802158177595,1307200,"TROW",0.0251049825676868,1.18823224740916,"Financial_Serv"
"TROW","2012-07-30",36.6973838806152,37.4652125281899,36.6120698447329,37.2092704205427,1884000,"TROW",-0.0168167281803555,1.16825006868935,"Financial_Serv"
"TROW","2012-07-31",37.0203590393066,37.172706195847,36.4901915854435,36.587693672644,1450200,"TROW",0.00880104041590857,1.17853188475977,"Financial_Serv"
"TROW","2012-08-01",36.6669273376465,37.3738206613016,36.6242703025479,37.3494445484927,1292200,"TROW",-0.00954695499535533,1.16728049389538,"Financial_Serv"
"TROW","2012-08-02",36.0270690917969,36.5206749099165,35.661436702205,36.2586375116765,1363500,"TROW",-0.0174505553726248,1.14691080100127,"Financial_Serv"
"TROW","2012-08-03",37.0569229125977,37.1848939652087,36.6303504125944,36.7826975679789,1049700,"TROW",0.028585556548514,1.1796958845594,"Financial_Serv"
"TROW","2012-08-06",36.9655303955078,37.3067890146636,36.8680282649825,37.1605346565585,958100,"TROW",-0.00246627377306534,1.17678643153911,"Financial_Serv"
"TROW","2012-08-07",37.5688133239746,37.9283527407642,37.0447386834373,37.1117718106641,752200,"TROW",0.0163201480409465,1.19599176031441,"Financial_Serv"
"TROW","2012-08-08",37.038646697998,37.5688165730247,37.0020848615366,37.4286551178106,1056900,"TROW",-0.0141118810808495,1.17911406681918,"Financial_Serv"
"TROW","2012-08-09",37.1848983764648,37.3616216555876,36.9289539162469,37.1300533010348,735300,"TROW",0.00394862370807684,1.18376994457795,"Financial_Serv"
"TROW","2012-08-10",37.1300506591797,37.2275527502697,36.8436372495756,37.1178626072143,701800,"TROW",-0.00147499978969609,1.18202388415865,"Financial_Serv"
"TROW","2012-08-13",37.2153663635254,37.2580233849964,36.6730108122794,37.1117714041338,612700,"TROW",0.00229775351315365,1.1847398836911,"Financial_Serv"
"TROW","2012-08-14",37.1909828186035,37.4408320335097,37.0995759300083,37.3128609946967,544100,"TROW",-0.000655200991001749,1.18396364094523,"Financial_Serv"
"TROW","2012-08-15",37.5383491516113,37.5627252615244,37.09349560655,37.1239645816245,416900,"TROW",0.00934006865863342,1.19502194264098,"Financial_Serv"
"TROW","2012-08-16",38.1782112121582,38.2574300864936,37.3311587839286,37.4225680384804,1098500,"TROW",0.0170455567441865,1.21539175697482,"Financial_Serv"
"TROW","2012-08-17",38.0075836181641,38.3914992616784,37.7394533490778,38.2574329648182,805300,"TROW",-0.00446924013924997,1.20995987934963,"Financial_Serv"
"TROW","2012-08-20",37.8369407653809,37.9892879254404,37.5322464452617,37.8795977842269,727600,"TROW",-0.0044897053834712,1.20452751596553,"Financial_Serv"
"TROW","2012-08-21",37.9222679138184,38.3914976079831,37.7821087570628,37.8613299585799,710700,"TROW",0.00225512810262849,1.20724387981717,"Financial_Serv"
"TROW","2012-08-22",37.8795967102051,37.9588178820871,37.5444334325037,37.8674086587899,649000,"TROW",-0.0011252281564556,1.2058854550119,"Financial_Serv"
"TROW","2012-08-23",37.5688133239746,37.8064745389547,37.4591231748094,37.7820984336662,569400,"TROW",-0.00820450620443752,1.19599176031441,"Financial_Serv"
"TROW","2012-08-24",38.2269630432129,38.3122771119713,37.3494439185966,37.4408508531375,930900,"TROW",0.0175185123246435,1.21694375670765,"Financial_Serv"
"TROW","2012-08-27",37.6967849731445,38.3792996593527,37.6541279505461,38.3671116065198,592800,"TROW",-0.0138692176375359,1.20006569889323,"Financial_Serv"
"TROW","2012-08-28",37.818660736084,38.0258529716045,37.5261544608727,37.5444353766255,803900,"TROW",0.00323305457020482,1.20394557678558,"Financial_Serv"
"TROW","2012-08-29",37.4042892456055,37.9222688518467,37.3494441546807,37.9039879297498,1502300,"TROW",-0.0109567996965887,1.19075418625515,"Financial_Serv"
"TROW","2012-08-30",37.4042892456055,37.5688245183799,36.9655285182069,37.1117828688845,649300,"TROW",0,1.19075418625515,"Financial_Serv"
"TROW","2012-08-31",37.4408416748047,37.7699121376045,37.2397446084049,37.4834986987269,652500,"TROW",0.000977225605309776,1.19191782173559,"Financial_Serv"
"TROW","2012-09-04",37.7760124206543,37.8308575051835,37.3920968289499,37.4591299683338,749000,"TROW",0.00895200884533421,1.20258788061868,"Financial_Serv"
"TROW","2012-09-05",37.3677139282227,37.916164673842,37.2458357264591,37.6663154063117,1028800,"TROW",-0.0108084063475265,1.18958982213634,"Financial_Serv"
"TROW","2012-09-06",38.5682220458984,38.6596289813945,37.4774154133537,37.4774154133537,1117400,"TROW",0.0321268815101123,1.22780763339775,"Financial_Serv"
"TROW","2012-09-07",38.6352348327637,39.0435240436741,38.4950734211929,38.7632058697983,1115100,"TROW",0.00173751299153705,1.22994096511189,"Financial_Serv"
"TROW","2012-09-10",38.5438346862793,38.9886881515286,38.5011776639015,38.616960678265,776100,"TROW",-0.00236571996727881,1.22703126921215,"Financial_Serv"
"TROW","2012-09-11",38.6418495178223,38.850161469557,38.5499462925408,38.6479776460123,762400,"TROW",0.00254294447713216,1.23015154160146,"Financial_Serv"
"TROW","2012-09-12",38.8256607055664,39.0829883809243,38.6786183229589,38.8134067841497,685200,"TROW",0.00475679063082537,1.23600311492904,"Financial_Serv"
"TROW","2012-09-13",39.3832130432129,39.4199724812503,38.0108061552154,38.3232730645193,1827200,"TROW",0.014360408232964,1.25375262423664,"Financial_Serv"
"TROW","2012-09-14",40.320613861084,40.4186452562459,39.1626448835005,39.1626448835005,1659800,"TROW",0.0238020401444275,1.2835944945299,"Financial_Serv"
"TROW","2012-09-17",39.8672332763672,40.2961089757555,39.6650470147722,40.1797025284327,1276100,"TROW",-0.0112443869599511,1.26916126133374,"Financial_Serv"
"TROW","2012-09-18",39.5425033569336,39.8978600973453,39.4199641321054,39.5915190468649,1189000,"TROW",-0.00814528355109332,1.25882358298812,"Financial_Serv"
"TROW","2012-09-19",39.4934844970703,39.7630660956611,39.3403139841243,39.7079222803161,795000,"TROW",-0.0012396498881421,1.25726308247428,"Financial_Serv"
"TROW","2012-09-20",39.4383506774902,39.5057460862315,39.0094703787372,39.3403192922688,803600,"TROW",-0.00139602317400401,1.25550791407532,"Financial_Serv"
"TROW","2012-09-21",39.2790603637695,39.7630799138087,39.272932232292,39.6344171991494,1259400,"TROW",-0.00403896996158157,1.25043695532384,"Financial_Serv"
"TROW","2012-09-24",39.2913055419922,39.5670153207615,38.9359511017854,39.1932788263186,699800,"TROW",0.00031174824726589,1.25082677685298,"Financial_Serv"
"TROW","2012-09-25",38.5683479309082,39.5118768153808,38.5560940054998,39.2851873755162,929700,"TROW",-0.0183999386406576,1.2278116409088,"Financial_Serv"
"TROW","2012-09-26",38.3355140686035,38.6602347935384,38.2007232753718,38.6112214469428,1087900,"TROW",-0.00603691562630032,1.22039944562764,"Financial_Serv"
"TROW","2012-09-27",38.7705268859863,38.880809863324,38.3722848786644,38.617356343817,698400,"TROW",0.0113475149075693,1.23424794653009,"Financial_Serv"
"TROW","2012-09-28",38.7827911376953,38.8440607731973,38.1946166600615,38.6357486868857,1097000,"TROW",0.000316329250439393,1.23463837525787,"Financial_Serv"
"TROW","2012-10-01",38.7153701782227,39.3648138631136,38.5009324383604,39.0033314322058,951200,"TROW",-0.00173842463357739,1.23249204949276,"Financial_Serv"
"TROW","2012-10-02",38.3906707763672,38.9237036945145,38.200738432109,38.8808161227784,890400,"TROW",-0.00838683448875072,1.22215534266497,"Financial_Serv"
"TROW","2012-10-03",38.4825630187988,38.6050975673742,38.200727480364,38.5193224484928,1062700,"TROW",0.00239360867037021,1.22508070428971,"Financial_Serv"
"TROW","2012-10-04",38.9481964111328,39.1442544735105,38.5805881284738,38.7521383487551,1046500,"TROW",0.0120998539548034,1.23990400189446,"Financial_Serv"
"TROW","2012-10-05",39.0829887390137,39.5547518632985,38.886930668943,39.144256009462,1004300,"TROW",0.00346081052015879,1.2441950747082,"Financial_Serv"
"TROW","2012-10-08",39.3709526062012,39.5547544294707,38.9972161555084,39.4015839062161,1179900,"TROW",0.00736801039220542,1.25336231694859,"Financial_Serv"
"TROW","2012-10-09",39.2116508483887,39.5547512975063,39.1503835788167,39.5057402864845,956500,"TROW",-0.00404617483874162,1.24829099387792,"Financial_Serv"
"TROW","2012-10-10",39.0156059265137,39.3341986402662,38.8563072324401,39.2423000421417,719700,"TROW",-0.00499965998965473,1.24204996334038,"Financial_Serv"
"TROW","2012-10-11",39.3648338317871,39.6711749511006,39.1381420579103,39.4077214015152,862900,"TROW",0.00895097992150147,1.25316752762375,"Financial_Serv"
"TROW","2012-10-12",38.9665870666504,39.5486379625047,38.5560911136461,39.3096922779563,874900,"TROW",-0.010116815603452,1.24048946282654,"Financial_Serv"
"TROW","2012-10-15",39.2668037414551,39.3158194440371,38.7153911105913,38.886943732431,560100,"TROW",0.00770446419367398,1.25004676947552,"Financial_Serv"
"TROW","2012-10-16",39.8488464355469,39.9039855837308,39.4138426826522,39.4751099609878,699500,"TROW",0.0148227672902574,1.26857592184139,"Financial_Serv"
"TROW","2012-10-17",40.3451271057129,40.3818912210126,39.8549840875332,40.0020265255476,843200,"TROW",0.01245407871389,1.28437486622655,"Financial_Serv"
"TROW","2012-10-18",40.6882247924805,40.6882247924805,40.2042053215467,40.3451196017361,1184300,"TROW",0.00850406756356446,1.29529727686589,"Financial_Serv"
"TROW","2012-10-19",40.0387954711914,40.8414126251739,39.8243575576831,40.8046485011469,1921100,"TROW",-0.0159611122038699,1.27462289169246,"Financial_Serv"
"TROW","2012-10-22",39.8427124023438,40.1735612656103,39.4996119549827,39.8855999582639,818800,"TROW",-0.00489732686860526,1.26838064675764,"Financial_Serv"
"TROW","2012-10-23",39.6405334472656,39.732436705136,38.9849660674319,39.2484172431198,1179500,"TROW",-0.00507442748968647,1.26194434113634,"Financial_Serv"
"TROW","2012-10-24",39.309700012207,40.1797077873482,39.1258934459005,39.4873737720695,1318000,"TROW",-0.00834583710884482,1.25141235922479,"Financial_Serv"
"TROW","2012-10-25",39.6650199890137,40.2715783605202,39.4812182463925,39.7753029043429,1092200,"TROW",0.00903898978359798,1.26272386275489,"Financial_Serv"
"TROW","2012-10-26",39.7201843261719,39.8672267311938,39.3464478461794,39.5915216374785,977100,"TROW",0.00139075530967796,1.26448000267168,"Financial_Serv"
"TROW","2012-10-31",39.7508163452148,39.9223712742926,39.0768669127879,39.6772974785754,1362100,"TROW",0.00077119528931252,1.26545516369317,"Financial_Serv"
"TROW","2012-11-01",40.3328742980957,40.5473121542191,39.5057541819656,39.8549828831936,1057500,"TROW",0.014642666651824,1.28398480181795,"Financial_Serv"
"TROW","2012-11-02",39.8182144165039,40.7433658368169,39.7753268499672,40.6943501395195,1112100,"TROW",-0.0127603075790732,1.2676007608199,"Financial_Serv"
"TROW","2012-11-05",40.1674461364746,40.2103337062752,39.4934966077246,39.6099077290668,653500,"TROW",0.00877065245361563,1.27871844654299,"Financial_Serv"
"TROW","2012-11-06",40.6024589538574,40.6637309309031,40.1674550283277,40.2348504635614,1360100,"TROW",0.0108299844581803,1.29256694744544,"Financial_Serv"
"TROW","2012-11-07",39.1871566772461,40.044912773686,39.1381433119281,40.0265330538415,1616900,"TROW",-0.034857550825179,1.24751122937992,"Financial_Serv"
"TROW","2012-11-08",38.8685455322266,39.6527800874443,38.8501658199906,39.0891114278442,1020400,"TROW",-0.00813049917460666,1.23736834035913,"Financial_Serv"
"TROW","2012-11-09",38.8195457458496,39.2239135794551,38.6908830408663,38.9420826570135,1214400,"TROW",-0.00126065397369517,1.23580844704393,"Financial_Serv"
"TROW","2012-11-12",39.0278587341309,39.1258877979847,38.7092636923064,38.8318006064231,1108500,"TROW",0.00536618819924037,1.24244002774898,"Financial_Serv"
"TROW","2012-11-13",39.2545471191406,39.6650430582365,38.5989773729566,38.8134152012609,1689200,"TROW",0.00580837361726742,1.24965658362719,"Financial_Serv"
"TROW","2012-11-14",38.746021270752,39.4077167957918,38.6541180108201,39.3035619492529,1226700,"TROW",-0.0129545717810794,1.2334678177129,"Financial_Serv"
"TROW","2012-11-15",38.8563079833984,39.0094785490924,38.5070792805919,38.7889148977389,1605700,"TROW",0.00284640097303968,1.23697876170945,"Financial_Serv"
"TROW","2012-11-16",38.7521476745605,39.1381381002796,38.3967908902357,39.0952505348883,1596700,"TROW",-0.00268065377910824,1.2336628499172,"Financial_Serv"
"TROW","2012-11-19",39.4751167297363,39.7385702787079,39.1994092555571,39.315818039234,1271100,"TROW",0.01865623193964,1.25667835018057,"Financial_Serv"
"TROW","2012-11-20",39.7937126159668,39.8856158937689,39.2300460345596,39.3219493123617,1050700,"TROW",0.0080708028911406,1.26682075344244,"Financial_Serv"
"TROW","2012-11-21",39.7630729675293,39.8488480956513,39.4934913223493,39.7630729675293,640300,"TROW",-0.000769962047351324,1.26584534954149,"Financial_Serv"
"TROW","2012-11-23",40.2532157897949,40.2654720505787,39.7937041726767,39.8672277141974,357400,"TROW",0.0123265830753543,1.28144889740317,"Financial_Serv"
"TROW","2012-11-26",39.7937126159668,40.0939303017467,39.5425153093288,40.0020270239446,1405700,"TROW",-0.0114153158899821,1.26682075344244,"Financial_Serv"
"TROW","2012-11-27",39.4689750671387,39.9223631327924,39.4199593831124,39.756936367802,1008400,"TROW",-0.00816052404966677,1.25648283221735,"Financial_Serv"
"TROW","2012-11-28",39.1320037841797,39.3464439144374,38.9053120690585,39.1565116283,1384900,"TROW",-0.00853762435902578,1.24575545378232,"Financial_Serv"
"TROW","2012-11-29",39.4689750671387,39.6405252868378,39.21164973759,39.2300294505017,962100,"TROW",0.00861114306380639,1.25648283221735,"Financial_Serv"
"TROW","2012-11-30",39.6221504211426,39.665037981314,39.3954610349763,39.4689798956168,1214500,"TROW",0.00388090528683219,1.26135912308372,"Financial_Serv"
"TROW","2012-12-03",39.2668037414551,39.8733625435197,39.2055387876222,39.7753311383556,1013700,"TROW",-0.00896838449984495,1.25004676947552,"Financial_Serv"
"TROW","2012-12-04",39.0278587341309,39.4567367649405,38.8318006064231,39.1565214422146,1206000,"TROW",-0.00608516570122456,1.24244002774898,"Financial_Serv"
"TROW","2012-12-05",39.419979095459,39.6160419296073,39.0646245573557,39.1626536372322,1213000,"TROW",0.0100471912640497,1.25492306034189,"Financial_Serv"
"TROW","2012-12-06",39.7324447631836,39.8427277601155,39.193286041736,39.3648363315423,1820300,"TROW",0.00792658126398155,1.26487030995973,"Financial_Serv"
"TROW","2012-12-07",39.7263069152832,39.9775088313424,39.4444736974761,39.836589885242,834200,"TROW",-0.000154479492439338,1.26467491343625,"Financial_Serv"
"TROW","2012-12-10",39.248405456543,39.591510537929,39.2116460341915,39.5792542808836,1373100,"TROW",-0.0120298486279977,1.24946106566398,"Financial_Serv"
"TROW","2012-12-11",40.1184349060059,40.1613224755886,39.3648336983162,39.4506088374816,1922400,"TROW",0.0221672559519956,1.27715818890861,"Financial_Serv"
"TROW","2012-12-12",40.0260391235352,40.6850305230576,39.7981665350931,40.395566176753,1585700,"TROW",-0.00230307544866042,1.27421679723968,"Financial_Serv"
"TROW","2012-12-13",40.0760879516602,40.2574848964408,39.8634162475304,40.1574018487457,1070300,"TROW",0.00125040671575148,1.27581008648027,"Financial_Serv"
"TROW","2012-12-14",40.0197944641113,40.1574038894628,39.8821826526486,40.0385612295634,1546400,"TROW",-0.00140466523620592,1.27401800040379,"Financial_Serv"
"TROW","2012-12-17",41.1832122802734,41.2019814231599,40.0385427196637,40.1323693452141,1767800,"TROW",0.0290710592530762,1.31105505318301,"Financial_Serv"
"TROW","2012-12-18",41.3771362304688,41.6273390611098,40.8454581979952,41.395900607628,3027600,"TROW",0.00470881068906325,1.31722856323139,"Financial_Serv"
"TROW","2012-12-19",41.2770576477051,41.8775416427694,41.2020001309612,41.5084961261849,1609500,"TROW",-0.00241869283089672,1.31404259194885,"Financial_Serv"
"TROW","2012-12-20",41.5960655212402,41.5960655212402,41.2145072452075,41.2145072452075,1192400,"TROW",0.00772845478129405,1.32419811070142,"Financial_Serv"
"TROW","2012-12-21",41.2145080566406,41.508496055984,40.8642269198345,41.2645495825337,2225200,"TROW",-0.0091729220015959,1.3120513447173,"Financial_Serv"
"TROW","2012-12-24",41.220760345459,41.377136519173,41.0706405549157,41.0831485490351,541200,"TROW",0.000151701163332265,1.31225038443264,"Financial_Serv"
"TROW","2012-12-26",40.7954025268555,41.2958032423432,40.7015759013826,41.2958032423432,1115000,"TROW",-0.0103190192281442,1.29870924748354,"Financial_Serv"
"TROW","2012-12-27",40.6890754699707,41.0831416434927,40.1886698893087,40.9768070085739,1053200,"TROW",-0.00260634900745913,1.29532435792539,"Financial_Serv"
"TROW","2012-12-28",39.988525390625,40.7453856890935,39.976015007248,40.4764184117681,1696500,"TROW",-0.0172171540211751,1.27302255894761,"Financial_Serv"
"TROW","2012-12-31",40.7328681945801,40.745376188929,39.7570799936964,40.0197908250241,1532900,"TROW",0.0186139097824693,1.2967184860109,"Financial_Serv"
"TROW","2013-01-02",41.8962936401367,41.8962936401367,41.3958881296915,41.4834583781863,1399900,"TROW",0.0285623256383268,1.33375578166959,"Financial_Serv"
"TROW","2013-01-03",41.9025573730469,41.9963840299303,41.714908831502,41.890049379166,1921200,"TROW",0.000149505657086468,1.33395518570412,"Financial_Serv"
"TROW","2013-01-04",42.746997833252,42.7595106023091,41.840017737756,41.908823650901,1134700,"TROW",0.0201524802576429,1.3608376912486,"Financial_Serv"
"TROW","2013-01-07",42.7407188415527,42.8470534493058,42.327883627142,42.5343012343473,1345200,"TROW",-0.000146887314138689,1.36063780145515,"Financial_Serv"
"TROW","2013-01-08",42.4404945373535,42.7157181428197,42.3028827346204,42.5343212003281,1132000,"TROW",-0.00702431574237678,1.35108025192672,"Financial_Serv"
"TROW","2013-01-09",42.1840362548828,42.5968668534035,42.1590154955449,42.5781024769555,1476600,"TROW",-0.00604277318788037,1.3429159804057,"Financial_Serv"
"TROW","2013-01-10",42.6656646728516,42.6906854274536,42.1089660065643,42.4404826536543,1647200,"TROW",0.011417314717318,1.35824847479291,"Financial_Serv"
"TROW","2013-01-11",43.4976005554199,43.5288729293475,42.5218146799845,42.6531701038144,1676500,"TROW",0.0194989551656446,1.3847329009067,"Financial_Serv"
"TROW","2013-01-14",43.3787574768066,43.610195973748,43.2411456555022,43.4225426224741,1574700,"TROW",-0.00273217550153978,1.38094956759867,"Financial_Serv"
"TROW","2013-01-15",43.5976638793945,43.6226846332882,42.990928493302,43.3662302572649,1343800,"TROW",0.0050463963313134,1.38791838643033,"Financial_Serv"
"TROW","2013-01-16",43.3099479675293,43.5601508243641,43.2348904510347,43.3724974886823,1388900,"TROW",-0.00659934240194959,1.37875903777231,"Financial_Serv"
"TROW","2013-01-17",43.4913291931152,43.7540399502963,43.2911679344696,43.3286966791466,1139900,"TROW",0.00418798068568275,1.38453325399271,"Financial_Serv"
"TROW","2013-01-18",44.4921569824219,44.6235124244759,43.785338240258,43.8854213040457,2734800,"TROW",0.0230121223672574,1.41639430265513,"Financial_Serv"
"TROW","2013-01-22",44.992561340332,45.0363464863048,44.3420357628631,44.4483704356222,1591500,"TROW",0.011247024011622,1.43232452338702,"Financial_Serv"
"TROW","2013-01-23",44.7736206054688,44.9425047484161,44.3732980415286,44.8486781035692,1207800,"TROW",-0.00486615405615993,1.4253546115978,"Financial_Serv"
"TROW","2013-01-24",44.8486862182617,45.4429185616619,44.7048228060584,44.7548643286606,1687300,"TROW",0.00167655891522429,1.42774430257923,"Financial_Serv"
"TROW","2013-01-25",45.0926246643066,45.2615135800277,44.7235792381823,45.1364145679703,1178500,"TROW",0.00543914363193974,1.43551000891064,"Financial_Serv"
"TROW","2013-01-28",45.1489448547363,45.4179121584745,44.7361093210911,45.4179121584745,1351100,"TROW",0.0012489889610322,1.43730294506522,"Financial_Serv"
"TROW","2013-01-29",44.7923889160156,44.8174096749882,42.5405731029239,43.7853260354231,2781800,"TROW",-0.00789732605862435,1.42595209506302,"Financial_Serv"
"TROW","2013-01-30",44.3858108520508,44.7986462253035,44.2106703078425,44.6172492981671,2209900,"TROW",-0.00907694529816584,1.41300880589833,"Financial_Serv"
"TROW","2013-01-31",44.667293548584,45.1176529302786,44.2544581500861,44.4483630827139,2622100,"TROW",0.00634172703234952,1.42196972203964,"Financial_Serv"
"TROW","2013-02-01",45.7118873596191,45.7994576410871,44.3170096952838,44.8174153941486,2188700,"TROW",0.023386100389068,1.45522404870948,"Financial_Serv"
"TROW","2013-02-04",44.748592376709,45.2927830081766,44.7048072527211,45.2927830081766,1757100,"TROW",-0.0210731833348257,1.42455784553778,"Financial_Serv"
"TROW","2013-02-05",45.1739540100098,45.4116440980696,44.9362591497273,45.1364252519536,1056700,"TROW",0.00950558689578303,1.4380991039266,"Financial_Serv"
"TROW","2013-02-06",45.6555786132812,45.6993637436209,45.2114709277734,45.5367359864859,1659100,"TROW",0.0106615551776753,1.45343147687408,"Financial_Serv"
"TROW","2013-02-07",45.5992889404297,45.8995284934077,45.1927099723929,45.7869374679855,1105300,"TROW",-0.0012329199313923,1.45163951223733,"Financial_Serv"
"TROW","2013-02-08",45.8307266235352,46.0058719457342,45.5179742779414,45.6618424566922,864900,"TROW",0.0050754669312457,1.45900726057778,"Financial_Serv"
"TROW","2013-02-11",45.7431678771973,45.8870360922072,45.5492629011703,45.7994657951484,964900,"TROW",-0.00191048130345215,1.45621985448485,"Financial_Serv"
"TROW","2013-02-12",46.1309776306152,46.2373122981252,45.8244816239359,45.8244816239359,825800,"TROW",0.00847798198977141,1.46856566018432,"Financial_Serv"
"TROW","2013-02-13",46.4187088012695,46.5625769993632,46.0684276542209,46.4124524172943,1106300,"TROW",0.00623726583377981,1.47772549460125,"Financial_Serv"
"TROW","2013-02-14",46.1872711181641,46.4937718993747,46.0997008298818,46.3061185546426,1361100,"TROW",-0.00498587076379727,1.4703577462608,"Financial_Serv"
"TROW","2013-02-15",45.7431678771973,46.0183915377955,45.4241638402929,45.9120568588274,2210700,"TROW",-0.00961527343389951,1.45621985448485,"Financial_Serv"
"TROW","2013-02-19",46.1685028076172,46.2310570986843,45.7181386363797,45.8870275867049,1374400,"TROW",0.00929832694495016,1.46976026279557,"Financial_Serv"
"TROW","2013-02-20",45.0988883972168,46.1559928786179,45.0801240195719,46.0996949734611,1650400,"TROW",-0.0231676217627728,1.43570941294517,"Financial_Serv"
"TROW","2013-02-21",44.667293548584,45.2365003520684,44.4984046047541,45.0551034138396,1328900,"TROW",-0.00956996644421612,1.42196972203964,"Financial_Serv"
"TROW","2013-02-22",44.9800453186035,45.1426731047877,44.6360158243251,44.94251179145,1590200,"TROW",0.00700180703089511,1.43192607963714,"Financial_Serv"
"TROW","2013-02-25",43.8541107177734,45.4178716055211,43.8103256038053,45.3615737320081,1948100,"TROW",-0.0250318689733378,1.39608229363216,"Financial_Serv"
"TROW","2013-02-26",44.0855751037598,44.2919880360552,43.697760456383,44.066805953349,1504400,"TROW",0.00527805449016935,1.40345089205071,"Financial_Serv"
"TROW","2013-02-27",44.861198425293,45.0613597409818,43.6915029032293,43.7665651861959,1253300,"TROW",0.017593585196693,1.42814262488938,"Financial_Serv"
"TROW","2013-02-28",44.5296897888184,44.9487768740698,44.5046690232808,44.6235116943052,1663700,"TROW",-0.00738965181740894,1.41758914814584,"Financial_Serv"
"TROW","2013-03-01",44.873706817627,44.9487691012593,43.9291981360871,44.5421900829731,1229400,"TROW",0.00772556535740741,1.4285408257598,"Financial_Serv"
"TROW","2013-03-04",45.3991317749023,45.3991317749023,44.5984865312128,44.7611143154345,1202000,"TROW",0.0117089715679338,1.44526756967225,"Financial_Serv"
"TROW","2013-03-05",46.2435684204102,46.4187089946642,45.4554310640445,45.643084406301,1355300,"TROW",0.0186002818224519,1.472149953777,"Financial_Serv"
"TROW","2013-03-06",46.4249572753906,46.6939244738258,46.2310523552008,46.5125275472326,1201700,"TROW",0.00392246665160923,1.47792441287686,"Financial_Serv"
"TROW","2013-03-07",46.7940139770508,46.8440555078987,46.2623358354048,46.5813446292816,1160500,"TROW",0.00794953239204787,1.48967322087003,"Financial_Serv"
"TROW","2013-03-08",47.0379409790039,47.1943171189238,46.575068941063,47.1943171189238,1351300,"TROW",0.00521278217493277,1.49743856288225,"Financial_Serv"
"TROW","2013-03-11",47.270565032959,47.3208559092598,46.6481668745859,46.8933522837174,1320700,"TROW",0.00494545571327013,1.50484407897833,"Financial_Serv"
"TROW","2013-03-12",46.9122161865234,47.3145719707814,46.6544544641142,47.1825494287398,971300,"TROW",-0.00758080311047036,1.49343615230364,"Financial_Serv"
"TROW","2013-03-13",47.182544708252,47.2517000514205,46.8682039834707,47.0127980308531,940100,"TROW",0.00576243340654994,1.50204197867822,"Financial_Serv"
"TROW","2013-03-14",47.4277381896973,47.7797983267112,47.295715638317,47.4277381896973,1505700,"TROW",0.00519669896910901,1.50984763868038,"Financial_Serv"
"TROW","2013-03-15",47.5031700134277,47.748355401334,47.0065110799496,47.1699696040401,2406300,"TROW",0.0015904579600394,1.51224898787576,"Financial_Serv"
"TROW","2013-03-18",46.9687995910645,47.2705688555689,46.7487620005194,47.0065189504551,1286400,"TROW",-0.0112491528925802,1.4952374677995,"Financial_Serv"
"TROW","2013-03-19",46.7173004150391,47.2202473149155,46.3841001323652,47.1699516656364,1621300,"TROW",-0.00535460088857023,1.4872310679258,"Financial_Serv"
"TROW","2013-03-20",47.0190925598145,47.6540622529245,46.8242028189078,47.1888344637558,1244300,"TROW",0.00645996541097736,1.49683852918273,"Financial_Serv"
"TROW","2013-03-21",46.3401184082031,46.9939478230556,46.1452286544395,46.792769910521,1350700,"TROW",-0.0144403925011437,1.47522359331049,"Financial_Serv"
"TROW","2013-03-22",46.5978469848633,46.9939143692106,45.057575341711,45.057575341711,1082000,"TROW",0.00556167281209478,1.48342830426117,"Financial_Serv"
"TROW","2013-03-25",46.4469985961914,46.9310861529272,46.2081012958095,46.8619307876792,1196700,"TROW",-0.00323723945273429,1.47862609162931,"Financial_Serv"
"TROW","2013-03-26",47.0002403259277,47.0191000075242,46.4784334182788,46.5790199856132,1068000,"TROW",0.0119112482282481,1.49623837404347,"Financial_Serv"
"TROW","2013-03-27",46.6167488098145,46.8933654950078,46.3401273281604,46.5853128063681,1340800,"TROW",-0.00815935223849755,1.4840300381169,"Financial_Serv"
"TROW","2013-03-28",47.069393157959,47.2014157184938,46.5412981193596,46.6293131597162,1099600,"TROW",0.00970990812746756,1.49843983344541,"Financial_Serv"
"TROW","2013-04-01",46.685905456543,47.2202839545159,46.5287350279356,47.1511285822118,734000,"TROW",-0.00814728373763135,1.48623161895857,"Financial_Serv"
"TROW","2013-04-02",47.0568008422852,47.1636755268902,46.7236004747173,47.0065051801916,1325500,"TROW",0.00794448307503495,1.49803896090096,"Financial_Serv"
"TROW","2013-04-03",46.0509071350098,47.1322397832924,45.9377443044579,46.9436334668867,1170700,"TROW",-0.0213761600718827,1.46601664027883,"Financial_Serv"
"TROW","2013-04-04",46.4532775878906,46.773906509266,46.1263653047039,46.2961072063383,803800,"TROW",0.00873751415365629,1.47882598142276,"Financial_Serv"
"TROW","2013-04-05",46.0572242736816,46.1326630105489,45.3845350233367,45.7931743052635,928900,"TROW",-0.00852584219616458,1.46621774446956,"Financial_Serv"
"TROW","2013-04-08",46.6418876647949,46.6481710271048,45.8560356946856,46.0383539273261,887300,"TROW",0.0126942819575728,1.48483032592905,"Financial_Serv"
"TROW","2013-04-09",46.7990570068359,47.1699768260891,46.5727312608152,46.7676210101543,1036700,"TROW",0.00336970371290625,1.48983376419137,"Financial_Serv"
"TROW","2013-04-10",47.8175239562988,47.8866793203473,46.8053461331818,46.9059374977834,1152500,"TROW",0.0217625528077227,1.52225635015932,"Financial_Serv"
"TROW","2013-04-11",48.3393096923828,48.4964800333768,47.779783662161,47.943242159803,1138200,"TROW",0.0109120191284026,1.53886724057059,"Financial_Serv"
"TROW","2013-04-12",48.2827339172363,48.4021801228287,47.8237943802449,48.2512979283413,940000,"TROW",-0.00117038856174232,1.53706616795418,"Financial_Serv"
"TROW","2013-04-15",46.7487640380859,48.2638841959847,46.7299043575686,48.169585793398,1171700,"TROW",-0.0317705679587208,1.48823270280814,"Financial_Serv"
"TROW","2013-04-16",47.8238067626953,47.8552427597297,46.9876591247623,47.1762655140491,1080000,"TROW",0.0229961742674853,1.52245636139249,"Financial_Serv"
"TROW","2013-04-17",46.8870849609375,47.3585962623231,46.4973005583994,47.2642930427538,1437100,"TROW",-0.0195869351514798,1.49263610737094,"Financial_Serv"
"TROW","2013-04-18",46.2018127441406,47.0819680063584,46.069790174277,46.9185094356633,962300,"TROW",-0.0146153725992518,1.47082067450662,"Financial_Serv"
"TROW","2013-04-19",46.8556251525879,47.0065073493729,45.9754702111678,46.3966904050663,1571100,"TROW",0.0141512284824838,1.49163459392832,"Financial_Serv"
"TROW","2013-04-22",47.144832611084,47.3208626945258,46.3715569164704,47.3208626945258,917600,"TROW",0.00617231031608849,1.50084142552026,"Financial_Serv"
"TROW","2013-04-23",47.9621315002441,48.0375750373117,47.2768658954815,47.5094798707608,1038800,"TROW",0.0173359166613735,1.52685988739501,"Financial_Serv"
"TROW","2013-04-24",45.7365913391113,47.1511250918673,44.9821752562256,47.1511250918673,2776600,"TROW",-0.0464020278398487,1.45601049239256,"Financial_Serv"
"TROW","2013-04-25",45.063892364502,45.9188996309586,44.8375666294717,45.642278222264,3375800,"TROW",-0.0147081134582524,1.43459532487405,"Financial_Serv"
"TROW","2013-04-26",44.6489715576172,45.3468086179258,44.6426881941626,45.133059145415,2338800,"TROW",-0.00920738944449481,1.42138644702268,"Financial_Serv"
"TROW","2013-04-29",44.9381523132324,45.1456135471476,44.5923755959425,44.931864155702,2194100,"TROW",0.00647676184975642,1.43059242853652,"Financial_Serv"
"TROW","2013-04-30",45.5794143676758,45.6862890846979,44.9507327901906,45.1141913433455,1887600,"TROW",0.0142698803006757,1.45100681125079,"Financial_Serv"
"TROW","2013-05-01",45.0827522277832,45.7680175940054,45.0764640694345,45.4473886686552,1435800,"TROW",-0.0108966327624605,1.43519572289276,"Financial_Serv"
"TROW","2013-05-02",45.4914054870605,45.8308941604219,45.0513302418479,45.1456286540646,1302700,"TROW",0.00906451445583002,1.44820507526986,"Financial_Serv"
"TROW","2013-05-03",46.0509071350098,46.4532627999813,45.906308319571,46.0257593063918,1099100,"TROW",0.0122990626901682,1.46601664027883,"Financial_Serv"
"TROW","2013-05-06",46.0697860717773,46.2772521472855,45.7931646377665,46.006918872173,838400,"TROW",0.00040995797785763,1.46661764549618,"Financial_Serv"
"TROW","2013-05-07",46.2395439147949,46.5350203036904,45.9880702593982,46.2835514447548,1286600,"TROW",0.0036847977273672,1.47202183486322,"Financial_Serv"
"TROW","2013-05-08",47.0630912780762,47.0882391103407,46.0446256554272,46.2898110244329,1276300,"TROW",0.0178104560200419,1.4982392150136,"Financial_Serv"
"TROW","2013-05-09",46.8053512573242,47.2328550107625,46.711052838262,46.9185141566597,894900,"TROW",-0.00547647878098519,1.49003413974373,"Financial_Serv"
"TROW","2013-05-10",47.270565032959,47.270565032959,46.6796028691758,47.031662985578,1035700,"TROW",0.00993932879762264,1.50484407897833,"Financial_Serv"
"TROW","2013-05-13",47.270565032959,47.5786176348109,46.8870689219669,47.2391290383691,1284800,"TROW",0,1.50484407897833,"Financial_Serv"
"TROW","2013-05-14",48.1884384155273,48.2198696129657,47.188832326386,47.2014086425287,1420500,"TROW",0.0194174404712188,1.53406429930036,"Financial_Serv"
"TROW","2013-05-15",48.7731094360352,48.7856809549526,47.6540571904872,48.0689844651868,1635300,"TROW",0.0121330144684543,1.55267712363931,"Financial_Serv"
"TROW","2013-05-16",48.5656509399414,49.1691846673092,48.477635904479,48.7102498104638,1626800,"TROW",-0.00425354254614066,1.54607274543349,"Financial_Serv"
"TROW","2013-05-17",49.2634811401367,49.3200601710176,48.7165265259933,48.7165265259933,1256400,"TROW",0.014368801543673,1.5682879578847,"Financial_Serv"
"TROW","2013-05-20",49.2634811401367,50.0367566742625,49.0434435815017,49.2760526592906,1600400,"TROW",0,1.5682879578847,"Financial_Serv"
"TROW","2013-05-21",49.4269371032715,49.9235960221112,49.3074860934423,49.6595461689909,1238100,"TROW",0.00331799457431343,1.57349152881993,"Financial_Serv"
"TROW","2013-05-22",48.8674087524414,50.3762403191186,48.634794900957,49.3892106842956,1850000,"TROW",-0.0113203120327083,1.55567911373286,"Financial_Serv"
"TROW","2013-05-23",48.3141708374023,48.6410878934166,47.7169253492604,48.0689854436212,1509400,"TROW",-0.0113212042374034,1.53806695275843,"Financial_Serv"
"TROW","2013-05-24",48.3581886291504,48.3644767883033,47.7169354928962,47.8678177373454,930100,"TROW",0.000911074142122513,1.53946824578794,"Financial_Serv"
"TROW","2013-05-28",49.0120086669922,49.2760537431621,48.8234070967819,48.9868608316723,1442500,"TROW",0.0135203583173021,1.5602824080891,"Financial_Serv"
"TROW","2013-05-29",48.5467872619629,48.9680027250491,48.2953136971568,48.6788098042828,1069000,"TROW",-0.00949198814091059,1.54547222597505,"Financial_Serv"
"TROW","2013-05-30",48.7291030883789,49.0811631839778,48.213584464198,48.7102434113231,797900,"TROW",0.00375546635933337,1.55127619492898,"Financial_Serv"
"TROW","2013-05-31",47.7232055664062,48.9679920051812,47.6729099051637,48.5656363081572,1504800,"TROW",-0.0206426438867196,1.51925375286712,"Financial_Serv"
"TROW","2013-06-03",47.7672271728516,48.1381469919884,47.1699768113052,48.0249841190135,1879900,"TROW",0.000922436075339847,1.52065516733636,"Financial_Serv"
"TROW","2013-06-04",47.2957077026367,48.1444267027955,47.075665357464,47.7483543186516,915400,"TROW",-0.0098711919891978,1.50564448823022,"Financial_Serv"
"TROW","2013-06-05",46.0572242736816,47.4151742983625,46.0132167450221,47.1322694421884,1430900,"TROW",-0.0261859582848791,1.46621774446956,"Financial_Serv"
"TROW","2013-06-06",46.5161361694336,46.5161361694336,45.5856903689196,45.9440385806575,1100000,"TROW",0.00996395034631273,1.48082706527234,"Financial_Serv"
"TROW","2013-06-07",47.5786247253418,47.6352037682843,46.4595722201855,47.0505296755784,934000,"TROW",0.0228412899996277,1.51465106570952,"Financial_Serv"
"TROW","2013-06-10",47.440315246582,47.9621221508784,47.1888416351715,47.8300995840914,905300,"TROW",-0.00290696672209817,1.51024802546591,"Financial_Serv"
"TROW","2013-06-11",46.7263031005859,47.3581665898203,46.5872971823725,47.0359196812406,859200,"TROW",-0.0150507462331321,1.48751766568554,"Financial_Serv"
"TROW","2013-06-12",45.7848205566406,47.2696985556119,45.727955165623,47.2381082786249,1178600,"TROW",-0.0201488772162998,1.45754585488256,"Financial_Serv"
"TROW","2013-06-13",46.9790458679199,46.9916858363501,45.6458136219294,45.7848243502485,1033000,"TROW",0.0260834332593248,1.4955636549108,"Financial_Serv"
"TROW","2013-06-14",46.3787727355957,47.0106361112285,46.195531778174,47.0106361112285,940600,"TROW",-0.0127774653834364,1.47645414208145,"Financial_Serv"
"TROW","2013-06-17",47.0738258361816,47.4213526531993,45.9111994314961,46.4482823862853,1016000,"TROW",0.0149864487477584,1.49858094641017,"Financial_Serv"
"TROW","2013-06-18",47.7815246582031,47.9205305934844,46.8779595648247,47.1812513772847,916300,"TROW",0.0150338072049699,1.52111032343954,"Financial_Serv"
"TROW","2013-06-19",47.2065353393555,48.1796059929809,47.1749450475402,47.8952692629566,1829500,"TROW",-0.0120337164408366,1.50280571313204,"Financial_Serv"
"TROW","2013-06-20",45.9238433837891,46.9158689726025,45.7911526156882,46.5809820596715,1594500,"TROW",-0.0271719147856429,1.46197160435544,"Financial_Serv"
"TROW","2013-06-21",45.538387298584,46.227120794205,45.0897649393879,46.0817901158039,2873100,"TROW",-0.00839337600696423,1.44970072696858,"Financial_Serv"
"TROW","2013-06-24",44.5842742919922,45.7405853239312,44.2746626151685,45.7089902296548,2132200,"TROW",-0.0209518400451011,1.41932682922387,"Financial_Serv"
"TROW","2013-06-25",45.7090072631836,45.9364785286845,44.9191778192878,45.3741203502896,1585100,"TROW",0.0252271229946524,1.45513236171431,"Financial_Serv"
"TROW","2013-06-26",46.2460861206055,46.5556978524119,46.0186148994764,46.2208110048427,1235300,"TROW",0.0117499567279919,1.47223010399795,"Financial_Serv"
"TROW","2013-06-27",46.5430603027344,46.8463520347629,46.3219042564086,46.473554943158,1147300,"TROW",0.00642160682213032,1.48168418687753,"Financial_Serv"
"TROW","2013-06-28",46.2524032592773,46.5430646925941,45.7848256495368,46.1386676438555,1695600,"TROW",-0.00624490614855326,1.47243120818868,"Financial_Serv"
"TROW","2013-07-01",46.5493698120117,47.0864526719946,46.4166790927737,46.498819589235,1363000,"TROW",0.00642056480978227,1.48188504818881,"Financial_Serv"
"TROW","2013-07-02",46.7515830993652,46.9158689735231,46.0628541381518,46.0628541381518,1128300,"TROW",0.00434406068589431,1.48832244676766,"Financial_Serv"
"TROW","2013-07-03",46.7958068847656,46.9158624862885,46.2460887530254,46.4166897682155,684000,"TROW",0.000945931291917922,1.48973029754252,"Financial_Serv"
"TROW","2013-07-05",47.6235504150391,47.6361855630356,46.8716313597502,47.2823435703047,922700,"TROW",0.0176884123894209,1.51608126139447,"Financial_Serv"
"TROW","2013-07-08",47.9521255493164,48.1416865470601,47.5982834956471,47.8573450504446,1229900,"TROW",0.0068994254190167,1.52654135098663,"Financial_Serv"
"TROW","2013-07-09",48.3754730224609,48.558714034908,47.7372942923626,48.4133881144842,1122300,"TROW",0.00882854447628477,1.5400184891987,"Financial_Serv"
"TROW","2013-07-10",47.7435989379883,48.3438720852812,47.3771218145746,48.1479911450716,1728600,"TROW",-0.0130618688561303,1.51990296965677,"Financial_Serv"
"TROW","2013-07-11",48.9315071105957,49.1526583539484,48.3501890728372,48.4133792744256,2332600,"TROW",0.0248809934531818,1.55771966549427,"Financial_Serv"
"TROW","2013-07-12",48.9378128051758,49.1020986201939,48.4702352924538,48.9188576766611,1231900,"TROW",0.000128867777684139,1.55792040536582,"Financial_Serv"
"TROW","2013-07-15",49.2537460327148,49.5128123192655,48.9378143588149,48.963089471215,919000,"TROW",0.00645581012778014,1.56797804369705,"Financial_Serv"
"TROW","2013-07-16",49.0199432373047,49.4685654852801,48.9314827839424,49.3801050319178,850400,"TROW",-0.00474690382442915,1.56053500272481,"Financial_Serv"
"TROW","2013-07-17",49.3927574157715,49.4749027373787,49.0515506248069,49.4685827540086,1024400,"TROW",0.00760535720455672,1.57240342885074,"Financial_Serv"
"TROW","2013-07-18",49.5064964294434,49.8856135053238,49.373805693922,49.373805693922,1027000,"TROW",0.00230274679168969,1.57602427580177,"Financial_Serv"
"TROW","2013-07-19",50.0309371948242,50.0372571777446,49.0515471337558,49.5886348050908,1372400,"TROW",0.0105933726521789,1.59271968826422,"Financial_Serv"
"TROW","2013-07-22",50.5553970336914,50.6122624314187,49.7971579855112,50.4542965656398,1216000,"TROW",0.0104827106641017,1.60941570792531,"Financial_Serv"
"TROW","2013-07-23",50.2899932861328,50.7133453234559,50.2520830341201,50.5490595301773,1360300,"TROW",-0.00524976091833918,1.60096666024048,"Financial_Serv"
"TROW","2013-07-24",47.7751998901367,48.6471697895902,47.137016401731,47.137016401731,3727000,"TROW",-0.0500058407581759,1.52090897636935,"Financial_Serv"
"TROW","2013-07-25",47.8510208129883,48.3565086765683,47.5161291377064,47.9078862090876,2267200,"TROW",0.0015870351777893,1.52332271241706,"Financial_Serv"
"TROW","2013-07-26",48.1795997619629,48.2111948704294,47.4340005170794,47.7688874555824,1075900,"TROW",0.0068667071964622,1.53378292344895,"Financial_Serv"
"TROW","2013-07-29",47.1559638977051,47.9457931492321,46.7768468211191,46.8905824261684,1966600,"TROW",-0.0212462508886585,1.50119578664862,"Financial_Serv"
"TROW","2013-07-30",47.1180572509766,47.5982748225512,47.0422319015483,47.396078711478,1875800,"TROW",-0.000803856895190312,1.49998904006449,"Financial_Serv"
"TROW","2013-07-31",47.5414161682129,47.9963587339616,46.7010412394826,46.7010412394826,2398900,"TROW",0.00898506733801198,1.51346654259575,"Financial_Serv"
"TROW","2013-08-01",48.4955368041992,48.6724578609617,47.7941677429355,48.0405941892458,1384000,"TROW",0.0200692514629859,1.54384068321992,"Financial_Serv"
"TROW","2013-08-02",48.2427558898926,48.4891821600698,47.8889140292758,48.249075871899,1301800,"TROW",-0.00521245728915722,1.53579347959737,"Financial_Serv"
"TROW","2013-08-05",47.9394836425781,48.223820278383,47.8320631879371,48.223820278383,896700,"TROW",-0.0062863789955663,1.5261388997257,"Financial_Serv"
"TROW","2013-08-06",47.6614646911621,48.0595369664879,47.5477290666782,47.88893594013,944600,"TROW",-0.00579937309064149,1.51728825085805,"Financial_Serv"
"TROW","2013-08-07",47.0675010681152,47.6551341948776,46.9664054357261,47.6551341948776,1477400,"TROW",-0.0124621353308308,1.49837959933998,"Financial_Serv"
"TROW","2013-08-08",47.5414161682129,47.6361966728667,47.0106530553306,47.4403204984558,1427200,"TROW",0.0100688392063096,1.51346654259575,"Financial_Serv"
"TROW","2013-08-09",47.1875610351562,47.7120088378094,46.9916849149485,47.2128361507855,926500,"TROW",-0.00744309197278888,1.50220167192147,"Financial_Serv"
"TROW","2013-08-12",46.7515830993652,47.0359245916466,46.5304318191929,46.9032338235432,1003200,"TROW",-0.00923925556284204,1.48832244676766,"Financial_Serv"
"TROW","2013-08-13",47.1243705749512,48.6282036372177,46.5999228288501,48.6282036372177,1408500,"TROW",0.00797379363162141,1.50019002281549,"Financial_Serv"
"TROW","2013-08-14",46.6757621765137,47.3076257265482,46.5683417092482,47.143339853733,1684300,"TROW",-0.00951966876085888,1.48590871071994,"Financial_Serv"
"TROW","2013-08-15",45.949104309082,46.3598164572162,45.6205326622808,46.2397608761848,1901100,"TROW",-0.0155682057142129,1.46277577823891,"Financial_Serv"
"TROW","2013-08-16",45.9680671691895,46.1892184182274,45.5952700380591,45.9680671691895,1568100,"TROW",0.00041269270408115,1.4633794551303,"Financial_Serv"
"TROW","2013-08-19",45.3298759460449,45.9554241412965,45.323560783395,45.9111938990727,848200,"TROW",-0.0138833599593303,1.44306283139764,"Financial_Serv"
"TROW","2013-08-20",45.8543357849121,46.0628519049955,45.1466469019334,45.3425278726494,1097200,"TROW",0.0115698494187683,1.45975885105873,"Financial_Serv"
"TROW","2013-08-21",45.3362007141113,45.8669636768114,45.1466397584411,45.4941665702581,1121700,"TROW",-0.0112995873112455,1.44326417846783,"Financial_Serv"
"TROW","2013-08-22",45.885929107666,46.0438949826736,45.4941720021823,45.4941720021823,878100,"TROW",0.0121255946659769,1.46076461489185,"Financial_Serv"
"TROW","2013-08-23",45.8606491088867,45.9364696355509,45.4183418134923,45.9238344880186,723800,"TROW",-0.000550931391625095,1.45995983380973,"Financial_Serv"
"TROW","2013-08-26",45.3614807128906,46.005979354228,45.2982953277769,45.7153227261162,1329300,"TROW",-0.0108844598952562,1.44406895954995,"Financial_Serv"
"TROW","2013-08-27",44.4200057983398,44.9949990742277,44.369455561568,44.7801677990513,1404600,"TROW",-0.0207549422936548,1.41409739162643,"Financial_Serv"
"TROW","2013-08-28",44.5463905334473,44.8686423679638,44.2620537987628,44.337874356952,1312500,"TROW",0.00284522104029409,1.41812081127811,"Financial_Serv"
"TROW","2013-08-29",44.7106704711914,45.0202822908238,44.2873181879949,44.3884186797245,836800,"TROW",0.00368783948097417,1.42335061319473,"Financial_Serv"
"TROW","2013-08-30",44.3189010620117,44.8623040032023,44.2114854347552,44.8559840190297,997500,"TROW",-0.00876232463192691,1.41087875305687,"Financial_Serv"
"TROW","2013-09-03",44.672737121582,45.209824828133,44.1988396069087,44.8243877972066,1018900,"TROW",0.00798386356816969,1.4221430165325,"Financial_Serv"
"TROW","2013-09-04",44.7548866271973,45.0329032503665,44.4452700843999,44.7864769053549,1354500,"TROW",0.00183891811669509,1.42475822109014,"Financial_Serv"
"TROW","2013-09-05",44.8243980407715,45.1276898198612,44.6411570480675,44.7928029376124,879500,"TROW",0.00155315807530115,1.42697109582657,"Financial_Serv"
"TROW","2013-09-06",44.6853942871094,45.0266012074887,44.1672663311415,45.0076460709238,1053500,"TROW",-0.0031010735166075,1.42254595355234,"Financial_Serv"
"TROW","2013-09-09",44.9570846557617,44.9949949194721,44.7043383159766,44.9381295239065,2103600,"TROW",0.00608007097143864,1.43119513391007,"Financial_Serv"
"TROW","2013-09-10",45.5194511413574,45.6331867742385,45.0013232183963,45.3804403877543,1104100,"TROW",0.012508962489489,1.44909790015529,"Financial_Serv"
"TROW","2013-09-11",45.4686241149902,45.6655389251006,45.1764262254946,45.5003819105862,1247500,"TROW",-0.00111660015867388,1.44747983721005,"Financial_Serv"
"TROW","2013-09-12",45.4876861572266,45.6401361978983,45.2208973744761,45.411458713741,1514500,"TROW",0.000419235079296004,1.44808667153438,"Financial_Serv"
"TROW","2013-09-13",45.455924987793,45.6655468294647,45.0811509493189,45.6591933307263,921800,"TROW",-0.000698236646370897,1.44707556435319,"Financial_Serv"
"TROW","2013-09-16",46.1228790283203,46.2689755030365,45.7671608154838,46.2689755030365,1215400,"TROW",0.0146725435838442,1.46830784364028,"Financial_Serv"
"TROW","2013-09-17",46.2372360229492,46.2817008171574,46.0276142018396,46.1228972883712,830500,"TROW",0.00247939844688986,1.47194836382736,"Financial_Serv"
"TROW","2013-09-18",46.243595123291,46.3960451724307,46.0212662790168,46.300762074356,3073300,"TROW",0.000137532017239106,1.47215080385511,"Financial_Serv"
"TROW","2013-09-19",47.4187393188477,47.5457802158257,46.5103828511858,46.5612011484968,2465600,"TROW",0.0254120423038815,1.50956116236037,"Financial_Serv"
"TROW","2013-09-20",46.9804458618164,47.6347157710578,46.8851627540152,47.3806290990213,1787800,"TROW",-0.00924304322145992,1.49560822329123,"Financial_Serv"
"TROW","2013-09-23",46.4786148071289,46.8279845027024,46.0974873141481,46.7771662112919,977900,"TROW",-0.0106817005560896,1.47963258410081,"Financial_Serv"
"TROW","2013-09-24",46.3007583618164,46.6437745796014,46.072080883293,46.4214505994535,1249600,"TROW",-0.0038266296457101,1.47397057818973,"Financial_Serv"
"TROW","2013-09-25",46.243595123291,46.6120156715204,45.8815232276469,46.4278029742559,1054500,"TROW",-0.00123460695997006,1.47215080385511,"Financial_Serv"
"TROW","2013-09-26",46.0974998474121,46.6120218605126,45.779892709192,46.300768222021,1238600,"TROW",-0.00315925428136369,1.46749990512521,"Financial_Serv"
"TROW","2013-09-27",46.0212631225586,46.1038440634992,45.6528425995981,45.6973073961433,965200,"TROW",-0.00165381474279229,1.46507293214707,"Financial_Serv"
"TROW","2013-09-30",45.6909446716309,45.7100003168311,45.2907615835303,45.449565088597,1281500,"TROW",-0.00717751814086606,1.45455734459889,"Financial_Serv"
"TROW","2013-10-01",45.8052940368652,45.9069257836577,45.5194495998182,45.7290665920463,1379900,"TROW",0.0025026701911325,1.45819762190652,"Financial_Serv"
"TROW","2013-10-02",45.7227172851562,45.7735307346753,45.3797010578306,45.4305145073497,1212700,"TROW",-0.00180277746154243,1.45556881609927,"Financial_Serv"
"TROW","2013-10-03",45.7227172851562,45.983152570202,45.2717109676415,45.7100102880519,1126000,"TROW",0,1.45556881609927,"Financial_Serv"
"TROW","2013-10-04",46.1864204406738,46.2880570312842,45.5829689343976,45.8624598659774,941200,"TROW",0.0101416359973889,1.4703306652013,"Financial_Serv"
"TROW","2013-10-07",45.6020240783691,46.0339698910794,45.5194479841375,45.6528423731114,840500,"TROW",-0.0126529910031746,1.45172658452281,"Financial_Serv"
"TROW","2013-10-08",45.0875129699707,45.8815308418642,45.0748059700921,45.6846111141503,1306300,"TROW",-0.0112826375319268,1.43534727967418,"Financial_Serv"
"TROW","2013-10-09",45.5130844116211,45.8624492064702,45.1827704152094,45.4686196251385,1763300,"TROW",0.00943878722993284,1.44889521724809,"Financial_Serv"
"TROW","2013-10-10",46.9486618041992,47.0757026460292,45.9831339596202,46.0593613724967,1896700,"TROW",0.0315420809452231,1.49459638747167,"Financial_Serv"
"TROW","2013-10-11",47.4250793457031,47.6474032754097,46.7263400719136,46.8660879266715,1084500,"TROW",0.0101476277106858,1.50976299518947,"Financial_Serv"
"TROW","2013-10-14",47.3107528686523,47.4695564089863,46.7644683021997,46.9232718425336,1677000,"TROW",-0.00241067550393333,1.50612344652022,"Financial_Serv"
"TROW","2013-10-15",47.1392402648926,47.4759029802355,47.0439571756089,47.2535790027731,1413200,"TROW",-0.00362523513916449,1.50066339487798,"Financial_Serv"
"TROW","2013-10-16",47.9523162841797,48.2254585708346,47.3742739101842,47.5648352531972,1277200,"TROW",0.017248390400824,1.52654742297306,"Financial_Serv"
"TROW","2013-10-17",48.4922332763672,48.5875163433526,47.4441340784217,47.653751010232,1185000,"TROW",0.0112594559350958,1.54373551641486,"Financial_Serv"
"TROW","2013-10-18",48.8034934997559,49.1401561492918,48.4985886429073,48.7717308607702,1957200,"TROW",0.0064187644568716,1.55364439107843,"Financial_Serv"
"TROW","2013-10-21",48.8098411560059,49.006760790368,48.6319820124258,48.9559425075456,924900,"TROW",0.000130065612004431,1.553846466787,"Financial_Serv"
"TROW","2013-10-22",49.0893478393555,49.4069549085504,48.7907964189044,49.0512365418678,1575200,"TROW",0.00572644115878704,1.56274447714884,"Financial_Serv"
"TROW","2013-10-23",49.4450531005859,49.5085783746269,48.4731765018541,48.8670109079374,2449800,"TROW",0.00724607836295792,1.57406824609154,"Financial_Serv"
"TROW","2013-10-24",47.9332618713379,48.9114922988713,47.3933307827531,48.8670274997243,3398300,"TROW",-0.0305751765737336,1.52594083152819,"Financial_Serv"
"TROW","2013-10-25",48.1174812316895,48.4604975210357,47.920566357663,47.9269150110636,1761700,"TROW",0.00384324690537529,1.53180539890674,"Financial_Serv"
"TROW","2013-10-28",49.4069519042969,49.4514166974284,48.2889737317471,48.9750061226049,2892200,"TROW",0.0267983826168814,1.57285530608125,"Financial_Serv"
"TROW","2013-10-29",49.5848007202148,50.0675646921665,49.1973198125862,49.1973198125862,2209900,"TROW",0.00359967188954438,1.57851706911287,"Financial_Serv"
"TROW","2013-10-30",49.6419868469238,49.946886925335,49.3434354206842,49.9341847746926,1832000,"TROW",0.00115329951675435,1.58033757208587,"Financial_Serv"
"TROW","2013-10-31",49.1719436645508,49.7182235303432,49.1655901642797,49.6102382572389,1842400,"TROW",-0.00946866175647791,1.56537389015473,"Financial_Serv"
"TROW","2013-11-01",49.3116683959961,49.4768254174783,48.6764543016941,49.2036831630765,2055800,"TROW",0.00284155396415707,1.56982198453769,"Financial_Serv"
"TROW","2013-11-04",49.2163925170898,49.5530552277932,49.1147559309081,49.2735594620927,1255600,"TROW",-0.00193211631253559,1.56678890587359,"Financial_Serv"
"TROW","2013-11-05",48.8860778808594,49.127457500741,48.6955165534683,48.9495983233231,940900,"TROW",-0.00671147598060485,1.55627343976514,"Financial_Serv"
"TROW","2013-11-06",49.2989845275879,49.3879141460632,48.9877308629242,49.1401809451247,831600,"TROW",0.00844630341863001,1.56941819743975,"Financial_Serv"
"TROW","2013-11-07",48.6701049804688,49.6356282581523,48.6446958354904,49.6165726109932,1306900,"TROW",-0.012756440181181,1.54939800808485,"Financial_Serv"
"TROW","2013-11-08",50.0548896789551,50.0993544869029,48.778107556023,48.778107556023,1936000,"TROW",0.0284524699308136,1.59348220832075,"Financial_Serv"
"TROW","2013-11-11",50.0485191345215,50.3089543934372,49.8071395230509,49.8960691086611,1021400,"TROW",-0.00012727117119733,1.59327940397381,"Financial_Serv"
"TROW","2013-11-12",49.8134841918945,50.118389065536,49.5784580971299,49.8071355407864,1041700,"TROW",-0.00469614179782665,1.5857971379692,"Financial_Serv"
"TROW","2013-11-13",50.0739288330078,50.0866309826786,49.4260077349209,49.6292760537464,1295500,"TROW",0.00522839639383546,1.59408831400671,"Financial_Serv"
"TROW","2013-11-14",50.1564979553223,50.3153014587952,49.775370516247,50.0485127360723,1619600,"TROW",0.0016489443556509,1.5967168769345,"Financial_Serv"
"TROW","2013-11-15",50.8107795715332,50.9378253119882,50.2772020005206,50.2772020005206,1430700,"TROW",0.0130448026254494,1.61754573344283,"Financial_Serv"
"TROW","2013-11-18",50.8171272277832,51.2363708536359,50.6710258546318,50.7599602858754,1129600,"TROW",0.000124927354067921,1.6177478091514,"Financial_Serv"
"TROW","2013-11-19",50.8171272277832,51.0966229783517,50.613858912724,51.0330976922778,922400,"TROW",0,1.6177478091514,"Financial_Serv"
"TROW","2013-11-20",50.8107795715332,51.1601492999101,50.5630464355203,51.052164055248,1779300,"TROW",-0.000124911749173604,1.61754573344283,"Financial_Serv"
"TROW","2013-11-21",51.1029663085938,51.3252950941034,50.8171219362219,50.9251071572247,956800,"TROW",0.00575048719040408,1.62684740946289,"Financial_Serv"
"TROW","2013-11-22",51.5349349975586,51.5666976514383,51.0712312672391,51.3253179593747,916800,"TROW",0.00845290831761759,1.64059900146183,"Financial_Serv"
"TROW","2013-11-25",51.293529510498,51.8461674245045,51.1791907988518,51.7191217191764,783500,"TROW",-0.00468430758808531,1.63291393111028,"Financial_Serv"
"TROW","2013-11-26",51.0839195251465,51.5857392728765,51.0839195251465,51.19825826319,970700,"TROW",-0.00408648005609874,1.62624106089747,"Financial_Serv"
"TROW","2013-11-27",51.3316459655762,51.5666769093659,50.97592764745,51.2554233810055,926400,"TROW",0.00484940158727919,1.63412735687949,"Financial_Serv"
"TROW","2013-11-29",51.1093482971191,51.6429308949746,51.0966461419255,51.3888441743911,549600,"TROW",-0.00433061641167921,1.62705057812901,"Financial_Serv"
"TROW","2013-12-02",51.2554359436035,51.7445487509075,51.1156880425739,51.2300267937527,1154400,"TROW",0.0028583351451697,1.63170123397945,"Financial_Serv"
"TROW","2013-12-03",50.6074867248535,51.1410688837618,50.4423346116913,51.0394323406185,1062500,"TROW",-0.0126415707294528,1.61107396742076,"Financial_Serv"
"TROW","2013-12-04",50.5312767028809,51.020389360812,50.0421591986514,50.5122162115889,753800,"TROW",-0.00150590410440654,1.60864784452072,"Financial_Serv"
"TROW","2013-12-05",49.889720916748,50.6456273211274,49.8516096178044,50.5503442274687,1044700,"TROW",-0.0126962116929105,1.58822411094734,"Financial_Serv"
"TROW","2013-12-06",50.7027969360352,50.8997117859993,50.5122307386958,50.8171356851788,1582900,"TROW",0.0162974657774475,1.61410813904242,"Financial_Serv"
"TROW","2013-12-09",50.8552398681641,51.1792004197778,50.7345524832876,50.8997046618131,847600,"TROW",0.00300659808414954,1.61896111348088,"Financial_Serv"
"TROW","2013-12-10",50.5122299194336,50.8933623079306,50.3026129213198,50.7980792108063,943900,"TROW",-0.00674483002380246,1.6080414959553,"Financial_Serv"
"TROW","2013-12-11",49.9341850280762,50.7917231666207,49.8897202311531,50.6011618282216,1515500,"TROW",-0.0114436621047892,1.58963961242511,"Financial_Serv"
"TROW","2013-12-12",49.8001441955566,50.298022089656,49.7490839167962,50.0554650687213,1087300,"TROW",-0.00268435005886578,1.58537246323792,"Financial_Serv"
"TROW","2013-12-13",50.0235404968262,50.2916251551969,49.6086447903919,50.0235404968262,1255500,"TROW",0.00448585651463763,1.59248421663026,"Financial_Serv"
"TROW","2013-12-16",51.1660957336426,51.3511983229954,50.4256658968745,50.5341756547266,1342300,"TROW",0.0228403512719956,1.62885711553321,"Financial_Serv"
"TROW","2013-12-17",50.942684173584,51.2937508646916,50.7192803109877,51.083110850027,1201100,"TROW",-0.00436639842956978,1.62174487638195,"Financial_Serv"
"TROW","2013-12-18",52.8894958496094,53.0299225158365,50.8660876458354,51.0575745699135,2583700,"TROW",0.0382157263129629,1.68372103472721,"Financial_Serv"
"TROW","2013-12-19",52.4235534667969,53.1129183228535,52.3852570425183,52.6724899642884,1807800,"TROW",-0.00880973386733353,1.66888790050443,"Financial_Serv"
"TROW","2013-12-20",52.9022674560547,53.2788667407049,52.2767365945424,52.5065248330112,1819000,"TROW",0.00913165853133195,1.68412761493891,"Financial_Serv"
"TROW","2013-12-23",53.2214241027832,53.5086618727942,53.1256830492861,53.1703638308648,872300,"TROW",0.00603294834183876,1.6942878698409,"Financial_Serv"
"TROW","2013-12-24",53.2150421142578,53.4192978018626,53.0171659166933,53.2214216042982,314000,"TROW",-0.000119913899956256,1.69408470117478,"Financial_Serv"
"TROW","2013-12-26",53.3554611206055,53.5405685886189,53.1831223716768,53.2852526449971,816600,"TROW",0.00263870892080031,1.69855489758836,"Financial_Serv"
"TROW","2013-12-27",53.2533378601074,53.5661033125178,53.0746147444443,53.3809958370554,878300,"TROW",-0.00191401701631265,1.69530383461124,"Financial_Serv"
"TROW","2013-12-30",53.2086601257324,53.3299386196602,52.9214272262444,53.2341926965509,518300,"TROW",-0.000838965897168082,1.69388153250866,"Financial_Serv"
"TROW","2013-12-31",53.4703521728516,53.6107788556838,53.2405688107542,53.2469483000908,930300,"TROW",0.00491822283253817,1.70221241933746,"Financial_Serv"
"TROW","2014-01-02",52.6980094909668,53.4639718757964,52.4618417732616,53.3490777615639,1113600,"TROW",-0.0144443163454028,1.67762512466547,"Financial_Serv"
"TROW","2014-01-03",53.1703796386719,53.4065474672984,52.6342052304814,52.7618681228322,776900,"TROW",0.00896371897663515,1.69266288483112,"Financial_Serv"
"TROW","2014-01-06",53.0873832702637,53.5980249627136,52.895896287975,53.4065331105849,848400,"TROW",-0.00156095120953092,1.69002072065371,"Financial_Serv"
"TROW","2014-01-07",53.5342140197754,53.8342108801673,53.0363360103296,53.4959127145308,945900,"TROW",0.00841689158489765,1.70424544183569,"Financial_Serv"
"TROW","2014-01-08",53.566104888916,53.7129159495824,53.3107840576665,53.64908695923,1131900,"TROW",0.000595710046828083,1.70526067796765,"Financial_Serv"
"TROW","2014-01-09",53.1639747619629,53.7575935902677,52.8895057366211,53.6171668977897,1134600,"TROW",-0.0075071750650351,1.69245898752662,"Financial_Serv"
"TROW","2014-01-10",53.2533378601074,53.4831261144856,52.940572407697,53.3554632676979,761100,"TROW",0.0016808957295734,1.69530383461124,"Financial_Serv"
"TROW","2014-01-13",52.5639839172363,53.1639872460496,52.3788764036697,52.9405833054832,1216500,"TROW",-0.0129448025339177,1.6733584612372,"Financial_Serv"
"TROW","2014-01-14",53.1001510620117,53.1895126261511,52.5129116650159,52.8256820093437,1094500,"TROW",0.0102002760220687,1.69042717942568,"Financial_Serv"
"TROW","2014-01-15",53.566104888916,53.6107856691467,53.010787316026,53.170362226827,1027300,"TROW",0.00877500002514388,1.70526067796765,"Financial_Serv"
"TROW","2014-01-16",53.4958801269531,53.8788637270501,53.0107760078841,53.8788637270501,872500,"TROW",-0.00131099250372079,1.70302509400194,"Financial_Serv"
"TROW","2014-01-17",52.5192756652832,53.5788550433719,52.3597008097762,53.5341742786234,3914400,"TROW",-0.0182556948189712,1.67193518761679,"Financial_Serv"
"TROW","2014-01-21",52.2001457214355,52.5575919747808,51.7597173951066,51.9767418130947,2032100,"TROW",-0.00607643460053678,1.6617757827929,"Financial_Serv"
"TROW","2014-01-22",52.0342025756836,52.5831408462552,51.6639923570296,52.4108020263508,1653200,"TROW",-0.00317897859208102,1.65649303315457,"Financial_Serv"
"TROW","2014-01-23",51.0129051208496,51.7660988769763,50.8022650747661,51.5490793408949,2152200,"TROW",-0.0196274258906632,1.62398033890793,"Financial_Serv"
"TROW","2014-01-24",49.3916091918945,50.6873611530475,49.2830994552453,50.5724670584077,3163100,"TROW",-0.0317820740676154,1.5723668754924,"Financial_Serv"
"TROW","2014-01-27",48.8362998962402,49.8831107678425,48.8299155371902,49.4043861057132,2278700,"TROW",-0.0112429885306395,1.55468877274528,"Financial_Serv"
"TROW","2014-01-28",51.5107727050781,51.9575853203783,50.1767289580309,51.1660952270592,3468700,"TROW",0.0547640344276736,1.63982980222022,"Financial_Serv"
"TROW","2014-01-29",50.4001350402832,51.4852472651495,50.1320503812539,51.4852472651495,2611300,"TROW",-0.0215612697397069,1.60447298952734,"Financial_Serv"
"TROW","2014-01-30",50.7767372131348,51.0831183066065,50.40652226117,50.8022649127243,1572100,"TROW",0.00747224531344125,1.61646200530388,"Financial_Serv"
"TROW","2014-01-31",50.0682334899902,50.7575935126005,49.5831243208759,49.9916357675488,1833100,"TROW",-0.0139533133090178,1.59390700449175,"Financial_Serv"
"TROW","2014-02-03",48.3001365661621,50.1831235810757,48.2363075708756,50.0937620137065,2122000,"TROW",-0.0353137468726874,1.53762017599653,"Financial_Serv"
"TROW","2014-02-04",49.583122253418,50.1320604000909,48.3895000284728,48.6448208894575,2285400,"TROW",0.0265627755627235,1.57846363563224,"Financial_Serv"
"TROW","2014-02-05",49.0214157104492,49.6980117899685,48.6958815211274,49.3341811794934,1512000,"TROW",-0.0113285835469958,1.56058187846009,"Financial_Serv"
"TROW","2014-02-06",49.417163848877,49.4937615694971,49.0852501325371,49.1426947706219,1019300,"TROW",0.00807296428902151,1.57318040023499,"Financial_Serv"
"TROW","2014-02-07",50.6426811218262,50.7703439465763,49.4873605594105,49.8511910877305,2069100,"TROW",0.0247994254930733,1.61219437035778,"Financial_Serv"
"TROW","2014-02-10",50.7128982543945,50.8916262224245,50.3171556426405,50.7192826135697,1332800,"TROW",0.00138652083604035,1.61442971144403,"Financial_Serv"
"TROW","2014-02-11",51.1788635253906,51.3895035679249,50.4320541416852,50.6299254647594,1242700,"TROW",0.00918829897393442,1.62926357430518,"Financial_Serv"
"TROW","2014-02-12",51.5171661376953,51.7469544100721,51.0001449597676,51.115039095956,1518400,"TROW",0.006610201731753,1.64003333520553,"Financial_Serv"
"TROW","2014-02-13",51.4597129821777,51.632051722999,50.8086446949882,51.1916234622436,1079700,"TROW",-0.00111522352304894,1.63820433145153,"Financial_Serv"
"TROW","2014-02-14",51.5937728881836,51.7341996203245,51.2427060578313,51.4341979416309,1099300,"TROW",0.00260514290183253,1.64247208783736,"Financial_Serv"
"TROW","2014-02-18",51.4852333068848,51.7469335355092,51.1341666796395,51.5043815102185,876500,"TROW",-0.00210373413733592,1.63901676323655,"Financial_Serv"
"TROW","2014-02-19",50.9937515258789,52.027798567581,50.9426863922503,51.1533264160888,1014500,"TROW",-0.00954607271712872,1.62337059003011,"Financial_Serv"
"TROW","2014-02-20",51.127799987793,51.3575882468712,50.6235426898068,51.2107820573622,851700,"TROW",0.00262872328281307,1.62763798209675,"Financial_Serv"
"TROW","2014-02-21",51.0639686584473,51.4852487374024,50.8788611876797,51.2363074099401,875400,"TROW",-0.00124846618397317,1.62560593111635,"Financial_Serv"
"TROW","2014-02-24",51.6128959655762,51.9511939083322,51.0767218739746,51.0767218739746,1007500,"TROW",0.0107497971965424,1.64308086519735,"Financial_Serv"
"TROW","2014-02-25",51.127799987793,51.7405670553884,51.0767348480334,51.6575898556589,931900,"TROW",-0.00939873589164118,1.62763798209675,"Financial_Serv"
"TROW","2014-02-26",50.7575912475586,51.4469561092467,50.6171694007765,51.1278062514104,1313700,"TROW",-0.00724085018957914,1.61585249930552,"Financial_Serv"
"TROW","2014-02-27",51.3320541381836,51.4469482642785,50.3554565012969,50.6554581010913,1167400,"TROW",0.0113177728987018,1.63414035093046,"Financial_Serv"
"TROW","2014-02-28",51.810791015625,52.1427096221972,51.1405791809247,51.4214277674388,1511000,"TROW",0.00932627547209913,1.64938079400331,"Financial_Serv"
"TROW","2014-03-03",50.9554595947266,51.2554611938959,50.5660964387629,51.12779834859,1226100,"TROW",-0.016508750477106,1.62215157803338,"Financial_Serv"
"TROW","2014-03-04",52.1363067626953,52.2448165160268,51.4980072209727,51.6894990314251,1064200,"TROW",0.0231741049410721,1.65974348893305,"Financial_Serv"
"TROW","2014-03-05",52.0469589233398,52.2512146356896,51.9001478473508,52.1618530659016,950000,"TROW",-0.00171373549266054,1.65689912760735,"Financial_Serv"
"TROW","2014-03-06",52.5767555236816,52.9405862096602,51.8044133611601,51.8044133611601,1447900,"TROW",0.0101792037671622,1.6737650414489,"Financial_Serv"
"TROW","2014-03-07",52.9788856506348,53.4129297278673,52.5512259352289,52.9342048575303,1181800,"TROW",0.0076484393711209,1.68656673188992,"Financial_Serv"
"TROW","2014-03-10",53.4320755004883,53.4448442235579,52.7937757025565,53.2150559067151,1296400,"TROW",0.00855415972397082,1.70099389309965,"Financial_Serv"
"TROW","2014-03-11",52.7873725891113,53.5852470530933,52.6214182068873,53.5533349964376,1380800,"TROW",-0.0120658407022026,1.68046997175009,"Financial_Serv"
"TROW","2014-03-12",52.5114402770996,52.7745403834665,52.1007438457798,52.5820291852222,1488200,"TROW",-0.00522724088125266,1.67168575041404,"Financial_Serv"
"TROW","2014-03-13",51.8248176574707,53.3135937591211,51.6130508884185,52.8643910766568,1333900,"TROW",-0.0130756767669224,1.64982732788575,"Financial_Serv"
"TROW","2014-03-14",51.5167846679688,52.4472726441712,51.3050179324308,51.8568922091059,1470900,"TROW",-0.00594373513357744,1.64002119123266,"Financial_Serv"
"TROW","2014-03-17",52.351016998291,52.5948664984931,51.9082328756119,52.0429921964516,996100,"TROW",0.0161934083367,1.66657872406313,"Financial_Serv"
"TROW","2014-03-18",52.4472389221191,52.6910882543249,52.1135452086958,52.3573945409015,959300,"TROW",0.0018380144139562,1.66964191977996,"Financial_Serv"
"TROW","2014-03-19",51.9339294433594,52.6205634288514,51.7093304566827,52.4344657267791,1506300,"TROW",-0.00978715923486455,1.65330086844586,"Financial_Serv"
"TROW","2014-03-20",52.9542198181152,53.0440642529684,51.754218163696,51.8761404546419,2124200,"TROW",0.0196459306216876,1.68578150260413,"Financial_Serv"
"TROW","2014-03-21",53.2109107971191,54.1606494409235,52.9413921575122,53.6408578978094,3240000,"TROW",0.00484741310297039,1.6939531819486,"Financial_Serv"
"TROW","2014-03-24",52.819465637207,53.5895251978072,52.5820346451297,53.358507819216,1165400,"TROW",-0.00735648298531478,1.68149164418767,"Financial_Serv"
"TROW","2014-03-25",52.8772087097168,53.756353326238,52.357417294813,53.287905077118,1022700,"TROW",0.00109321576455121,1.68332987736106,"Financial_Serv"
"TROW","2014-03-26",52.2996673583984,53.2943255671277,52.2868352383904,53.133897139648,1111500,"TROW",-0.0109223116236888,1.66494402387505,"Financial_Serv"
"TROW","2014-03-27",51.9788093566895,52.4665131363166,51.7798796776872,52.2034081710286,1493800,"TROW",-0.00613499125166921,1.65472960685406,"Financial_Serv"
"TROW","2014-03-28",52.4087829589844,52.9734944312531,51.7413997891419,52.0879259482461,917300,"TROW",0.00827209410173967,1.66841768587489,"Financial_Serv"
"TROW","2014-03-31",52.8451461791992,53.3328501832038,52.6975547029685,52.8708153263457,1130100,"TROW",0.00832614679406591,1.6823091764413,"Financial_Serv"
"TROW","2014-04-01",53.3841819763184,53.563861088573,52.9670669537909,53.2750868902592,1468600,"TROW",0.0102002896404384,1.69946921730577,"Financial_Serv"
"TROW","2014-04-02",53.8718681335449,53.9552940556198,53.3713321846453,53.7114396937239,937100,"TROW",0.00913540564212268,1.71499455798216,"Financial_Serv"
"TROW","2014-04-03",53.5831184387207,54.372428804644,53.2430108056256,54.0387347864414,837300,"TROW",-0.00535993469000234,1.70580229915767,"Financial_Serv"
"TROW","2014-04-04",52.351016998291,53.8462114420984,52.2547589417232,53.8462114420984,1199700,"TROW",-0.0229942093019233,1.66657872406313,"Financial_Serv"
"TROW","2014-04-07",51.0162353515625,52.8130355361357,50.9713155917425,52.3189132822291,1850200,"TROW",-0.0254967663144364,1.62408635579108,"Financial_Serv"
"TROW","2014-04-08",51.0740165710449,51.2601142246041,50.7595780716675,51.0932721042182,1913300,"TROW",0.00113260453430639,1.62592580336176,"Financial_Serv"
"TROW","2014-04-09",51.2536888122559,51.3371098532476,51.0162529166648,51.2151826506619,2126700,"TROW",0.00351787960441705,1.6316456145837,"Financial_Serv"
"TROW","2014-04-10",50.1242713928223,51.645135045916,50.060100984212,51.3242781069763,1969800,"TROW",-0.0220358269932666,1.59569095410641,"Financial_Serv"
"TROW","2014-04-11",49.572395324707,49.867583110655,49.2579569064411,49.7584929302611,1889200,"TROW",-0.0110101564128524,1.57812214711513,"Financial_Serv"
"TROW","2014-04-14",50.0472526550293,50.2397687332427,49.5723858635601,50.0215835182084,1258700,"TROW",0.00957906768902077,1.59323908598389,"Financial_Serv"
"TROW","2014-04-15",50.8558158874512,50.8814850255633,49.7969871957905,50.1114255698612,2149600,"TROW",0.0161559963739712,1.61897945087991,"Financial_Serv"
"TROW","2014-04-16",51.555290222168,51.7863076081879,50.99700228586,51.4462000387386,1512700,"TROW",0.0137540677012203,1.6412470038542,"Financial_Serv"
"TROW","2014-04-17",51.741382598877,51.9659863484843,51.5488713939265,51.6643800752519,1740700,"TROW",0.00360956898714087,1.64717119813955,"Financial_Serv"
"TROW","2014-04-21",51.7285652160645,51.9724147701709,51.574555229044,51.8761566923247,789700,"TROW",-0.000247720145243629,1.6467631606511,"Financial_Serv"
"TROW","2014-04-22",52.1199989318848,52.3253471651004,51.6451320605527,51.728553097335,1331300,"TROW",0.00756707080865934,1.65922433409284,"Financial_Serv"
"TROW","2014-04-23",52.0943412780762,53.4547766830495,51.7863164123861,53.2430098938806,1575000,"TROW",-0.000492280397820528,1.65840753047758,"Financial_Serv"
"TROW","2014-04-24",52.5050163269043,54.192721646453,52.3895076615737,53.0568905172743,2316600,"TROW",0.00788329478313141,1.6714812459109,"Financial_Serv"
"TROW","2014-04-25",52.203441619873,53.1339300124609,51.8569154146221,53.0184212773772,2021500,"TROW",-0.00574373132566229,1.6618807067185,"Financial_Serv"
"TROW","2014-04-28",51.9723854064941,52.7103570585192,51.1381606268937,52.2547409697457,1722700,"TROW",-0.00442607242375657,1.65452510235092,"Financial_Serv"
"TROW","2014-04-29",52.4921989440918,52.684710176433,52.1456728508114,52.4087730037776,1088400,"TROW",0.0100017255997009,1.67107320842246,"Financial_Serv"
"TROW","2014-04-30",52.7039642333984,52.7488840134513,51.9916613669256,52.2226787774513,1265200,"TROW",0.00403422400978452,1.67781469208198,"Financial_Serv"
"TROW","2014-05-01",52.2098388671875,53.0376503154784,52.1071623018701,52.6847057420601,1311800,"TROW",-0.00937548765824736,1.66208436114354,"Financial_Serv"
"TROW","2014-05-02",52.453685760498,53.0376476809857,52.2290869048827,52.2740066760058,1164100,"TROW",0.00467051610580239,1.66984715292146,"Financial_Serv"
"TROW","2014-05-05",52.2354965209961,52.2611656566803,51.5167754094984,51.8633013974051,1192400,"TROW",-0.00415965506214756,1.6629011647588,"Financial_Serv"
"TROW","2014-05-06",51.5360488891602,52.2676024449384,51.5167982528327,52.0045022553146,781100,"TROW",-0.0133902743999915,1.64063446186262,"Financial_Serv"
"TROW","2014-05-07",52.3766708374023,52.4087535829596,51.3627620767694,51.7542078021291,851000,"TROW",0.0163113386912942,1.66739540623867,"Financial_Serv"
"TROW","2014-05-08",52.203441619873,52.716814863776,51.9595920217587,52.3767071704436,1083000,"TROW",-0.00330737358369088,1.6618807067185,"Financial_Serv"
"TROW","2014-05-09",52.0814971923828,52.3766849689409,51.7798909066269,52.2996775462304,908500,"TROW",-0.00233594613125683,1.65799864291104,"Financial_Serv"
"TROW","2014-05-12",52.5050163269043,52.5948558559518,51.9723927647749,52.2098286034787,1115000,"TROW",0.00813185406243326,1.6714812459109,"Financial_Serv"
"TROW","2014-05-13",52.1841583251953,52.6911127399474,52.0173113909497,52.6205238406853,942900,"TROW",-0.00611099708475992,1.66126682888991,"Financial_Serv"
"TROW","2014-05-14",51.9980583190918,52.267576887668,51.7028706160007,52.267576887668,1285700,"TROW",-0.00356621649320851,1.6553423917251,"Financial_Serv"
"TROW","2014-05-15",50.7146377563477,51.9403133900736,50.4194500137484,51.9403133900736,2501400,"TROW",-0.02468208629769,1.61448508796032,"Financial_Serv"
"TROW","2014-05-16",51.1702728271484,51.2986185642757,50.5991477606277,50.8494158281643,1881300,"TROW",0.00898429114272343,1.62899009203614,"Financial_Serv"
"TROW","2014-05-19",51.4718780517578,51.5552991071296,50.9520912915778,51.0804321299788,978100,"TROW",0.00589414923833195,1.63859160274636,"Financial_Serv"
"TROW","2014-05-20",51.0868301391602,51.7285438654193,50.8429806857011,51.7285438654193,878200,"TROW",-0.00748074341119765,1.62633371941047,"Financial_Serv"
"TROW","2014-05-21",51.6002235412598,51.8184039446843,51.4077073886824,51.4077073886824,717300,"TROW",0.0100494276254982,1.6426774424186,"Financial_Serv"
"TROW","2014-05-22",51.876148223877,51.9659926721857,51.4462010950243,51.6836369954999,749900,"TROW",0.00534735440431875,1.65146142087519,"Financial_Serv"
"TROW","2014-05-23",51.8504905700684,52.0879216048471,51.6964756927162,51.8825733309333,643300,"TROW",-0.000494594427054712,1.65064461725993,"Financial_Serv"
"TROW","2014-05-27",51.9852447509766,52.3253523368662,51.811979255142,52.0044953847607,886900,"TROW",0.00259889886145055,1.65493447567638,"Financial_Serv"
"TROW","2014-05-28",52.1264228820801,52.2996834829861,51.8055659281967,52.1071673523007,841700,"TROW",0.00271573466239886,1.65942883859598,"Financial_Serv"
"TROW","2014-05-29",52.3895072937012,52.4472640739045,52.0108985519292,52.2098282368679,858700,"TROW",0.00504704518505405,1.66780405092575,"Financial_Serv"
"TROW","2014-05-30",52.3189163208008,52.4921817586598,52.0429792384845,52.177738525771,883300,"TROW",-0.00134742578327088,1.66555680874609,"Financial_Serv"
"TROW","2014-06-02",52.4472389221191,52.4921586647856,51.8889464953635,52.4921586647856,691500,"TROW",0.0024526999093699,1.66964191977995,"Financial_Serv"
"TROW","2014-06-03",52.6141128540039,52.6718696416052,51.9531484263251,52.3830954953741,933600,"TROW",0.00318174865473019,1.6749543007121,"Financial_Serv"
"TROW","2014-06-04",52.8964653015137,52.915715930924,52.1199922413449,52.4729318709376,1025400,"TROW",0.00536647739919611,1.68394290511155,"Financial_Serv"
"TROW","2014-06-05",53.7948722839355,53.8782933204634,52.6911236978099,53.1659905676937,1388400,"TROW",0.016984253622636,1.71254341849801,"Financial_Serv"
"TROW","2014-06-06",54.167064666748,54.224816559211,53.775618853762,53.852621377046,904300,"TROW",0.00691873345935326,1.72439204994816,"Financial_Serv"
"TROW","2014-06-09",54.2183952331543,54.3467409251051,53.8782877172879,54.1734754649434,860200,"TROW",0.00094763426303513,1.7260261429376,"Financial_Serv"
"TROW","2014-06-10",53.6344413757324,54.3531577090405,53.5638524650128,53.9617118935547,1359900,"TROW",-0.0107704009849556,1.70743614926765,"Financial_Serv"
"TROW","2014-06-11",53.2473983764648,53.6344635257552,53.1377308198293,53.6022060458975,1120000,"TROW",-0.00721631454229522,1.69511475295365,"Financial_Serv"
"TROW","2014-06-12",52.9635276794434,53.2215726524209,52.7377401737625,53.2215726524209,1143800,"TROW",-0.00533116557196819,1.68607781554216,"Financial_Serv"
"TROW","2014-06-13",52.7957992553711,53.2409267237522,52.621621723543,53.1957692212931,793300,"TROW",-0.0031668665480031,1.68073823211079,"Financial_Serv"
"TROW","2014-06-16",52.6345138549805,52.9828737881311,52.3829213902269,52.4796888586239,1184600,"TROW",-0.00305489078042922,1.6756037603812,"Financial_Serv"
"TROW","2014-06-17",53.3699378967285,53.5828203980491,52.4022731608805,52.7183755964876,1044400,"TROW",0.0139722776536761,1.69901576135879,"Financial_Serv"
"TROW","2014-06-18",53.8666839599609,53.87313643794,52.8409614422286,53.5634814783273,1387900,"TROW",0.00930760054833925,1.71482952139085,"Financial_Serv"
"TROW","2014-06-19",53.8731231689453,54.3440505876557,53.4473483195713,54.2021256378644,973000,"TROW",0.000119539732372634,1.7150345116529,"Financial_Serv"
"TROW","2014-06-20",53.6989479064941,54.2150378068289,53.5892804022574,54.2150378068289,1439800,"TROW",-0.00323306413673031,1.70948969508002,"Financial_Serv"
"TROW","2014-06-23",53.8473320007324,54.0150619773199,53.5570295502774,53.8408795226871,1036800,"TROW",0.00276325887234629,1.71421345764714,"Financial_Serv"
"TROW","2014-06-24",53.4667053222656,54.0473052012282,53.3634903003377,53.6666927327847,715300,"TROW",-0.00706862650988204,1.70209632295682,"Financial_Serv"
"TROW","2014-06-25",53.8924942016602,53.9892616935811,53.2151266800126,53.3312466859579,803600,"TROW",0.00796362665004563,1.71565118259526,"Financial_Serv"
"TROW","2014-06-26",53.7892570495605,54.0408494951109,53.2215621583849,54.0408494951109,541200,"TROW",-0.00191561280710643,1.71236465921735,"Financial_Serv"
"TROW","2014-06-27",54.0473136901855,54.1182761821933,53.4344611738991,53.5505811679301,755300,"TROW",0.00479754982276909,1.7205798139847,"Financial_Serv"
"TROW","2014-06-30",54.4537353515625,54.7633853833516,53.9763504263733,54.0408604395128,1464800,"TROW",0.00751973842227713,1.73351812412051,"Financial_Serv"
"TROW","2014-07-01",54.8730583190918,55.0923982915943,54.5246983075637,54.5246983075637,1092200,"TROW",0.00770053633276169,1.74686714341881,"Financial_Serv"
"TROW","2014-07-02",54.7439994812012,54.853666928828,54.427897164361,54.7762569289952,798100,"TROW",-0.00235195270400524,1.7427585945173,"Financial_Serv"
"TROW","2014-07-03",55.2407569885254,55.31171946873,54.8730445555548,55.034322024784,540900,"TROW",0.00907419099868293,1.75857271886855,"Financial_Serv"
"TROW","2014-07-07",54.9440231323242,55.1053006488017,54.7182355936156,55.1053006488017,637800,"TROW",-0.005371647174618,1.74912628669188,"Financial_Serv"
"TROW","2014-07-08",54.5246849060059,55.0601272877748,54.1956824108158,54.9440073124731,744100,"TROW",-0.0076320990421187,1.73577678163467,"Financial_Serv"
"TROW","2014-07-09",54.1956901550293,54.8924051845979,53.7957202003263,54.7698376366748,1416800,"TROW",-0.00603386799105232,1.72530333367236,"Financial_Serv"
"TROW","2014-07-10",52.6345138549805,53.4989636717167,52.3958263443054,53.4989636717167,2750200,"TROW",-0.0288062813774123,1.6756037603812,"Financial_Serv"
"TROW","2014-07-11",52.6280555725098,52.7054655940105,52.2538907292665,52.2538907292665,1674400,"TROW",-0.000122700524763981,1.67539816292051,"Financial_Serv"
"TROW","2014-07-14",53.1699638366699,53.3893037911288,52.6280738111808,53.2731837968385,1338500,"TROW",0.0102969463390782,1.69264964790069,"Financial_Serv"
"TROW","2014-07-15",53.0151329040527,53.5312228037253,52.802245451303,53.2473728667256,1296500,"TROW",-0.00291199996097053,1.68772065219207,"Financial_Serv"
"TROW","2014-07-16",52.8409538269043,53.4215487945813,52.5312989119184,53.2989812614351,1480600,"TROW",-0.0032854595962943,1.68217571417946,"Financial_Serv"
"TROW","2014-07-17",51.8668479919434,52.8409655265328,51.7120229610692,52.5764680487321,1938500,"TROW",-0.0184346754631247,1.65116535081661,"Financial_Serv"
"TROW","2014-07-18",52.4087181091309,52.4990330862415,51.6216833756263,52.1442256538203,1868100,"TROW",0.01044733077421,1.66841562139951,"Financial_Serv"
"TROW","2014-07-21",52.4216270446777,52.5958045361134,52.1184246319958,52.2345446002187,1448400,"TROW",0.000246312751248651,1.66882657344144,"Financial_Serv"
"TROW","2014-07-22",52.8796501159668,53.0602800691402,52.5764477280842,52.6732151806548,1720500,"TROW",0.00873729216566857,1.68340759878743,"Financial_Serv"
"TROW","2014-07-23",53.0602798461914,53.105437334295,52.2216351564993,52.2216351564993,1993600,"TROW",0.0034158647008534,1.68915789138127,"Financial_Serv"
"TROW","2014-07-24",51.8216896057129,52.0861821572207,51.3314046075095,51.8087846489766,2206100,"TROW",-0.0233430777988522,1.64972774730822,"Financial_Serv"
"TROW","2014-07-25",51.7958564758301,51.9184288892429,51.2023567551506,51.6087740791775,1986500,"TROW",-0.000498500339903325,1.64890535746543,"Financial_Serv"
"TROW","2014-07-28",51.7700653076172,51.9184427382642,51.3249379374737,51.6668453694632,1355100,"TROW",-0.000497938830781296,1.64808430345967,"Financial_Serv"
"TROW","2014-07-29",51.195930480957,52.0345754576576,51.195930480957,51.7571779581458,1923900,"TROW",-0.0110900927640066,1.6298068956514,"Financial_Serv"
"TROW","2014-07-30",51.4346122741699,52.6603170938658,51.0217374279235,52.6603170938658,1594200,"TROW",0.00466212433235629,1.63740525803666,"Financial_Serv"
"TROW","2014-07-31",50.0992279052734,51.3636424841647,50.0863229534599,51.1765600572445,1971300,"TROW",-0.0259627575644641,1.59489370228747,"Financial_Serv"
"TROW","2014-08-01",50.0992279052734,50.3508203258703,49.6347480759262,49.9960079779532,1738700,"TROW",0,1.59489370228747,"Financial_Serv"
"TROW","2014-08-04",50.0411758422852,50.2153533535094,48.7767610012038,49.421870915335,1771200,"TROW",-0.00115874166959309,1.59304563249606,"Financial_Serv"
"TROW","2014-08-05",49.7379722595215,50.2218046840729,49.5637947522741,50.2218046840729,2218600,"TROW",-0.0060590818992599,1.58339323853951,"Financial_Serv"
"TROW","2014-08-06",50.1250343322754,50.5056517103693,49.5766919336768,49.6089493955111,1527300,"TROW",0.00778202357615835,1.59571524205215,"Financial_Serv"
"TROW","2014-08-07",49.5508995056152,50.5056645093694,49.4025269558919,50.3250344896373,1496700,"TROW",-0.0114540535344925,1.57743783424388,"Financial_Serv"
"TROW","2014-08-08",50.3895301818848,50.4540401817631,49.2476830046692,49.8734403392634,2390400,"TROW",0.0169246307259164,1.60413538708155,"Financial_Serv"
"TROW","2014-08-11",50.5701560974121,50.7894959855767,50.3185636727919,50.5443511151694,1680600,"TROW",0.00358459217371865,1.60988555823567,"Financial_Serv"
"TROW","2014-08-12",50.5443649291992,50.9056298575358,50.3637349259302,50.402439948974,2029400,"TROW",-0.00051000768443763,1.6090645042299,"Financial_Serv"
"TROW","2014-08-13",50.6798248291016,51.0346371914335,49.2283277643209,49.2283277643209,2667000,"TROW",0.0026800198220334,1.61337682899617,"Financial_Serv"
"TROW","2014-08-14",50.6733932495117,50.8540232648071,50.6088783110787,50.8153133173876,1579100,"TROW",-0.000126906113261674,1.61317208161357,"Financial_Serv"
"TROW","2014-08-15",50.1572914123535,50.9443262258613,49.8992464850365,50.7895012381902,2140500,"TROW",-0.0101848683117975,1.59674213639807,"Financial_Serv"
"TROW","2014-08-18",50.8475685119629,50.8540209898773,49.6025060516039,50.692743494607,2373300,"TROW",0.0137622483226708,1.61871689818645,"Financial_Serv"
"TROW","2014-08-19",50.7636985778809,50.9830335769758,50.7120886056946,50.7572461009081,1062100,"TROW",-0.00164943843995803,1.61604692431117,"Financial_Serv"
"TROW","2014-08-20",51.2797813415527,51.3249388348353,50.7249864687687,50.7765964387481,1737300,"TROW",0.0101663743606095,1.63247626232803,"Financial_Serv"
"TROW","2014-08-21",51.4668579101562,51.5571728864008,51.1507554933002,51.2410704695448,1202600,"TROW",0.00364815456909768,1.63843178806339,"Financial_Serv"
"TROW","2014-08-22",51.4088172912598,51.7313722901071,51.2862448167222,51.3765598226556,1123600,"TROW",-0.00112772804195282,1.63658408259116,"Financial_Serv"
"TROW","2014-08-25",52.0732688903809,52.1506789239332,51.5507314767121,51.6087890018763,1217000,"TROW",0.0129248567489231,1.65773669741622,"Financial_Serv"
"TROW","2014-08-26",52.1958503723145,52.4732429362797,52.0474729126647,52.2087504062064,1003000,"TROW",0.00235401933747696,1.66163904165838,"Financial_Serv"
"TROW","2014-08-27",52.034553527832,52.6151483512282,51.8474711142812,52.6151483512282,942300,"TROW",-0.00309022352029686,1.65650420560961,"Financial_Serv"
"TROW","2014-08-28",52.1249008178711,52.2474683965589,51.583005745747,52.176505888045,1082400,"TROW",0.00173629413368057,1.65938038414422,"Financial_Serv"
"TROW","2014-08-29",52.25390625,52.363573760898,51.9055462843842,52.25390625,1108700,"TROW",0.00247492906662139,1.66348723288952,"Financial_Serv"
"TROW","2014-09-02",52.0668334960938,52.5764710453084,51.9120084563954,52.3764884972897,1469100,"TROW",-0.00358007213874561,1.6575318285939,"Financial_Serv"
"TROW","2014-09-03",52.0281295776367,52.5700196890522,51.9378145590675,52.3119746695117,831800,"TROW",-0.000743350725561887,1.65629970110647,"Financial_Serv"
"TROW","2014-09-04",52.2345542907715,52.453889314885,52.0410193338962,52.2345542907715,803600,"TROW",0.00396755975681842,1.66287116914581,"Financial_Serv"
"TROW","2014-09-05",52.363582611084,52.3700350898151,51.7958875277236,52.1184425590918,761400,"TROW",0.00247017174865214,1.66697874652948,"Financial_Serv"
"TROW","2014-09-08",52.2603607177734,52.3506757209874,52.0732782334592,52.1958507043061,946000,"TROW",-0.00197125345828988,1.66369270891049,"Financial_Serv"
"TROW","2014-09-09",51.8668479919434,52.1894030106472,51.6926655256358,52.1894030106472,1221400,"TROW",-0.00752985093147753,1.65116535081661,"Financial_Serv"
"TROW","2014-09-10",51.7184600830078,52.0732725007146,51.5700875605472,51.9248950564559,1493400,"TROW",-0.00286093939925936,1.64644146680977,"Financial_Serv"
"TROW","2014-09-11",51.7249603271484,51.8157737591699,51.4006252273688,51.5692808649633,1495400,"TROW",0.00012568518339858,1.64664840010748,"Financial_Serv"
"TROW","2014-09-12",51.5822563171387,51.939026935708,51.3617108067222,51.7703712842969,1461700,"TROW",-0.0027589003279499,1.6421054612964,"Financial_Serv"
"TROW","2014-09-15",51.2319755554199,51.7119901269105,51.0503437388118,51.6017173785477,1271000,"TROW",-0.00679072197937891,1.63095437964792,"Financial_Serv"
"TROW","2014-09-16",51.2968292236328,51.4006138591487,50.8687046111103,51.0762788311019,1353800,"TROW",0.00126588263501054,1.63301897647561,"Financial_Serv"
"TROW","2014-09-17",51.4395408630371,51.7444116526347,51.1022296399247,51.634138923485,1224500,"TROW",0.0027820752581438,1.63756215816614,"Financial_Serv"
"TROW","2014-09-18",52.0298347473145,52.2374090077675,51.6081981388741,51.6536048536932,918100,"TROW",0.0114754889793643,1.6563539846652,"Financial_Serv"
"TROW","2014-09-19",51.9390182495117,52.3736260583867,51.5692764652663,52.2179466094835,1487700,"TROW",-0.00174546965685725,1.65346286904395,"Financial_Serv"
"TROW","2014-09-22",51.3681983947754,51.9455145181398,51.3552222184294,51.9390264299668,1306900,"TROW",-0.0109901933839825,1.63529099235993,"Financial_Serv"
"TROW","2014-09-23",51.2708930969238,51.6665823140307,51.2060270668488,51.3033236374809,1498500,"TROW",-0.00189427118124235,1.63219330776015,"Financial_Serv"
"TROW","2014-09-24",51.6925201416016,51.724950676152,51.2579074277779,51.4719697414427,1670300,"TROW",0.00822351668188576,1.64561567665458,"Financial_Serv"
"TROW","2014-09-25",51.0633125305176,51.6860352505287,50.9335755374151,51.6276523663926,2444900,"TROW",-0.0121721210217725,1.62558504348302,"Financial_Serv"
"TROW","2014-09-26",51.3746757507324,51.5627906948828,50.9400679223301,51.030881350684,1259200,"TROW",0.0060975914954354,1.63549719701927,"Financial_Serv"
"TROW","2014-09-29",50.9335746765137,51.0438523560269,50.5443736017052,50.9660101614811,1399500,"TROW",-0.00858596317685687,1.62145487830981,"Financial_Serv"
"TROW","2014-09-30",50.8557167053223,51.1800516269774,50.6351663851385,51.0957213800139,1345400,"TROW",-0.00152861784561349,1.61897629344696,"Financial_Serv"
"TROW","2014-10-01",49.9994926452637,51.063311216528,49.8243489463223,50.9206030022676,1685200,"TROW",-0.0168363384793078,1.59171866058052,"Financial_Serv"
"TROW","2014-10-02",50.2330093383789,50.4470666897607,49.5973105234449,49.8243440470072,1432700,"TROW",0.00467038125310567,1.59915259357311,"Financial_Serv"
"TROW","2014-10-03",50.52490234375,50.9659981106257,50.4146296392708,50.5897683493872,1075600,"TROW",0.00581078078370436,1.60844491873406,"Financial_Serv"
"TROW","2014-10-06",50.6870803833008,50.9141139247697,50.3757215118463,50.7908699730923,872900,"TROW",0.00320986349359749,1.61360780736016,"Financial_Serv"
"TROW","2014-10-07",49.5518951416016,50.6676082036867,49.5454070566475,50.2784072387395,1354600,"TROW",-0.022395948496438,1.57746953001307,"Financial_Serv"
"TROW","2014-10-08",50.3043670654297,50.3692330841301,49.019998119738,49.5065006834309,1668200,"TROW",0.0151855326961326,1.60142424513824,"Financial_Serv"
"TROW","2014-10-09",49.2794570922852,50.3302992481939,49.2405384787949,50.1551605385288,2577500,"TROW",-0.0203741749063547,1.56879654746852,"Financial_Serv"
"TROW","2014-10-10",48.8772850036621,49.6816344425305,48.8643137808079,49.1951319276654,2643200,"TROW",-0.00816104949918387,1.55599352119048,"Financial_Serv"
"TROW","2014-10-13",47.9626693725586,49.2535215018605,47.9432100611509,48.7929663190233,1855400,"TROW",-0.018712488450105,1.52687701039676,"Financial_Serv"
"TROW","2014-10-14",48.1507835388184,48.6307980254973,47.9691517543019,48.1183480543433,1755300,"TROW",0.00392209542797869,1.53286556773832,"Financial_Serv"
"TROW","2014-10-15",48.3194427490234,48.6567540309807,46.5615470668197,47.404820322752,2558300,"TROW",0.00350273033603094,1.5382347824635,"Financial_Serv"
"TROW","2014-10-16",48.9291725158691,49.2989141742174,47.2945264865817,47.6383207541211,2102200,"TROW",0.0126187251374712,1.5576453443803,"Financial_Serv"
"TROW","2014-10-17",49.5518951416016,50.1421871484559,49.0978281739896,49.4221631362721,2009300,"TROW",0.0127270214007902,1.57746953001307,"Financial_Serv"
"TROW","2014-10-20",49.4481315612793,49.4740740142135,48.9291934212989,49.2924471499087,1164300,"TROW",-0.00209403858370596,1.57416624795261,"Financial_Serv"
"TROW","2014-10-21",50.3951797485352,50.4989643871545,49.7465096730445,49.9411077263157,1774100,"TROW",0.0191523553540586,1.60431523931976,"Financial_Serv"
"TROW","2014-10-22",49.9411163330078,50.7000642133361,49.8827383916538,50.5897865202882,2197500,"TROW",-0.00901005647351704,1.58986026841216,"Financial_Serv"
"TROW","2014-10-23",50.1551742553711,50.7908731603356,49.3702839919193,50.7908731603356,2335100,"TROW",0.00428620619803412,1.59667473734864,"Financial_Serv"
"TROW","2014-10-24",50.4924583435059,50.5703005065064,50.0902862070649,50.3302908823066,990700,"TROW",0.00672481141063219,1.60741207384143,"Financial_Serv"
"TROW","2014-10-27",50.6870803833008,50.7778937998883,50.0059748099341,50.4795061526778,1135300,"TROW",0.00385447740474204,1.61360780736016,"Financial_Serv"
"TROW","2014-10-28",51.77685546875,51.802802870777,50.7714146732874,50.8492568793685,1740900,"TROW",0.0215000563695567,1.64830046617676,"Financial_Serv"
"TROW","2014-10-29",51.9454917907715,52.1076592814153,51.4784486258839,51.8676496136372,1446000,"TROW",0.00325698269033092,1.65366895226356,"Financial_Serv"
"TROW","2014-10-30",52.4514579772949,52.7693048999572,51.6471085418199,51.8546827493283,1392500,"TROW",0.00974032912348567,1.6697762321199,"Financial_Serv"
"TROW","2014-10-31",53.2493171691895,53.3141881274368,52.78227893294,53.2752645626965,1597300,"TROW",0.0152113825365904,1.69517583713718,"Financial_Serv"
"TROW","2014-11-03",53.3077087402344,53.6709624106883,52.8731009632327,52.9963449163024,1449800,"TROW",0.00109656938622131,1.69703471506445,"Financial_Serv"
"TROW","2014-11-04",53.7747421264648,53.8396081344253,53.0741773629896,53.1844500714183,1259300,"TROW",0.00876108535270757,1.71190258104964,"Financial_Serv"
"TROW","2014-11-05",53.9044723510742,54.0536686184886,53.4763527535946,53.6839269415457,1395000,"TROW",0.00241247506690561,1.71603250334339,"Financial_Serv"
"TROW","2014-11-06",53.4828338623047,53.5347286445648,52.9314654104275,52.9574128015576,4266100,"TROW",-0.00782195744396576,1.70260977012978,"Financial_Serv"
"TROW","2014-11-07",53.9888038635254,54.1509713562744,53.0936361362173,53.2687797998033,1687900,"TROW",0.00946041869290918,1.71871717142584,"Financial_Serv"
"TROW","2014-11-10",53.8396263122559,54.2612629297946,53.5152912139893,54.0926072929869,1540100,"TROW",-0.00276312013962426,1.71396814939516,"Financial_Serv"
"TROW","2014-11-11",53.9498901367188,54.0017849316107,53.5996076946385,53.7747513901586,919600,"TROW",0.00204800501072183,1.71747836475334,"Financial_Serv"
"TROW","2014-11-12",53.6514930725098,53.9109620524667,53.4374307928734,53.8136605663629,1561200,"TROW",-0.00553100411238637,1.70797898485495,"Financial_Serv"
"TROW","2014-11-13",53.6255645751953,53.8655743322935,53.2558227568857,53.7228660955844,984000,"TROW",-0.000483276341991282,1.70715355901895,"Financial_Serv"
"TROW","2014-11-14",53.2687721252441,53.7228390599391,53.1455232648448,53.6709442819858,749900,"TROW",-0.00665340221175419,1.69579517975357,"Financial_Serv"
"TROW","2014-11-17",53.0936393737793,53.2687830480453,52.8990413399898,53.2104001736368,925000,"TROW",-0.00328771894822498,1.69021988180879,"Financial_Serv"
"TROW","2014-11-18",53.2039337158203,53.482862131703,53.1001490454015,53.1001490454015,925400,"TROW",0.00207735509077732,1.6937310686848,"Financial_Serv"
"TROW","2014-11-19",53.2039337158203,53.3401588284973,52.7498665034352,53.2428572975686,769800,"TROW",0,1.6937310686848,"Financial_Serv"
"TROW","2014-11-20",53.210391998291,53.3985068663235,52.7628081761117,52.8730858221712,714300,"TROW",0.00012138731141947,1.69393666614549,"Financial_Serv"
"TROW","2014-11-21",53.7423095703125,53.9498837764487,53.5023048329122,53.8396110620237,1157000,"TROW",0.00999649790286394,1.7108701004762,"Financial_Serv"
"TROW","2014-11-24",54.0212364196777,54.0731312070548,53.7293369013606,54.0017771116512,756300,"TROW",0.00519007931730785,1.71974965199928,"Financial_Serv"
"TROW","2014-11-25",54.0017776489258,54.4882801502674,53.8785287649189,53.9888064264321,882100,"TROW",-0.000360205949393359,1.71913018794316,"Financial_Serv"
"TROW","2014-11-26",53.9109725952148,54.1639535391816,53.7552931563799,54.0342214983126,792400,"TROW",-0.00168151971405971,1.7162394366411,"Financial_Serv"
"TROW","2014-11-28",54.1445007324219,54.4882951360897,54.0082805884569,54.3520749921247,403800,"TROW",0.0043317366755828,1.72367373395288,"Financial_Serv"
"TROW","2014-12-01",53.5866355895996,54.3131478592645,53.3077072578404,53.859075834864,753100,"TROW",-0.0103032650643358,1.70591426658753,"Financial_Serv"
"TROW","2014-12-02",54.0017776489258,54.1120503614796,52.2503706236795,53.6969019562515,860100,"TROW",0.00774711930985167,1.71913018794316,"Financial_Serv"
"TROW","2014-12-03",54.3196411132812,54.4104545452824,53.8785451797208,53.943416158831,943800,"TROW",0.00588616668180722,1.72924927477712,"Financial_Serv"
"TROW","2014-12-04",54.2612762451172,54.3910083366748,53.9174817484237,54.2223526584803,756600,"TROW",-0.00107447079855232,1.72739124692796,"Financial_Serv"
"TROW","2014-12-05",54.8061408996582,55.0591218682968,54.4299159648627,54.4299159648627,1105200,"TROW",0.0100415009053541,1.74473684769789,"Financial_Serv"
"TROW","2014-12-08",55.0072135925293,55.4288450997349,54.4558401773361,54.6958498398197,896400,"TROW",0.00366879859757372,1.75113793579786,"Financial_Serv"
"TROW","2014-12-09",54.9618148803711,54.9812741898132,54.1250299316435,54.2612500466978,692100,"TROW",-0.000825322883912972,1.74969268158655,"Financial_Serv"
"TROW","2014-12-10",54.4558563232422,55.0266892142992,54.3585597613215,54.8450623667666,1292700,"TROW",-0.00920563773649336,1.73358564460967,"Financial_Serv"
"TROW","2014-12-11",54.6245040893555,55.2407436036674,54.5401787648318,54.812618996948,1821200,"TROW",0.00309696288884362,1.73895449501566,"Financial_Serv"
"TROW","2014-12-12",53.4703483581543,54.4549866538348,53.4507868315772,54.4549866538348,2027900,"TROW",-0.0211289008557989,1.70221229789773,"Financial_Serv"
"TROW","2014-12-15",53.7441940307617,54.8853289694091,52.9877871726913,52.9877871726913,1833400,"TROW",0.00512144919597592,1.71093009170218,"Financial_Serv"
"TROW","2014-12-16",53.2094879150391,54.2593323956964,53.0986360071319,53.4246745421199,1976700,"TROW",-0.00994909543934374,1.69390788492979,"Financial_Serv"
"TROW","2014-12-17",54.7744750976562,54.8918491718636,53.2877401409981,53.5681334863295,1710000,"TROW",0.0294118068776764,1.74372877650992,"Financial_Serv"
"TROW","2014-12-18",56.3329582214355,56.3394803875008,55.2244287881853,55.5895904885586,1977200,"TROW",0.0284527258545282,1.79334261335261,"Financial_Serv"
"TROW","2014-12-19",56.5481262207031,56.9263321280952,56.3655454309148,56.5742099013805,2387300,"TROW",0.00381957571661315,1.80019242125013,"Financial_Serv"
"TROW","2014-12-22",56.8741989135742,57.0241739488213,56.4307860257436,56.7568247675321,987400,"TROW",0.00576628643004821,1.81057284638026,"Financial_Serv"
"TROW","2014-12-23",57.1154479980469,57.7284022485878,56.8741825823739,57.1545760187964,1103300,"TROW",0.00424180189050675,1.81825293770294,"Financial_Serv"
"TROW","2014-12-24",56.9524345397949,57.2980397214106,56.8611441069019,57.108936689002,417500,"TROW",-0.00285410451928045,1.81306345377625,"Financial_Serv"
"TROW","2014-12-26",56.8545989990234,57.3306124546731,56.8350374837163,57.2849672606388,561400,"TROW",-0.00171784650756453,1.80994888905419,"Financial_Serv"
"TROW","2014-12-29",56.9002571105957,57.3045417852649,56.5350905004683,56.600302199567,617600,"TROW",0.000803068043326625,1.81140240116704,"Financial_Serv"
"TROW","2014-12-30",56.6720314025879,57.800122163907,56.2938254355178,56.7828833317433,645300,"TROW",-0.00401097850162989,1.80413690507816,"Financial_Serv"
"TROW","2014-12-31",55.9873580932617,57.0502423148948,55.961274403933,56.8220162519619,977200,"TROW",-0.0120813264035372,1.78234053825124,"Financial_Serv"
"TROW","2015-01-02",55.9221534729004,56.874185782117,55.4983022114454,56.4698960446598,999700,"TROW",-0.001164631134277,1.78026476896851,"Financial_Serv"
"TROW","2015-01-05",54.6375579833984,55.6874028424536,54.4419328019148,55.4591767806927,1173000,"TROW",-0.0229711377285294,1.73937006176729,"Financial_Serv"
"TROW","2015-01-06",53.6724739074707,55.2244208611986,53.2877507390804,55.0287957069617,2012700,"TROW",-0.0176633823243157,1.70864690336282,"Financial_Serv"
"TROW","2015-01-07",54.461483001709,54.5201725339336,53.5877019826524,53.7768049587812,1267100,"TROW",0.0147004420850528,1.73376476820951,"Financial_Serv"
"TROW","2015-01-08",55.1070442199707,55.1918124629182,54.6505872061391,54.859251706048,1221000,"TROW",0.0118535372648861,1.75431601349803,"Financial_Serv"
"TROW","2015-01-09",54.6897163391113,55.2961483317158,54.2593430008321,55.1461683873279,956000,"TROW",-0.00757304055709335,1.74103050717785,"Financial_Serv"
"TROW","2015-01-12",54.0767478942871,54.8592383344802,53.6789805109523,54.8592383344802,970400,"TROW",-0.0112081116132221,1.72151684293138,"Financial_Serv"
"TROW","2015-01-13",54.1615409851074,55.322237826813,53.7963792753453,54.7484115721931,1610400,"TROW",0.00156801387143457,1.724216205221,"Financial_Serv"
"TROW","2015-01-14",53.3203430175781,53.88765189343,52.7399947885249,53.6920267707353,1567000,"TROW",-0.0155312783246067,1.69743692344592,"Financial_Serv"
"TROW","2015-01-15",52.8377990722656,53.5942107882348,52.6486961432733,53.3203346643771,1251800,"TROW",-0.00904990324524768,1.68207528352382,"Financial_Serv"
"TROW","2015-01-16",53.1442909240723,53.1638524437572,51.64451139881,52.3031107529421,2072200,"TROW",0.00580061730783781,1.69183235852651,"Financial_Serv"
"TROW","2015-01-20",53.0530128479004,53.6268391168466,52.5965606993017,53.4246967331751,1446900,"TROW",-0.00171755186840831,1.68892654869809,"Financial_Serv"
"TROW","2015-01-21",52.9551887512207,53.5811822654722,52.1857374571493,52.7465242464702,2029000,"TROW",-0.00184389333288466,1.68581234829522,"Financial_Serv"
"TROW","2015-01-22",54.2267417907715,54.5136523728968,52.8182526650586,53.3464335997238,2198900,"TROW",0.0240118687051506,1.726291853064,"Financial_Serv"
"TROW","2015-01-23",53.5811882019043,54.5723484404986,53.5290208261983,54.2789106833686,1290000,"TROW",-0.0119047091443921,1.70574085065494,"Financial_Serv"
"TROW","2015-01-26",54.0702362060547,55.5700156444214,53.0203915941887,55.5700156444214,1142800,"TROW",0.00912723328022445,1.72130954531448,"Financial_Serv"
"TROW","2015-01-27",53.4507713317871,53.8681003609337,52.909546036972,53.4898943735963,1343800,"TROW",-0.0114566703926885,1.70158906921002,"Financial_Serv"
"TROW","2015-01-28",51.6640853881836,52.8117378257869,51.6445188907061,52.7986984690901,2831700,"TROW",-0.0334267569781725,1.64471046491682,"Financial_Serv"
"TROW","2015-01-29",51.6380081176758,52.0357757082555,50.8359507698799,51.5075896597244,2354500,"TROW",-0.000504746581922009,1.64388030293141,"Financial_Serv"
"TROW","2015-01-30",51.3315238952637,52.0488079029302,50.8620274611678,50.9924409262145,2856200,"TROW",-0.0059352448629249,1.63412347080817,"Financial_Serv"
"TROW","2015-02-02",52.1726837158203,52.2704962637221,51.2597748936586,51.4358334999195,1905800,"TROW",0.0163868078857923,1.66090153818597,"Financial_Serv"
"TROW","2015-02-03",52.981273651123,53.0008351715554,51.5662672903682,52.5639446320521,1569900,"TROW",0.0154983389335892,1.68664275316009,"Financial_Serv"
"TROW","2015-02-04",52.8573722839355,53.3073071102458,52.4856885067522,52.8704166129336,1116900,"TROW",-0.00233858793209426,1.6826983907718,"Financial_Serv"
"TROW","2015-02-05",53.307300567627,53.594216070924,52.9095331562209,53.1834043321208,1158600,"TROW",0.00851211977157156,1.69702172101348,"Financial_Serv"
"TROW","2015-02-06",53.6724739074707,54.1419702976756,53.4051248366317,53.5681441401776,1681100,"TROW",0.0068503438732652,1.70864690336282,"Financial_Serv"
"TROW","2015-02-09",53.111686706543,53.5681437380173,53.0138791051132,53.5681437380173,1730100,"TROW",-0.0104483203419039,1.69079441316528,"Financial_Serv"
"TROW","2015-02-10",53.6137847900391,53.828971446422,53.0399537063512,53.6007404608895,1107000,"TROW",0.00945362715122054,1.70677855313672,"Financial_Serv"
"TROW","2015-02-11",53.535530090332,53.7181108863479,53.3073040953122,53.4768455380213,1494400,"TROW",-0.00145960036235998,1.70428733854209,"Financial_Serv"
"TROW","2015-02-12",53.6529083251953,53.8876565025259,53.3529534263737,53.6137852872915,1451300,"TROW",0.00219252960912548,1.7080240389943,"Financial_Serv"
"TROW","2015-02-13",53.7637557983398,53.9985039562366,53.4898846057781,53.6920269181517,928700,"TROW",0.00206601052216358,1.71155283463097,"Financial_Serv"
"TROW","2015-02-17",53.7963676452637,53.842012849116,53.2942704028877,53.4572896987824,1033100,"TROW",0.000606576799547831,1.71259102287166,"Financial_Serv"
"TROW","2015-02-18",53.2812385559082,53.7050898195247,53.0530124831779,53.542070485438,863200,"TROW",-0.00957553663757114,1.69619204478697,"Financial_Serv"
"TROW","2015-02-19",54.1028480529785,54.5527829293718,53.0008359528057,54.5527829293718,2162800,"TROW",0.0154202402072203,1.72234773355517,"Financial_Serv"
"TROW","2015-02-20",54.4679870605469,54.5788389485122,53.4377042813394,53.796348595289,1506200,"TROW",0.00674897941067369,1.73397182294695,"Financial_Serv"
"TROW","2015-02-23",54.1811027526855,54.4158509885763,53.757256469785,54.3702057746506,1436900,"TROW",-0.00526702607060595,1.72483894814979,"Financial_Serv"
"TROW","2015-02-24",54.7875137329102,54.8853262892943,53.9789395517107,53.9919838792036,1279000,"TROW",0.0111922967495259,1.74414385750263,"Financial_Serv"
"TROW","2015-02-25",54.461483001709,54.7418763835615,54.2919465196244,54.3506310768951,1199800,"TROW",-0.00595082180203643,1.73376476820951,"Financial_Serv"
"TROW","2015-02-26",54.3310508728027,54.6636115078275,54.1093470994211,54.5723211334995,757400,"TROW",-0.00239494265887246,1.72961250100568,"Financial_Serv"
"TROW","2015-02-27",53.8615684509277,54.2919417327832,53.7507165358875,54.1941291710021,1439500,"TROW",-0.00864114377198648,1.71466667071466,"Financial_Serv"
"TROW","2015-03-02",54.3767433166504,54.3767433166504,53.7051042754197,53.7963947290847,1169900,"TROW",0.00956479509489261,1.73106710607609,"Financial_Serv"
"TROW","2015-03-03",54.0246047973633,54.1876241268514,53.711610470721,53.9920039164387,911500,"TROW",-0.00647590307563129,1.71985688327973,"Financial_Serv"
"TROW","2015-03-04",53.7507247924805,53.9398277809843,53.3986025009514,53.6007448447174,901300,"TROW",-0.00506954203385824,1.71113799651772,"Financial_Serv"
"TROW","2015-03-05",54.1224136352539,54.1745810110602,53.7181239351876,53.8485423747032,694700,"TROW",0.00691504801485831,1.72297059792369,"Financial_Serv"
"TROW","2015-03-06",53.5550918579102,54.7092711416139,53.509446658693,53.991987307507,1340700,"TROW",-0.0104821965473877,1.70491008147088,"Financial_Serv"
"TROW","2015-03-09",53.933292388916,54.0963116519613,53.5746529951882,53.5746529951882,893900,"TROW",0.00706189678488991,1.71694998049375,"Financial_Serv"
"TROW","2015-03-10",52.9225883483887,53.4768529776752,52.9225883483887,53.3594788817712,1430000,"TROW",-0.0187398913687505,1.68477452437372,"Financial_Serv"
"TROW","2015-03-11",53.261661529541,53.4638038529876,52.9291007918113,53.0073518403812,1258700,"TROW",0.00640696518696761,1.69556881609927,"Financial_Serv"
"TROW","2015-03-12",54.4232330322266,54.5347951922352,53.3338472152137,53.5110388875369,1540500,"TROW",0.0218087733151414,1.7325470920498,"Financial_Serv"
"TROW","2015-03-13",53.9376182556152,54.4232457175979,53.5569890255177,54.3838720064947,1254700,"TROW",-0.00892293143121014,1.7170876931461,"Financial_Serv"
"TROW","2015-03-16",54.8169708251953,54.8235347760866,54.3838451960945,54.3904041401582,943400,"TROW",0.0163031405171201,1.74508161508767,"Financial_Serv"
"TROW","2015-03-17",54.8366775512695,54.987618435525,54.2788616871443,54.2854256404152,1060500,"TROW",0.000359500457204414,1.74570897272616,"Financial_Serv"
"TROW","2015-03-18",55.0466690063477,55.2697983156089,54.2985386877471,54.7907299503437,1290700,"TROW",0.00382939784930977,1.75239398691184,"Financial_Serv"
"TROW","2015-03-19",54.3576278686523,55.0138831706807,54.1476263722765,54.797317719372,1323600,"TROW",-0.0125173993292102,1.73045857159555,"Financial_Serv"
"TROW","2015-03-20",55.1188659667969,55.2632428938702,54.3576126333591,54.5873009233261,2858800,"TROW",0.0140042552994394,1.75469235521728,"Financial_Serv"
"TROW","2015-03-23",54.6660652160645,55.3748170923908,54.6595012615453,55.1254418957973,1410900,"TROW",-0.00821498669811504,1.74027758085989,"Financial_Serv"
"TROW","2015-03-24",54.593864440918,54.862926433639,54.3772990520355,54.5741775886249,1147200,"TROW",-0.00132076041802378,1.73797909111471,"Financial_Serv"
"TROW","2015-03-25",53.5372848510742,54.7185408635129,53.5110340498873,54.7185408635129,930400,"TROW",-0.0193534493420445,1.70434320081729,"Financial_Serv"
"TROW","2015-03-26",53.2616539001465,53.7800909022519,53.0057098645427,53.0516475105582,1433200,"TROW",-0.00514839240903723,1.69556857321981,"Financial_Serv"
"TROW","2015-03-27",53.2944717407227,53.4060338970208,53.0254097751314,53.1894735368035,1150900,"TROW",0.000616162626825256,1.69661331920585,"Financial_Serv"
"TROW","2015-03-30",53.6422805786133,54.0032228197748,53.5175955372532,53.609470833762,1169000,"TROW",0.00652617103670177,1.70768570791013,"Financial_Serv"
"TROW","2015-03-31",53.1435470581055,53.5832368301996,53.1238551968282,53.4585467429255,1472100,"TROW",-0.00929739591844746,1.69180867777942,"Financial_Serv"
"TROW","2015-04-01",53.5504264831543,53.6619886721078,52.8810483426031,53.2551136284349,1511600,"TROW",0.00765623387170523,1.70476156068268,"Financial_Serv"
"TROW","2015-04-02",53.7866859436035,53.8654383852199,53.3535600317905,53.6751237397701,952200,"TROW",0.00441190623427697,1.71228280884021,"Financial_Serv"
"TROW","2015-04-06",53.8916778564453,54.0426137459039,53.1238554810749,53.2813603311574,1014000,"TROW",0.00195200561253919,1.71562519449332,"Financial_Serv"
"TROW","2015-04-07",53.1719284057617,54.1741555617204,53.1450223243642,54.0261746799392,1456700,"TROW",-0.0133554841732862,1.69271218936097,"Financial_Serv"
"TROW","2015-04-08",54.2212791442871,54.3288984159175,53.2795861414048,53.3939332212039,2281400,"TROW",0.0197350513699195,1.7261179513725,"Financial_Serv"
"TROW","2015-04-09",54.7795600891113,54.9678976320333,53.972392592829,54.2347206178721,1965000,"TROW",0.01029634404859,1.74389065566828,"Financial_Serv"
"TROW","2015-04-10",54.4701499938965,54.8266468055555,54.2078168258882,54.6786658350223,1402000,"TROW",-0.00564827637738453,1.73404067927312,"Financial_Serv"
"TROW","2015-04-13",54.7526435852051,55.0822342226691,54.2212598290745,54.4163251419689,1576000,"TROW",0.00518620916851244,1.74303377694254,"Financial_Serv"
"TROW","2015-04-14",55.2032928466797,55.3983581022565,54.241422176386,54.4095813485926,1606800,"TROW",0.00823063932563032,1.75738005929295,"Financial_Serv"
"TROW","2015-04-15",55.6876106262207,55.8288637620904,55.3378365577517,55.445460927069,1254500,"TROW",0.00877334946098502,1.77279816868889,"Financial_Serv"
"TROW","2015-04-16",55.8692283630371,55.9835805548222,55.1226008719986,55.4320184123428,1881200,"TROW",0.00326136702174991,1.77857991417247,"Financial_Serv"
"TROW","2015-04-17",55.4387359619141,55.5665386240744,55.1427791947502,55.5665386240744,1936900,"TROW",-0.00770535791770232,1.76487531934854,"Financial_Serv"
"TROW","2015-04-20",55.8288688659668,56.1786378345993,55.6539818157441,55.9566715332618,1571500,"TROW",0.00703718974257913,1.77729508184279,"Financial_Serv"
"TROW","2015-04-21",55.6943435668945,56.1651873965356,55.6001748009663,56.1113752069158,1514500,"TROW",-0.00240960101475873,1.77301250981006,"Financial_Serv"
"TROW","2015-04-22",55.5530891418457,56.1315573908748,54.5979458029607,56.1315573908748,2073300,"TROW",-0.00253624364706206,1.76851571809589,"Financial_Serv"
"TROW","2015-04-23",55.2032928466797,55.5396111910927,54.9611432281575,55.5396111910927,1649200,"TROW",-0.00629661285392912,1.75738005929295,"Financial_Serv"
"TROW","2015-04-24",55.5396194458008,55.6068820983183,55.0418696589973,55.1831227688275,1097100,"TROW",0.00609250973588114,1.76808691441384,"Financial_Serv"
"TROW","2015-04-27",55.4252700805664,55.8692076738665,55.2907396494064,55.6068797478684,1011000,"TROW",-0.00205887916365658,1.76444663710621,"Financial_Serv"
"TROW","2015-04-28",55.6808967590332,55.6876245667528,54.947724803817,55.2167755308383,1149900,"TROW",0.00461209621703632,1.77258443476638,"Financial_Serv"
"TROW","2015-04-29",55.1158638000488,55.7414162607133,54.8199019510169,55.2234830249075,1370700,"TROW",-0.0101476986160915,1.75459678215079,"Financial_Serv"
"TROW","2015-04-30",54.604663848877,55.2638502701009,54.382692439829,54.8333579320326,1717800,"TROW",-0.00927500570482617,1.73832288698667,"Financial_Serv"
"TROW","2015-05-01",54.8131675720215,54.8804302209678,54.456670913976,54.7862614860807,904700,"TROW",0.0038184233442327,1.74496053967816,"Financial_Serv"
"TROW","2015-05-04",55.1024017333984,55.2100260774589,54.8602520910736,55.0889512562965,1004800,"TROW",0.00527672773146918,1.7541682213482,"Financial_Serv"
"TROW","2015-05-05",54.7459182739258,55.2436681556878,54.6315712296502,54.8266365514328,973500,"TROW",-0.00646947225998293,1.74281967870084,"Financial_Serv"
"TROW","2015-05-06",54.2279815673828,55.0755002546059,53.9252919232503,54.8737122903292,1121100,"TROW",-0.00946073648726521,1.72633132097583,"Financial_Serv"
"TROW","2015-05-07",54.3154335021973,54.4566866453328,54.0060211222128,54.1943586463935,2241300,"TROW",0.00161267176625017,1.72911532675636,"Financial_Serv"
"TROW","2015-05-08",54.940990447998,55.115877505169,54.6450285253722,54.7055685240062,1143800,"TROW",0.0115171122729873,1.74902974210756,"Financial_Serv"
"TROW","2015-05-11",54.9208068847656,55.223491453428,54.873722504489,54.9409851717681,1017400,"TROW",-0.000367368026456053,1.74838720450299,"Financial_Serv"
"TROW","2015-05-12",54.5710563659668,54.745943481853,54.0329496635847,54.6921312720703,1003100,"TROW",-0.00636826985322105,1.73725300297679,"Financial_Serv"
"TROW","2015-05-13",54.604663848877,54.7190108904548,54.227988826356,54.4230541435364,1369700,"TROW",0.000615848128076838,1.73832288698667,"Financial_Serv"
"TROW","2015-05-14",55.1427536010742,55.2234667129241,54.6315483215138,54.940960557829,799400,"TROW",0.00985428192885638,1.75545281079842,"Financial_Serv"
"TROW","2015-05-15",54.8535423278809,55.3042078281202,54.6921057737971,55.1965834587311,1569300,"TROW",-0.00524477386975694,1.74624585776676,"Financial_Serv"
"TROW","2015-05-18",55.2436714172363,55.3782018876905,54.8064615007451,54.8199119818842,716100,"TROW",0.00711219499779096,1.75866549882128,"Financial_Serv"
"TROW","2015-05-19",55.1225776672363,55.4925299194235,54.9947801788715,55.3647272992478,1056200,"TROW",-0.00219199316217456,1.75481051607331,"Financial_Serv"
"TROW","2015-05-20",55.0149612426758,55.2436552779164,54.8131681618542,55.0754960878355,847700,"TROW",-0.00195231117837422,1.75138457988685,"Financial_Serv"
"TROW","2015-05-21",54.947696685791,55.0418654184228,54.6920914413809,54.8333445403286,830200,"TROW",-0.00122265935239063,1.74924323315062,"Financial_Serv"
"TROW","2015-05-22",54.8670043945312,55.1293324355483,54.70557293817,54.900638300021,888200,"TROW",-0.00146852909451675,1.74667441856935,"Financial_Serv"
"TROW","2015-05-26",54.2616310119629,54.9140897886287,53.9925751585587,54.7795644278334,1403800,"TROW",-0.0110334688260965,1.72740254082273,"Financial_Serv"
"TROW","2015-05-27",54.6652069091797,54.8871783515343,54.2481752521884,54.5105032724936,1215800,"TROW",0.00743759245142893,1.74025025692093,"Financial_Serv"
"TROW","2015-05-28",54.6719093322754,54.7122658914887,54.4095814337674,54.5575623266305,992600,"TROW",0.000122608574533313,1.74046362652426,"Financial_Serv"
"TROW","2015-05-29",54.275089263916,54.6719426898116,54.2549109719978,54.5037834147412,1182400,"TROW",-0.0072582076098285,1.72783098018559,"Financial_Serv"
"TROW","2015-06-01",54.3557891845703,54.6315727917454,53.9051236688483,54.4499579451148,1288200,"TROW",0.00148686850171519,1.73040003764632,"Financial_Serv"
"TROW","2015-06-02",53.9992980957031,54.221269539627,53.6898856883303,54.0867441909651,1600300,"TROW",-0.00655847508085455,1.7190512521195,"Financial_Serv"
"TROW","2015-06-03",53.7907867431641,54.3490767370267,53.508280408371,54.1809174712955,2797400,"TROW",-0.00386137153430249,1.71241335654856,"Financial_Serv"
"TROW","2015-06-04",53.2728385925293,53.7638657706155,53.1046793733208,53.683147497943,1628300,"TROW",-0.0096289380021122,1.69592463450437,"Financial_Serv"
"TROW","2015-06-05",53.2862968444824,53.6158874935566,53.0508749522866,53.5688031151174,1306900,"TROW",0.000252628774976003,1.69635307386723,"Financial_Serv"
"TROW","2015-06-08",52.8760032653809,53.5419125628107,52.8423693573857,53.1786879100815,1372300,"TROW",-0.0076997953207185,1.68329150240679,"Financial_Serv"
"TROW","2015-06-09",52.5329399108887,53.0912297593984,52.5127616253446,53.0912297593984,1754600,"TROW",-0.00648807272309099,1.67237018472501,"Financial_Serv"
"TROW","2015-06-10",53.0508651733398,53.1450339128599,52.8019877150017,52.8759781720263,1515900,"TROW",0.00985905725683211,1.68885817813083,"Financial_Serv"
"TROW","2015-06-11",53.4706649780273,53.6263953098435,53.1998235540644,53.4774374342408,1482000,"TROW",0.0079131566151812,1.70222237739521,"Financial_Serv"
"TROW","2015-06-12",53.0373268127441,53.3758773398279,52.9154484163592,53.3691048828423,1039400,"TROW",-0.00810422248276273,1.68842718853366,"Financial_Serv"
"TROW","2015-06-15",52.8342056274414,53.0373380530905,52.4144061910459,52.5633641152,1565600,"TROW",-0.00382977796033881,1.68196088729938,"Financial_Serv"
"TROW","2015-06-16",53.3420257568359,53.3961950866003,52.5769033459326,52.5769033459326,1095200,"TROW",0.00961157877484536,1.69812718686387,"Financial_Serv"
"TROW","2015-06-17",53.3216972351074,53.6534752381267,53.2336759755754,53.4706602634463,1204600,"TROW",-0.000381097669990729,1.6974800345496,"Financial_Serv"
"TROW","2015-06-18",53.9311218261719,54.1410215848417,53.511317142959,53.511317142959,1373100,"TROW",0.011429204670237,1.71688088128811,"Financial_Serv"
"TROW","2015-06-19",53.3894233703613,53.992042966212,53.3894233703613,53.8160003908404,1852200,"TROW",-0.0100442645631686,1.69963607549301,"Financial_Serv"
"TROW","2015-06-22",53.5383834838867,54.0394368487616,53.416505079904,53.6805740942213,1347500,"TROW",0.00279006784718496,1.70437817545916,"Financial_Serv"
"TROW","2015-06-23",53.4571113586426,53.7144129941405,53.3420054511144,53.6534712298864,1873100,"TROW",-0.00151801604672283,1.70179090203913,"Financial_Serv"
"TROW","2015-06-24",53.3081741333008,53.7144337773294,53.2743170105185,53.3758832129936,1675000,"TROW",-0.00278610687252778,1.69704953071135,"Financial_Serv"
"TROW","2015-06-25",52.8545188903809,53.4639110136029,52.8003547195507,53.2675510424607,1466600,"TROW",-0.00851005029332885,1.68260755385473,"Financial_Serv"
"TROW","2015-06-26",53.7618370056152,54.0191336052152,53.2946355185187,53.5180801572059,2062500,"TROW",0.0171663300372885,1.71149175044743,"Financial_Serv"
"TROW","2015-06-29",52.455020904541,53.470672513125,52.4008515789408,52.5091902301413,2136700,"TROW",-0.0243075046140579,1.66988965682651,"Financial_Serv"
"TROW","2015-06-30",52.6310768127441,53.3961992837896,52.3331506414933,53.0982731125388,1708300,"TROW",0.00335632138100785,1.67549434318564,"Financial_Serv"
"TROW","2015-07-01",52.5972213745117,53.3555765775319,52.4550307425465,53.125359483489,1581500,"TROW",-0.000643259463470147,1.67441656559339,"Financial_Serv"
"TROW","2015-07-02",52.3669815063477,52.8003308380923,52.082600366093,52.7529339813832,1132600,"TROW",-0.00437741504488743,1.66708694932776,"Financial_Serv"
"TROW","2015-07-06",52.0893936157227,52.2586689095258,51.7102186106828,51.7847001532259,1408000,"TROW",-0.00530081900159459,1.65825002314945,"Financial_Serv"
"TROW","2015-07-07",52.2857437133789,52.3399130369868,51.3784256234952,52.2180346418045,1514200,"TROW",0.00376948326764518,1.66450076886528,"Financial_Serv"
"TROW","2015-07-08",51.3039360046387,51.9742696553685,51.1956025403775,51.7846822185088,1863800,"TROW",-0.0187777324947758,1.63324521869018,"Financial_Serv"
"TROW","2015-07-09",51.8727149963379,52.2518899542304,51.7846937142189,51.9607362784568,2030700,"TROW",0.0110864591685089,1.65135212511935,"Financial_Serv"
"TROW","2015-07-10",52.4279365539551,52.5295027485926,52.0826135585361,52.4617936741246,1193500,"TROW",0.0107035376431788,1.66902743475271,"Financial_Serv"
"TROW","2015-07-13",53.0237808227539,53.0711776889489,52.6310661453682,52.9019024288422,1209800,"TROW",0.0113650146842157,1.68799595605704,"Financial_Serv"
"TROW","2015-07-14",52.8748321533203,53.125361466155,52.7529588921208,53.0441074594829,1077600,"TROW",-0.00280909182865504,1.68325422041007,"Financial_Serv"
"TROW","2015-07-15",52.9425354003906,53.1727472892861,52.7258632601891,53.0711810935323,1113600,"TROW",0.00128044372555159,1.68540953271511,"Financial_Serv"
"TROW","2015-07-16",53.8363075256348,53.8430748169079,53.0914973817607,53.2810848548336,1464000,"TROW",0.0168819290289892,1.71386249683118,"Financial_Serv"
"TROW","2015-07-17",53.7753677368164,53.8295370642373,53.5045262655831,53.5993251715054,1180900,"TROW",-0.00113194592309924,1.71192249716514,"Financial_Serv"
"TROW","2015-07-20",53.727970123291,53.9107903093389,53.5248428970805,53.8498485253659,792500,"TROW",-0.000881400081862028,1.710413608536,"Financial_Serv"
"TROW","2015-07-21",53.5383834838867,53.9920399786501,53.3149388822732,53.5857803539982,1029800,"TROW",-0.00352863953298901,1.70437817545916,"Financial_Serv"
"TROW","2015-07-22",53.3149337768555,53.6399445449769,53.118573857805,53.538378357072,1639200,"TROW",-0.00417363567016365,1.69726472191061,"Financial_Serv"
"TROW","2015-07-23",52.3263893127441,53.4774646591208,52.1571139823246,52.8545275171134,2349900,"TROW",-0.0185416054017583,1.66579470917462,"Financial_Serv"
"TROW","2015-07-24",52.028450012207,52.5159636679255,51.4529150664895,52.2044977580769,1714000,"TROW",-0.00569386316255049,1.65630990204368,"Financial_Serv"
"TROW","2015-07-27",51.8862686157227,52.0690888520587,51.1550031679967,51.852416651645,1427900,"TROW",-0.0027327624876585,1.65178360047544,"Financial_Serv"
"TROW","2015-07-28",52.2451362609863,52.3940942004493,51.8998131682421,52.3873269072051,1042700,"TROW",0.0069164280808377,1.66320804295323,"Financial_Serv"
"TROW","2015-07-29",52.5159759521484,52.6581666073481,52.0894039865495,52.3940975097097,1105300,"TROW",0.00518401731807439,1.67183014225146,"Financial_Serv"
"TROW","2015-07-30",52.475341796875,52.6987864275613,52.1503309553429,52.1977278316213,1175200,"TROW",-0.000773748455336002,1.67053656626131,"Financial_Serv"
"TROW","2015-07-31",52.2248001098633,52.8003401128327,52.1503185839701,52.5633506217885,1431800,"TROW",-0.00477446508079036,1.66256064775951,"Financial_Serv"
"TROW","2015-08-03",52.2992935180664,52.4008597278938,51.940430720432,52.2248119752511,1100100,"TROW",0.00142639910629464,1.66493212278164,"Financial_Serv"
"TROW","2015-08-04",52.1706390380859,52.6581474647457,51.9539669042801,52.3060571845129,1113600,"TROW",-0.00245996592546754,1.66083644649138,"Financial_Serv"
"TROW","2015-08-05",51.7847099304199,52.4685785270741,51.5070959165495,52.3670122984417,1561900,"TROW",-0.00739743876597481,1.64855051057816,"Financial_Serv"
"TROW","2015-08-06",51.3852005004883,52.048761831259,51.0940468297222,52.0352169167836,1164100,"TROW",-0.00771481447841338,1.63583224923076,"Financial_Serv"
"TROW","2015-08-07",51.3513336181641,51.6424872335811,51.0060158527559,51.5002966538477,969300,"TROW",-0.000659078528338075,1.63475410731933,"Financial_Serv"
"TROW","2015-08-10",52.0622901916504,52.0690626474067,51.6289460089108,51.8049936974832,1181900,"TROW",0.0138449485805535,1.65738719387701,"Financial_Serv"
"TROW","2015-08-11",51.5815696716309,51.9133478135018,51.378437245089,51.9133478135018,1131000,"TROW",-0.00923356460597325,1.64208360214523,"Financial_Serv"
"TROW","2015-08-12",51.1008186340332,51.2971785644475,50.1325638962639,51.2836336501452,2510300,"TROW",-0.00932020953720729,1.62677903889563,"Financial_Serv"
"TROW","2015-08-13",51.3445892333984,51.7034520707992,50.7961337059037,51.0398905701519,982000,"TROW",0.00477038540441078,1.63453940187898,"Financial_Serv"
"TROW","2015-08-14",51.5070877075195,51.5612570429399,51.1211402329257,51.1820768608695,772200,"TROW",0.00316486072918843,1.6397124914423,"Financial_Serv"
"TROW","2015-08-17",51.6154098510742,51.6492618004684,51.0263301402138,51.1211238639103,819100,"TROW",0.00210305315978627,1.64316089397856,"Financial_Serv"
"TROW","2015-08-18",51.6898994445801,52.5227361342098,51.4935446565413,52.5227361342098,675700,"TROW",0.00144316578558194,1.64553224756096,"Financial_Serv"
"TROW","2015-08-19",51.1008186340332,51.6221841855069,50.8502893781519,51.4393691693949,899300,"TROW",-0.0113964394761198,1.62677903889563,"Financial_Serv"
"TROW","2015-08-20",50.0581016540527,50.9180180722388,48.7512958773716,50.9180180722388,1509600,"TROW",-0.020405093457466,1.59358446057232,"Financial_Serv"
"TROW","2015-08-21",48.8122177124023,49.9497478111525,48.7580535483641,49.6789114933462,3034700,"TROW",-0.0248887572737094,1.55392212373798,"Financial_Serv"
"TROW","2015-08-24",47.1600914001465,48.8189869848975,45.8803707682823,46.2663181784338,4135400,"TROW",-0.0338465734540081,1.50132718443507,"Financial_Serv"
"TROW","2015-08-25",46.2663116455078,48.8866891570011,46.2595391891993,48.8866891570011,3049100,"TROW",-0.0189520360988082,1.47287397743954,"Financial_Serv"
"TROW","2015-08-26",47.9455337524414,48.1554386347545,46.8283209183391,47.1397868467544,3412800,"TROW",0.0362947044449919,1.52633150313542,"Financial_Serv"
"TROW","2015-08-27",49.360668182373,49.5096312417358,48.4601225350409,48.4601225350409,2214800,"TROW",0.0295154588796205,1.57138187785289,"Financial_Serv"
"TROW","2015-08-28",49.0221099853516,49.0762793013507,48.6226177371959,48.8122051773225,1408200,"TROW",-0.00685886576272858,1.56060398049071,"Financial_Serv"
"TROW","2015-08-31",48.6700248718262,48.920554136808,48.2773101626033,48.6632575803004,1305800,"TROW",-0.00718216971139345,1.54939545785055,"Financial_Serv"
"TROW","2015-09-01",46.9772720336914,47.6137487150176,46.7538325987732,47.4986427688671,2445400,"TROW",-0.0347801925845051,1.49550718543695,"Financial_Serv"
"TROW","2015-09-02",47.3361396789551,47.7627115059183,46.7199752074702,47.6476055604337,1591100,"TROW",0.0076391759190763,1.50693162791475,"Financial_Serv"
"TROW","2015-09-03",47.6408348083496,47.9184435789182,47.2210302578321,47.3225964581364,1853900,"TROW",0.0064368394098261,1.51663150480522,"Financial_Serv"
"TROW","2015-09-04",47.0178985595703,47.4783274801512,46.7131999875834,47.0246658506424,1500900,"TROW",-0.013075678696338,1.49680051854764,"Financial_Serv"
"TROW","2015-09-08",48.1757507324219,48.1960629415953,47.1262418209032,47.573131086207,1839800,"TROW",0.0246257746161198,1.53366039076269,"Financial_Serv"
"TROW","2015-09-09",47.7017822265625,49.3471385131374,47.6137609215062,48.7512912574824,1689600,"TROW",-0.0098383211191019,1.51857174735072,"Financial_Serv"
"TROW","2015-09-10",48.0200119018555,48.4127318052598,47.6814613297907,47.7085459954605,1372400,"TROW",0.00667123240346697,1.52870249239863,"Financial_Serv"
"TROW","2015-09-11",48.4292602539062,48.4497224889748,47.747157996809,47.8972213260147,1181200,"TROW",0.00852245419862064,1.54173078937342,"Financial_Serv"
"TROW","2015-09-14",48.1427841186523,48.4156260938285,47.9381513362633,48.4019811328544,1309400,"TROW",-0.00591535228396968,1.53261090862723,"Financial_Serv"
"TROW","2015-09-15",48.3951683044434,48.7771492274845,47.8631292089538,48.1427937203941,1900100,"TROW",0.00524240943708182,1.54064548251799,"Financial_Serv"
"TROW","2015-09-16",48.8931083679199,48.9681400607151,48.0745874334642,48.456563175673,1380900,"TROW",0.0102890449795345,1.55649725318514,"Financial_Serv"
"TROW","2015-09-17",48.4702072143555,49.4115120964952,48.3815357532388,48.7430492845993,1858000,"TROW",-0.00864950435104531,1.54303432342132,"Financial_Serv"
"TROW","2015-09-18",47.4538688659668,48.2655724745967,47.2560585241986,47.8085598623598,2956100,"TROW",-0.0209683103662834,1.510679500822,"Financial_Serv"
"TROW","2015-09-21",47.8972320556641,48.0472954184861,47.4402246899994,47.6789594926579,1032900,"TROW",0.00934303567427858,1.52479383329058,"Financial_Serv"
"TROW","2015-09-22",47.1059875488281,47.6448490403713,46.7649363671447,47.1742019483872,1969000,"TROW",-0.0165196290657545,1.49960480476287,"Financial_Serv"
"TROW","2015-09-23",46.9764022827148,47.3174535416757,46.7308449599407,47.2765238518605,1370000,"TROW",-0.00275092982561842,1.49547949717881,"Financial_Serv"
"TROW","2015-09-24",46.6285247802734,46.9081840839681,46.3352205130646,46.6694492627583,2242300,"TROW",-0.00740536706808238,1.48440492255941,"Financial_Serv"
"TROW","2015-09-25",47.1469268798828,47.3856617151223,46.8126929065184,47.0241482211841,2098200,"TROW",0.0111177032096175,1.50090809593132,"Financial_Serv"
"TROW","2015-09-28",47.1332702636719,47.324258084649,46.6830854290868,47.0241365962683,4012500,"TROW",-0.000289660792647859,1.50047334170256,"Financial_Serv"
"TROW","2015-09-29",46.5671272277832,48.5588701339397,46.3693221169795,47.3720082449485,2689900,"TROW",-0.0120115373434003,1.48245035012592,"Financial_Serv"
"TROW","2015-09-30",47.4061241149902,47.4265863575031,46.7308440919192,47.2083137639838,1920900,"TROW",0.0180169346307982,1.50915956117754,"Financial_Serv"
"TROW","2015-10-01",46.7854042053223,47.7062466693091,46.3420417792885,47.4402271320774,1880800,"TROW",-0.0130936650328621,1.48939913140234,"Financial_Serv"
"TROW","2015-10-02",46.8877105712891,46.8945330514061,44.9368975800284,45.2370242568462,2105600,"TROW",0.00218671544479589,1.49265602348645,"Financial_Serv"
"TROW","2015-10-05",48.2587547302246,48.3065016998884,47.3583795851152,47.4129490373107,1509300,"TROW",0.0292410130976854,1.53630279781955,"Financial_Serv"
"TROW","2015-10-06",48.1768951416016,48.3406034798036,47.7403499811203,48.1155084177974,1200200,"TROW",-0.00169626400599554,1.5336968226813,"Financial_Serv"
"TROW","2015-10-07",49.0977478027344,49.2273437589574,48.1905500890237,48.736229050662,1430500,"TROW",0.0191139893599669,1.56301188743145,"Financial_Serv"
"TROW","2015-10-08",49.1386566162109,49.227328053129,48.3951623077983,48.7498584635269,1631000,"TROW",0.000833211609643003,1.56431420708206,"Financial_Serv"
"TROW","2015-10-09",48.7703323364258,49.4183276774658,48.517952519416,49.2068775522057,1528800,"TROW",-0.00749561150321813,1.55258871551681,"Financial_Serv"
"TROW","2015-10-12",47.9108772277832,48.42927657501,47.4743320524435,48.3542448851208,2320700,"TROW",-0.0176224985040888,1.52522822320015,"Financial_Serv"
"TROW","2015-10-13",47.1673851013184,47.9381589905344,47.1196381383409,47.9040569907097,1679900,"TROW",-0.0155182323823889,1.50155937719635,"Financial_Serv"
"TROW","2015-10-14",47.0514335632324,47.6448594180395,46.9627569061019,47.1537447767997,1296900,"TROW",-0.00245829905212822,1.49786809520268,"Financial_Serv"
"TROW","2015-10-15",47.8835906982422,47.8835906982422,47.1537412728643,47.1946709592789,1201500,"TROW",0.017686116489765,1.52435956482073,"Financial_Serv"
"TROW","2015-10-16",48.2928581237793,48.3610673316206,47.8835924686733,48.1086875381758,1307700,"TROW",0.00854713315290563,1.53738846899416,"Financial_Serv"
"TROW","2015-10-19",47.9245223999023,48.1496122665186,47.7471742953913,47.9586244019817,992000,"TROW",-0.00762712620845245,1.52566261310972,"Financial_Serv"
"TROW","2015-10-20",48.1223335266113,48.2860366697213,47.8290292430235,48.081403837812,1033500,"TROW",0.0041275555144476,1.53195987024165,"Financial_Serv"
"TROW","2015-10-21",47.5016059875488,48.4292655754573,47.4470365520183,48.4088033381403,1384100,"TROW",-0.0128989492730905,1.51219919758699,"Financial_Serv"
"TROW","2015-10-22",50.646110534668,50.8984903326683,48.2519293068101,48.3610682045494,3740200,"TROW",0.0661978575617713,1.61230354467388,"Financial_Serv"
"TROW","2015-10-23",50.7416000366211,50.8916634058922,50.0867823194615,50.8916634058922,1986100,"TROW",0.00188542616491273,1.61534342396279,"Financial_Serv"
"TROW","2015-10-26",50.6051750183105,50.837087319407,50.3869024744435,50.6870239697432,1284200,"TROW",-0.00268862271217476,1.61100037494516,"Financial_Serv"
"TROW","2015-10-27",50.4414710998535,50.4755783019392,49.9367167739621,50.1481668556135,1018900,"TROW",-0.00323492445975729,1.60578891042758,"Financial_Serv"
"TROW","2015-10-28",51.3213882446289,51.3213882446289,50.3391642292679,50.5165071240798,1643900,"TROW",0.0174443196359899,1.633800805449,"Financial_Serv"
"TROW","2015-10-29",51.4168853759766,51.5328467578416,50.6870358977901,51.0621943602346,1268700,"TROW",0.00186076672151694,1.63684092761737,"Financial_Serv"
"TROW","2015-10-30",51.5805931091309,51.8329677044607,51.1645101663107,51.4032450013643,1967700,"TROW",0.00318392940290362,1.64205251357469,"Financial_Serv"
"TROW","2015-11-02",51.9693870544434,51.98984929519,51.5533041458336,51.812501202005,1433300,"TROW",0.00753760129298853,1.65442965072416,"Financial_Serv"
"TROW","2015-11-03",52.3036155700684,52.4468564587044,51.6146906450801,51.7170070523997,1170400,"TROW",0.00643125760315127,1.66506971399426,"Financial_Serv"
"TROW","2015-11-04",51.9693870544434,52.4809638892231,51.8397859243433,52.2490463513614,1018000,"TROW",-0.00639016083271054,1.65442965072416,"Financial_Serv"
"TROW","2015-11-05",52.2967872619629,52.5559894921646,52.0171279974108,52.0989769509245,831200,"TROW",0.00629986663449668,1.66485233687988,"Financial_Serv"
"TROW","2015-11-06",52.4741477966309,53.0061869369357,52.1262740494972,52.637850946564,929900,"TROW",0.00339142314382606,1.67049855562623,"Financial_Serv"
"TROW","2015-11-09",51.5191993713379,52.433219398674,51.3282115099919,52.392289711222,1359600,"TROW",-0.0181984551515534,1.64009806258093,"Financial_Serv"
"TROW","2015-11-10",51.9489364624023,51.9489364624023,51.3350430822053,51.4646390373365,823600,"TROW",0.00834129987088915,1.65377861233858,"Financial_Serv"
"TROW","2015-11-11",52.0990028381348,52.3445602287459,51.9557618942834,52.1603947878029,966400,"TROW",0.00288872854675343,1.65855592982606,"Financial_Serv"
"TROW","2015-11-12",51.3282318115234,52.2968164651788,51.2873073119138,51.8602711225727,1382700,"TROW",-0.0147943527634496,1.6340186683223,"Financial_Serv"
"TROW","2015-11-13",50.7211265563965,51.3759441284499,50.5847081803957,51.1781338404295,1235600,"TROW",-0.0118279012095378,1.61469165693884,"Financial_Serv"
"TROW","2015-11-16",51.3895950317383,51.4032399947147,50.3255168968378,50.6802130778237,797600,"TROW",0.0131792907753839,1.63597214779822,"Financial_Serv"
"TROW","2015-11-17",50.9803276062012,51.5464737992749,50.7961622635531,51.3145615008271,1064100,"TROW",-0.00796401344054853,1.6229432436248,"Financial_Serv"
"TROW","2015-11-18",52.1740188598633,52.1740188598633,50.9666997225074,51.0280864496816,1194800,"TROW",0.0234147427000236,1.66094404209101,"Financial_Serv"
"TROW","2015-11-19",52.0990028381348,52.167217271995,51.8466281673621,52.0990028381348,716400,"TROW",-0.00143780416705113,1.65855592982606,"Financial_Serv"
"TROW","2015-11-20",52.0921630859375,52.4604990129578,51.7783966008524,52.2967906871521,1069400,"TROW",-0.000131283744883101,1.65833818839249,"Financial_Serv"
"TROW","2015-11-23",51.9421157836914,52.3172691039338,51.8534391121197,52.1262812021333,655600,"TROW",-0.00288041988194189,1.65356147810366,"Financial_Serv"
"TROW","2015-11-24",51.5805931091309,51.6897268034286,51.137225441729,51.3213908276192,870400,"TROW",-0.00696010682479855,1.64205251357469,"Financial_Serv"
"TROW","2015-11-25",51.8466033935547,52.126262663436,51.3895908436057,51.560116438713,858600,"TROW",0.00515717769784114,1.65052087017638,"Financial_Serv"
"TROW","2015-11-27",51.8056793212891,51.9284579712214,51.4919128168017,51.8807110075826,512500,"TROW",-0.000789329861302206,1.64921806476685,"Financial_Serv"
"TROW","2015-11-30",51.9421157836914,52.1194639228047,51.485108275236,51.94893826705,1528700,"TROW",0.00263361979207319,1.65356147810366,"Financial_Serv"
"TROW","2015-12-01",52.1740188598633,52.5559997992765,51.8534298516534,52.2490505513179,1325700,"TROW",0.00446464439642035,1.66094404209101,"Financial_Serv"
"TROW","2015-12-02",51.5260162353516,52.2422206373112,51.3623131154791,52.1808339188697,1157300,"TROW",-0.0124200251134999,1.64031507537612,"Financial_Serv"
"TROW","2015-12-03",51.2736358642578,51.7920351424054,50.9121224269807,51.6624340218615,2346900,"TROW",-0.00489811535091265,1.63228062292509,"Financial_Serv"
"TROW","2015-12-04",51.860237121582,52.017122940612,51.2531664899066,51.3623053560192,2197400,"TROW",0.0114406019280004,1.65095489576677,"Financial_Serv"
"TROW","2015-12-07",51.2668228149414,51.8875333404654,50.9462338297024,51.7442924499598,1592100,"TROW",-0.0114425683255056,1.63206373156963,"Financial_Serv"
"TROW","2015-12-08",50.5506172180176,50.9394154389074,50.4346610407764,50.8780235071726,1901600,"TROW",-0.0139701576496973,1.60926354394525,"Financial_Serv"
"TROW","2015-12-09",49.9094390869141,50.7961744258258,49.6229572835226,50.305059789138,1131300,"TROW",-0.0126838833310028,1.58885183290501,"Financial_Serv"
"TROW","2015-12-10",50.0253829956055,50.564244467374,49.7525462234935,49.8821421290383,1652600,"TROW",0.00232308578923312,1.59254287201923,"Financial_Serv"
"TROW","2015-12-11",48.2928581237793,49.4387905092122,48.0677630542768,49.3364740954357,2173200,"TROW",-0.0346329156935863,1.53738846899416,"Financial_Serv"
"TROW","2015-12-14",48.1279258728027,48.7875884109455,47.2483758219457,48.2378670078939,1982200,"TROW",-0.00341525139294562,1.53213790088393,"Financial_Serv"
"TROW","2015-12-15",49.0418434143066,49.2342443637536,48.7120094705885,48.7120094705885,2105500,"TROW",0.0189893398672384,1.56123218820729,"Financial_Serv"
"TROW","2015-12-16",49.5640678405762,49.756474012275,48.7669775279524,49.5709408001984,2699200,"TROW",0.0106485480543169,1.57785704418737,"Financial_Serv"
"TROW","2015-12-17",48.7944717407227,49.8114497372203,48.7188849006749,49.5709485382197,1564600,"TROW",-0.0155272989765275,1.55335718612005,"Financial_Serv"
"TROW","2015-12-18",48.0386085510254,48.7738580689315,47.9698894291853,48.4302834298626,2562400,"TROW",-0.015490754643552,1.52929451107606,"Financial_Serv"
"TROW","2015-12-21",48.3684310913086,48.6158052192473,48.1141840035571,48.4577585987461,1612000,"TROW",0.00686578046766017,1.53979431145951,"Financial_Serv"
"TROW","2015-12-22",48.725757598877,48.7738578384179,48.2310092821508,48.5333513981801,1809900,"TROW",0.00738759764388074,1.55116969228691,"Financial_Serv"
"TROW","2015-12-23",49.9901161193848,50.1619034600012,48.7326315278643,48.7876047350697,1582500,"TROW",0.025948463047334,1.59142016172736,"Financial_Serv"
"TROW","2015-12-24",49.7839660644531,50.1344136850518,49.5984380550381,49.804584947751,431900,"TROW",-0.00412381628478957,1.58485743734849,"Financial_Serv"
"TROW","2015-12-28",49.9694976806641,50.0450845226823,49.4541357082852,49.6465366725013,1011000,"TROW",0.0037267343459687,1.59076377999372,"Financial_Serv"
"TROW","2015-12-29",50.2306137084961,50.601674966448,49.9763718180253,49.9763718180253,1020800,"TROW",0.00522550835913388,1.59907632942348,"Financial_Serv"
"TROW","2015-12-30",49.5365867614746,50.4298828806996,49.5022324446015,50.1137948557901,1081000,"TROW",-0.013816812015261,1.57698219238178,"Financial_Serv"
"TROW","2015-12-31",49.1242942810059,49.8114434731854,49.1242942810059,49.5091013935484,1052800,"TROW",-0.00832298927768266,1.56385698650349,"Financial_Serv"
"TROW","2016-01-04",48.2310066223145,48.24474730034,47.5301114647609,48.0523463527865,2353500,"TROW",-0.0181842339267314,1.53541944523296,"Financial_Serv"
"TROW","2016-01-05",48.430290222168,48.6570455314306,47.7568815284335,48.3684440523446,1403700,"TROW",0.00413185653399395,1.54176357810017,"Financial_Serv"
"TROW","2016-01-06",47.3445816040039,47.695029168913,47.152180664064,47.5094959464478,1752300,"TROW",-0.0224179663839202,1.50720037403437,"Financial_Serv"
"TROW","2016-01-07",46.0802268981934,47.2483837654378,45.8122391108473,46.389447205346,2238100,"TROW",-0.0267053728848165,1.46695002603364,"Financial_Serv"
"TROW","2016-01-08",44.9120712280273,46.4856434934799,44.8570980349253,46.3550834704957,2142500,"TROW",-0.0253504756551408,1.42976214511137,"Financial_Serv"
"TROW","2016-01-11",44.6715774536133,45.3243671914934,44.2111834383633,45.1457069056133,2068900,"TROW",-0.0053547691709213,1.42210609885498,"Financial_Serv"
"TROW","2016-01-12",45.8397216796875,45.9153085097327,44.774643584334,45.1663184115989,2915700,"TROW",0.0261496077072097,1.45929361545807,"Financial_Serv"
"TROW","2016-01-13",44.575382232666,46.5612435243481,44.4654358152901,46.0183948842555,2297100,"TROW",-0.0275817435336161,1.41904375321626,"Financial_Serv"
"TROW","2016-01-14",45.0632553100586,45.4618031884263,44.2180593088673,44.767780881963,2277300,"TROW",0.0109448994704313,1.43457504443935,"Financial_Serv"
"TROW","2016-01-15",44.6303405761719,45.0014017910113,43.6820765221596,43.860736790608,2669700,"TROW",-0.0096068233621393,1.42079333538769,"Financial_Serv"
"TROW","2016-01-19",45.0495147705078,45.7229235158921,44.7128130190827,45.3175026277184,2025200,"TROW",0.00939213523635386,1.43413761853656,"Financial_Serv"
"TROW","2016-01-20",44.7265357971191,45.1937974302834,43.8057584496516,44.2524064470564,2598100,"TROW",-0.00716942180252103,1.42385568102641,"Financial_Serv"
"TROW","2016-01-21",45.0495147705078,46.2176719422913,44.7402996252754,44.8914733380678,2112300,"TROW",0.00722119358525136,1.43413761853656,"Financial_Serv"
"TROW","2016-01-22",46.3344688415527,46.3413418011764,45.5442462458621,45.8809478719707,1650800,"TROW",0.0285231500847626,1.47504374107228,"Financial_Serv"
"TROW","2016-01-25",44.9464378356934,46.2726309402444,44.8639780331038,46.0939758984332,1640800,"TROW",-0.0299567695618988,1.43085619562726,"Financial_Serv"
"TROW","2016-01-26",45.7984962463379,46.4856454616092,44.9670463249635,45.1938015816784,1533300,"TROW",0.0189571955348124,1.45798121630997,"Financial_Serv"
"TROW","2016-01-27",45.5099029541016,46.4306805504365,45.0082816307389,45.8122450978434,2232000,"TROW",-0.0063013704791542,1.44879393651435,"Financial_Serv"
"TROW","2016-01-28",47.0147590637207,48.6501779343791,46.7330305455823,46.897944927969,2984700,"TROW",0.0330665638012202,1.49670057365092,"Financial_Serv"
"TROW","2016-01-29",48.753246307373,48.8975522902872,47.028505141969,47.0766053887624,2844000,"TROW",0.036977478525331,1.55204478697195,"Financial_Serv"
"TROW","2016-02-01",48.210391998291,48.512734091465,47.6881571209431,48.4027929419106,2375400,"TROW",-0.0111347315347888,1.53476318493905,"Financial_Serv"
"TROW","2016-02-02",46.7605133056641,47.7293911203873,46.581853014621,47.358329858621,2657100,"TROW",-0.0300739868009858,1.48860673717255,"Financial_Serv"
"TROW","2016-02-03",47.1659355163574,47.4614099750736,45.6267222917247,47.0422484117196,2326200,"TROW",0.00867018306756378,1.50151323009945,"Financial_Serv"
"TROW","2016-02-04",47.9492835998535,47.9767702045601,47.0010193288775,47.0078922906876,3472600,"TROW",0.0166083440288049,1.52645087838874,"Financial_Serv"
"TROW","2016-02-05",47.1659355163574,48.0386182108946,46.9735345185951,47.6881705406652,2616500,"TROW",-0.016337013291654,1.50151323009945,"Financial_Serv"
"TROW","2016-02-08",45.3312377929688,46.7124092817642,44.1562131804232,46.7124092817642,4241900,"TROW",-0.0388987879346184,1.44310618538078,"Financial_Serv"
"TROW","2016-02-09",45.6885566711426,46.1420777372919,44.5341456075744,44.8021334221051,2326300,"TROW",0.00788239844245443,1.45448132332873,"Financial_Serv"
"TROW","2016-02-10",45.757266998291,46.9666511714996,45.7297856411449,46.3550887456088,1509500,"TROW",0.00150388482706953,1.45666869572214,"Financial_Serv"
"TROW","2016-02-11",44.9945373535156,45.4892804335035,44.4242021904689,44.4654294698347,2095200,"TROW",-0.0166690384896431,1.43238742916649,"Financial_Serv"
"TROW","2016-02-12",46.4169502258301,46.4238179461169,45.338125734388,45.9496883621302,1368700,"TROW",0.0316130125116913,1.47766951088631,"Financial_Serv"
"TROW","2016-02-16",47.0491142272949,47.2827424769384,46.5474929228646,47.0697278678478,1546000,"TROW",0.0136192489680862,1.49779425984763,"Financial_Serv"
"TROW","2016-02-17",48.2791137695312,48.5814559121621,47.0834701513999,47.5919644341822,1858200,"TROW",0.0261428841421792,1.53695092165164,"Financial_Serv"
"TROW","2016-02-18",47.7087745666504,48.4783836450869,47.4133001674994,48.4577647630255,1569200,"TROW",-0.0118133734932143,1.51879434637343,"Financial_Serv"
"TROW","2016-02-19",47.3170967102051,47.6881579259636,46.9529084547012,47.5094976570726,1463000,"TROW",-0.0082097656039798,1.50632540078906,"Financial_Serv"
"TROW","2016-02-22",48.0248641967773,48.2653654034669,47.5095022213569,47.90805007389,1270700,"TROW",0.0149579652130182,1.52885696373355,"Financial_Serv"
"TROW","2016-02-23",47.1384239196777,48.2859615783342,46.9116634743055,48.1210472737595,1260600,"TROW",-0.018457944481998,1.50063740677604,"Financial_Serv"
"TROW","2016-02-24",47.3858108520508,47.4682706479724,45.5373777231018,46.2726271985054,1483900,"TROW",0.00524809511651441,1.5085128946222,"Financial_Serv"
"TROW","2016-02-25",47.8530654907227,47.8599384500029,46.8360877035798,47.5438504760244,1028400,"TROW",0.00986064457419015,1.52338780411165,"Financial_Serv"
"TROW","2016-02-26",47.9080429077148,48.5402189114606,47.6194415028569,48.4508914030614,1040200,"TROW",0.00114887973065897,1.52513799348172,"Financial_Serv"
"TROW","2016-02-29",47.4888954162598,48.25850463097,47.4751494924515,47.9355435744172,1384700,"TROW",-0.0087490005021178,1.51179456041095,"Financial_Serv"
"TROW","2016-03-01",49.0624732971191,49.0624732971191,47.8462157971536,48.0523627355481,1740200,"TROW",0.0331357018744343,1.56188893426012,"Financial_Serv"
"TROW","2016-03-02",49.2479972839355,49.261743208046,48.4096741593562,48.8975548571299,1307400,"TROW",0.0037813826810745,1.5677950340259,"Financial_Serv"
"TROW","2016-03-03",49.7083892822266,49.7152622447171,48.9662718518093,49.3098465808571,1123600,"TROW",0.00934844102668096,1.58245147344341,"Financial_Serv"
"TROW","2016-03-04",50.0107269287109,50.3543015904828,49.4541376542511,49.708379548741,1367900,"TROW",0.00608222577416076,1.59207630058155,"Financial_Serv"
"TROW","2016-03-07",49.8595428466797,50.1618901636324,49.4747409833087,49.7152421479156,1210300,"TROW",-0.00302303308341747,1.58726340125356,"Financial_Serv"
"TROW","2016-03-08",49.4541473388672,49.8870496101631,49.1724135446263,49.4541473388672,1609200,"TROW",-0.00813075059791682,1.57435775840477,"Financial_Serv"
"TROW","2016-03-09",49.1449165344238,49.7221246831719,48.7188873157985,49.6121782767311,1354400,"TROW",-0.00625287910282759,1.56451348967687,"Financial_Serv"
"TROW","2016-03-10",49.000602722168,49.4060234344838,48.2516126878083,49.3716638810135,918200,"TROW",-0.0029364952152228,1.55991930330028,"Financial_Serv"
"TROW","2016-03-11",49.907642364502,50.0450753441168,49.1861388810194,49.406026405871,1287100,"TROW",0.0185107854178218,1.58879463479279,"Financial_Serv"
"TROW","2016-03-14",49.616886138916,50.0668798953499,49.5061214515893,49.7622677620464,1053300,"TROW",-0.00582588581248521,1.579538498671,"Financial_Serv"
"TROW","2016-03-15",48.8761367797852,49.0907523080859,48.3915312935647,49.0076748182466,1746700,"TROW",-0.0149293802327081,1.55595696783214,"Financial_Serv"
"TROW","2016-03-16",49.3745880126953,49.5753546390096,48.4399887591519,48.5646023450779,1095800,"TROW",0.0101982534985521,1.57182501142293,"Financial_Serv"
"TROW","2016-03-17",50.6830215454102,51.0983983514665,49.3815061446197,49.443810288717,1768900,"TROW",0.0265001407683324,1.61347859548882,"Financial_Serv"
"TROW","2016-03-18",50.9114837646484,51.153786476248,49.8453465518073,50.8491743349211,2446600,"TROW",0.00450766770157117,1.62075162084088,"Financial_Serv"
"TROW","2016-03-21",50.7868614196777,51.0222396469403,50.0253364796253,50.703783954984,1083900,"TROW",-0.0024478238651775,1.61678430634386,"Financial_Serv"
"TROW","2016-03-22",50.5999488830566,50.9668704664632,50.2953420132782,50.4961086330203,969100,"TROW",-0.00368033249931592,1.61083400251684,"Financial_Serv"
"TROW","2016-03-23",50.6068649291992,50.8976281446574,50.2191806419216,50.572253278865,1063500,"TROW",0.000136680891883153,1.61105417274498,"Financial_Serv"
"TROW","2016-03-24",50.1984100341797,50.2745630555527,49.8799543456207,50.0945645248708,1150400,"TROW",-0.00807113611149345,1.59805113523377,"Financial_Serv"
"TROW","2016-03-28",50.3991813659668,50.5860990749184,49.9491876377023,50.3576399892423,668900,"TROW",0.00399955559649012,1.60444262959517,"Financial_Serv"
"TROW","2016-03-29",51.1607093811035,51.2645549063235,49.7345750838082,50.0807233133396,1447300,"TROW",0.0151099282666317,1.62868564263628,"Financial_Serv"
"TROW","2016-03-30",51.1607093811035,51.7283922662629,51.0983999532504,51.3407079393646,1445500,"TROW",0,1.62868564263628,"Financial_Serv"
"TROW","2016-03-31",50.8561134338379,51.375335943377,50.8076528775531,51.0845726056682,1326600,"TROW",-0.005953708440527,1.61898892317875,"Financial_Serv"
"TROW","2016-04-01",51.1953201293945,51.2853220478345,50.1291882492828,50.5168725693234,1299200,"TROW",0.00666992958472804,1.6297874652948,"Financial_Serv"
"TROW","2016-04-04",50.558406829834,51.2160915995067,50.4268688195389,51.0776291460902,1012900,"TROW",-0.0124408500220483,1.60951152387126,"Financial_Serv"
"TROW","2016-04-05",50.0807304382324,50.3368820659769,49.9007371361668,50.1984248671874,1047100,"TROW",-0.00944801115290861,1.59430484104299,"Financial_Serv"
"TROW","2016-04-06",50.7799491882324,50.9530233199454,50.0876526613804,50.1914981967689,1333400,"TROW",0.0139618321035151,1.61656425755545,"Financial_Serv"
"TROW","2016-04-07",49.4853591918945,50.5722645525671,49.3330531074252,50.2814959904877,1366700,"TROW",-0.025494117600218,1.57535137826502,"Financial_Serv"
"TROW","2016-04-08",49.7068901062012,50.0530383512811,49.4438140595865,49.9838044768227,1275400,"TROW",0.00447669609606322,1.58240374763003,"Financial_Serv"
"TROW","2016-04-11",49.9768829345703,50.8630215546824,49.9422659989898,50.1430326053906,1175600,"TROW",0.00543169825737011,1.59099888730849,"Financial_Serv"
"TROW","2016-04-12",51.2576332092285,51.2922448649545,49.8591913291831,50.1568790338024,1668900,"TROW",0.0256268538463065,1.63177118326318,"Financial_Serv"
"TROW","2016-04-13",52.9607009887695,52.9745445996744,51.6038000024817,51.7284136278451,2418500,"TROW",0.033225642170977,1.68598782870319,"Financial_Serv"
"TROW","2016-04-14",53.0368347167969,53.2860618766591,52.2753096313525,52.9537572362418,1040200,"TROW",0.00143755136555855,1.68841152280866,"Financial_Serv"
"TROW","2016-04-15",52.9814453125,53.2099044036267,52.7183745687133,52.988369755753,1004900,"TROW",-0.00104435727721385,1.68664821794788,"Financial_Serv"
"TROW","2016-04-18",53.0299110412598,53.1060640790878,52.6214586400031,52.8499124716841,1078100,"TROW",0.000914767962140342,1.68819110970106,"Financial_Serv"
"TROW","2016-04-19",53.8052787780762,53.8952754115126,53.1683673372895,53.4314380762746,1159700,"TROW",0.014621328257804,1.71287470607791,"Financial_Serv"
"TROW","2016-04-20",54.2344932556152,54.4698767599886,53.6529668597551,53.9437300576852,1647100,"TROW",0.00797718155702509,1.72653861859273,"Financial_Serv"
"TROW","2016-04-21",53.7429504394531,54.4906315799202,53.4591117527836,54.2414045330978,1438800,"TROW",-0.00906328770963886,1.71089050235062,"Financial_Serv"
"TROW","2016-04-22",53.7083549499512,54.0198862112576,53.3622067565874,53.7014305071793,1525000,"TROW",-0.000643721441027479,1.70978916545101,"Financial_Serv"
"TROW","2016-04-25",53.286060333252,53.8952793276011,53.016065131522,53.4937461059196,1897100,"TROW",-0.00786273601365634,1.69634554460406,"Financial_Serv"
"TROW","2016-04-26",53.6668243408203,54.6914255227075,52.836070622817,54.331433653387,2740300,"TROW",0.00714565883060325,1.70846705112461,"Financial_Serv"
"TROW","2016-04-27",53.6252899169922,53.9852870793777,53.2237566519482,53.4383721732254,1952500,"TROW",-0.000773931089426003,1.70714481535848,"Financial_Serv"
"TROW","2016-04-28",52.4553108215332,53.466068500964,52.2268569587341,53.2653018540527,1759900,"TROW",-0.0218176740353296,1.66989888624589,"Financial_Serv"
"TROW","2016-04-29",52.1230049133301,52.4414606743679,51.7560886078257,51.9568552297023,1431700,"TROW",-0.00633502886549881,1.65932002859906,"Financial_Serv"
"TROW","2016-05-02",52.3999176025391,52.5591428209728,51.7145403453773,52.3722251119848,1334800,"TROW",0.00531267699683534,1.66813545994538,"Financial_Serv"
"TROW","2016-05-03",51.8737907409668,51.9845554638633,51.1884185027441,51.9845554638633,1186900,"TROW",-0.0100406047498588,1.65138637112285,"Financial_Serv"
"TROW","2016-05-04",51.4307098388672,51.8945472462564,51.2576357063963,51.7076295071813,1205100,"TROW",-0.00854151770616005,1.63728102519419,"Financial_Serv"
"TROW","2016-05-05",51.4653244018555,51.8530140721043,51.2784066522276,51.6591718778817,1895300,"TROW",0.000673032962149053,1.63838296929245,"Financial_Serv"
"TROW","2016-05-06",51.9845352172852,51.9983841033813,51.0222436239012,51.056860557339,1422900,"TROW",0.0100885561582309,1.65491188788684,"Financial_Serv"
"TROW","2016-05-09",51.9499206542969,52.2060722146953,51.5414630461915,51.783771003072,1345900,"TROW",-0.000665862700197264,1.65380994378859,"Financial_Serv"
"TROW","2016-05-10",52.5175971984863,52.5660577277141,51.9499144496177,52.095296037301,1447500,"TROW",0.0109273803894155,1.67188175413616,"Financial_Serv"
"TROW","2016-05-11",52.1645317077637,52.6629859515271,52.1506881040157,52.2337602901081,1346000,"TROW",-0.00672280358502069,1.66064202148573,"Financial_Serv"
"TROW","2016-05-12",52.3445281982422,52.7391369121407,51.9706875300538,52.3999131746706,914200,"TROW",0.00345055317446139,1.66637215508461,"Financial_Serv"
"TROW","2016-05-13",51.3199424743652,52.6145389526764,50.932258088049,52.1922376253804,1050400,"TROW",-0.0195738840169995,1.63375477979182,"Financial_Serv"
"TROW","2016-05-16",51.7422256469727,51.9776091430787,51.375309441262,51.375309441262,1008800,"TROW",0.00822844204898234,1.64719803631959,"Financial_Serv"
"TROW","2016-05-17",51.2853088378906,51.7906821560847,51.0706934030316,51.4791509479816,1191100,"TROW",-0.00883063693857098,1.63265222849492,"Financial_Serv"
"TROW","2016-05-18",51.5276298522949,51.7283964755765,50.932254426509,51.2437857457165,1787600,"TROW",0.00472495964039638,1.64036644438137,"Financial_Serv"
"TROW","2016-05-19",51.049934387207,51.4237750721177,50.5653290262871,51.2230084849359,1216800,"TROW",-0.00927066636787322,1.62515915435445,"Financial_Serv"
"TROW","2016-05-20",51.8391532897949,51.9706912978982,51.2714704447527,51.3199309821903,3992000,"TROW",0.0154597437207611,1.65028369838622,"Financial_Serv"
"TROW","2016-05-23",51.5830307006836,51.9430226753786,51.5207212486027,51.5899498650666,1054400,"TROW",-0.00494071706147539,1.64213011356133,"Financial_Serv"
"TROW","2016-05-24",53.009147644043,53.154529288529,51.7837850509162,52.0191633471877,1278000,"TROW",0.0276470173230918,1.68753011325773,"Financial_Serv"
"TROW","2016-05-25",53.5560607910156,53.742978532941,53.085298932244,53.1199158719874,1084700,"TROW",0.0103173352389136,1.70494092716197,"Financial_Serv"
"TROW","2016-05-26",53.0714492797852,53.6529757722448,53.0506759492235,53.452209164571,723800,"TROW",-0.00904867729390145,1.68951346690692,"Financial_Serv"
"TROW","2016-05-27",53.3968162536621,53.652967807871,53.1129774930866,53.230666606452,701300,"TROW",0.00613073466604736,1.69987142568724,"Financial_Serv"
"TROW","2016-05-31",53.3483657836914,53.791435114369,52.9952983769909,53.7637479027793,1943100,"TROW",-0.000907366269564438,1.69832901969297,"Financial_Serv"
"TROW","2016-06-01",53.3206787109375,53.3622200961513,52.7529957431829,52.9606868238409,901000,"TROW",-0.000518986333455226,1.69744761014204,"Financial_Serv"
"TROW","2016-06-02",53.2652816772461,53.2652816772461,52.7460594262674,52.9952865292813,1006600,"TROW",-0.00103894089555246,1.69568406240181,"Financial_Serv"
"TROW","2016-06-03",52.6007041931152,52.8014655827957,51.9014830657786,52.4760905791523,1054200,"TROW",-0.0124767477652287,1.6745274400657,"Financial_Serv"
"TROW","2016-06-06",52.898380279541,53.2583721503784,52.6006925610049,52.6006925610049,1036000,"TROW",0.00565916542358274,1.68400386785536,"Financial_Serv"
"TROW","2016-06-07",52.2476081848145,52.9399045587342,52.1714551611391,52.9052876273174,885000,"TROW",-0.0123023066356203,1.66328673589743,"Financial_Serv"
"TROW","2016-06-08",51.9776153564453,52.4206846331132,51.7560807181114,52.122996967683,978400,"TROW",-0.0051675634110197,1.65469159621898,"Financial_Serv"
"TROW","2016-06-09",51.486083984375,51.8391513373506,51.2991610028681,51.8391513373506,838300,"TROW",-0.00945659720438409,1.63904384429605,"Financial_Serv"
"TROW","2016-06-10",50.4199523925781,51.0707074726184,50.2261102290852,50.9668672291778,1047000,"TROW",-0.0207071796744228,1.60510386891796,"Financial_Serv"
"TROW","2016-06-13",50.0224075317383,50.6780291770887,49.9945081722278,50.3432421842212,1348100,"TROW",-0.00788467346705315,1.59244814903084,"Financial_Serv"
"TROW","2016-06-14",49.6178665161133,50.0712217202605,49.3807299817562,49.8340798646456,1304200,"TROW",-0.00808719603046547,1.57956970868127,"Financial_Serv"
"TROW","2016-06-15",49.9108047485352,50.5455031365948,49.7503901001026,49.8968577309029,1521700,"TROW",0.00590388609971257,1.58889530832788,"Financial_Serv"
"TROW","2016-06-16",49.6876106262207,49.764332519254,49.0110659265223,49.3876992228882,1129800,"TROW",-0.0044718598195114,1.58178999124116,"Financial_Serv"
"TROW","2016-06-17",49.7782745361328,49.9805408193514,49.3807181370499,49.5969314337202,1353100,"TROW",0.00182467840110357,1.58467624927326,"Financial_Serv"
"TROW","2016-06-20",50.3641510009766,50.9639737561328,50.3153284660805,50.4757484071718,1104900,"TROW",0.0117697222393371,1.60332744856648,"Financial_Serv"
"TROW","2016-06-21",50.1130714416504,50.8035632263097,49.973579979323,50.5176041321612,1309800,"TROW",-0.00498528326867465,1.59533440706294,"Financial_Serv"
"TROW","2016-06-22",50.2176856994629,50.6012951492812,49.8968511238228,50.2874314209051,770600,"TROW",0.00208756427820052,1.59866477018291,"Financial_Serv"
"TROW","2016-06-23",51.2778396606445,51.284815829868,50.2944126504569,50.7686910537501,973900,"TROW",0.0211111672394927,1.63241444950612,"Financial_Serv"
"TROW","2016-06-24",48.5437660217285,49.9666012127996,47.4975641448755,48.8367012701455,3841600,"TROW",-0.0533188148527716,1.54537604570992,"Financial_Serv"
"TROW","2016-06-27",47.162769317627,47.9857814431411,46.9674738854445,47.8951072335994,2421600,"TROW",-0.0284484871545281,1.50141243512462,"Financial_Serv"
"TROW","2016-06-28",48.390323638916,48.4740217071568,47.3301747141562,47.7277312260984,2245600,"TROW",0.0260280373491611,1.54049125406254,"Financial_Serv"
"TROW","2016-06-29",49.7573699951172,49.8061978688533,48.822765327341,48.9971323463673,1961300,"TROW",0.028250407383136,1.58401075955996,"Financial_Serv"
"TROW","2016-06-30",50.8942489624023,50.8942489624023,49.5620823148442,49.7992242398783,1856100,"TROW",0.0228484537546241,1.6202029561466,"Financial_Serv"
"TROW","2016-07-01",50.4548263549805,51.1941459624286,50.2316368353047,50.8523881744502,1222300,"TROW",-0.00863403265360089,1.60621407091777,"Financial_Serv"
"TROW","2016-07-05",49.7643356323242,50.1618921387037,49.3737552951817,50.0084483430383,1114600,"TROW",-0.0136853255186774,1.58423250850458,"Financial_Serv"
"TROW","2016-07-06",50.1897850036621,50.2944062436547,49.2482044862434,49.7643291966143,1245100,"TROW",0.00854928265256578,1.59777656000717,"Financial_Serv"
"TROW","2016-07-07",49.9317283630371,50.4897048557504,49.4714022796181,50.0293787723314,1369400,"TROW",-0.00514161677732174,1.58956140523982,"Financial_Serv"
"TROW","2016-07-08",51.0825347900391,51.1174103048606,50.6361558708571,50.7128777464593,1357900,"TROW",0.0230475984855725,1.62619697827595,"Financial_Serv"
"TROW","2016-07-11",51.1522789001465,51.6474856531082,50.8314443945876,51.3057226465564,1027100,"TROW",0.00136532203020242,1.62841726083584,"Financial_Serv"
"TROW","2016-07-12",51.9404220581055,51.968321405509,51.438244447354,51.6405107250876,1273200,"TROW",0.0154077819191107,1.65350755886411,"Financial_Serv"
"TROW","2016-07-13",51.5359001159668,52.2542911654712,51.3057344434292,52.0659771832862,1207300,"TROW",-0.0077881912797346,1.64062972571319,"Financial_Serv"
"TROW","2016-07-14",51.7032928466797,52.3937898901087,51.6614464760201,52.2333699338175,1157000,"TROW",0.00324808008274273,1.64595862244844,"Financial_Serv"
"TROW","2016-07-15",52.0659713745117,52.0799183889015,51.4731248196912,51.947403127799,1052500,"TROW",0.00701461179479446,1.65750438321521,"Financial_Serv"
"TROW","2016-07-18",52.0241317749023,52.2542974752327,51.9055635006442,52.0799304879385,1067400,"TROW",-0.000803588188308671,1.65617243227079,"Financial_Serv"
"TROW","2016-07-19",51.668399810791,51.9055362347398,51.3615123715581,51.9055362347398,1217700,"TROW",-0.00683782606215336,1.64484781324999,"Financial_Serv"
"TROW","2016-07-20",51.6614379882812,51.7172366874983,50.7268337220509,51.4243014984939,1239000,"TROW",-0.00013474043197118,1.6446261857451,"Financial_Serv"
"TROW","2016-07-21",51.5289306640625,51.8916169810198,51.4452379149633,51.7660725361128,993500,"TROW",-0.00256491745833338,1.64040785532885,"Financial_Serv"
"TROW","2016-07-22",51.6963081359863,51.7521015081514,51.3405981169956,51.7311783284325,976700,"TROW",0.00324822327509624,1.64573626630518,"Financial_Serv"
"TROW","2016-07-25",51.3963966369629,51.8497463860266,51.1243846590222,51.7102549742003,1719700,"TROW",-0.00580141038765331,1.6361886748345,"Financial_Serv"
"TROW","2016-07-26",49.2063636779785,50.3781099915109,49.1366126292649,50.2176900292307,3335600,"TROW",-0.0426106323066501,1.56646964082682,"Financial_Serv"
"TROW","2016-07-27",49.2970314025879,49.5760196269398,47.7835273361452,49.2761082169816,2836700,"TROW",0.00184260160337659,1.56935602029865,"Financial_Serv"
"TROW","2016-07-28",49.129638671875,49.3249288248937,48.7041828436881,49.1156863345122,1722400,"TROW",-0.00339559454089366,1.56402712356341,"Financial_Serv"
"TROW","2016-07-29",49.3040084838867,49.4853463100019,48.7599843630253,48.962245375134,2357100,"TROW",0.00354917757845305,1.56957813356245,"Financial_Serv"
"TROW","2016-08-01",48.7111549377441,49.3040069019118,48.6065390111336,49.2133326705057,1888200,"TROW",-0.0120244492156521,1.55070482100543,"Financial_Serv"
"TROW","2016-08-02",48.1252861022949,48.6762863933214,47.9718423096979,48.6762863933214,1768600,"TROW",-0.0120274059647733,1.53205386459167,"Financial_Serv"
"TROW","2016-08-03",48.1950263977051,48.536784147353,47.9788130713727,48.5158609636766,1692700,"TROW",0.00144914038042115,1.53427402571183,"Financial_Serv"
"TROW","2016-08-04",48.1601638793945,48.5088978529709,47.9857968926064,48.1322645229574,1019400,"TROW",-0.000723363403162425,1.53316418803121,"Financial_Serv"
"TROW","2016-08-05",48.7111549377441,48.8855219104387,48.4530952237611,48.6414092129179,1613800,"TROW",0.011440805303932,1.55070482100543,"Financial_Serv"
"TROW","2016-08-08",48.5995559692383,48.9203905150723,48.4949347361657,48.8645918145994,1548000,"TROW",-0.00229103515711113,1.54715210174221,"Financial_Serv"
"TROW","2016-08-09",47.9788055419922,48.6692971012395,47.9160306795571,48.6692971012395,1704000,"TROW",-0.0127727592334178,1.52739070044918,"Financial_Serv"
"TROW","2016-08-10",47.9718437194824,48.2089855844444,47.8393231090255,48.1392345339357,1261600,"TROW",-0.000145102038934097,1.52716907294429,"Financial_Serv"
"TROW","2016-08-11",48.1322631835938,48.2578076234381,48.0067187437494,48.0555412858412,1221600,"TROW",0.00334403374298867,1.53227597785547,"Financial_Serv"
"TROW","2016-08-12",47.9369773864746,48.1252914027839,47.8253799536554,48.0346224795622,1003200,"TROW",-0.00405727435616834,1.52605911382394,"Financial_Serv"
"TROW","2016-08-15",47.8741912841797,48.1810788312761,47.8323449173055,47.9648601861594,1156300,"TROW",-0.00130976347942699,1.52406033732921,"Financial_Serv"
"TROW","2016-08-16",47.8741912841797,48.0904046080391,47.5812560735461,47.7207475106315,1109500,"TROW",0,1.52406033732921,"Financial_Serv"
"TROW","2016-08-17",48.1322631835938,48.1462102007951,47.7835292197216,47.9090736595659,1319200,"TROW",0.00539062681773893,1.53227597785547,"Financial_Serv"
"TROW","2016-08-18",48.2089958190918,48.4112622017401,48.1113507131594,48.1252977334672,1031600,"TROW",0.00159420377149857,1.53471873799834,"Financial_Serv"
"TROW","2016-08-19",48.1113395690918,48.2996535665537,47.6579843558401,48.0276415028543,1206100,"TROW",-0.00202568521374025,1.53160988094353,"Financial_Serv"
"TROW","2016-08-22",48.1601638793945,48.2996553403218,47.9439451973217,48.0764658100833,830600,"TROW",0.00101481918275459,1.5331641880312,"Financial_Serv"
"TROW","2016-08-23",48.5019149780273,48.6483825881289,48.4112460730856,48.494938809568,690200,"TROW",0.00709613653908333,1.54404373044631,"Financial_Serv"
"TROW","2016-08-24",48.1043548583984,48.5786331736811,47.985786609892,48.2298992748337,876100,"TROW",-0.00819679222581235,1.53138752480027,"Financial_Serv"
"TROW","2016-08-25",47.9230117797852,48.2019999633399,47.8114196991175,48.0415800283874,961000,"TROW",-0.00376978506721665,1.52561452297716,"Financial_Serv"
"TROW","2016-08-26",48.0415992736816,48.5716765026571,47.2534622615773,48.0346284242116,1282800,"TROW",0.00247454175963346,1.52938971982337,"Financial_Serv"
"TROW","2016-08-29",48.0904006958008,48.2577967921939,47.9648562841343,48.0764536817298,1076200,"TROW",0.00101581593570877,1.53094329827267,"Financial_Serv"
"TROW","2016-08-30",48.7529945373535,48.7529945373535,48.1950182346237,48.1950182346237,813100,"TROW",0.0137780894308621,1.55203677194985,"Financial_Serv"
"TROW","2016-08-31",48.5019149780273,48.8227495508104,48.1322578685438,48.7599799984486,1846200,"TROW",-0.00515003358683537,1.54404373044631,"Financial_Serv"
"TROW","2016-09-01",47.9509162902832,48.8088041158118,47.7835254906402,48.6693073483946,1094200,"TROW",-0.0113603491324777,1.52650285459262,"Financial_Serv"
"TROW","2016-09-02",48.3135986328125,48.4391430664705,47.9857931927822,48.1392316594685,761500,"TROW",0.00756361651847706,1.53804873679912,"Financial_Serv"
"TROW","2016-09-06",48.1810913085938,48.3345351218789,47.8602566632061,48.1462157796622,802900,"TROW",-0.00274265068155691,1.53383040638287,"Financial_Serv"
"TROW","2016-09-07",48.362419128418,48.4740165408451,48.0764600712741,48.0764600712741,1085300,"TROW",0.00376346435706151,1.53960292244707,"Financial_Serv"
"TROW","2016-09-08",48.0136909484863,48.3694010916398,47.7626073829606,48.2089864436301,885700,"TROW",-0.00721072655620584,1.52850126676817,"Financial_Serv"
"TROW","2016-09-09",47.0651321411133,47.9578901240881,47.0651321411133,47.783523164249,1852400,"TROW",-0.0197560068521029,1.49830418526845,"Financial_Serv"
"TROW","2016-09-12",47.8462944030762,48.0067143531392,46.6327018097462,46.7582462381084,1321300,"TROW",0.0165974730426926,1.5231722485932,"Financial_Serv"
"TROW","2016-09-13",47.3401336669922,47.7478759554155,47.1151733291513,47.4947949049098,1793100,"TROW",-0.0105788910593553,1.5070587753107,"Financial_Serv"
"TROW","2016-09-14",47.0940818786621,47.6283646667342,47.0237827821078,47.4315250509911,1349300,"TROW",-0.00519753049412358,1.49922579136958,"Financial_Serv"
"TROW","2016-09-15",47.6635055541992,47.768951492199,47.0237715917954,47.037834625846,1076600,"TROW",0.0120911938999943,1.51735322111291,"Financial_Serv"
"TROW","2016-09-16",47.1151733398438,47.3190444841017,46.6863472211714,47.2909237714305,2134400,"TROW",-0.0115042359553673,1.49989723162959,"Financial_Serv"
"TROW","2016-09-19",46.8480224609375,47.6635068264087,46.8058440846118,47.276853831836,1470300,"TROW",-0.00567016652956531,1.49139256454901,"Financial_Serv"
"TROW","2016-09-20",46.8410034179688,47.3401340034924,46.8410034179688,47.2698349030695,1216900,"TROW",-0.000149825811209055,1.4911691154482,"Financial_Serv"
"TROW","2016-09-21",46.9816055297852,47.1784451502748,46.5176218270789,46.9183325869264,1528600,"TROW",0.00300168872476523,1.49564514096876,"Financial_Serv"
"TROW","2016-09-22",46.9745712280273,47.4315233847944,46.9675397095757,47.3049828700509,1230100,"TROW",-0.0001497245928165,1.49542120610903,"Financial_Serv"
"TROW","2016-09-23",46.3418807983398,47.0800348883589,46.3418807983398,46.6441718092503,1500000,"TROW",-0.0134687856248064,1.47527969846515,"Financial_Serv"
"TROW","2016-09-26",45.8357086181641,46.4192013154255,45.807593270071,46.1450310819609,1353200,"TROW",-0.0109225644590997,1.45916586086347,"Financial_Serv"
"TROW","2016-09-27",46.0887908935547,46.299693554244,45.5334188929851,45.7654107470478,1858600,"TROW",0.00552150895056375,1.46722265822458,"Financial_Serv"
"TROW","2016-09-28",46.6441535949707,46.6793058192367,45.8567952607865,45.8567952607865,1657100,"TROW",0.0120498431538086,1.4849024611279,"Financial_Serv"
"TROW","2016-09-29",46.0747337341309,46.7355570724315,45.8708625901131,46.5879219902123,1266100,"TROW",-0.0122077434566471,1.46677515282431,"Financial_Serv"
"TROW","2016-09-30",46.7496185302734,46.9675473665076,46.2153356738679,46.4543590688959,1799000,"TROW",0.0146476114227144,1.48825990530737,"Financial_Serv"
"TROW","2016-10-03",46.7144622802734,47.1503252787538,46.4192028442758,46.6019847937647,1672600,"TROW",-0.000752011483842034,1.48714071676764,"Financial_Serv"
"TROW","2016-10-04",46.7847785949707,47.1503372230758,46.4684245218524,46.7988362730414,2198300,"TROW",0.00150523652130229,1.48937921528683,"Financial_Serv"
"TROW","2016-10-05",47.5088577270508,47.5650991521248,46.9253650097326,46.9253650097326,2088500,"TROW",0.0154768100614227,1.51243005451126,"Financial_Serv"
"TROW","2016-10-06",47.3401336669922,47.6424246237919,47.2768660861045,47.466674192245,1113100,"TROW",-0.00355142321097156,1.5070587753107,"Financial_Serv"
"TROW","2016-10-07",46.8058547973633,47.5721240812005,46.6230728523239,47.2979538453801,1971700,"TROW",-0.011285960309855,1.49005016978792,"Financial_Serv"
"TROW","2016-10-10",46.9534759521484,47.2627983622137,46.8691138320916,47.072984932955,1650700,"TROW",0.00315390361791816,1.4947496444093,"Financial_Serv"
"TROW","2016-10-11",46.3629608154297,46.8902121000486,46.0817644210816,46.8620967513957,1921800,"TROW",-0.0125766010874373,1.47595077440597,"Financial_Serv"
"TROW","2016-10-12",46.5105972290039,46.9816071028717,46.2715738507794,46.2715738507794,2192900,"TROW",0.00318436120078606,1.48065073478626,"Financial_Serv"
"TROW","2016-10-13",46.1661224365234,46.278605288072,45.6248134630092,46.2153323432066,1185900,"TROW",-0.00740637216039993,1.46968448440486,"Financial_Serv"
"TROW","2016-10-14",46.327823638916,46.7988335978021,46.1239524559328,46.5527840195391,1256800,"TROW",0.00350259441032568,1.47483219306488,"Financial_Serv"
"TROW","2016-10-17",45.7302665710449,46.3278169935347,45.6459044291079,46.2364233322335,1385800,"TROW",-0.0128984489435229,1.45580914532237,"Financial_Serv"
"TROW","2016-10-18",45.8427314758301,46.2364106364827,45.5755928115981,46.2082952937015,1508000,"TROW",0.00245931006350979,1.45938943140401,"Financial_Serv"
"TROW","2016-10-19",46.3137512207031,46.37702416429,45.8427413571857,45.962250361933,1007400,"TROW",0.010274687604978,1.47438420190569,"Financial_Serv"
"TROW","2016-10-20",46.3137512207031,46.5668322680958,46.173153022586,46.208305253854,1424100,"TROW",0,1.47438420190569,"Financial_Serv"
"TROW","2016-10-21",46.369987487793,46.4121658698413,45.9692767679035,46.04660737731,1144200,"TROW",0.0012142455665458,1.47617446638624,"Financial_Serv"
"TROW","2016-10-24",46.9534759521484,47.087047968036,46.5597967855027,46.5597967855027,1620600,"TROW",0.0125833215829328,1.49474964440929,"Financial_Serv"
"TROW","2016-10-25",46.4262313842773,47.3893456124444,46.3559322892855,46.960514160474,1826300,"TROW",-0.0112290849011567,1.47796497374625,"Financial_Serv"
"TROW","2016-10-26",46.6441535949707,46.7074265259542,46.1731438252746,46.3137419953856,1725300,"TROW",0.00469394573273851,1.4849024611279,"Financial_Serv"
"TROW","2016-10-27",44.8726005554199,47.4737047439203,44.387527657922,46.7988237441496,4685300,"TROW",-0.0379801733553548,1.42850560823847,"Financial_Serv"
"TROW","2016-10-28",44.992115020752,45.5193663686514,44.696855553163,44.8163645714521,2039600,"TROW",0.00266341740511395,1.43231031493876,"Financial_Serv"
"TROW","2016-10-31",44.999153137207,45.2592604076756,44.7601297021107,45.1608405707179,2783000,"TROW",0.000156429997830329,1.43253437123821,"Financial_Serv"
"TROW","2016-11-01",44.8655738830566,45.1959855814806,44.5000126315903,45.1608333466992,2459700,"TROW",-0.00296848373441815,1.4282819162582,"Financial_Serv"
"TROW","2016-11-02",44.4367370605469,44.9007180778581,44.2680181533821,44.8093297872016,3553600,"TROW",-0.00955826005095891,1.41463002627652,"Financial_Serv"
"TROW","2016-11-03",44.7741737365723,45.0272574392042,44.535153070366,44.535153070366,1649900,"TROW",0.00759364207065022,1.42537222035846,"Financial_Serv"
"TROW","2016-11-04",44.7812118530273,45.2030145105794,44.5843695401408,44.7601199770195,1645500,"TROW",0.000157191431303383,1.42559627665792,"Financial_Serv"
"TROW","2016-11-07",45.2240982055664,45.5896567098916,45.0272585983546,45.5052999430735,1104600,"TROW",0.00989000373622363,1.43969542916041,"Financial_Serv"
"TROW","2016-11-08",44.8304214477539,45.3225232039254,44.5140701272337,45.1327097298745,2728400,"TROW",-0.00870502173471851,1.4271628491582,"Financial_Serv"
"TROW","2016-11-09",48.0501708984375,48.4719708964468,44.8023034048967,44.8444844773932,5024300,"TROW",0.0718206375649611,1.52966259489376,"Financial_Serv"
"TROW","2016-11-10",49.4139823913574,52.1486581466399,48.0501575908137,48.1556089019805,6432500,"TROW",0.0283830726804818,1.57307911950125,"Financial_Serv"
"TROW","2016-11-11",49.5616340637207,49.7795629369075,48.7320916052781,49.3085529500617,3610400,"TROW",0.00298805449829734,1.57777956564045,"Financial_Serv"
"TROW","2016-11-14",51.4808120727539,51.4878382273981,50.0677772851307,50.2154069848112,4119100,"TROW",0.0387230575683954,1.63887601459098,"Financial_Serv"
"TROW","2016-11-15",51.7549819946289,51.7690396673163,50.8973191468257,50.9324660102825,2588900,"TROW",0.00532567204820966,1.64760413077237,"Financial_Serv"
"TROW","2016-11-16",50.9676284790039,51.579241951604,50.8481194649775,51.2910086505637,1512600,"TROW",-0.0152130961171373,1.62253897076794,"Financial_Serv"
"TROW","2016-11-17",51.4456748962402,51.5933046391104,50.6161325100093,50.7918829701135,2219600,"TROW",0.00937941260957941,1.63775743324989,"Financial_Serv"
"TROW","2016-11-18",51.6495475769043,52.0080800277264,51.3331935214218,51.5511277454596,1461400,"TROW",0.00396287309040554,1.64424765811073,"Financial_Serv"
"TROW","2016-11-21",51.8323135375977,51.9658802027046,51.5440802892803,51.8112189829711,1183100,"TROW",0.00353857815349162,1.65006595695265,"Financial_Serv"
"TROW","2016-11-22",52.0572700500488,52.0924169115744,51.4034783547355,51.951818738519,1535800,"TROW",0.00434008241380148,1.65722737919403,"Financial_Serv"
"TROW","2016-11-23",52.2189712524414,52.3525433066786,51.6706307233299,51.9166802731263,1026600,"TROW",0.00310621748388103,1.66237508785405,"Financial_Serv"
"TROW","2016-11-25",52.3244132995605,52.5915519971155,52.0572746020056,52.3033241081058,490400,"TROW",0.00201922873220546,1.66573180339515,"Financial_Serv"
"TROW","2016-11-28",51.4245719909668,52.2681718291977,51.3683305714909,52.0080646502063,1294100,"TROW",-0.0171973511378351,1.63708562867071,"Financial_Serv"
"TROW","2016-11-29",51.586254119873,51.74091532596,51.2277271750093,51.5511072588837,1079600,"TROW",0.00314406367708128,1.64223273013208,"Financial_Serv"
"TROW","2016-11-30",52.064323425293,52.5423649724853,51.7901530900555,52.071354946665,2036500,"TROW",0.00926737778457441,1.65745192125241,"Financial_Serv"
"TROW","2016-12-01",53.1258316040039,53.210193728295,52.0924183762134,52.3876777660174,2669800,"TROW",0.0203883985976327,1.69124471167931,"Financial_Serv"
"TROW","2016-12-02",53.0625648498535,53.3297035356708,52.5564028232719,52.9360243432081,1650900,"TROW",-0.00119088496575407,1.68923063377876,"Financial_Serv"
"TROW","2016-12-05",53.132869720459,53.6741786689913,52.8586994868095,53.4070399541085,1700900,"TROW",0.0013249429386688,1.69146876797877,"Financial_Serv"
"TROW","2016-12-06",53.4914054870605,53.5054685268973,53.069605471086,53.4140802218709,1624500,"TROW",0.00674790894013216,1.70288264520017,"Financial_Serv"
"TROW","2016-12-07",54.3771743774414,54.3982635679406,53.3297034626576,53.5195115406275,1479400,"TROW",0.0165590879939605,1.73108082876543,"Financial_Serv"
"TROW","2016-12-08",55.2629585266113,55.5019765061834,54.1311254739862,54.3771749716271,2268400,"TROW",0.0162896318043586,1.7592794980896,"Financial_Serv"
"TROW","2016-12-09",53.8499221801758,55.1575056020782,53.7936807642178,55.1575056020782,2921100,"TROW",-0.0255693213702106,1.71429591522293,"Financial_Serv"
"TROW","2016-12-12",53.4492149353027,54.2084580094231,53.2101969472335,53.7093274783283,1860700,"TROW",-0.00744118521717312,1.70153952180071,"Financial_Serv"
"TROW","2016-12-13",54.1218452453613,54.5112587223902,53.6757826383182,53.8527902374703,1844400,"TROW",0.0125844750175054,1.72295250340411,"Financial_Serv"
"TROW","2016-12-14",53.6049842834473,54.5183442047084,53.5271005024359,53.9448412734826,1603700,"TROW",-0.00954995084832888,1.70649839168259,"Financial_Serv"
"TROW","2016-12-15",53.8103141784668,54.3767406989776,53.5058608690149,53.8669579108866,1052800,"TROW",0.00383042543084814,1.7130350065198,"Financial_Serv"
"TROW","2016-12-16",54.3484268188477,54.447550664226,53.7890820331589,53.8174039035305,3524600,"TROW",0.0100001765199913,1.73016565896992,"Financial_Serv"
"TROW","2016-12-19",54.2563934326172,54.3625991235383,53.7253703798577,54.2068314971001,1267300,"TROW",-0.00169339558874871,1.72723580407521,"Financial_Serv"
"TROW","2016-12-20",54.9927215576172,55.0210434227067,54.3554930977113,54.6599463951195,1473500,"TROW",0.0135712692719701,1.75067658626851,"Financial_Serv"
"TROW","2016-12-21",54.815731048584,55.0139787641984,54.6104015140275,54.8511347414488,1042500,"TROW",-0.00321843516778427,1.74504214717584,"Financial_Serv"
"TROW","2016-12-22",54.2138862609863,55.0139586498618,54.1714061665564,54.8935947810814,1752700,"TROW",-0.0109794173330322,1.72588260117827,"Financial_Serv"
"TROW","2016-12-23",54.2280426025391,54.3625700993378,53.8315473300916,54.1289187844272,765200,"TROW",0.000261120213455748,1.72633326401149,"Financial_Serv"
"TROW","2016-12-27",54.4475440979004,54.5183460643685,54.1643308301843,54.4404622807004,499400,"TROW",0.00404774881826641,1.73332102744082,"Financial_Serv"
"TROW","2016-12-28",53.8598823547363,54.5891529384225,53.8103204335686,54.5891529384225,557300,"TROW",-0.0107931726380056,1.71461299435457,"Financial_Serv"
"TROW","2016-12-29",53.4846305847168,54.1360174209399,53.3713430991938,53.8457276925154,869900,"TROW",-0.00696718510352506,1.70266696824199,"Financial_Serv"
"TROW","2016-12-30",53.2863693237305,53.8669540346458,53.0527179956949,53.7749066256264,1309800,"TROW",-0.00370688287118844,1.69635538122208,"Financial_Serv"
"TROW","2017-01-03",53.6970329284668,54.3555015389875,53.4279832710986,54.0510481942985,1664400,"TROW",0.00770672894303279,1.70942873233621,"Financial_Serv"
"TROW","2017-01-04",54.4971199035645,54.5750037070817,53.7041236322277,53.9519332789438,1281900,"TROW",0.0149000220582672,1.73489925815506,"Financial_Serv"
"TROW","2017-01-05",54.0722885131836,54.4263037453986,53.2651342158809,54.4263037453986,1033800,"TROW",-0.00779548334173661,1.72137487988852,"Financial_Serv"
"TROW","2017-01-06",53.5412826538086,54.3484372072259,53.3642749815356,54.1572658961376,1667100,"TROW",-0.00982029564451546,1.70447046965297,"Financial_Serv"
"TROW","2017-01-09",51.5658569335938,53.5695843244085,51.395925742977,53.3076111235902,3979400,"TROW",-0.0368953753496663,1.6415833919027,"Financial_Serv"
"TROW","2017-01-10",52.0260887145996,52.3447003106936,50.9994411459236,51.6012660506815,2469200,"TROW",0.00892512620508845,1.65623473085161,"Financial_Serv"
"TROW","2017-01-11",52.4084205627441,52.4084205627441,51.7499519147089,52.0473288603514,1438000,"TROW",0.0073488485794482,1.66840614910066,"Financial_Serv"
"TROW","2017-01-12",52.0614929199219,52.2880625122385,51.2614202287074,52.1393767237037,1195100,"TROW",-0.00661969277259403,1.65736181297371,"Financial_Serv"
"TROW","2017-01-13",52.1676864624023,52.6987093272876,52.0190007084557,52.2738921157482,876200,"TROW",0.00203977136506265,1.66074245214136,"Financial_Serv"
"TROW","2017-01-17",51.7216339111328,51.990683575848,51.4313387923384,51.7924358858637,1764200,"TROW",-0.00855036099005473,1.64654250466404,"Financial_Serv"
"TROW","2017-01-18",51.8915405273438,51.9269388006871,51.4029978993601,51.8490604385947,1825200,"TROW",0.00328502027803043,1.6519514301805,"Financial_Serv"
"TROW","2017-01-19",51.5092163085938,52.0331573399725,51.2755649587927,52.0331573399725,1665200,"TROW",-0.00736775618655102,1.63978025481091,"Financial_Serv"
"TROW","2017-01-20",52.1818351745605,52.1818351745605,51.2543171350466,51.5941740833764,1782600,"TROW",0.0130582236378265,1.66119287209512,"Financial_Serv"
"TROW","2017-01-23",52.0048332214355,52.1252025006279,51.5658578094943,51.9340312583976,1342000,"TROW",-0.00339202238734776,1.65555806868327,"Financial_Serv"
"TROW","2017-01-24",52.2809753417969,52.4509065700243,51.7641160443445,52.0331657196043,1196500,"TROW",0.00530993185163234,1.6643489692044,"Financial_Serv"
"TROW","2017-01-25",52.5217094421387,52.7907591219812,52.0544066593206,52.6491551645577,1894300,"TROW",0.00460462144724638,1.6720126661637,"Financial_Serv"
"TROW","2017-01-26",49.746223449707,51.4100940111316,48.2097931899688,50.9144748317605,7648900,"TROW",-0.0528445479385871,1.58365591267269,"Financial_Serv"
"TROW","2017-01-27",49.1302337646484,49.4984126332079,48.0115443282587,49.4346870821002,4582100,"TROW",-0.0123826421855189,1.56404606816108,"Financial_Serv"
"TROW","2017-01-30",48.1177597045898,49.0523598956042,47.9336702331014,48.9603178607824,3038600,"TROW",-0.0206079634163499,1.53181426400693,"Financial_Serv"
"TROW","2017-01-31",47.7495727539062,48.1743899210938,47.5584015174737,47.8911766756876,3669200,"TROW",-0.00765178913033379,1.52009314427192,"Financial_Serv"
"TROW","2017-02-01",47.2751922607422,48.450525437697,47.1477465596488,48.2097922681456,2988000,"TROW",-0.00993475890578005,1.50499138536924,"Financial_Serv"
"TROW","2017-02-02",47.0486259460449,47.2964409497983,46.2556352199356,47.1548316045329,3702400,"TROW",-0.0047924990647877,1.49777871556235,"Financial_Serv"
"TROW","2017-02-03",47.940746307373,48.3372416736748,47.4451270994958,47.6008946796413,2869400,"TROW",0.018961666645721,1.5261790962759,"Financial_Serv"
"TROW","2017-02-06",47.671688079834,48.1460671509079,47.2256254711091,47.2256254711091,1867700,"TROW",-0.00561230786467091,1.51761370933097,"Financial_Serv"
"TROW","2017-02-07",47.8274574279785,48.0327814978574,47.5654842257445,47.8345338429099,1446200,"TROW",0.00326754420535036,1.52257257921286,"Financial_Serv"
"TROW","2017-02-08",47.841609954834,48.0681794480202,47.6646023694747,47.7920480470071,1912900,"TROW",0.000295907991278451,1.52302312060635,"Financial_Serv"
"TROW","2017-02-09",48.4646835327148,48.6275329176999,47.8487004807159,48.1673120316227,1744600,"TROW",0.01302367496556,1.54285847869416,"Financial_Serv"
"TROW","2017-02-10",49.137321472168,49.137321472168,48.5000928939227,48.5921349211742,2106600,"TROW",0.0138789297777851,1.56427170317701,"Financial_Serv"
"TROW","2017-02-13",49.4346923828125,49.5621380968496,48.8611893705677,49.3568085907985,2018100,"TROW",0.00605183395706594,1.57373841578838,"Financial_Serv"
"TROW","2017-02-14",49.4630088806152,49.6187764477253,49.1656373807744,49.3143231306948,1780200,"TROW",0.00057280619010344,1.57463986289455,"Financial_Serv"
"TROW","2017-02-15",50.6595764160156,50.7303783744384,49.3497158768994,49.4984070119834,2265800,"TROW",0.0241911594640036,1.6127322269162,"Financial_Serv"
"TROW","2017-02-16",50.4967422485352,50.8295174953088,50.2701726722832,50.2701726722832,1419400,"TROW",-0.00321428205682727,1.60754845065676,"Financial_Serv"
"TROW","2017-02-17",50.340950012207,50.3480318272675,49.7816054629574,50.0931405035122,1261000,"TROW",-0.0030851938044111,1.6025888521365,"Financial_Serv"
"TROW","2017-02-21",50.4117851257324,50.7304021909819,50.1993791507452,50.5746345682171,1415100,"TROW",0.00140710720612571,1.6048438664588,"Financial_Serv"
"TROW","2017-02-22",50.5958671569824,50.6100307943316,50.1356461763422,50.1356461763422,1202100,"TROW",0.00365156740216359,1.61070406200712,"Financial_Serv"
"TROW","2017-02-23",50.9498748779297,50.9569566955497,50.5746195717292,50.8011891189735,1667800,"TROW",0.00699677149220302,1.62197379027055,"Financial_Serv"
"TROW","2017-02-24",50.9427871704102,50.9569508040127,50.4400862143907,50.6666557354395,1018800,"TROW",-0.000139111382246033,1.62174815525462,"Financial_Serv"
"TROW","2017-02-27",51.0348320007324,51.3392852856581,50.8790644500482,50.9427845925045,1089500,"TROW",0.00180682753015385,1.62467837446851,"Financial_Serv"
"TROW","2017-02-28",50.4188575744629,51.1906137251259,50.1073223868362,50.9003185908656,2616600,"TROW",-0.0120696865674152,1.60506901571582,"Financial_Serv"
"TROW","2017-03-01",51.353458404541,51.4455058394543,50.716229786023,50.9782030519262,2322000,"TROW",0.0185367315928931,1.63482174924821,"Financial_Serv"
"TROW","2017-03-02",50.7728614807129,51.4030081311864,50.7728614807129,51.3676098507969,1633300,"TROW",-0.0113058972436564,1.61633862253952,"Financial_Serv"
"TROW","2017-03-03",50.4896392822266,51.1905931729654,50.277233431995,50.8578180655759,1523200,"TROW",-0.00557822014018091,1.60732232988191,"Financial_Serv"
"TROW","2017-03-06",50.3197364807129,50.6737517944654,50.114406950515,50.3338947164512,1064900,"TROW",-0.00336510230473129,1.60191352580518,"Financial_Serv"
"TROW","2017-03-07",50.1993598937988,50.4471694704781,50.0648323799543,50.3055655414738,896500,"TROW",-0.00239223404836792,1.59808137372621,"Financial_Serv"
"TROW","2017-03-08",50.4825744628906,50.9215498952945,50.4188489118955,50.4471707787996,1018300,"TROW",0.00564179642312098,1.60709742350436,"Financial_Serv"
"TROW","2017-03-09",50.0719261169434,50.8295186613381,50.0223641898089,50.6879092967791,1729300,"TROW",-0.0081344572917756,1.59402455814914,"Financial_Serv"
"TROW","2017-03-10",50.5179710388184,50.6666567836599,50.2630796471347,50.4259290258718,1272800,"TROW",0.00890808395972743,1.608224262747,"Financial_Serv"
"TROW","2017-03-13",50.9073867797852,51.0348324677072,50.4330077087921,50.5179678995113,1199500,"TROW",0.00770845964236305,1.62062119457225,"Financial_Serv"
"TROW","2017-03-14",50.8003311157227,50.9930245522091,50.4506253891314,50.6790054170087,1296300,"TROW",-0.00210294950957905,1.61721311002591,"Financial_Serv"
"TROW","2017-03-15",51.2071228027344,51.3712734667558,50.8645501080414,50.9501946429667,1696800,"TROW",0.00800765818012192,1.63016319981541,"Financial_Serv"
"TROW","2017-03-16",51.3427429199219,51.6853102872468,51.249959947305,51.3570142914729,1557800,"TROW",0.00264846196709685,1.63448062505028,"Financial_Serv"
"TROW","2017-03-17",49.5014305114746,51.0287233336934,49.4800207295293,50.8931207880256,4421200,"TROW",-0.0358631483970212,1.57586300384205,"Financial_Serv"
"TROW","2017-03-20",49.4300498962402,49.6727012885029,49.108886915587,49.5014176324934,1458400,"TROW",-0.00144199095858106,1.57359062363855,"Financial_Serv"
"TROW","2017-03-21",48.9590301513672,49.7869114273461,48.5379565487653,49.7655016434865,2082300,"TROW",-0.00952901617258682,1.55859585313686,"Financial_Serv"
"TROW","2017-03-22",49.0946197509766,49.1802643088208,48.4380278091996,48.8162817442448,1748200,"TROW",0.00276945027689828,1.56291230685391,"Financial_Serv"
"TROW","2017-03-23",48.6735458374023,49.4514690109894,48.6307262765663,49.0375284395398,1724900,"TROW",-0.00857678327503174,1.54950754672014,"Financial_Serv"
"TROW","2017-03-24",48.409481048584,48.9304704836996,48.2381919278521,48.8305545524442,1358200,"TROW",-0.00542522194089758,1.54110112438009,"Financial_Serv"
"TROW","2017-03-27",48.2667388916016,48.4879859723549,47.6030085393611,47.9384429193657,1211400,"TROW",-0.00294864051195189,1.53655697117173,"Financial_Serv"
"TROW","2017-03-28",48.8091430664062,49.0946194792977,48.0454967928022,48.1668224986529,2056000,"TROW",0.011237638739647,1.55382424331664,"Financial_Serv"
"TROW","2017-03-29",48.4737091064453,48.7234989279945,48.0811837997279,48.5807634428263,1835500,"TROW",-0.00687235912961164,1.54314580509227,"Financial_Serv"
"TROW","2017-03-30",48.6806869506836,48.9447536288688,48.3952104908908,48.5022648439394,3177300,"TROW",0.004269899045352,1.54973488189227,"Financial_Serv"
"TROW","2017-03-31",48.6378707885742,48.7449251491089,48.3666656825517,48.5736359942491,3138300,"TROW",-0.000879530770647306,1.5483718423773,"Financial_Serv"
"TROW","2017-04-03",48.6735458374023,48.9447509093915,48.2453338940108,48.7092324347726,3137600,"TROW",0.000733482947541067,1.54950754672014,"Financial_Serv"
"TROW","2017-04-04",48.7163734436035,48.7377832251643,48.309571258916,48.4308969844344,1582700,"TROW",0.000879894929870956,1.5508709505543,"Financial_Serv"
"TROW","2017-04-05",49.1374435424805,49.7083964206325,48.8448341400599,49.0303891972007,2181400,"TROW",0.0086432972964296,1.56427558924833,"Financial_Serv"
"TROW","2017-04-06",49.4800109863281,49.7155294313714,48.9019197625848,49.2159443559758,1930400,"TROW",0.00697161714470348,1.57518111976538,"Financial_Serv"
"TROW","2017-04-07",49.7440757751465,49.9938710534443,49.1374417671588,49.3729602292631,1695200,"TROW",0.00533679729560536,1.58358754210543,"Financial_Serv"
"TROW","2017-04-10",50.1437530517578,50.5434168495651,49.6013482940116,49.8011801929153,4491800,"TROW",0.00803467087051636,1.5963111468009,"Financial_Serv"
"TROW","2017-04-11",49.9510536193848,50.0723847953766,49.2516419801909,49.9581920285633,2722600,"TROW",-0.00384293996052,1.59017661890543,"Financial_Serv"
"TROW","2017-04-12",50.2793502807617,50.7932068477805,49.7440839309523,49.7440839309523,2266400,"TROW",0.00657236709917064,1.6006278433974,"Financial_Serv"
"TROW","2017-04-13",50.1437530517578,50.7004291829925,49.8725479503793,50.1794342079844,1744300,"TROW",-0.00269687711250695,1.5963111468009,"Financial_Serv"
"TROW","2017-04-17",51.0073013305664,51.035849514657,50.1722873647024,50.3078844328709,1581600,"TROW",0.0172214528481195,1.62380194394646,"Financial_Serv"
"TROW","2017-04-18",50.8574371337891,51.3998363997832,50.6290570625783,50.66473821573,1308000,"TROW",-0.00293809303507568,1.6190310627646,"Financial_Serv"
"TROW","2017-04-19",51.2428398132324,51.4926297154882,50.9502248955817,51.0929604268675,1973100,"TROW",0.00757809872387971,1.63130023999526,"Financial_Serv"
"TROW","2017-04-20",51.5996589660645,51.7495328344544,51.1357605477094,51.6067919276481,2112500,"TROW",0.00696329778233504,1.64265946933874,"Financial_Serv"
"TROW","2017-04-21",51.2356834411621,51.7495398856634,51.0715327372205,51.6567569223448,1144500,"TROW",-0.00705383586239823,1.63107241906421,"Financial_Serv"
"TROW","2017-04-24",51.8351707458496,52.1634666564687,51.7352548358789,52.077827559356,1901300,"TROW",0.0117005817903442,1.65015691530945,"Financial_Serv"
"TROW","2017-04-25",49.6655807495117,50.6790225709452,49.30160353017,50.6718841612489,4254300,"TROW",-0.041855558014374,1.58108867680789,"Financial_Serv"
"TROW","2017-04-26",50.0723762512207,50.4434917900167,49.5585197782648,49.6013393360078,2231600,"TROW",0.00819069253937967,1.59403888803712,"Financial_Serv"
"TROW","2017-04-27",50.3292922973633,50.4434850293867,49.9653152153094,50.3221593353687,1228500,"TROW",0.00513089382564133,1.60221773232558,"Financial_Serv"
"TROW","2017-04-28",50.5933532714844,50.6147630451019,50.0794969246292,50.3435635042655,2920700,"TROW",0.00524666575005522,1.61062403322591,"Financial_Serv"
"TROW","2017-05-01",50.4006690979004,50.9287969089235,50.3078861352141,50.8431523537538,2298300,"TROW",-0.0038084878966223,1.60448999108936,"Financial_Serv"
"TROW","2017-05-02",50.9430770874023,50.9502154961532,50.2650752713574,50.6005096975097,1475700,"TROW",0.0107619204111826,1.621757384674,"Financial_Serv"
"TROW","2017-05-03",51.2856559753418,51.2999273495173,50.6576120564062,50.9644983287862,1765800,"TROW",0.00672473881685033,1.63266327951023,"Financial_Serv"
"TROW","2017-05-04",51.2285537719727,51.5211686369528,50.9430773157754,51.5068918193871,1570900,"TROW",-0.00111341470208737,1.63084544821127,"Financial_Serv"
"TROW","2017-05-05",51.3141937255859,51.3427419131382,50.928801361145,51.3427419131382,1226300,"TROW",0.00167172303935184,1.63357177012066,"Financial_Serv"
"TROW","2017-05-08",50.7075653076172,51.3855671404945,50.3150344917342,51.2785127866163,2226600,"TROW",-0.0118218444824999,1.6142599387033,"Financial_Serv"
"TROW","2017-05-09",51.0429916381836,51.1072264251687,50.5362735309007,50.8074786059326,1885300,"TROW",0.00661491689714432,1.62493813404821,"Financial_Serv"
"TROW","2017-05-10",51.4212417602539,51.4212417602539,50.7789212316403,50.9430664836692,1610600,"TROW",0.00741042227210201,1.63697961178755,"Financial_Serv"
"TROW","2017-05-11",50.8502998352051,51.4069759306204,50.6932875118807,51.1785958544241,1562300,"TROW",-0.0111032309898463,1.6188038490322,"Financial_Serv"
"TROW","2017-05-12",50.8574371337891,51.0215824173101,50.5933704644161,50.7717925652061,1271700,"TROW",0.000140359026537008,1.61903106276461,"Financial_Serv"
"TROW","2017-05-15",51.4212417602539,51.7138511180055,50.8574273765269,50.8574273765269,1374900,"TROW",0.0110859818787498,1.63697961178755,"Financial_Serv"
"TROW","2017-05-16",51.2642440795898,51.4497991612831,50.7218393180758,51.3498832111372,1386700,"TROW",-0.00305316782111267,1.63198163831302,"Financial_Serv"
"TROW","2017-05-17",49.4086380004883,50.6004960243206,49.2016677627255,50.3863873797359,2236400,"TROW",-0.036196887565935,1.57290898244133,"Financial_Serv"
"TROW","2017-05-18",49.751220703125,49.9367812228893,49.3158703173379,49.415786263747,1637200,"TROW",0.0069336601149243,1.58381499871729,"Financial_Serv"
"TROW","2017-05-19",50.4078102111816,50.4934547801999,49.5585247097119,49.7726279647418,1088900,"TROW",0.0131974552338049,1.60471732626149,"Financial_Serv"
"TROW","2017-05-22",50.8859786987305,50.9787562188593,50.4149418003617,50.6433218418409,1263300,"TROW",0.0094859999977297,1.61993967481477,"Financial_Serv"
"TROW","2017-05-23",50.7146949768066,50.8788457014237,50.3007598510524,50.8360261406585,1458900,"TROW",-0.00336602982400929,1.61448690955624,"Financial_Serv"
"TROW","2017-05-24",49.0161247253418,49.6084874669327,48.2596166835579,49.2944627952439,5328100,"TROW",-0.0334926642512915,1.56041344155637,"Financial_Serv"
"TROW","2017-05-25",49.7155418395996,49.9938799095706,48.7449250768762,49.0161247374859,2559400,"TROW",0.0142691230320011,1.58267917293473,"Financial_Serv"
"TROW","2017-05-26",49.7440757751465,50.0509619831887,49.273044295948,49.6512982499281,1370200,"TROW",0.000573943971865696,1.58358754210543,"Financial_Serv"
"TROW","2017-05-30",49.8011817932129,49.9938807340699,49.5157053091725,49.5942114784089,1353300,"TROW",0.0011479963629144,1.58540549484412,"Financial_Serv"
"TROW","2017-05-31",50.2722206115723,50.3079017702251,49.672719429086,49.8083219889959,2366500,"TROW",0.0094583863554734,1.60040087254445,"Financial_Serv"
"TROW","2017-06-01",51.2428398132324,51.2499727782887,50.1009337829006,50.4720548762619,2156300,"TROW",0.0193072673108999,1.63130023999526,"Financial_Serv"
"TROW","2017-06-02",51.050121307373,51.1785854143408,50.657596024145,51.0358499377141,1517600,"TROW",-0.00376088652701112,1.62516510490116,"Financial_Serv"
"TROW","2017-06-05",51.2999267578125,51.3284749508454,50.7361121966867,51.107233261104,1116000,"TROW",0.00489333705860116,1.63311758553531,"Financial_Serv"
"TROW","2017-06-06",50.7146949768066,51.2713710467953,50.5148630998887,51.1857319252649,1328900,"TROW",-0.0114080432077173,1.61448690955624,"Financial_Serv"
"TROW","2017-06-07",51.3141937255859,51.3855614719617,50.8502952066287,50.978759328109,1298600,"TROW",0.0118210066934932,1.63357177012066,"Financial_Serv"
"TROW","2017-06-08",51.3570137023926,51.9636477190385,51.2499593594527,51.3855618901772,1484800,"TROW",0.000834466522764247,1.63493493107536,"Financial_Serv"
"TROW","2017-06-09",52.2919502258301,52.370456390766,51.3855682920391,51.4426646747217,1669000,"TROW",0.0182046512450147,1.66469835130388,"Financial_Serv"
"TROW","2017-06-12",52.7558441162109,52.7915307134676,51.8137756657433,52.2848126134822,1734900,"TROW",0.00887122947944127,1.67946627239235,"Financial_Serv"
"TROW","2017-06-13",52.7630233764648,53.0938704626869,52.3314839373631,53.0003719885334,1039300,"TROW",0.000136084643780729,1.67969482196177,"Financial_Serv"
"TROW","2017-06-14",52.6767311096191,52.7270773030867,51.9215382076062,52.5041163730624,1147700,"TROW",-0.00163546857862952,1.67694773385876,"Financial_Serv"
"TROW","2017-06-15",52.6839256286621,52.7846180168163,51.8496109984431,52.1157297313213,1151900,"TROW",0.000136578692174294,1.6771767691871,"Financial_Serv"
"TROW","2017-06-16",52.7558479309082,52.8277702813349,52.3890368102112,52.7774240873039,2073900,"TROW",0.00136516596642839,1.67946639383208,"Financial_Serv"
"TROW","2017-06-19",53.244930267334,53.4750850926404,52.8205845374006,53.0866977960626,1039400,"TROW",0.00927067530155726,1.69503618144917,"Financial_Serv"
"TROW","2017-06-20",52.7486381530762,53.1729892211594,52.7486381530762,53.1729892211594,1003500,"TROW",-0.00932092711486355,1.67923687274483,"Financial_Serv"
"TROW","2017-06-21",52.5328712463379,52.9931807358328,52.4897189464859,52.9428345568981,1108600,"TROW",-0.00409047350401971,1.67236799880989,"Financial_Serv"
"TROW","2017-06-22",52.6479568481445,52.8853055214438,52.101342645018,52.4034197815863,1157700,"TROW",0.00219073504029467,1.67603171398515,"Financial_Serv"
"TROW","2017-06-23",53.0363540649414,53.2449327424657,52.5976205514118,52.8565454278334,4791300,"TROW",0.00737725146518318,1.68839622140284,"Financial_Serv"
"TROW","2017-06-26",53.1010780334473,53.4247313243967,52.8493470863396,53.1945765317092,1025600,"TROW",0.0012203698698181,1.69045668927976,"Financial_Serv"
"TROW","2017-06-27",53.2880859375,53.6405148229124,53.0938950206461,53.259321383934,773200,"TROW",0.00352173460461466,1.69641002909999,"Financial_Serv"
"TROW","2017-06-28",53.9713592529297,54.1367801202831,53.4391272424735,53.6261242675405,1390400,"TROW",0.0128222529184306,1.71816182754648,"Financial_Serv"
"TROW","2017-06-29",53.244930267334,54.6042830616944,52.8637368523568,54.3093997639536,1611600,"TROW",-0.0134595273428521,1.69503618144917,"Financial_Serv"
"TROW","2017-06-30",53.3743629455566,53.9281762862788,53.3671690679663,53.6548638110525,1487300,"TROW",0.00243089206001015,1.69915663144408,"Financial_Serv"
"TROW","2017-07-03",54.0145034790039,54.4388546373402,53.6764624259198,53.8346948752207,873300,"TROW",0.0119934084103304,1.71953531087812,"Financial_Serv"
"TROW","2017-07-05",54.1655426025391,54.2878166247297,53.82031315264,54.0792379837259,974800,"TROW",0.00279626977583654,1.72434359549641,"Financial_Serv"
"TROW","2017-07-06",53.3887786865234,54.0360853386272,53.3384324916415,54.0217030632282,1335700,"TROW",-0.0143405545055726,1.69961555217886,"Financial_Serv"
"TROW","2017-07-07",54.7768898010254,54.9495045056479,53.5326119822035,53.662074382501,1443900,"TROW",0.0260000537313723,1.74380564785818,"Financial_Serv"
"TROW","2017-07-10",55.4170150756836,55.740668374542,54.6833928835306,54.6833928835306,1885100,"TROW",0.0116860463780151,1.7641838415333,"Financial_Serv"
"TROW","2017-07-11",54.0576515197754,54.3525347233557,53.4391095954006,54.302188542875,2023100,"TROW",-0.0245297144577655,1.72090891564948,"Financial_Serv"
"TROW","2017-07-12",54.359733581543,54.7121568771864,54.1583488411753,54.2086950262672,1034700,"TROW",0.00558814623415652,1.73052560632579,"Financial_Serv"
"TROW","2017-07-13",56.956184387207,57.5747265241711,55.9564488259725,55.9564488259725,4912000,"TROW",0.0477642297817598,1.81318282902956,"Financial_Serv"
"TROW","2017-07-14",57.7041931152344,57.9990764414011,56.8195321620855,56.8195321620855,2192200,"TROW",0.0131330554543846,1.83699545967214,"Financial_Serv"
"TROW","2017-07-17",57.6538276672363,57.8911708304664,57.1863242460236,57.7473261565499,1137700,"TROW",-0.00087282128523083,1.83539209093407,"Financial_Serv"
"TROW","2017-07-18",57.6178550720215,57.7329296963484,57.3805064572375,57.531544988285,1550200,"TROW",-0.000623941144419217,1.83424691429239,"Financial_Serv"
"TROW","2017-07-19",58.1213188171387,58.207628903808,57.5387408222564,57.7760894451054,882400,"TROW",0.0087379813859413,1.8502745296867,"Financial_Serv"
"TROW","2017-07-20",58.3155250549316,58.4377935830094,57.848021608803,58.2148326803591,903100,"TROW",0.00334139420345881,1.856457026275,"Financial_Serv"
"TROW","2017-07-21",58.1357231140137,58.545686539508,58.0494130027904,58.2292216190129,991300,"TROW",-0.00308326025957239,1.85073308610228,"Financial_Serv"
"TROW","2017-07-24",58.3299102783203,58.3514864329167,57.8048722253973,58.1429077929462,1496400,"TROW",0.00334023822023866,1.85691497549194,"Financial_Serv"
"TROW","2017-07-25",60.2934188842773,60.7465345644228,58.9628363899545,58.984412543201,3019900,"TROW",0.0336621228558072,1.91942267552974,"Financial_Serv"
"TROW","2017-07-26",61.0773811340332,61.4369983175647,60.4444568664539,60.4948030526554,2652200,"TROW",0.0130024514161411,1.94437987561536,"Financial_Serv"
"TROW","2017-07-27",59.4591064453125,61.2140401347255,58.8549521840986,61.1852701002883,3149600,"TROW",-0.026495482593948,1.89286259246497,"Financial_Serv"
"TROW","2017-07-28",59.2289505004883,59.6461077606979,58.8837210686287,59.3440306359901,1386200,"TROW",-0.00387082750790923,1.88553564787336,"Financial_Serv"
"TROW","2017-07-31",59.4950523376465,59.6532847354575,59.0563190481965,59.3655899655576,2757600,"TROW",0.00449276637370114,1.89400691902854,"Financial_Serv"
"TROW","2017-08-01",59.8043212890625,59.8330913138389,59.3224357205311,59.7539751175342,1538900,"TROW",0.00519822975633086,1.90385240215373,"Financial_Serv"
"TROW","2017-08-02",59.4159507751465,60.0488750349823,59.1498320871528,60.0488750349823,1271800,"TROW",-0.00649402092599359,1.89148874481414,"Financial_Serv"
"TROW","2017-08-03",59.4447288513184,59.6461136209096,59.1138816602294,59.437534970312,1022000,"TROW",0.000484349333746802,1.89240488612748,"Financial_Serv"
"TROW","2017-08-04",59.5454063415527,59.7755610902756,59.3943678021398,59.7755610902756,879500,"TROW",0.00169363191959689,1.89560992344743,"Financial_Serv"
"TROW","2017-08-07",59.9625625610352,60.0920249480392,59.5597876418436,59.6101338208273,798500,"TROW",0.00700568263972559,1.90888996497982,"Financial_Serv"
"TROW","2017-08-08",59.8331184387207,60.1855417991875,59.4735011969682,59.6964621309112,1337900,"TROW",-0.00215874900580998,1.90476915066572,"Financial_Serv"
"TROW","2017-08-09",59.8259353637695,59.9697800915237,59.3224733293054,59.6533205929996,1295600,"TROW",-0.000120051823114126,1.90454047965657,"Financial_Serv"
"TROW","2017-08-10",59.5885620117188,60.9694905821438,59.3296372188488,59.6748721051162,2025300,"TROW",-0.00396773323488284,1.89698377109825,"Financial_Serv"
"TROW","2017-08-11",59.5454063415527,60.2358705877214,59.3871739229329,59.818713390873,1127000,"TROW",-0.000724227413937738,1.89560992344743,"Financial_Serv"
"TROW","2017-08-14",60.300609588623,60.4156897267796,59.5094528444274,59.9841501833386,1011900,"TROW",0.0126828128896873,1.91965158941835,"Financial_Serv"
"TROW","2017-08-15",60.34375,60.5739047226861,60.0129029290964,60.4516362266107,1049900,"TROW",0.000715422475349112,1.92102495131026,"Financial_Serv"
"TROW","2017-08-16",60.5163803100586,61.1852685031266,60.458840242686,60.6530365982377,1464600,"TROW",0.0028607819377913,1.92652058479301,"Financial_Serv"
"TROW","2017-08-17",59.4159507751465,60.4372622469234,59.3584107095279,60.4084922141142,1860400,"TROW",-0.0181839946354029,1.89148874481414,"Financial_Serv"
"TROW","2017-08-18",59.1929817199707,59.5741749993294,59.0635193338374,59.3727902847491,1091400,"TROW",-0.00375268008450432,1.88439059267141,"Financial_Serv"
"TROW","2017-08-21",59.2433471679688,59.5094604185101,58.9700345487226,59.2145771297679,828100,"TROW",0.000850868574864416,1.88599396140949,"Financial_Serv"
"TROW","2017-08-22",60.1351928710938,60.2286913742624,59.387188383774,59.387188383774,1131700,"TROW",0.0150539384717141,1.91438559846257,"Financial_Serv"
"TROW","2017-08-23",59.5885620117188,59.9481791698913,59.509445797935,59.9481791698913,956800,"TROW",-0.00909003252964968,1.89698377109825,"Financial_Serv"
"TROW","2017-08-24",59.3080787658691,59.8331223879048,59.2505386864332,59.8331223879048,1212500,"TROW",-0.00470699806104482,1.88805467216586,"Financial_Serv"
"TROW","2017-08-25",60.34375,60.6170570184018,59.6245158056909,59.6245158056909,1509800,"TROW",0.0174625659047123,1.92102495131026,"Financial_Serv"
"TROW","2017-08-28",60.5163803100586,60.8688036199005,60.2502616139527,60.4948041566246,1054700,"TROW",0.0028607819377913,1.92652058479301,"Financial_Serv"
"TROW","2017-08-29",60.4372863769531,60.5595549497171,59.7036694530442,60.0560928928507,1090000,"TROW",-0.00130698387279985,1.92400265345807,"Financial_Serv"
"TROW","2017-08-30",60.2862319946289,60.5379629572327,60.2215035273837,60.4516583342391,921400,"TROW",-0.00249935745595985,1.91919388308086,"Financial_Serv"
"TROW","2017-08-31",60.6746139526367,60.8040763631261,60.2430744134466,60.530769268681,1407000,"TROW",0.00644229942986675,1.93155790473964,"Financial_Serv"
"TROW","2017-09-01",60.6170883178711,61.0054756418193,60.4516674406654,60.8400492772894,856800,"TROW",-0.000948100548452276,1.92972659363079,"Financial_Serv"
"TROW","2017-09-05",59.5382308959961,60.4660440573551,59.38719230982,60.2934293142001,1208500,"TROW",-0.0177979090024509,1.89538149531774,"Financial_Serv"
"TROW","2017-09-06",59.5382308959961,60.1064268081767,59.3943861912543,59.8834658696298,1399700,"TROW",0,1.89538149531774,"Financial_Serv"
"TROW","2017-09-07",59.1570358276367,59.57419314192,58.6967262006082,59.57419314192,1570000,"TROW",-0.0064025259505151,1.88324626610784,"Financial_Serv"
"TROW","2017-09-08",59.0707244873047,59.4591117559123,58.8117996415663,58.9268797895938,1209700,"TROW",-0.00145902070860198,1.88049857080619,"Financial_Serv"
"TROW","2017-09-11",59.9481811523438,60.1639536493117,59.5310239181111,59.5310239181111,1206600,"TROW",0.0148543406679842,1.9084321372026,"Financial_Serv"
"TROW","2017-09-12",61.0342330932617,61.0342330932617,60.0920377625082,60.1351900716043,1072600,"TROW",0.0181165119615228,1.94300627084399,"Financial_Serv"
"TROW","2017-09-13",61.0197410583496,61.2152506281435,59.9698010815878,60.7735503697852,1202200,"TROW",-0.000237441091296506,1.94254492131464,"Financial_Serv"
"TROW","2017-09-14",61.0197410583496,61.2007655732692,60.5201171537838,60.8314795404227,923600,"TROW",0,1.94254492131464,"Financial_Serv"
"TROW","2017-09-15",61.3455963134766,61.5411003837421,60.75183604989,60.983547237523,1805400,"TROW",0.00534016122446926,1.95291842438024,"Financial_Serv"
"TROW","2017-09-18",61.8017501831055,61.8814013882897,61.0124861810066,61.3528130532614,1275100,"TROW",0.00743580463865663,1.96743994425916,"Financial_Serv"
"TROW","2017-09-19",61.6207389831543,62.105883319559,61.5338507583829,61.7872839546817,995900,"TROW",-0.0029289008711707,1.96167750769245,"Financial_Serv"
"TROW","2017-09-20",62.0696830749512,62.1782988826912,61.1935251348594,61.8886585701943,990700,"TROW",0.0072856005819665,1.97596950648412,"Financial_Serv"
"TROW","2017-09-21",62.2507133483887,62.3665661694657,61.8234926048692,62.0479667681815,742700,"TROW",0.00291656513243188,1.98173255024948,"Financial_Serv"
"TROW","2017-09-22",62.7720642089844,62.8299878567124,62.1493394193612,62.2941568253262,708300,"TROW",0.00837501825365344,1.99832959653168,"Financial_Serv"
"TROW","2017-09-25",63.2282485961914,63.4599597772011,62.6562104096047,62.6996545296595,1175100,"TROW",0.00726731537277914,2.01285208792843,"Financial_Serv"
"TROW","2017-09-26",62.6779518127441,63.3079193701059,62.5765784850444,63.1631019089439,1301500,"TROW",-0.00870333744275835,1.99533355698483,"Financial_Serv"
"TROW","2017-09-27",63.7858085632324,64.1333781342157,62.9893016384165,63.2572199644751,1779800,"TROW",0.0176753821471081,2.03060184011549,"Financial_Serv"
"TROW","2017-09-28",65.2629623413086,65.5815672857073,63.6482266082268,63.9089023764747,2241000,"TROW",0.023158031721301,2.07762658194221,"Financial_Serv"
"TROW","2017-09-29",65.6395111083984,66.0305248480197,64.9516144180822,65.1036799205167,1801400,"TROW",0.00576971613885055,2.08961389756255,"Financial_Serv"
"TROW","2017-10-02",65.6612167358398,65.7336254418436,64.7198869845005,65.4801922086154,1605900,"TROW",0.000330679297802221,2.09030488961888,"Financial_Serv"
"TROW","2017-10-03",65.8350067138672,65.8567287758579,65.1833172319929,65.5453663303197,980800,"TROW",0.00264676755422481,2.09583744077916,"Financial_Serv"
"TROW","2017-10-04",66.1898345947266,66.3201669977561,65.72640655586,65.8712295443908,1142700,"TROW",0.0053896535987538,2.10713327858425,"Financial_Serv"
"TROW","2017-10-05",66.4360198974609,66.8921998436563,66.2043086593953,66.5156711534615,939700,"TROW",0.00371938235292084,2.11497051291587,"Financial_Serv"
"TROW","2017-10-06",66.4142761230469,66.6604668160796,66.0956712031881,66.6604668160796,829500,"TROW",-0.000327288938254013,2.11427830646226,"Financial_Serv"
"TROW","2017-10-09",66.6025466918945,66.9139091006549,66.49393087034,66.6677128701692,703900,"TROW",0.00283479064800532,2.1202718428327,"Financial_Serv"
"TROW","2017-10-10",66.7473526000977,67.0369928995121,66.3635815512559,66.97182120804,1049200,"TROW",0.00217417974830605,2.12488169493429,"Financial_Serv"
"TROW","2017-10-11",67.2325057983398,67.2614703845469,66.3273831959809,66.7690834678864,973000,"TROW",0.00726850098683131,2.14032639963082,"Financial_Serv"
"TROW","2017-10-12",68.398307800293,68.5865748584656,67.3918118547407,67.3918118547407,1720900,"TROW",0.017339856489209,2.17743935224049,"Financial_Serv"
"TROW","2017-10-13",68.7458724975586,69.2599814640573,68.3331368188523,68.6155346240498,1335500,"TROW",0.00508148093780964,2.18850396880213,"Financial_Serv"
"TROW","2017-10-16",68.6589965820312,69.1513836183011,68.4345278899364,68.7603698961664,1312300,"TROW",-0.00126372554992926,2.18573830042064,"Financial_Serv"
"TROW","2017-10-17",68.5938262939453,68.9413903432423,68.3910741533526,68.9196682807151,921600,"TROW",-0.000949187889864869,2.18366362409546,"Financial_Serv"
"TROW","2017-10-18",69.3396453857422,69.4772202875397,68.6083046547193,68.7603646142413,949000,"TROW",0.0108729769440301,2.20740654833377,"Financial_Serv"
"TROW","2017-10-19",69.2454986572266,69.4916948815944,68.8617275517765,69.2165340705698,953600,"TROW",-0.00135776189785625,2.20440941582936,"Financial_Serv"
"TROW","2017-10-20",70.1361465454102,70.4909530885004,69.6510021156538,69.875470772078,1220700,"TROW",0.0128621774043741,2.23276292080763,"Financial_Serv"
"TROW","2017-10-23",69.6075439453125,70.4402578123354,69.4844486019902,69.5930644149809,1769400,"TROW",-0.00753680699802075,2.21593501760117,"Financial_Serv"
"TROW","2017-10-24",69.8609848022461,70.1216550271269,69.6727177556484,70.0564888520142,1204600,"TROW",0.00364099697487834,2.22400323029678,"Financial_Serv"
"TROW","2017-10-25",68.8979339599609,70.1723481376467,68.0290129424539,69.9623590298599,1831000,"TROW",-0.0137852457278013,2.19334479926772,"Financial_Serv"
"TROW","2017-10-26",68.8400115966797,70.2375212613098,67.5366327037079,70.2375212613098,1735000,"TROW",-0.000840698116069936,2.19150085842708,"Financial_Serv"
"TROW","2017-10-27",68.0507507324219,68.7748489267363,66.6170338769297,68.630025973215,1753500,"TROW",-0.011465147171705,2.1663749785583,"Financial_Serv"
"TROW","2017-10-30",66.9211578369141,67.9928256600129,66.8053049915264,67.7900790372613,1854500,"TROW",-0.016599271622284,2.13041473185349,"Financial_Serv"
"TROW","2017-10-31",67.2687377929688,67.7031956979085,66.5373969129204,66.8922035574375,2428900,"TROW",0.00519387242076318,2.14147983417405,"Financial_Serv"
"TROW","2017-11-01",67.0297546386719,67.8045393123671,66.9501034131531,67.6886864998858,1031000,"TROW",-0.00355266297745005,2.13387187805022,"Financial_Serv"
"TROW","2017-11-02",68.5214004516602,69.4554876531967,66.9573514457694,67.2397492596723,1928600,"TROW",0.0222534875896397,2.1813579694063,"Financial_Serv"
"TROW","2017-11-03",68.4779510498047,68.7820708990894,68.17383120052,68.6155314444747,847800,"TROW",-0.000634099734813812,2.17997477089636,"Financial_Serv"
"TROW","2017-11-06",68.7531204223633,68.8182921316854,68.1014364757265,68.1014364757265,1009200,"TROW",0.00401836457341518,2.18873470428667,"Financial_Serv"
"TROW","2017-11-07",67.8914413452148,69.1224059406607,67.5945584639946,68.934138882434,901200,"TROW",-0.0125329450046046,2.16130341260817,"Financial_Serv"
"TROW","2017-11-08",67.6959457397461,67.7611174567738,66.3636075741952,67.7031882692895,1447700,"TROW",-0.00287953240637053,2.15507986939157,"Financial_Serv"
"TROW","2017-11-09",67.1383895874023,67.5728474258088,65.8567326110075,67.3483787395922,1245700,"TROW",-0.00823618233338889,2.13733023864425,"Financial_Serv"
"TROW","2017-11-10",67.7538604736328,67.8552337678892,67.1311356520977,67.2904381214807,1119100,"TROW",0.00916719763480824,2.15692356735275,"Financial_Serv"
"TROW","2017-11-13",67.6380081176758,67.6886947651561,66.9139099968541,67.3628472961282,1067100,"TROW",-0.00170990044179278,2.15323544279202,"Financial_Serv"
"TROW","2017-11-14",68.4127960205078,68.45624014193,67.3845724432631,67.3845724432631,1056200,"TROW",0.0114549189781589,2.1779005803301,"Financial_Serv"
"TROW","2017-11-15",68.3186569213867,68.7675997472382,67.2542317947792,68.0362590948701,1011100,"TROW",-0.00137604519325411,2.17490369070515,"Financial_Serv"
"TROW","2017-11-16",69.1730728149414,69.3106531863677,68.3765662147216,68.5141465861479,981500,"TROW",0.012506333292498,2.2021037611402,"Financial_Serv"
"TROW","2017-11-17",69.4989471435547,69.6510071014783,68.9631105019983,69.0644838072807,839800,"TROW",0.00471099974819815,2.21247787140443,"Financial_Serv"
"TROW","2017-11-20",69.7306442260742,69.8827041532094,69.151363577953,69.55685671698,1057200,"TROW",0.00333382147561093,2.21985387764644,"Financial_Serv"
"TROW","2017-11-21",70.7660980224609,70.8457437177932,69.6871880545757,70.1795749019968,1566200,"TROW",0.0148493364413738,2.2528172347263,"Financial_Serv"
"TROW","2017-11-22",70.7588882446289,70.9688774189669,70.2375365737804,70.6357928569096,1126200,"TROW",-0.000101881805462029,2.25258771363905,"Financial_Serv"
"TROW","2017-11-24",70.8747253417969,71.1860877690691,70.5923275036233,71.12092158692,487500,"TROW",0.00163706779517924,2.25627535244086,"Financial_Serv"
"TROW","2017-11-27",70.9399108886719,71.6929737788666,70.8168155043098,70.9254258290813,1147700,"TROW",0.000919729093278873,2.25835051452495,"Financial_Serv"
"TROW","2017-11-28",72.2288055419922,72.2650126668235,70.9399114498136,71.0195627048971,1442400,"TROW",0.0181688225594618,2.29938208430042,"Financial_Serv"
"TROW","2017-11-29",73.3294372558594,74.024576531294,72.5039655812667,72.5691373052777,2186700,"TROW",0.0152381270271361,2.33442036058491,"Financial_Serv"
"TROW","2017-11-30",74.5241851806641,75.1975967254955,73.1556400289794,73.713198734884,2750100,"TROW",0.0162928827700668,2.37245479785598,"Financial_Serv"
"TROW","2017-12-01",74.430061340332,74.99485710326,72.5618864903155,74.4517834043783,1983600,"TROW",-0.00126299724181959,2.36945839398995,"Financial_Serv"
"TROW","2017-12-04",74.451789855957,75.0238281979472,73.9087161100156,74.8355610858466,2102100,"TROW",0.000291931985997515,2.37015011468464,"Financial_Serv"
"TROW","2017-12-05",73.5973129272461,75.5958247544777,73.5176617132472,75.139639524406,1939600,"TROW",-0.011476915872192,2.34294810121394,"Financial_Serv"
"TROW","2017-12-06",73.705940246582,74.1910846081248,73.1701092431531,73.2787195297451,1173100,"TROW",0.00147596855123393,2.34640621892851,"Financial_Serv"
"TROW","2017-12-07",74.3938446044922,74.6183187943045,73.6263023104021,73.6987110226771,1260700,"TROW",0.0093330924971418,2.36830544520563,"Financial_Serv"
"TROW","2017-12-08",74.4011001586914,74.8500430924833,73.0542768817474,73.8218193102136,1951000,"TROW",9.7528958716843e-05,2.36853642356963,"Financial_Serv"
"TROW","2017-12-11",73.7493896484375,74.4952098001293,73.5538855941264,74.4879727967908,1213100,"TROW",-0.00875942034276189,2.34778941743844,"Financial_Serv"
"TROW","2017-12-12",74.3214263916016,74.5531375559199,73.713186656927,73.713186656927,2032900,"TROW",0.00775649460817174,2.36600003339592,"Financial_Serv"
"TROW","2017-12-13",74.1976623535156,75.1515264858119,74.0738795610599,74.2049453281548,1315000,"TROW",-0.00166525380492325,2.36206004283786,"Financial_Serv"
"TROW","2017-12-14",73.9719314575195,75.0859932084114,73.7098054896834,74.7146392914474,1276700,"TROW",-0.00304229121020816,2.35487396833155,"Financial_Serv"
"TROW","2017-12-15",74.6855163574219,75.0568702913313,73.5641771363117,73.9792178076404,4366900,"TROW",0.00964669822515233,2.37759072686232,"Financial_Serv"
"TROW","2017-12-18",75.3190002441406,76.7170313650066,74.9986160290448,75.289873901379,1985800,"TROW",0.00848201790139726,2.39775749396976,"Financial_Serv"
"TROW","2017-12-19",75.1005477905273,75.9233460573072,75.0568610584821,75.7121898155676,1174500,"TROW",-0.0029003631607587,2.39080312646582,"Financial_Serv"
"TROW","2017-12-20",75.552001953125,76.3092701642225,75.2097743855319,75.2097743855319,1313800,"TROW",0.00601132982221202,2.40517503259898,"Financial_Serv"
"TROW","2017-12-21",76.1636428833008,76.3820876790111,75.2825918364244,75.9306376936746,1045000,"TROW",0.00809562836674088,2.42464643581986,"Financial_Serv"
"TROW","2017-12-22",76.6296463012695,76.6660556156744,75.7995650414285,76.1636359643511,834400,"TROW",0.00611844970024304,2.4394815130783,"Financial_Serv"
"TROW","2017-12-26",76.7170333862305,76.8480991544699,76.4039321373964,76.7898464674119,558600,"TROW",0.00114038220426302,2.44226345438344,"Financial_Serv"
"TROW","2017-12-27",76.4694519042969,77.0738109514223,76.3747954670878,76.8553717374135,1123700,"TROW",-0.00322720354275366,2.43438177311112,"Financial_Serv"
"TROW","2017-12-28",76.7024765014648,76.7752951465339,76.2364660604923,76.5277239749208,807900,"TROW",0.00304729001405168,2.44180004037871,"Financial_Serv"
"TROW","2017-12-29",76.4039306640625,77.2558553635497,76.4039306640625,77.0301331496553,692600,"TROW",-0.00389225812541584,2.4322959243309,"Financial_Serv"
"TROW","2018-01-02",75.0568695068359,76.454900642459,74.5253234675691,76.0471429500561,1603500,"TROW",-0.0176307834625604,2.38941264157216,"Financial_Serv"
"TROW","2018-01-03",76.0835342407227,76.1709132556065,75.1879229481072,75.3626754225939,1169800,"TROW",0.0136784912644567,2.42209620151709,"Financial_Serv"
"TROW","2018-01-04",76.6806182861328,77.3286641037633,76.4548960849056,76.549552527776,773500,"TROW",0.00784774329122286,2.44110419073324,"Financial_Serv"
"TROW","2018-01-05",78.0786590576172,78.2170022422238,76.6806223754936,76.8408144837263,1073300,"TROW",0.0182319965948579,2.48561039402638,"Financial_Serv"
"TROW","2018-01-08",80.0082092285156,80.2557802990749,78.2897943456234,78.7994968766428,1675600,"TROW",0.0247129009922487,2.54703703759926,"Financial_Serv"
"TROW","2018-01-09",81.3698577880859,81.6756760545587,80.5761857791043,80.9184078076152,1332500,"TROW",0.0170188605981823,2.59038470588057,"Financial_Serv"
"TROW","2018-01-10",81.7484970092773,82.0615982804336,80.9985116646032,81.4790880341706,1044100,"TROW",0.00465331059294104,2.60243857047223,"Financial_Serv"
"TROW","2018-01-11",82.3236923217773,82.3309752936806,80.3504291372739,81.4499245729061,1956900,"TROW",0.00703615764868097,2.62074973852508,"Financial_Serv"
"TROW","2018-01-12",83.9911422729492,84.1877436389012,82.9863087473197,83.0518388324503,1361100,"TROW",0.0202548003393038,2.67383250121819,"Financial_Serv"
"TROW","2018-01-16",83.3503875732422,85.6585956030353,83.2411651989497,84.8430748376366,1756500,"TROW",-0.007628836593563,2.65343426998784,"Financial_Serv"
"TROW","2018-01-17",84.7411575317383,85.1270774289003,83.4305053643323,83.7945763367143,1590300,"TROW",0.0166858247332562,2.69770900915807,"Financial_Serv"
"TROW","2018-01-18",84.3115386962891,84.8794884047593,84.1003769101407,84.5081345356515,1448400,"TROW",-0.00506977775573,2.68403222403201,"Financial_Serv"
"TROW","2018-01-19",85.4474411010742,86.0590831160087,84.3479454020904,84.6901729448741,1719900,"TROW",0.0134726802801804,2.7201933320481,"Financial_Serv"
"TROW","2018-01-22",85.4838638305664,86.0955003862149,85.04697978292,85.8188084522714,1403700,"TROW",0.000426258867706801,2.72135283857776,"Financial_Serv"
"TROW","2018-01-23",85.9789810180664,86.182859823596,85.1925865779259,85.5566574607375,1332600,"TROW",0.00579193739395483,2.73711474384566,"Financial_Serv"
"TROW","2018-01-24",85.7095642089844,86.7362467368276,84.8285133634313,86.3721758640231,1227400,"TROW",-0.00313351944733353,2.72853794156624,"Financial_Serv"
"TROW","2018-01-25",85.4474411010742,86.1464565786556,84.9959967299819,86.0372397503469,1201900,"TROW",-0.0030582713881385,2.7201933320481,"Financial_Serv"
"TROW","2018-01-26",87.369743347168,87.369743347168,85.3018230574275,85.8333635232589,1595600,"TROW",0.0224968965872236,2.78138924013644,"Financial_Serv"
"TROW","2018-01-29",85.5930862426758,87.4280014651472,85.3964848102754,87.3551883830768,2168900,"TROW",-0.020334924155981,2.72482990089,"Financial_Serv"
"TROW","2018-01-30",81.923225402832,83.7362967064764,80.823729864512,83.7362967064764,2400700,"TROW",-0.0428756690632566,2.60800099580577,"Financial_Serv"
"TROW","2018-01-31",81.282470703125,82.0834311625192,80.3795763869586,81.8868297569292,4146600,"TROW",-0.00782140469392311,2.58760276457542,"Financial_Serv"
"TROW","2018-02-01",81.6684036254883,82.0761613390338,80.5397813829904,80.5470643579558,1468600,"TROW",0.00474804615343027,2.59988882192837,"Financial_Serv"
"TROW","2018-02-02",80.0155181884766,82.0470348891971,79.7315432732956,81.1077311100286,2512800,"TROW",-0.0202389830538559,2.54726971611945,"Financial_Serv"
"TROW","2018-02-05",76.6369323730469,80.9038442066006,76.2073313331678,79.7096919755666,2662000,"TROW",-0.0422241321673557,2.43971346296012,"Financial_Serv"
"TROW","2018-02-06",77.8893432617188,78.3116669150413,73.2802035044042,74.2559165808638,3212800,"TROW",0.0163421323099872,2.47958358317027,"Financial_Serv"
"TROW","2018-02-07",77.5616683959961,79.2800836280937,77.4160422462718,77.8529262507261,2331800,"TROW",-0.00420692808542016,2.46915215335409,"Financial_Serv"
"TROW","2018-02-08",74.2631759643555,78.4718344152952,74.1758025092206,77.7509756340287,3182600,"TROW",-0.0425273527485247,2.36414564873862,"Financial_Serv"
"TROW","2018-02-09",75.2971572875977,75.9524805598305,72.3408973668717,75.755884689217,3628800,"TROW",0.0139232036580078,2.3970621300832,"Financial_Serv"
"TROW","2018-02-12",76.4039306640625,77.4743001581637,75.7995715468747,76.0471426844561,2370000,"TROW",0.0146987405146986,2.4322959243309,"Financial_Serv"
"TROW","2018-02-13",76.9864273071289,77.0956441220497,75.1515070425326,75.6830529480293,2145900,"TROW",0.00762390937224897,2.45083952802449,"Financial_Serv"
"TROW","2018-02-14",78.8723373413086,78.9378730068345,76.0981182353485,76.5204363525773,1278800,"TROW",0.0244966561009002,2.510876901101,"Financial_Serv"
"TROW","2018-02-15",79.7751998901367,80.0518972811656,77.9257193746871,79.3892856924176,1845600,"TROW",0.0114471382396228,2.53961925609058,"Financial_Serv"
"TROW","2018-02-16",80.4524002075195,81.0494763672945,78.7631111538673,79.294657206545,1415200,"TROW",0.0084888576689927,2.56117772248897,"Financial_Serv"
"TROW","2018-02-20",80.0300903320312,80.8019190786373,79.1781599652741,79.9281453406038,2210300,"TROW",-0.0052491892646953,2.5477336158831,"Financial_Serv"
"TROW","2018-02-21",80.0591812133789,82.4620511511539,79.935398452203,80.2921863454138,1858800,"TROW",0.000363499294165021,2.5486597152542,"Financial_Serv"
"TROW","2018-02-22",80.4014282226562,81.52276742865,80.2485190884683,80.7218124401636,1445700,"TROW",0.00427492517522962,2.55955504483403,"Financial_Serv"
"TROW","2018-02-23",81.7703399658203,81.784900359919,80.4014295987019,80.7218138216925,1535100,"TROW",0.017025963013656,2.60313393435879,"Financial_Serv"
"TROW","2018-02-26",83.1173934936523,83.146519834358,81.3625689642871,81.7630492048879,1354100,"TROW",0.0164736202441508,2.64601697423808,"Financial_Serv"
"TROW","2018-02-27",81.8358688354492,84.0202945658489,81.7921820985314,83.1319605466412,1526500,"TROW",-0.0154182488687039,2.60522002601846,"Financial_Serv"
"TROW","2018-02-28",81.4790649414062,83.4596114389961,81.4644989950906,82.5348682827792,1931000,"TROW",-0.0043599939625546,2.59386128243389,"Financial_Serv"
"TROW","2018-03-01",80.1538391113281,82.0615667966693,79.6295762021326,81.7266222836345,1753800,"TROW",-0.0162646175558241,2.55167312068225,"Financial_Serv"
"TROW","2018-03-02",80.3358917236328,80.4960838196371,78.7558252408296,79.7752193876178,1414400,"TROW",0.00227128998839131,2.5574687102949,"Financial_Serv"
"TROW","2018-03-05",81.4426574707031,81.6246929167956,79.6223030097787,79.8698741052105,1219500,"TROW",0.0137767282260057,2.59270226166315,"Financial_Serv"
"TROW","2018-03-06",82.5421600341797,82.6805087624877,81.1878157573917,81.6902354083786,1041200,"TROW",0.0135003276860419,2.62770459178794,"Financial_Serv"
"TROW","2018-03-07",82.3455657958984,82.7096367502818,80.8237518731112,81.4208280160887,1162200,"TROW",-0.00238174332001783,2.62144607392947,"Financial_Serv"
"TROW","2018-03-08",83.131965637207,83.3649708405064,81.6975250975619,82.6659552306083,919300,"TROW",0.00954999621057633,2.64648087400173,"Financial_Serv"
"TROW","2018-03-09",85.6294555664062,85.7605212835319,83.6343490326308,83.7362884175864,939300,"TROW",0.0300424741560715,2.72598770726346,"Financial_Serv"
"TROW","2018-03-12",85.2581405639648,86.6488943926001,85.1489237127379,85.6294945239836,1038200,"TROW",-0.00433629993306975,2.71416700695091,"Financial_Serv"
"TROW","2018-03-13",85.1707611083984,86.6488883143271,84.9086295732771,85.6294885172198,1491800,"TROW",-0.00102488108453233,2.71138530852522,"Financial_Serv"
"TROW","2018-03-14",84.6067123413086,85.9472356184005,84.1452231950251,85.7567773850829,1426100,"TROW",-0.00662256342140665,2.69342898735964,"Financial_Serv"
"TROW","2018-03-15",84.5407867431641,84.9729741879101,84.013367388491,84.7751947242713,1037300,"TROW",-0.000779200566009271,2.69133026596819,"Financial_Serv"
"TROW","2018-03-16",84.6360015869141,85.8226949740014,84.5700713821571,84.6506496386787,4292100,"TROW",0.00112625925802257,2.69436140159663,"Financial_Serv"
"TROW","2018-03-19",83.0391006469727,84.5334535089373,82.064840278986,84.4968249942477,1859200,"TROW",-0.0188678684011499,2.64352454524617,"Financial_Serv"
"TROW","2018-03-20",82.0428619384766,83.8668490006582,81.8011271646849,83.3174548358916,3276200,"TROW",-0.0119972242080444,2.61180958857738,"Financial_Serv"
"TROW","2018-03-21",82.4677124023438,83.9840397849093,81.6839104333601,82.3138827361386,2973300,"TROW",0.00517839643606997,2.62533457404256,"Financial_Serv"
"TROW","2018-03-22",78.8490447998047,81.5593869289885,78.7025419345019,81.4055572438028,2681600,"TROW",-0.0438798106207226,2.51013539011754,"Financial_Serv"
"TROW","2018-03-23",76.6587829589844,79.3032000563153,76.5269281656177,79.2885464188717,2870000,"TROW",-0.0277779121659789,2.44040906972614,"Financial_Serv"
"TROW","2018-03-26",79.3617935180664,79.6181818608409,77.2887510307008,78.1970808973588,1636800,"TROW",0.0352602853156207,2.52645858981151,"Financial_Serv"
"TROW","2018-03-27",77.7209625244141,80.3727071224501,77.3473729156733,79.7061061654563,2373400,"TROW",-0.0206753265131138,2.4742232335453,"Financial_Serv"
"TROW","2018-03-28",77.493896484375,78.4608302099148,76.7320690659606,78.1678188045666,2137000,"TROW",-0.00292155465737748,2.46699465513394,"Financial_Serv"
"TROW","2018-03-29",79.0907897949219,79.8745919620719,77.1202941457999,77.779568302451,1255800,"TROW",0.020606697856119,2.51783126860495,"Financial_Serv"
"TROW","2018-04-02",76.673469543457,78.9589519142452,75.3769014143058,78.7758204752352,1737000,"TROW",-0.0305638653720974,2.44087661268165,"Financial_Serv"
"TROW","2018-04-03",77.9700164794922,78.0139662213654,76.380431887456,76.9737813463748,1487200,"TROW",0.0169099812980329,2.4821517905529,"Financial_Serv"
"TROW","2018-04-04",78.7977676391602,79.0614772656816,75.816389084228,76.541587762799,1691200,"TROW",0.0106162752945638,2.5085029972843,"Financial_Serv"
"TROW","2018-04-05",78.7684631347656,79.7500501736921,78.3143009187672,79.5009886069963,1067100,"TROW",-0.000371895109119408,2.5075700972884,"Financial_Serv"
"TROW","2018-04-06",76.4610137939453,78.5267355915938,75.6479099980779,77.8161905128751,1512600,"TROW",-0.0292940759409318,2.43411314843123,"Financial_Serv"
"TROW","2018-04-09",76.8639068603516,78.592667620638,76.7467000887331,76.9005353736639,1395300,"TROW",0.0052692613714488,2.44693912681799,"Financial_Serv"
"TROW","2018-04-10",78.1897735595703,78.8343996031856,77.6330581802815,78.0579187405332,1199000,"TROW",0.0172495356192032,2.48914769044406,"Financial_Serv"
"TROW","2018-04-11",77.7942047119141,78.4608055896262,76.9957546113324,77.2594642345233,1826300,"TROW",-0.00505908675326804,2.47655487633641,"Financial_Serv"
"TROW","2018-04-12",79.1493911743164,79.8379614193548,77.9480496699136,78.5120919076152,965800,"TROW",0.0174201467502733,2.51969682571729,"Financial_Serv"
"TROW","2018-04-13",78.4608306884766,79.9551838350123,78.0506180717236,79.9478570129338,1227600,"TROW",-0.00869950451448676,2.49777671180683,"Financial_Serv"
"TROW","2018-04-16",79.0761413574219,79.4424041809185,78.4241939786961,79.1493983931029,1711200,"TROW",0.00784226554251461,2.51736494004672,"Financial_Serv"
"TROW","2018-04-17",80.0137634277344,80.7536101644337,79.3618105861875,80.0430595298765,1176400,"TROW",0.0118572056528969,2.54721385384425,"Financial_Serv"
"TROW","2018-04-18",79.7574005126953,80.65108280917,79.4350929876184,80.4459764962862,1322000,"TROW",-0.00320398521525113,2.53905261831645,"Financial_Serv"
"TROW","2018-04-19",79.7207641601562,80.687697750086,79.2592694451198,79.5596076303801,1299700,"TROW",-0.000459347374708269,2.53788631116198,"Financial_Serv"
"TROW","2018-04-20",79.4350738525391,80.2481776746944,78.9369562460721,80.043065822492,1156100,"TROW",-0.00358363734501146,2.52879144699991,"Financial_Serv"
"TROW","2018-04-23",79.5669250488281,80.1163191961091,79.0761286964918,79.9771375570722,824800,"TROW",0.00165986119096241,2.53298888978282,"Financial_Serv"
"TROW","2018-04-24",78.6512680053711,80.292123624334,77.574454584302,80.1968973175724,1920700,"TROW",-0.0115080109341302,2.50383922594317,"Financial_Serv"
"TROW","2018-04-25",81.3103179931641,82.3285278344489,78.7904288723713,79.3837782364383,2085300,"TROW",0.0338081006858196,2.58848927459496,"Financial_Serv"
"TROW","2018-04-26",82.2626266479492,82.9585237285034,80.4313126583575,81.7645090192312,1560900,"TROW",0.0117120271853471,2.618805731348,"Financial_Serv"
"TROW","2018-04-27",83.5225448608398,83.6324247901792,81.8523878188026,82.2699270793119,1409700,"TROW",0.015315803351169,2.65891484494424,"Financial_Serv"
"TROW","2018-04-30",83.3760604858398,84.4308990992325,83.3540856128486,83.9034797925362,1447000,"TROW",-0.00175383036094103,2.65425155936202,"Financial_Serv"
"TROW","2018-05-01",81.4934768676758,83.295489258552,80.8342026786413,82.0355442725588,1503900,"TROW",-0.0225794263628442,2.59432008172894,"Financial_Serv"
"TROW","2018-05-02",81.0173187255859,81.8011207826189,80.8415141714202,81.3835814735214,1281400,"TROW",-0.00584289884775687,2.57916173191269,"Financial_Serv"
"TROW","2018-05-03",80.1676025390625,80.8341979213302,78.5706965257066,80.3653819897694,1137000,"TROW",-0.0104880808188866,2.55211127522341,"Financial_Serv"
"TROW","2018-05-04",82.0208892822266,82.5409817682776,79.3691446966968,79.779362817807,939400,"TROW",0.0231176520747397,2.61111009574005,"Financial_Serv"
"TROW","2018-05-07",83.1196746826172,83.5665157132258,81.7278750260687,82.1161126716439,1003400,"TROW",0.013396409256303,2.64608959519584,"Financial_Serv"
"TROW","2018-05-08",83.632453918457,84.2624264381083,82.4823888467639,82.8926070199237,1241500,"TROW",0.00616916798336653,2.66241376640765,"Financial_Serv"
"TROW","2018-05-09",85.4564361572266,86.0937298299095,82.8486413130925,84.1525359407962,2651500,"TROW",0.0218095028103318,2.72047968692838,"Financial_Serv"
"TROW","2018-05-10",86.1376876831055,86.7090623792116,85.0169243434425,85.6102739146437,1313100,"TROW",0.00797191594352834,2.74216712231865,"Financial_Serv"
"TROW","2018-05-11",86.5991592407227,87.0240253412875,85.456421331766,86.3354496326979,844400,"TROW",0.00535737108842426,2.75685792917939,"Financial_Serv"
"TROW","2018-05-14",86.4453353881836,87.5148219421961,86.0058212081235,86.8482210579362,990600,"TROW",-0.00177627420274916,2.75196099355914,"Financial_Serv"
"TROW","2018-05-15",85.8080596923828,86.3940824854253,85.471098542438,85.7787579938579,1119800,"TROW",-0.0073720079046381,2.73167351536137,"Financial_Serv"
"TROW","2018-05-16",88.4524536132812,89.2216076193219,87.4415704410708,87.6906264270415,1795900,"TROW",0.0308175470973058,2.81585699257548,"Financial_Serv"
"TROW","2018-05-17",88.3645629882812,88.6722279942323,87.3756545250741,88.1521298891331,1053000,"TROW",-0.000993648241622131,2.81305902122615,"Financial_Serv"
"TROW","2018-05-18",88.3352508544922,88.6502370554933,85.0242379226403,87.6100521456668,1271200,"TROW",-0.000331718200122257,2.81212587835079,"Financial_Serv"
"TROW","2018-05-21",89.3241500854492,89.631809415672,88.4817447480747,88.8773091392434,732700,"TROW",0.0111948426182201,2.84360718498155,"Financial_Serv"
"TROW","2018-05-22",89.8515930175781,90.4449369667637,89.2435954266665,89.3681234377033,793900,"TROW",0.00590481892774064,2.86039817051049,"Financial_Serv"
"TROW","2018-05-23",89.0384826660156,89.4779968774214,88.2766554248399,89.1190609234581,1018800,"TROW",-0.0090494817538007,2.83451304945785,"Financial_Serv"
"TROW","2018-05-24",88.9139404296875,89.1410271280019,87.9323589726171,89.0824237485191,764500,"TROW",-0.00139874616681513,2.83054828519513,"Financial_Serv"
"TROW","2018-05-25",88.9139404296875,89.2069517383756,88.1081635223397,88.3791999609032,605500,"TROW",0,2.83054828519513,"Financial_Serv"
"TROW","2018-05-29",86.9727630615234,88.4158337345236,86.6577768440464,88.0056212052425,1181400,"TROW",-0.0218320924568531,2.76875149332916,"Financial_Serv"
"TROW","2018-05-30",89.5805435180664,90.0933091294416,87.2511122187565,87.7345761396637,1360700,"TROW",0.0299838750057677,2.85176939202718,"Financial_Serv"
"TROW","2018-05-31",88.943244934082,90.0640080557097,88.4890827005329,89.0604516967567,1978200,"TROW",-0.0071142522578672,2.83148118519103,"Financial_Serv"
"TROW","2018-06-01",90.0273818969727,90.1958596263523,89.2948564227723,89.7050688999322,895500,"TROW",0.0121890871385916,2.86599435608861,"Financial_Serv"
"TROW","2018-06-04",90.2398071289062,90.7159441748619,89.8076142304734,90.5108379540702,925900,"TROW",0.00235956247374486,2.8727568488212,"Financial_Serv"
"TROW","2018-06-05",89.7490234375,90.554805973174,89.4486908831611,90.0493615805651,839700,"TROW",-0.00543866068668756,2.8571328990851,"Financial_Serv"
"TROW","2018-06-06",92.437385559082,92.6058632778565,90.1519042114997,90.1519042114997,1364000,"TROW",0.029954221434556,2.94271609061225,"Financial_Serv"
"TROW","2018-06-07",91.7268600463867,93.3457410138671,91.0675858633405,92.4960086026681,1003300,"TROW",-0.00768656002544744,2.92009672674391,"Financial_Serv"
"TROW","2018-06-08",92.283561706543,92.4227377463191,91.0162901770307,91.419181423365,645800,"TROW",0.00606912369915119,2.93781915499201,"Financial_Serv"
"TROW","2018-06-11",92.1956481933594,92.9061987325091,92.0711202154348,92.6205142708113,645400,"TROW",-0.000952645428480039,2.9350204550043,"Financial_Serv"
"TROW","2018-06-12",92.4740371704102,93.0600599302056,91.8733663565471,92.6571685842553,801500,"TROW",0.00301954574327547,2.94388288352564,"Financial_Serv"
"TROW","2018-06-13",91.8001174926758,93.0673893711945,91.5730363215088,92.6791460683839,807600,"TROW",-0.00728766363355028,2.92242885529394,"Financial_Serv"
"TROW","2018-06-14",91.0929565429688,92.529403106164,90.8203975657972,92.028487398464,1116000,"TROW",-0.00770326846001533,2.89991660126631,"Financial_Serv"
"TROW","2018-06-15",91.8516693115234,92.1684248256908,90.3415546374448,90.9235010760369,1783000,"TROW",0.00832899487894875,2.92406999178764,"Financial_Serv"
"TROW","2018-06-18",91.1297607421875,91.5791117250128,90.5404519395496,91.0192635854058,1153700,"TROW",-0.00785950407594137,2.90108825176884,"Financial_Serv"
"TROW","2018-06-19",90.5551910400391,90.813014017417,89.8332810832613,90.3931292770816,981300,"TROW",-0.00630496225896977,2.8827969998315,"Financial_Serv"
"TROW","2018-06-20",91.6675109863281,92.3746849247423,91.1739577665012,91.1739577665012,790400,"TROW",0.0122833371948522,2.91820736744474,"Financial_Serv"
"TROW","2018-06-21",91.1002960205078,91.5791132946898,90.1721333759175,91.350756621514,819400,"TROW",-0.0061877426333187,2.90015025130434,"Financial_Serv"
"TROW","2018-06-22",90.6067581176758,91.6159573654815,90.4520643270112,91.6159573654815,3973400,"TROW",-0.00541752249324118,2.88443862208412,"Financial_Serv"
"TROW","2018-06-25",88.2053070068359,90.3636632876018,87.8369868607675,90.3636632876018,1502200,"TROW",-0.0265041058827086,2.80798915543223,"Financial_Serv"
"TROW","2018-06-26",87.40234375,88.7945930059371,87.1960854335823,88.3084078714231,1325900,"TROW",-0.00910334405132457,2.78242706405794,"Financial_Serv"
"TROW","2018-06-27",85.1556243896484,87.7780678897787,85.1482564124237,87.2992505323301,1636800,"TROW",-0.0257054818435754,2.71090343568172,"Financial_Serv"
"TROW","2018-06-28",85.2145462036133,85.6270629541735,84.2716475622646,85.3471416763104,1060900,"TROW",0.000691930972113291,2.71277919373128,"Financial_Serv"
"TROW","2018-06-29",85.5165557861328,87.4833893377375,85.5018254553871,85.8112129821138,1286600,"TROW",0.00354410832392282,2.72239357705275,"Financial_Serv"
"TROW","2018-07-02",85.8333206176758,86.0395846113647,84.4926355693535,85.0451157643235,1180000,"TROW",0.00370413458108815,2.73247768924484,"Financial_Serv"
"TROW","2018-07-03",85.2513809204102,86.6436305811081,85.0303865913613,86.4152682757258,763400,"TROW",-0.00677988097253906,2.71395181575164,"Financial_Serv"
"TROW","2018-07-05",85.074577331543,86.3563353592824,84.4926308840307,85.958548966548,755100,"TROW",-0.00207390879723402,2.70832332720569,"Financial_Serv"
"TROW","2018-07-06",85.0819473266602,85.8701521550115,84.4337059416999,85.0082844270245,994100,"TROW",8.66298176065688e-05,2.70855794876154,"Financial_Serv"
"TROW","2018-07-09",86.8130569458008,86.953020399167,85.4650038679286,85.6123352978192,924900,"TROW",0.0203463798553443,2.76366729764726,"Financial_Serv"
"TROW","2018-07-10",87.4686584472656,87.7780516120104,86.2311026486432,86.6288890432131,1080400,"TROW",0.00755187669378063,2.78453817230172,"Financial_Serv"
"TROW","2018-07-11",87.1960983276367,87.7854070873855,86.7393794022337,86.9456377491517,1149300,"TROW",-0.00311608894508461,2.77586130368585,"Financial_Serv"
"TROW","2018-07-12",88.3231506347656,88.8019678320335,86.8793366883203,88.2936843558441,1465000,"TROW",0.0129254901164733,2.81174067153134,"Financial_Serv"
"TROW","2018-07-13",87.8296051025391,88.3599812748158,87.2697570305535,88.0137651348918,1033700,"TROW",-0.00558795206782732,2.79602879943166,"Financial_Serv"
"TROW","2018-07-16",88.6767425537109,89.2586889684125,87.9916669637578,88.1684646528621,936500,"TROW",0.0096452380741421,2.82299716286434,"Financial_Serv"
"TROW","2018-07-17",88.6988677978516,89.2734463752386,88.2568790889817,88.6472975777128,555100,"TROW",0.000249504475508038,2.82370151329082,"Financial_Serv"
"TROW","2018-07-18",89.980598449707,90.0247950617443,88.7651410376164,89.0155959993187,915200,"TROW",0.0144503609085134,2.86450501925579,"Financial_Serv"
"TROW","2018-07-19",88.9493026733398,89.9806000602429,88.5146876602119,89.8553725771503,710000,"TROW",-0.0114613127066899,2.83167403148021,"Financial_Serv"
"TROW","2018-07-20",88.2937088012695,88.809354774865,87.9106526893533,88.684127269866,746000,"TROW",-0.00737042171626613,2.8108033997052,"Financial_Serv"
"TROW","2018-07-23",89.36181640625,89.5459764470642,88.4041875660872,88.4557521527104,849000,"TROW",0.0120972107693941,2.84480628086277,"Financial_Serv"
"TROW","2018-07-24",89.3544692993164,90.4225954702657,88.7651548200979,89.6785872047791,1235000,"TROW",-8.22175200668805e-05,2.84457238794528,"Financial_Serv"
"TROW","2018-07-25",91.9400634765625,92.3378498672535,87.4097306483947,88.2495000442583,1380100,"TROW",0.0289363721537527,2.92688399318116,"Financial_Serv"
"TROW","2018-07-26",89.5754547119141,91.8958726606353,89.3102637680534,91.8958726606353,1575300,"TROW",-0.0257190247127818,2.85160739142909,"Financial_Serv"
"TROW","2018-07-27",87.6675643920898,90.0984740298568,86.9603903727329,89.7890864501606,1199800,"TROW",-0.0212992535283269,2.79087028263579,"Financial_Serv"
"TROW","2018-07-30",86.4668350219727,88.227404861493,86.3268771888694,87.8296240514951,1298800,"TROW",-0.0136963924849899,2.75264542787011,"Financial_Serv"
"TROW","2018-07-31",87.7191162109375,88.1905654885009,86.6657205019808,87.0119422945924,1659600,"TROW",0.0144827920282571,2.79251141912949,"Financial_Serv"
"TROW","2018-08-01",86.3857955932617,88.5588876009179,84.1979788742676,87.697019897667,1976600,"TROW",-0.0151998865842373,2.75006556227353,"Financial_Serv"
"TROW","2018-08-02",86.5110244750977,87.2623949853023,85.2661007733597,85.8480471895532,1124800,"TROW",0.00144964668063676,2.75405218568742,"Financial_Serv"
"TROW","2018-08-03",86.4815521240234,87.0045659403248,85.7449119962551,86.8940687971359,611300,"TROW",-0.000340677402135059,2.75311394234345,"Financial_Serv"
"TROW","2018-08-06",87.3286972045898,87.5054892774313,86.267933527304,86.4152593179854,570000,"TROW",0.00979567387217465,2.78008254865559,"Financial_Serv"
"TROW","2018-08-07",87.9253540039062,88.94928319103,87.4612728104997,87.5791322922669,707900,"TROW",0.0068323107800244,2.79907693662212,"Financial_Serv"
"TROW","2018-08-08",88.1758346557617,88.5220564684711,87.0782422696066,87.5865258346581,464900,"TROW",0.00284878752770607,2.80705091208826,"Financial_Serv"
"TROW","2018-08-09",87.5791549682617,88.5294215228093,87.4686578116643,88.0285059503374,540500,"TROW",-0.00676692984908435,2.78805579548335,"Financial_Serv"
"TROW","2018-08-10",86.2900543212891,86.9456638148765,85.914366150992,86.8940992126883,1477500,"TROW",-0.0147192633616963,2.74701766796253,"Financial_Serv"
"TROW","2018-08-13",85.8775177001953,86.9456437649757,85.8112171583166,86.304770374155,1064100,"TROW",-0.00478081308835115,2.7338846899416,"Financial_Serv"
"TROW","2018-08-14",86.6067810058594,86.7614747607931,85.4060596013059,86.1132334610538,1175000,"TROW",0.00849190015261007,2.75710056575734,"Financial_Serv"
"TROW","2018-08-15",85.074577331543,86.1427090213258,84.4337039377921,85.8259535023032,797900,"TROW",-0.0176914977848299,2.70832332720569,"Financial_Serv"
"TROW","2018-08-16",85.6859893798828,86.2826661541734,85.0451103711167,85.5681298682254,775500,"TROW",0.00718677738423687,2.72778744404285,"Financial_Serv"
"TROW","2018-08-17",85.162971496582,85.6565190674099,84.1832387102268,85.6565190674099,1215900,"TROW",-0.00610389034527008,2.71113732859921,"Financial_Serv"
"TROW","2018-08-20",85.2292709350586,85.5312961219557,84.8683188020391,85.1040434468851,970600,"TROW",0.000778500765197271,2.71324795108408,"Financial_Serv"
"TROW","2018-08-21",85.6049423217773,86.238453235002,84.7357068096866,85.1555914270455,1058600,"TROW",0.00440777426108686,2.72520733556681,"Financial_Serv"
"TROW","2018-08-22",85.2218933105469,85.7743733748055,84.809371040887,85.3765870541252,906500,"TROW",-0.00447461327397009,2.71301308664876,"Financial_Serv"
"TROW","2018-08-23",84.7578125,85.6270480878515,84.4557929658096,85.18506512897,775500,"TROW",-0.00544555855918119,2.69823921501359,"Financial_Serv"
"TROW","2018-08-24",85.0156555175781,85.3766076730996,84.6620657182066,85.2661105095385,805100,"TROW",0.00304211505668725,2.70644756915613,"Financial_Serv"
"TROW","2018-08-27",85.6638793945312,86.6878087017449,85.5018176704914,85.6638793945312,729200,"TROW",0.00762475891065847,2.72708357937528,"Financial_Serv"
"TROW","2018-08-28",85.8112258911133,86.1132511079615,85.4502737222991,85.9659196777479,655700,"TROW",0.00172005397868355,2.73177431033619,"Financial_Serv"
"TROW","2018-08-29",85.6491470336914,86.0911356159985,84.8830462299605,85.9659025202818,705400,"TROW",-0.00188878384778628,2.72661457914303,"Financial_Serv"
"TROW","2018-08-30",85.0156555175781,85.7301918523519,84.7872932141869,85.4208042904763,949900,"TROW",-0.0073963552242276,2.70644756915613,"Financial_Serv"
"TROW","2018-08-31",85.3692474365234,85.4871125870395,84.3526858038612,84.8609638101325,868000,"TROW",0.00415913888792168,2.71770406048913,"Financial_Serv"
"TROW","2018-09-04",84.8314895629883,85.5386634925226,84.5810289682947,84.9125148158481,1230300,"TROW",-0.00629919894672854,2.70058470193378,"Financial_Serv"
"TROW","2018-09-05",84.3452987670898,85.5091915748877,83.8812174870725,84.772551410983,1201400,"TROW",-0.00573125378798678,2.68510696563104,"Financial_Serv"
"TROW","2018-09-06",83.4318771362305,84.6694329936078,83.0561890312805,84.2716465801523,1230600,"TROW",-0.010829550007069,2.65602846547241,"Financial_Serv"
"TROW","2018-09-07",79.3582611083984,83.7044343339192,79.1814633918806,81.9954290817494,2933600,"TROW",-0.0488256547456135,2.52634613662273,"Financial_Serv"
"TROW","2018-09-10",80.647346496582,81.0156664820759,79.5571168666688,79.6528780396551,1351100,"TROW",0.0162438714026607,2.56738377838464,"Financial_Serv"
"TROW","2018-09-11",81.2293243408203,81.347189487831,79.9844060412074,80.529518295833,1404100,"TROW",0.00721632973086035,2.58591086627512,"Financial_Serv"
"TROW","2018-09-12",81.1261901855469,81.7007743119029,80.6694768191121,81.1040918768638,1508400,"TROW",-0.0012696665411214,2.58262762176989,"Financial_Serv"
"TROW","2018-09-13",80.9334487915039,82.5495974222968,80.748110671716,81.578427484551,1297600,"TROW",-0.00237582208165011,2.57649175803741,"Financial_Serv"
"TROW","2018-09-14",81.8230514526367,82.1047632769054,81.014974543338,81.014974543338,784400,"TROW",0.0109917799675701,2.60481198853002,"Financial_Serv"
"TROW","2018-09-17",80.7777557373047,82.1863264095471,80.6517271884589,81.8453049888686,1278100,"TROW",-0.0127750761768779,2.5715353169501,"Financial_Serv"
"TROW","2018-09-18",81.0224075317383,81.1855059708632,80.2884702117461,80.8148297568775,895900,"TROW",0.00302870254565155,2.57932373251078,"Financial_Serv"
"TROW","2018-09-19",82.2159881591797,82.4754603864849,81.4227412608064,81.4227412608064,893600,"TROW",0.0147314880389583,2.61732100922486,"Financial_Serv"
"TROW","2018-09-20",82.6904525756836,83.0981930276871,82.1196080243802,82.9499248007895,857600,"TROW",0.00577095072536607,2.63242543980157,"Financial_Serv"
"TROW","2018-09-21",82.8609466552734,83.2167982589935,82.4309666065346,83.2167982589935,1899000,"TROW",0.00206183512460277,2.63785306703625,"Financial_Serv"
"TROW","2018-09-24",82.2678680419922,83.1649036724988,82.2604529350759,82.8683616126122,737100,"TROW",-0.00715751674608107,2.61897258953523,"Financial_Serv"
"TROW","2018-09-25",81.7711715698242,82.8090603997313,81.5858334707594,82.2456366509445,854300,"TROW",-0.00603755128204415,2.60316040821965,"Financial_Serv"
"TROW","2018-09-26",81.3560028076172,82.2752837657647,81.2670441482328,82.2011440081852,863200,"TROW",-0.00507720207790492,2.58994363678591,"Financial_Serv"
"TROW","2018-09-27",81.6229019165039,82.2085710185538,80.9334439260978,81.5339432442387,908500,"TROW",0.00328063203299031,2.59844028884439,"Financial_Serv"
"TROW","2018-09-28",80.9408493041992,81.7266809804507,80.8074056557726,81.0446381800789,1350300,"TROW",-0.00835614265469749,2.5767273511111,"Financial_Serv"
"TROW","2018-10-01",81.4449844360352,81.786005900329,80.5257089385443,81.2448160977312,1019800,"TROW",0.00622843886825614,2.59277633989765,"Financial_Serv"
"TROW","2018-10-02",82.4532241821289,82.5866678555025,81.2744707913167,81.5710129161549,979100,"TROW",0.0123793963873318,2.62487334595294,"Financial_Serv"
"TROW","2018-10-03",82.8683547973633,83.4391992055097,82.4383691286941,82.7052563950357,1144500,"TROW",0.00503474084066626,2.63808890298939,"Financial_Serv"
"TROW","2018-10-04",82.1418609619141,83.2538897349215,81.5636012488507,82.6756300218582,1454100,"TROW",-0.00876684274987361,2.61496119241669,"Financial_Serv"
"TROW","2018-10-05",81.0446243286133,82.7126668208235,80.7629125216691,82.4680192311762,1401800,"TROW",-0.0133578253578833,2.58003099749075,"Financial_Serv"
"TROW","2018-10-08",80.9779052734375,81.5339194370242,80.0808641121773,80.5998140584993,1247300,"TROW",-0.000823238502596473,2.57790701663572,"Financial_Serv"
"TROW","2018-10-09",80.0586395263672,80.9556752004787,79.851061771177,80.5331045828217,1559600,"TROW",-0.0113520563907678,2.54864247081272,"Financial_Serv"
"TROW","2018-10-10",75.2843399047852,80.0289908295705,75.1657208036305,79.8807226091972,2580700,"TROW",-0.059635033143545,2.39665409259476,"Financial_Serv"
"TROW","2018-10-11",73.0306167602539,76.0034354150994,72.8452786849911,75.2843284341779,3064100,"TROW",-0.0299361480406365,2.32490750087664,"Financial_Serv"
"TROW","2018-10-12",74.2908935546875,75.4177519185208,73.2381749260001,74.883977499449,2041700,"TROW",0.0172568280310551,2.36502802980738,"Financial_Serv"
"TROW","2018-10-15",74.6319351196289,75.5141461717259,72.6747654886784,73.8238638228204,2068500,"TROW",0.00459062408086876,2.37588498443294,"Financial_Serv"
"TROW","2018-10-16",75.5882873535156,75.7958651132074,74.1945469269642,75.1953715003749,1420900,"TROW",0.0128142494543893,2.4063301672984,"Financial_Serv"
"TROW","2018-10-17",76.1072311401367,76.5594508473204,74.7505550503778,75.4548374850469,1528600,"TROW",0.00686539945261715,2.42285058511179,"Financial_Serv"
"TROW","2018-10-18",74.024040222168,76.3370618780083,73.816462443324,75.9293157723718,1726300,"TROW",-0.0273717869742621,2.35653283502564,"Financial_Serv"
"TROW","2018-10-19",74.1797103881836,75.4993165960714,73.860928668385,74.1204065019486,1664200,"TROW",0.00210296770546991,2.36148854747458,"Financial_Serv"
"TROW","2018-10-22",73.6904220581055,75.1582964906588,73.6459370725858,74.661591791566,1097500,"TROW",-0.00659598598481541,2.34591220211214,"Financial_Serv"
"TROW","2018-10-23",72.5190811157227,73.0750953357848,70.7027702592808,71.4218772327964,1440600,"TROW",-0.0158954299577658,2.3086229190164,"Financial_Serv"
"TROW","2018-10-24",69.5907516479492,72.6673595753019,69.175590458873,72.6673595753019,1895700,"TROW",-0.0403801237235831,2.21540043991542,"Financial_Serv"
"TROW","2018-10-25",70.8139801025391,72.0223881573451,68.2118372015516,70.4136547762872,2890400,"TROW",0.0175774571422651,2.25434154620098,"Financial_Serv"
"TROW","2018-10-26",69.5907516479492,70.5767460388391,68.3526888444714,69.7390198651458,2814400,"TROW",-0.0172738271852338,2.21540043991542,"Financial_Serv"
"TROW","2018-10-29",69.5166091918945,71.9037647263999,68.2933823072064,70.8362211605617,1926200,"TROW",-0.00106540674297879,2.21304013734833,"Financial_Serv"
"TROW","2018-10-30",71.3329162597656,71.4589447880949,69.4498808169428,69.9836553558304,2375000,"TROW",0.0261276706241143,2.27086172113491,"Financial_Serv"
"TROW","2018-10-31",71.9037780761719,73.3420037498134,71.8444741742208,72.3337638877244,2497900,"TROW",0.00800278253488757,2.28903493365596,"Financial_Serv"
"TROW","2018-11-01",72.667350769043,72.9194134950146,71.02896284647,71.8296246968703,1543500,"TROW",0.0106193681792659,2.31334303839165,"Financial_Serv"
"TROW","2018-11-02",71.8592910766602,73.7423269226233,71.4886148626376,73.0973482740387,1311500,"TROW",-0.0111199828235248,2.28761870353981,"Financial_Serv"
"TROW","2018-11-05",72.2225341796875,72.6228650697692,71.2958438756285,71.7999636272793,911300,"TROW",0.00505492188393332,2.29918243738643,"Financial_Serv"
"TROW","2018-11-06",73.4902496337891,73.5421440672548,72.3782212114652,72.4375307514457,1601500,"TROW",0.0175529073924147,2.33953977378814,"Financial_Serv"
"TROW","2018-11-07",75.2472686767578,75.3214027856195,73.1714796922124,74.1797194097265,1242600,"TROW",0.0239081926068314,2.39547394131121,"Financial_Serv"
"TROW","2018-11-08",74.0536804199219,75.0470954380528,73.6459343945567,74.6467645193495,1375400,"TROW",-0.0158622137098859,2.35747642171767,"Financial_Serv"
"TROW","2018-11-09",73.0083770751953,73.9647165659354,72.2077152328337,73.9647165659354,1681500,"TROW",-0.0141154813481135,2.3241995072583,"Financial_Serv"
"TROW","2018-11-12",70.8584823608398,72.9935757974491,70.7250386675473,72.4820406971491,1637600,"TROW",-0.0294472333242139,2.25575826207604,"Financial_Serv"
"TROW","2018-11-13",71.066032409668,72.0372021192742,70.5396729518472,71.2958498142754,1396100,"TROW",0.00292907838148716,2.26236555483535,"Financial_Serv"
"TROW","2018-11-14",70.0874786376953,72.2374024056878,69.3461260043236,71.748106952748,1540000,"TROW",-0.0137696412588742,2.23121359274883,"Financial_Serv"
"TROW","2018-11-15",71.2143096923828,71.2217248000781,69.1681811419506,69.4943723516321,1447100,"TROW",0.0160774945338304,2.26708591709006,"Financial_Serv"
"TROW","2018-11-16",71.0734481811523,71.4811885590736,70.2727863268086,70.9029346607374,1260200,"TROW",-0.00197799447665692,2.26260163366795,"Financial_Serv"
"TROW","2018-11-19",70.3988342285156,71.0882922945198,69.5017983630385,71.0586375151564,1190300,"TROW",-0.00949178589052355,2.24112550340562,"Financial_Serv"
"TROW","2018-11-20",68.2044067382812,70.0503722499985,67.8189060584308,69.4647032960176,2268300,"TROW",-0.0311713612062272,2.17126657083048,"Financial_Serv"
"TROW","2018-11-21",70.0652160644531,70.5100263678858,68.5454414003159,68.6937152721733,1860300,"TROW",0.0272828313471343,2.23050487049212,"Financial_Serv"
"TROW","2018-11-23",70.1690063476562,70.8362246441613,69.249730948066,69.4869634917044,737500,"TROW",0.00148133823076558,2.23380900263069,"Financial_Serv"
"TROW","2018-11-26",71.1401748657227,71.8073931498129,70.6212304536913,71.0956955321399,1080400,"TROW",0.0138404199890575,2.26472585740243,"Financial_Serv"
"TROW","2018-11-27",70.3321075439453,71.0512146547893,69.9540162183994,70.7917424337559,1258800,"TROW",-0.0113588042664018,2.23900127967114,"Financial_Serv"
"TROW","2018-11-28",72.9045867919922,72.9490717787582,69.9391774160758,70.3988179055278,1666100,"TROW",0.0365761717923713,2.32089537511973,"Financial_Serv"
"TROW","2018-11-29",72.55615234375,73.3568085369344,71.9778927930207,72.3782237176475,1491200,"TROW",-0.00477932135101902,2.30980307029994,"Financial_Serv"
"TROW","2018-11-30",73.660758972168,73.8460970320504,71.584970439057,72.1706393870138,3022300,"TROW",0.0152241621521586,2.34496788678174,"Financial_Serv"
"TROW","2018-12-03",73.823860168457,75.2250155017999,73.4086990524551,74.6319314252651,2057100,"TROW",0.00221422095787377,2.35016016382219,"Financial_Serv"
"TROW","2018-12-04",70.6286392211914,73.7868019645846,70.4284765659379,73.7423226314327,1952500,"TROW",-0.0432816834553831,2.24844127554219,"Financial_Serv"
"TROW","2018-12-06",70.3246765136719,70.4136408219138,67.8411475499566,68.9828307200851,2339400,"TROW",-0.00430367498045085,2.23876471507963,"Financial_Serv"
"TROW","2018-12-07",69.1533355712891,71.6368644271623,69.0717863729589,70.2505393676873,2103900,"TROW",-0.0166561867107215,2.20147543198388,"Financial_Serv"
"TROW","2018-12-10",68.5380096435547,69.5981435315124,67.2999528086586,69.0050651563619,1358500,"TROW",-0.00889799346121266,2.18188671798507,"Financial_Serv"
"TROW","2018-12-11",68.226676940918,70.3617759883399,67.7892816342189,69.8947202436807,1600200,"TROW",-0.00454248240145673,2.17197553596665,"Financial_Serv"
"TROW","2018-12-12",69.7019424438477,70.6657027195946,69.034729882559,69.5017798066749,2072600,"TROW",0.0216230009884142,2.21894016512767,"Financial_Serv"
"TROW","2018-12-13",69.6571350097656,69.9185535215243,68.6114552642347,69.7467609575136,1474700,"TROW",-0.000642843405951397,2.21751373407432,"Financial_Serv"
"TROW","2018-12-14",68.6935958862305,69.776617557175,68.4023002451214,68.9400785667057,1936700,"TROW",-0.0138325976714384,2.18683975875998,"Financial_Serv"
"TROW","2018-12-17",67.9915237426758,69.7094267878133,67.7375759299755,68.6861534106752,1960100,"TROW",-0.0102203434613825,2.16448950533044,"Financial_Serv"
"TROW","2018-12-18",67.8197326660156,69.1940504583956,67.4686824890391,68.5741110266497,1806600,"TROW",-0.00252665431223936,2.159020588588,"Financial_Serv"
"TROW","2018-12-19",66.0346069335938,68.8056545653013,65.7806534508935,68.1334314622667,1863300,"TROW",-0.0263216273825921,2.10219165314385,"Financial_Serv"
"TROW","2018-12-20",65.2055358886719,66.4678155394637,64.9142401462971,65.5192381191529,2156900,"TROW",-0.0125550992641724,2.07579842826631,"Financial_Serv"
"TROW","2018-12-21",64.8171310424805,67.4686753642567,64.5258353303243,65.6387344792927,4232900,"TROW",-0.00595662378811741,2.06343367796916,"Financial_Serv"
"TROW","2018-12-24",63.450267791748,65.3773050249967,63.3307646547726,64.398850653186,1005500,"TROW",-0.0210879936947008,2.01992000157872,"Financial_Serv"
"TROW","2018-12-26",66.9607772827148,67.0205317132813,63.1813921775795,63.8610860036568,1588900,"TROW",0.055326945230377,2.1316760048758,"Financial_Serv"
"TROW","2018-12-27",68.2006454467773,68.2454641157115,65.7283644703323,65.7433002276466,1290800,"TROW",0.0185163347018458,2.17114683125798,"Financial_Serv"
"TROW","2018-12-28",68.2230606079102,69.0297283693597,67.7301007749108,68.559175024429,1093600,"TROW",0.000328664941306236,2.17186041110384,"Financial_Serv"
"TROW","2018-12-31",68.9550247192383,69.2313846479762,68.2155822647985,68.7757671511761,1449400,"TROW",0.0107289837894382,2.1951622662475,"Financial_Serv"
"TROW","2019-01-02",68.5965270996094,69.0297382593244,67.386530982574,67.386530982574,1180500,"TROW",-0.0051990064696313,2.18374960342338,"Financial_Serv"
"TROW","2019-01-03",66.3333587646484,68.4471244658591,66.1615719216287,67.9765712063104,1909000,"TROW",-0.03299246231044,2.111702326937,"Financial_Serv"
"TROW","2019-01-04",68.7010879516602,68.760836684899,66.6321349161799,67.214726379356,1823800,"TROW",0.0356943961696927,2.18707826638715,"Financial_Serv"
"TROW","2019-01-07",68.6039886474609,69.3957206571625,68.0736808636824,68.7608397639168,1372800,"TROW",-0.00141335904705818,2.18398713953273,"Financial_Serv"
"TROW","2019-01-08",68.9550247192383,69.7019379010751,68.2902724432831,69.2239139205792,1691000,"TROW",0.00511684639185095,2.1951622662475,"Financial_Serv"
"TROW","2019-01-09",69.2015075683594,69.9708272353537,68.3500269953273,69.5749641599873,1470400,"TROW",0.00357454514917063,2.20300897287795,"Financial_Serv"
"TROW","2019-01-10",68.9326324462891,69.3284956025122,68.2678800332924,69.0446705863608,1678100,"TROW",-0.0038853939967234,2.19444941504001,"Financial_Serv"
"TROW","2019-01-11",67.4089126586914,68.5218116709959,66.8786049991571,68.5218116709959,2427300,"TROW",-0.0221044769875125,2.14594225844499,"Financial_Serv"
"TROW","2019-01-14",68.1110229492188,68.7757753039748,66.6470736230989,66.7366995685067,1472000,"TROW",0.0104156893033167,2.16829372627181,"Financial_Serv"
"TROW","2019-01-15",69.2762145996094,69.2911503595699,68.0213999185445,68.0960901153407,1297500,"TROW",0.0171072405014289,2.20538724852489,"Financial_Serv"
"TROW","2019-01-16",71.1584167480469,71.5841570362776,69.4629263225652,69.6048416514739,2030900,"TROW",0.0271695293877693,2.26530658218509,"Financial_Serv"
"TROW","2019-01-17",70.7625579833984,71.2704592089497,69.7094132898043,70.5907711312463,1865900,"TROW",-0.00556306313067741,2.25270453865806,"Financial_Serv"
"TROW","2019-01-18",72.1592864990234,72.2787896507721,71.0762646115388,71.5020049181667,1554700,"TROW",0.0197382423053825,2.29716896668453,"Financial_Serv"
"TROW","2019-01-22",70.5608978271484,71.935215514484,70.224783435129,71.8381188404319,1713300,"TROW",-0.0221508380892407,2.24628474883987,"Financial_Serv"
"TROW","2019-01-23",69.9260101318359,70.7700199275346,69.2761936493808,70.7700199275346,1435900,"TROW",-0.00899772699700862,2.22607329191226,"Financial_Serv"
"TROW","2019-01-24",70.1052856445312,70.4862130385996,69.649668057125,69.8289256608351,1016200,"TROW",0.00256378867258854,2.23178047340242,"Financial_Serv"
"TROW","2019-01-25",70.6206512451172,71.3003393507391,70.4637944453239,70.6579934891427,1033400,"TROW",0.00735130876149764,2.24818698075028,"Financial_Serv"
"TROW","2019-01-28",70.5459442138672,70.6803888078079,69.8363790060381,70.1799583686655,1053600,"TROW",-0.0010578638108377,2.24580870510335,"Financial_Serv"
"TROW","2019-01-29",69.2762145996094,70.8895502031914,69.2538081104202,70.8447315263163,1681000,"TROW",-0.0179986196004195,2.20538724852489,"Financial_Serv"
"TROW","2019-01-30",66.6545257568359,67.7226117547662,64.6901462872626,67.2296520549111,5357100,"TROW",-0.037843996787726,2.12192658057602,"Financial_Serv"
"TROW","2019-01-31",69.806526184082,69.9110936049571,66.8487497825508,66.8487497825508,2456500,"TROW",0.0472886183114555,2.22226955672981,"Financial_Serv"
"TROW","2019-02-01",70.321891784668,70.5833103127938,69.5376305017939,69.7990490299197,1309500,"TROW",0.00738277104961364,2.23867606407767,"Financial_Serv"
"TROW","2019-02-04",71.0837173461914,71.0986587991355,70.0679150887902,70.5534097365693,1267900,"TROW",0.0108334053904041,2.26292854941762,"Financial_Serv"
"TROW","2019-02-05",70.6579971313477,71.6513931892668,70.0828763969449,71.1360211880839,1678000,"TROW",-0.00598899763177002,2.24937587569429,"Financial_Serv"
"TROW","2019-02-06",70.3741760253906,71.0165219556678,70.1052867662748,70.6206587959962,1201600,"TROW",-0.00401682919810804,2.24034051699928,"Financial_Serv"
"TROW","2019-02-07",70.0156631469727,70.5758482179873,69.2836911786719,70.0903533500752,1450300,"TROW",-0.00509438118733524,2.22892736841626,"Financial_Serv"
"TROW","2019-02-08",68.9998397827148,70.0604608639993,68.2529265781882,69.8662618352436,1953600,"TROW",-0.0145085159320059,2.19658894018031,"Financial_Serv"
"TROW","2019-02-11",69.2164535522461,69.5152200093938,69.0446666858711,69.4480005482461,1461500,"TROW",0.00313933728271517,2.20348477373501,"Financial_Serv"
"TROW","2019-02-12",72.5178070068359,72.5626256782344,69.933487763704,70.0007129215537,1598900,"TROW",0.0476960792580612,2.30858235814701,"Financial_Serv"
"TROW","2019-02-13",73.2946014404297,73.8921343709391,72.7792351288241,72.7792351288241,1694200,"TROW",0.0107117750198999,2.33331137298239,"Financial_Serv"
"TROW","2019-02-14",72.7045288085938,73.2273714724076,72.1294081467436,72.8763213534815,1403200,"TROW",-0.0080506970532546,2.3145265899876,"Financial_Serv"
"TROW","2019-02-15",72.8837890625,73.0779823852922,72.2713204862813,73.0406401455992,1696000,"TROW",0.00246559955540295,2.32023328571884,"Financial_Serv"
"TROW","2019-02-19",72.7493515014648,72.8837961140568,72.0323154671396,72.7045328316036,1553300,"TROW",-0.00184454681575175,2.31595350679986,"Financial_Serv"
"TROW","2019-02-20",73.3319473266602,73.3319473266602,72.1368871976901,72.4729959001048,1446100,"TROW",0.00800826142324556,2.3345002679264,"Financial_Serv"
"TROW","2019-02-21",72.5252838134766,73.4663962127734,72.2115815798765,73.3917060188443,1190300,"TROW",-0.0110001649020757,2.30882038001527,"Financial_Serv"
"TROW","2019-02-22",73.2348403930664,73.2945891172746,72.5924945952413,72.5924945952413,1007600,"TROW",0.00978357535855647,2.33140889819252,"Financial_Serv"
"TROW","2019-02-25",73.2796630859375,74.362685073317,73.1004054925325,73.7950350777851,1100000,"TROW",0.000612040561985541,2.33283581500479,"Financial_Serv"
"TROW","2019-02-26",73.5784149169922,74.0414974161261,72.8315017780072,73.1750811381209,1124500,"TROW",0.00407687233365595,2.34234648879794,"Financial_Serv"
"TROW","2019-02-27",74.8705825805664,74.9154012505413,73.3991625663828,73.5186714216547,1096800,"TROW",0.0175617763039878,2.38348225386064,"Financial_Serv"
"TROW","2019-02-28",75.0125045776367,75.3038003150895,74.4000358862621,74.990098089909,1317600,"TROW",0.00189556421465792,2.38800029752733,"Financial_Serv"
"TROW","2019-03-01",75.1917495727539,76.4316282051317,75.0797114544012,75.3710128415164,1099700,"TROW",0.00238953486657244,2.39370650749966,"Financial_Serv"
"TROW","2019-03-04",74.3477554321289,75.9909625202838,73.772628962327,75.5353449215824,1975900,"TROW",-0.0112245578194503,2.36683821040344,"Financial_Serv"
"TROW","2019-03-05",73.802490234375,74.4971197266994,73.7651479940967,74.4971197266994,1152700,"TROW",-0.00733398331374875,2.34947985846199,"Financial_Serv"
"TROW","2019-03-06",73.242301940918,74.1386011433857,73.2348369123064,73.8547704982814,1126000,"TROW",-0.00759037116062125,2.33164643430186,"Financial_Serv"
"TROW","2019-03-07",71.9053421020508,73.3095427768816,71.7335552312979,73.063060016066,1223800,"TROW",-0.018253929811568,2.28908472394472,"Financial_Serv"
"TROW","2019-03-08",72.3310775756836,72.3908320042982,71.0090436089367,71.3750295118334,1106800,"TROW",0.00592077669317799,2.30263788342697,"Financial_Serv"
"TROW","2019-03-11",74.0116424560547,74.0564611328438,72.7941757249737,72.7941757249737,1043900,"TROW",0.0232343404342709,2.35613815590736,"Financial_Serv"
"TROW","2019-03-12",75.0125045776367,75.1320077450166,74.1236759077957,74.1236759077957,1241400,"TROW",0.0135230362192854,2.38800029752733,"Financial_Serv"
"TROW","2019-03-13",75.6996688842773,75.7818298108294,74.9154132651398,75.4009023966787,1227000,"TROW",0.00916066341884933,2.40987596449709,"Financial_Serv"
"TROW","2019-03-14",75.7673950195312,75.9705827653313,75.1201959157963,75.9705827653313,1180400,"TROW",0.000894668844026778,2.4120320054405,"Financial_Serv"
"TROW","2019-03-15",77.0918884277344,77.1897187041651,75.3986363306191,75.6018240559908,2842200,"TROW",0.0174810471953232,2.45419685076423,"Financial_Serv"
"TROW","2019-03-18",77.4004516601562,77.6337481299984,77.0618034583442,77.1445851506185,1539200,"TROW",0.00400253825292036,2.46401986753961,"Financial_Serv"
"TROW","2019-03-19",77.2424163818359,78.3938271717513,76.9790226948539,77.5058100688179,1684700,"TROW",-0.00204178754685052,2.45898886245888,"Financial_Serv"
"TROW","2019-03-20",75.9028396606445,77.1897104274811,75.7899550512975,77.1897104274811,1122500,"TROW",-0.0173425014899769,2.41634384444785,"Financial_Serv"
"TROW","2019-03-21",76.9940567016602,77.1445714525019,75.2932830787783,75.7071857251041,1210200,"TROW",0.0143764982429428,2.4510824074819,"Financial_Serv"
"TROW","2019-03-22",74.3224716186523,76.5199349271139,74.021447910557,76.37694737392,1243000,"TROW",-0.0346985884035151,2.36603330788159,"Financial_Serv"
"TROW","2019-03-25",73.9161071777344,74.7965969861104,73.4269442592307,74.4278458746758,950100,"TROW",-0.00546758513364598,2.3530968193417,"Financial_Serv"
"TROW","2019-03-26",75.1728744506836,75.2330803535612,74.2622817004755,74.5557783000653,942100,"TROW",0.0170026171687758,2.39310562372203,"Financial_Serv"
"TROW","2019-03-27",74.57080078125,75.8200469913437,74.044013669493,75.3158356498692,872200,"TROW",-0.0080091878065482,2.37393879134074,"Financial_Serv"
"TROW","2019-03-28",74.57080078125,75.2029510569073,74.3074072253715,74.6836853742119,1266100,"TROW",0,2.37393879134074,"Financial_Serv"
"TROW","2019-03-29",75.345947265625,75.4663533015113,74.8417301245493,75.2782142054299,935400,"TROW",0.0103947721662378,2.39861534421332,"Financial_Serv"
"TROW","2019-04-01",77.7391052246094,77.9874445586703,76.2415133382556,76.2640891193928,1802700,"TROW",0.0317622652025002,2.47480080089501,"Financial_Serv"
"TROW","2019-04-02",77.7165222167969,78.0326003713327,77.3628254164868,77.76167951976,687000,"TROW",-0.000290497398281747,2.47408187770108,"Financial_Serv"
"TROW","2019-04-03",77.7391052246094,78.4841347098956,77.6788993138757,78.2207410273754,948600,"TROW",0.000290581811541988,2.47480080089501,"Financial_Serv"
"TROW","2019-04-04",77.5208435058594,78.1003094609056,76.9940505324489,77.7014554508471,646500,"TROW",-0.00280761809798791,2.4678525053775,"Financial_Serv"
"TROW","2019-04-05",78.5969848632812,78.6797665188218,77.5960835674182,77.8820529055723,1035000,"TROW",0.0138819614022974,2.50211113860371,"Financial_Serv"
"TROW","2019-04-08",78.6421661376953,78.8604082446712,78.3411423438819,78.5970145781663,828200,"TROW",0.000574847425669762,2.50354947075048,"Financial_Serv"
"TROW","2019-04-09",78.1304244995117,78.6346360339701,77.7089946488064,78.3185636459411,782200,"TROW",-0.00650721697171439,2.48725833114489,"Financial_Serv"
"TROW","2019-04-10",78.3035049438477,78.3336021508306,76.994052519627,78.2658748227935,1026700,"TROW",0.00221527587293499,2.49276829451563,"Financial_Serv"
"TROW","2019-04-11",78.8302993774414,79.4850256492529,78.499172654932,78.7098875723286,887500,"TROW",0.00672759711039142,2.50953863529069,"Financial_Serv"
"TROW","2019-04-12",79.6957473754883,80.1247044201368,78.8528818923406,79.898935137037,779900,"TROW",0.0109786212266313,2.53708990942114,"Financial_Serv"
"TROW","2019-04-15",78.9807968139648,79.9892254385245,78.7324575500394,79.7709833799142,669700,"TROW",-0.00897100014828811,2.5143296754675,"Financial_Serv"
"TROW","2019-04-16",80.2827529907227,80.4106862581324,79.0786633589647,79.2893783268283,823700,"TROW",0.0164844649494294,2.55577705487406,"Financial_Serv"
"TROW","2019-04-17",79.8387069702148,80.5235360608821,79.4248043886635,80.5235360608821,977800,"TROW",-0.00553102632839616,2.54164098469404,"Financial_Serv"
"TROW","2019-04-18",79.6957473754883,79.9666682185875,79.1840086431399,79.8011048431878,1319300,"TROW",-0.00179060508557454,2.53708990942114,"Financial_Serv"
"TROW","2019-04-22",80.1397399902344,80.3354062876558,79.2065715388831,79.6581042900821,1312800,"TROW",0.00557109543943685,2.55122427944496,"Financial_Serv"
"TROW","2019-04-23",80.8998107910156,81.1105256586141,79.2517104827214,80.1246786388287,988600,"TROW",0.00948431827797133,2.5754209025097,"Financial_Serv"
"TROW","2019-04-24",82.6005935668945,84.0831306203798,79.8838644543915,84.0831306203798,1547800,"TROW",0.0210233220479644,2.62956480555222,"Financial_Serv"
"TROW","2019-04-25",81.0202255249023,82.4877082217756,80.8998137438513,82.4726538783693,1234300,"TROW",-0.0191326475240437,2.57925426898596,"Financial_Serv"
"TROW","2019-04-26",81.3137435913086,81.404046709454,79.8312061585416,81.1180772660748,880600,"TROW",0.00362277523303159,2.58859832747133,"Financial_Serv"
"TROW","2019-04-29",80.7342529296875,81.584645370579,80.7041499834874,81.3287731986528,776200,"TROW",-0.0071266016792152,2.57015041828396,"Financial_Serv"
"TROW","2019-04-30",80.8998107910156,81.0051682248149,79.9214852011091,80.8396049026876,1152500,"TROW",0.00205065205065205,2.5754209025097,"Financial_Serv"
"TROW","2019-05-01",79.8236694335938,81.2309521856683,79.7408877574982,81.2309521856683,975800,"TROW",-0.0133021492497902,2.54116226928349,"Financial_Serv"
"TROW","2019-05-02",79.2140960693359,80.4031309348048,78.3336006310837,80.0042769221902,1008100,"TROW",-0.00763649890543962,2.52175668639556,"Financial_Serv"
"TROW","2019-05-03",80.4181900024414,80.4633415562419,79.4850215274117,79.5452216852954,537100,"TROW",0.0152005008307048,2.56008865100195,"Financial_Serv"
"TROW","2019-05-06",79.575309753418,79.9214849981003,78.4314265858393,79.063571187029,943300,"TROW",-0.0104812138770824,2.53325581430651,"Financial_Serv"
"TROW","2019-05-07",77.7391052246094,79.2065884140446,77.1295304261464,78.5142376652624,1419300,"TROW",-0.0230750534870488,2.47480080089501,"Financial_Serv"
"TROW","2019-05-08",77.5057830810547,78.152982053169,77.4606315337373,77.520837424527,894900,"TROW",-0.0030013484575177,2.46737306132858,"Financial_Serv"
"TROW","2019-05-09",77.3929214477539,77.618690734467,75.6469902873675,76.7758252378299,1144700,"TROW",-0.00145617047934026,2.46378014551515,"Financial_Serv"
"TROW","2019-05-10",79.4624481201172,79.8462535912499,76.8059242580807,77.2047783348327,1627900,"TROW",0.0267405162339087,2.52966289849308,"Financial_Serv"
"TROW","2019-05-13",76.1060333251953,78.5969991314373,75.9781001039716,77.9196971638556,1602500,"TROW",-0.0422390056476519,2.42281245303698,"Financial_Serv"
"TROW","2019-05-14",77.6638107299805,78.2658580888218,76.2490069007171,76.4070430405644,898500,"TROW",0.0204685139498585,2.47240382352986,"Financial_Serv"
"TROW","2019-05-15",78.2357711791992,78.6873039200861,76.7532339910213,76.8059127150989,928100,"TROW",0.00736456843725229,2.49061201069277,"Financial_Serv"
"TROW","2019-05-16",79.2517166137695,79.9741701049471,78.3636997876565,78.529263122592,940300,"TROW",0.0129856895286849,2.52295432500004,"Financial_Serv"
"TROW","2019-05-17",78.5518341064453,80.0042681722317,78.0250469288231,78.6571915419697,917900,"TROW",-0.00883113372464942,2.50067377797478,"Financial_Serv"
"TROW","2019-05-20",78.3637008666992,78.7399790907156,77.784234927996,78.2884463702059,796000,"TROW",-0.00239502033130321,2.49468461343457,"Financial_Serv"
"TROW","2019-05-21",79.5301666259766,79.6882027930014,78.9281191636009,79.0410037804901,485200,"TROW",0.0148852816594454,2.53181869655703,"Financial_Serv"
"TROW","2019-05-22",79.2291488647461,79.6505786752339,78.9431794564223,79.251724641515,500400,"TROW",-0.00378495071745705,2.52223588756503,"Financial_Serv"
"TROW","2019-05-23",77.3552703857422,78.4916321183114,76.9789921986775,78.4314262304091,1123100,"TROW",-0.0236513771238771,2.46258153539285,"Financial_Serv"
"TROW","2019-05-24",78.0777359008789,78.2207234713911,77.4079610835593,77.9272268993769,766700,"TROW",0.00933957714237246,2.48558100561203,"Financial_Serv"
"TROW","2019-05-28",76.7156143188477,78.0777397975374,76.6855113687348,77.8820734925793,1607300,"TROW",-0.0174457105641548,2.44221827880436,"Financial_Serv"
"TROW","2019-05-29",76.9187927246094,77.0015743919903,75.6093461320706,76.2715937295678,974200,"TROW",0.0026484622141884,2.44868640163458,"Financial_Serv"
"TROW","2019-05-30",77.2348709106445,77.7992882811327,76.7457137827951,77.1746707547041,831800,"TROW",0.0041092452811474,2.4587486546755,"Financial_Serv"
"TROW","2019-05-31",76.1135635375977,76.7306596345866,75.7899640146918,76.414587284274,1341200,"TROW",-0.0145181491187336,2.42305217506144,"Financial_Serv"
"TROW","2019-06-03",74.8191680908203,76.5425232163738,74.2698050446501,76.2941781859706,2356600,"TROW",-0.017006107540057,2.38184548919718,"Financial_Serv"
"TROW","2019-06-04",77.4004516601562,77.4079788344226,75.172884626118,75.9781200260628,1249200,"TROW",0.0345002976537057,2.46401986753961,"Financial_Serv"
"TROW","2019-06-05",77.8444519042969,77.8971306334969,76.4371690791668,77.5885796899319,667800,"TROW",0.00573640378857356,2.47815448044289,"Financial_Serv"
"TROW","2019-06-06",78.0626831054688,78.3035009398706,77.4380598738312,78.0024772114808,753900,"TROW",0.00280342652344925,2.48510180444257,"Financial_Serv"
"TROW","2019-06-07",79.537712097168,79.6505909984767,78.1078533512254,78.4540287121923,961200,"TROW",0.0188954431620848,2.53205890434041,"Financial_Serv"
"TROW","2019-06-10",80.5009765625,81.0729211587229,79.9365591395507,80.2601586917037,950700,"TROW",0.0121107892084606,2.56272413599428,"Financial_Serv"
"TROW","2019-06-11",80.2752075195312,81.6523874133227,79.981710918107,81.1256001137281,867800,"TROW",-0.00280455036211226,2.55553684709068,"Financial_Serv"
"TROW","2019-06-12",79.6656341552734,80.3805605570393,79.1388468846618,80.2902574486777,787000,"TROW",-0.00759354454623491,2.53613126420275,"Financial_Serv"
"TROW","2019-06-13",80.4160537719727,80.6131349906518,79.3851811877393,79.9460984283669,872000,"TROW",0.0094196151785675,2.56002064475388,"Financial_Serv"
"TROW","2019-06-14",80.3023529052734,80.4387928495455,77.8161190612669,77.8161190612669,792800,"TROW",-0.00141390756404969,2.55640101220014,"Financial_Serv"
"TROW","2019-06-17",79.6277389526367,80.5676554050848,79.4912990012274,80.3857373975621,808300,"TROW",-0.0084009238612536,2.53492488193781,"Financial_Serv"
"TROW","2019-06-18",81.4090270996094,81.8638249706101,79.9006119439472,79.9991496513589,1045900,"TROW",0.0223701962457101,2.59163164901489,"Financial_Serv"
"TROW","2019-06-19",81.7425537109375,81.8638362442097,80.6434582227384,81.4014567064811,1346600,"TROW",0.00409692417672592,2.60224936737491,"Financial_Serv"
"TROW","2019-06-20",83.0690383911133,83.7588196820146,81.9168834160557,82.7203598357265,1185200,"TROW",0.0162275904037274,2.64447760423703,"Financial_Serv"
"TROW","2019-06-21",82.1063842773438,83.258539270212,82.0533246220749,83.2509634502227,1673200,"TROW",-0.0115886030753971,2.61383180293975,"Financial_Serv"
"TROW","2019-06-24",81.1513061523438,82.5536078066842,80.7874701620055,82.3186243722274,913200,"TROW",-0.0116322029450704,2.58342718094368,"Financial_Serv"
"TROW","2019-06-25",80.2871856689453,81.2877432823647,80.0143057940974,81.2877432823647,594800,"TROW",-0.0106482634028865,2.55591816783881,"Financial_Serv"
"TROW","2019-06-26",81.0224685668945,81.2574462784709,80.1280300021929,80.3781709240408,674100,"TROW",0.00915816007028906,2.57932567554644,"Financial_Serv"
"TROW","2019-06-27",82.2731552124023,82.4778122562061,80.9011798225353,81.4469338670351,724800,"TROW",0.0154362940012771,2.61914090499922,"Financial_Serv"
"TROW","2019-06-28",83.1600189208984,83.6299800964251,82.424759413651,83.000839921866,3896100,"TROW",0.0107795028184649,2.64737394176661,"Financial_Serv"
"TROW","2019-07-01",82.6597213745117,84.4864943685788,81.9775217112024,84.4864943685788,1175800,"TROW",-0.00601608264258093,2.63144712134713,"Financial_Serv"
"TROW","2019-07-02",82.318603515625,82.8188851044225,81.8334851293732,82.6521245748233,825100,"TROW",-0.0041267724257283,2.62058773792699,"Financial_Serv"
"TROW","2019-07-03",83.1600189208984,83.5693388254404,82.386862956588,82.6824819238011,487300,"TROW",0.010221448971905,2.64737394176661,"Financial_Serv"
"TROW","2019-07-05",83.6981811523438,83.7209201788387,82.4550642506888,83.2888613262278,648800,"TROW",0.00647140583213685,2.66450617293321,"Financial_Serv"
"TROW","2019-07-08",82.5915069580078,83.6678633239792,82.4020073534465,83.213065429646,785200,"TROW",-0.0132222012366268,2.62927553611845,"Financial_Serv"
"TROW","2019-07-09",83.2433929443359,83.2812951816102,82.1973571225585,82.2807374181063,1142100,"TROW",0.00789289371677847,2.65002812847716,"Financial_Serv"
"TROW","2019-07-10",82.9629135131836,84.115074193969,82.7582565120677,83.349494274256,987600,"TROW",-0.00336938970447658,2.6410991509845,"Financial_Serv"
"TROW","2019-07-11",82.8644027709961,83.4253200890006,81.6667636521439,83.4253200890006,1081400,"TROW",-0.00118740697518833,2.63796309143045,"Financial_Serv"
"TROW","2019-07-12",83.8422164916992,83.9180151868429,82.6824796850995,83.2812992079527,830400,"TROW",0.011800166151024,2.6690914942096,"Financial_Serv"
"TROW","2019-07-15",83.6678466796875,84.0316883926154,83.4404506692919,83.8497704276853,968600,"TROW",-0.00207973762274024,2.66354048421056,"Financial_Serv"
"TROW","2019-07-16",83.6526947021484,84.4789100915626,83.5996350512968,84.0392754629638,619000,"TROW",-0.000181096778994087,2.66305812560815,"Financial_Serv"
"TROW","2019-07-17",82.5308837890625,83.8422238846492,82.462666692339,83.8422238846492,782400,"TROW",-0.0134103380301164,2.62734561594989,"Financial_Serv"
"TROW","2019-07-18",83.0993728637695,83.0993728637695,82.0912392612946,82.5308739929381,1181900,"TROW",0.00688819807334198,2.64544329295968,"Financial_Serv"
"TROW","2019-07-19",82.220085144043,83.3722401362541,81.9623626878348,83.3570827132153,1762900,"TROW",-0.0105811595132979,2.61745143549349,"Financial_Serv"
"TROW","2019-07-22",82.5232925415039,82.6066728328493,81.4469303577002,82.1063910847768,937900,"TROW",0.00368775338689741,2.62710395088977,"Financial_Serv"
"TROW","2019-07-23",83.7815628051758,83.9862256131074,82.7810051415902,83.114526290475,1170000,"TROW",0.0152474558990608,2.66716060252321,"Financial_Serv"
"TROW","2019-07-24",85.8584899902344,85.9115496554193,82.9553600478709,83.0387403478858,1762000,"TROW",0.0247897880574064,2.73327894857483,"Financial_Serv"
"TROW","2019-07-25",86.3511657714844,87.1319031026384,85.7371889932114,85.9645907986071,1620200,"TROW",0.00573823021236499,2.74896313241636,"Financial_Serv"
"TROW","2019-07-26",87.3214263916016,87.6852682224224,86.4724717581359,86.8287319845665,1165300,"TROW",0.0112362191227949,2.77985108453267,"Financial_Serv"
"TROW","2019-07-29",87.1395034790039,88.1400612287904,86.9879060981242,87.5488233470624,1034600,"TROW",-0.00208337083022218,2.7740596238708,"Financial_Serv"
"TROW","2019-07-30",87.4426956176758,87.4881736709539,86.0782961886451,86.4648769907153,986500,"TROW",0.00347938795342033,2.78371165350816,"Financial_Serv"
"TROW","2019-07-31",85.9494476318359,87.8596070498953,85.1914491478913,87.4881836289524,1951700,"TROW",-0.017076875035609,2.73617455746604,"Financial_Serv"
"TROW","2019-08-01",83.7360992431641,86.4876318484489,83.1751819454758,86.0555729140146,1173600,"TROW",-0.0257517465167751,2.66571328383652,"Financial_Serv"
"TROW","2019-08-02",83.4177093505859,83.9634632303547,81.8334900080152,83.3722255233045,1155200,"TROW",-0.00380230146204377,2.65557743832,"Financial_Serv"
"TROW","2019-08-05",80.1280059814453,82.3110391774253,79.6353058905868,82.1670234214404,1713600,"TROW",-0.0394365104814223,2.55085073083946,"Financial_Serv"
"TROW","2019-08-06",81.3029174804688,81.5454767594535,79.8551376274473,80.9618146992571,1373400,"TROW",0.0146629319503533,2.58825368152127,"Financial_Serv"
"TROW","2019-08-07",81.1361389160156,81.5985183427441,79.5367620366239,80.7874603911671,1338400,"TROW",-0.00205132324425123,2.58294433658235,"Financial_Serv"
"TROW","2019-08-08",83.5693283081055,83.6072305434683,81.6061151173756,82.2579884576773,1158300,"TROW",0.0299889719254258,2.66040418177705,"Financial_Serv"
"TROW","2019-08-09",82.3565292358398,83.0766254193933,81.6136882419785,82.9705061035659,1166500,"TROW",-0.0145124903696036,2.62179509170976,"Financial_Serv"
"TROW","2019-08-12",80.8102340698242,82.333812929028,80.4388163619335,81.4469501404941,1232100,"TROW",-0.0187756232609996,2.57256925480028,"Financial_Serv"
"TROW","2019-08-13",82.2882995605469,82.8719615323608,80.3099233915358,80.8405257098275,1170600,"TROW",0.0182905730658512,2.61962302072217,"Financial_Serv"
"TROW","2019-08-14",79.8627166748047,81.4090341974822,79.6732170634433,80.4463729332474,1248900,"TROW",-0.0294766436868399,2.5424053263465,"Financial_Serv"
"TROW","2019-08-15",79.9385070800781,80.7495651013462,79.3927473306139,80.1355882747332,940900,"TROW",0.00094900860412814,2.54481809087638,"Financial_Serv"
"TROW","2019-08-16",81.3862838745117,81.7197992117351,80.3554056691267,80.5903833040222,601700,"TROW",0.018111131259723,2.59090762535236,"Financial_Serv"
"TROW","2019-08-19",83.0918045043945,83.4025809078277,82.3034853054144,82.8189245592448,722900,"TROW",0.0209558730131054,2.64520235653793,"Financial_Serv"
"TROW","2019-08-20",81.7273712158203,82.7658309019038,81.6743115695572,82.5687497373261,696400,"TROW",-0.0164207926005754,2.60176603725467,"Financial_Serv"
"TROW","2019-08-21",82.4474792480469,82.7052016981908,82.1063822985487,82.6748810697581,700500,"TROW",0.00881109989852663,2.62469045772151,"Financial_Serv"
"TROW","2019-08-22",82.7582702636719,83.1903291449928,81.916891529036,82.9098676390911,507800,"TROW",0.00376956358714099,2.63458439529846,"Financial_Serv"
"TROW","2019-08-23",80.0521926879883,82.6597084222474,79.5367536657061,82.2428070869208,1199400,"TROW",-0.0326985758288797,2.54843723767121,"Financial_Serv"
"TROW","2019-08-26",80.8481063842773,81.1892033268514,79.794483362601,80.8708454093732,585500,"TROW",0.00994243467372866,2.57377490842685,"Financial_Serv"
"TROW","2019-08-27",81.1664657592773,81.8486654397443,80.7268253226355,81.3408021435215,796000,"TROW",0.0039377468346236,2.58390978242554,"Financial_Serv"
"TROW","2019-08-28",81.6894989013672,81.8259388678692,80.2796269582728,80.6737836486842,816700,"TROW",0.00644395609932124,2.6005603836281,"Financial_Serv"
"TROW","2019-08-29",83.3722534179688,83.5541772218274,81.0755188876475,82.7279558494109,724300,"TROW",0.0205993981996797,2.65413036251277,"Financial_Serv"
"TROW","2019-08-30",83.8498001098633,84.8579337673173,83.5541811435548,83.8801207452629,1051700,"TROW",0.00572788514543867,2.66933291639026,"Financial_Serv"
"TROW","2019-09-03",83.1903305053711,84.3349097926315,82.5081307386904,83.2509717697581,900200,"TROW",-0.00786489179017869,2.64833890185089,"Financial_Serv"
"TROW","2019-09-04",84.1226577758789,84.8048516510299,83.417719092897,84.1681358254041,744900,"TROW",0.0112071591114501,2.67801925730498,"Financial_Serv"
"TROW","2019-09-05",87.2077255249023,87.3896435368537,85.1611262039393,85.494647378408,1143700,"TROW",0.0366734460202474,2.77623145197893,"Financial_Serv"
"TROW","2019-09-06",87.6397857666016,87.9354047092235,87.1470856012085,87.39722648591,799800,"TROW",0.00495438034989048,2.78998595853137,"Financial_Serv"
"TROW","2019-09-09",89.231575012207,89.337694328462,87.9202351998146,88.3901963025646,918600,"TROW",0.0181628609846748,2.84066008564537,"Financial_Serv"
"TROW","2019-09-10",89.3301162719727,89.5726755449108,87.9126628701123,89.4362355924413,1045800,"TROW",0.00110433173181292,2.84379711671724,"Financial_Serv"
"TROW","2019-09-11",91.0280151367188,91.0659173658061,88.4659829064861,89.3528395496741,1221500,"TROW",0.0190070150538784,2.89784921132486,"Financial_Serv"
"TROW","2019-09-12",90.1050033569336,92.2943101098582,89.4489725739938,92.2943101098582,1595600,"TROW",-0.0101398649459603,2.86846541168827,"Financial_Serv"
"TROW","2019-09-13",90.7305526733398,91.0967060006186,90.2423443570334,90.8068341315311,1014400,"TROW",0.00694244817824663,2.88837958416001,"Financial_Serv"
"TROW","2019-09-16",89.13623046875,90.1202768565367,88.8158448968849,89.7159799463401,827500,"TROW",-0.0175720543699313,2.83762482106615,"Financial_Serv"
"TROW","2019-09-17",89.9677124023438,89.9982261448357,88.205580147818,88.9684062504123,739600,"TROW",0.00932821512892288,2.86409479585222,"Financial_Serv"
"TROW","2019-09-18",89.3345718383789,89.8609237498229,88.4420666302013,89.8151502228049,766600,"TROW",-0.0070374198371676,2.84393895832036,"Financial_Serv"
"TROW","2019-09-19",88.4878082275391,89.5557656977135,88.3199855910959,89.2430042716331,997800,"TROW",-0.00947856572673544,2.8169824959811,"Financial_Serv"
"TROW","2019-09-20",87.2215270996094,88.8463502984795,87.0079367384191,88.7929527081819,2402000,"TROW",-0.0143102327122122,2.77667082091738,"Financial_Serv"
"TROW","2019-09-23",87.6029281616211,87.7707507996158,86.4586892515483,86.7104232085403,863500,"TROW",0.0043727858786071,2.78881260787263,"Financial_Serv"
"TROW","2019-09-24",87.1681442260742,88.7166862459484,86.6112843789412,88.1216769423037,859600,"TROW",-0.00496312103568878,2.7749713933539,"Financial_Serv"
"TROW","2019-09-25",87.2062759399414,87.5190374216572,84.5821524012766,87.2673034222129,1244100,"TROW",0.000437450105261979,2.77618530488203,"Financial_Serv"
"TROW","2019-09-26",85.4593963623047,87.2749259779497,85.367860966491,87.2749259779497,1562400,"TROW",-0.0200315809706149,2.72057392415785,"Financial_Serv"
"TROW","2019-09-27",86.2222213745117,86.8477384582747,84.9940710556757,84.9940710556757,1049500,"TROW",0.00892616897237418,2.74485822670672,"Financial_Serv"
"TROW","2019-09-30",87.1528625488281,87.686838372152,85.9170824464072,86.725681890169,1016200,"TROW",0.0107935188804068,2.77448490580072,"Financial_Serv"
"TROW","2019-10-01",84.9864501953125,87.5266564341381,84.810997648896,87.0308183541617,965600,"TROW",-0.0248576155751841,2.70551782659317,"Financial_Serv"
"TROW","2019-10-02",83.1861724853516,84.4600904298212,82.7818698416293,84.4600904298212,1484200,"TROW",-0.0211831145532448,2.6482065325466,"Financial_Serv"
"TROW","2019-10-03",83.5523452758789,83.7735655524653,81.904643857717,82.7284916568472,1010000,"TROW",0.00440184684049292,2.65986353210487,"Financial_Serv"
"TROW","2019-10-04",84.6584320068359,84.8338787276214,83.384508164222,83.6667558792731,788500,"TROW",0.0132382487565714,2.6950754672014,"Financial_Serv"
"TROW","2019-10-07",83.8574752807617,84.8110079270817,83.7354203084801,84.132093148494,882500,"TROW",-0.00946103899029861,2.66957725312441,"Financial_Serv"
"TROW","2019-10-08",82.1868591308594,83.5065504712286,81.9503849691347,83.1861649966533,1281600,"TROW",-0.0199220897637209,2.61639369545648,"Financial_Serv"
"TROW","2019-10-09",82.4309844970703,83.1327889151117,82.2860514991312,82.9649662460127,1227400,"TROW",0.00297036982301802,2.6241653523346,"Financial_Serv"
"TROW","2019-10-10",82.7742691040039,83.7430557764286,82.583562562039,82.6217003784909,970600,"TROW",0.00416450936535635,2.63509371352064,"Financial_Serv"
"TROW","2019-10-11",84.6279296875,85.6424839808652,84.0100365868415,84.2312568549907,1193500,"TROW",0.0223941643165343,2.69410443513069,"Financial_Serv"
"TROW","2019-10-14",84.1549606323242,84.4600921837775,83.8498290808709,84.1625905215831,786300,"TROW",-0.00558880569242664,2.67904760892764,"Financial_Serv"
"TROW","2019-10-15",84.9635543823242,85.8026676046409,83.979508183344,84.6050310653983,892200,"TROW",0.00960839080577522,2.70478894534149,"Financial_Serv"
"TROW","2019-10-16",84.7270812988281,85.2534330869802,84.1931054412104,84.9406716418752,924900,"TROW",-0.00278322964729086,2.69726089655915,"Financial_Serv"
"TROW","2019-10-17",84.1015853881836,85.3755036975139,84.0100441524604,85.200056937255,701800,"TROW",-0.00738247914428256,2.67734842424362,"Financial_Serv"
"TROW","2019-10-18",83.4608001708984,84.246510064124,82.7589957881069,84.2236262140147,1269600,"TROW",-0.00761918118817279,2.65694922149544,"Financial_Serv"
"TROW","2019-10-21",84.6279296875,84.6813272818876,83.9337551405593,83.9718987736511,863400,"TROW",0.0139841639932961,2.69410443513069,"Financial_Serv"
"TROW","2019-10-22",82.5301513671875,84.8720270839228,82.3089311165635,84.8720270839228,1353800,"TROW",-0.0247882504990826,2.62732229952198,"Financial_Serv"
"TROW","2019-10-23",82.6750869750977,83.7583044124296,82.3852151650517,82.5682917914017,1970700,"TROW",0.00175615342404158,2.63193628057435,"Financial_Serv"
"TROW","2019-10-24",86.46630859375,86.5959875909646,82.9649407495603,84.6355253969642,1969300,"TROW",0.0458568809222334,2.75262866918755,"Financial_Serv"
"TROW","2019-10-25",86.7409515380859,86.9621717963068,85.4365196595295,86.6112725032361,982000,"TROW",0.00317630009656489,2.7613718438953,"Financial_Serv"
"TROW","2019-10-28",89.3116607666016,89.7235874648162,86.9697854077904,87.3130547463526,1244500,"TROW",0.029636627024859,2.84320959130977,"Financial_Serv"
"TROW","2019-10-29",89.8303985595703,90.3491205137692,88.9150037945659,88.9150037945659,1073900,"TROW",0.00580817542206912,2.85972345137781,"Financial_Serv"
"TROW","2019-10-30",89.6854553222656,90.0134707450649,89.0217945868623,89.304042310634,676100,"TROW",-0.00161352103106355,2.85510922744598,"Financial_Serv"
"TROW","2019-10-31",88.3352432250977,89.6854425329767,87.8317753279869,89.3345433107025,924500,"TROW",-0.015054972875103,2.81212563547133,"Financial_Serv"
"TROW","2019-11-01",89.2277679443359,89.8304012488657,88.785327419,89.2506517956635,792000,"TROW",0.010103834966118,2.84053888879612,"Financial_Serv"
"TROW","2019-11-04",90.4177551269531,90.7076327005213,89.3803114129087,90.0744857918222,854400,"TROW",0.0133365118284652,2.87842176928576,"Financial_Serv"
"TROW","2019-11-05",90.8754653930664,91.5391261528388,89.792253797034,89.792253797034,892700,"TROW",0.00506217241813428,2.892992836574,"Financial_Serv"
"TROW","2019-11-06",91.5848922729492,91.6840633826398,90.7457847950099,91.3407881735505,844600,"TROW",0.00780658318297801,2.91557722580047,"Financial_Serv"
"TROW","2019-11-07",91.828987121582,92.9122044096985,91.630656561982,92.4163663708981,705200,"TROW",0.00266523050445198,2.92334791116076,"Financial_Serv"
"TROW","2019-11-08",91.2187423706055,91.4933602199622,90.501684006185,91.4247028476725,1004900,"TROW",-0.0066454479147047,2.90392095488058,"Financial_Serv"
"TROW","2019-11-11",91.8595123291016,91.8747721093765,90.402517587501,90.8068144662713,576200,"TROW",0.00702454278412171,2.92431967186985,"Financial_Serv"
"TROW","2019-11-12",92.4774169921875,92.9579953729101,91.4475970307937,91.9434351937052,820500,"TROW",0.0067266268611594,2.94399047912527,"Financial_Serv"
"TROW","2019-11-13",91.9891967773438,92.0349703009622,90.9822665562582,91.8366338850192,577700,"TROW",-0.00527934527934528,2.92844813688686,"Financial_Serv"
"TROW","2019-11-14",92.2332992553711,92.5079112753594,91.4323295857111,92.0044491154966,603000,"TROW",0.00265359940709325,2.9362190651266,"Financial_Serv"
"TROW","2019-11-15",92.6528396606445,93.1639316529723,92.3324541567883,92.8359162600052,619300,"TROW",0.00454868695645197,2.94957500648943,"Financial_Serv"
"TROW","2019-11-18",92.576545715332,92.6909707569278,91.8137198645596,92.301927943462,642300,"TROW",-0.000823438823806572,2.94714621191536,"Financial_Serv"
"TROW","2019-11-19",93.0418930053711,93.5148414253095,92.4240057755028,92.9579816754012,697000,"TROW",0.00502662187753236,2.96196040154046,"Financial_Serv"
"TROW","2019-11-20",92.2485427856445,92.7596347776919,91.3941756225967,92.5155307053782,601200,"TROW",-0.00852680651801403,2.9367043382825,"Financial_Serv"
"TROW","2019-11-21",91.5619964599609,92.4087337172231,90.6160939258654,92.1722595386742,603100,"TROW",-0.0074423541548933,2.91484834454879,"Financial_Serv"
"TROW","2019-11-22",92.3171997070312,92.4163708114966,91.6077712961734,92.3095756373804,540700,"TROW",0.00824799891077686,2.93889001051971,"Financial_Serv"
"TROW","2019-11-25",93.5072250366211,93.5377387791077,92.3706099536231,92.782536747341,522200,"TROW",0.0128906133782913,2.97677410540664,"Financial_Serv"
"TROW","2019-11-26",93.6979064941406,93.7360442971195,92.721490275405,93.3698911250435,1177500,"TROW",0.00203921630061049,2.98284439168562,"Financial_Serv"
"TROW","2019-11-27",94.3692016601562,94.5599081559095,93.4843265462093,93.8504797589114,755700,"TROW",0.00716446280534138,3.00421486938398,"Financial_Serv"
"TROW","2019-11-29",94.2547836303711,94.590428950305,93.949657870323,94.2166458203155,322700,"TROW",-0.00121245096675926,3.00057240616124,"Financial_Serv"
"TROW","2019-12-02",93.2631072998047,94.5217713490775,93.1944499342587,94.3539486998544,934100,"TROW",-0.0105212307786452,2.96900269140798,"Financial_Serv"
"TROW","2019-12-03",92.1417617797852,92.2104133325968,90.7305347129467,91.859514038457,751100,"TROW",-0.0120234630014507,2.93330499739663,"Financial_Serv"
"TROW","2019-12-04",92.8511734008789,93.3470114208013,92.2180264803611,92.5841854885823,532600,"TROW",0.00769913237375701,2.95588890086419,"Financial_Serv"
"TROW","2019-12-05",93.8276062011719,93.9115175340983,93.0495261739186,93.4004254662015,563300,"TROW",0.0105161062001584,2.98697334246155,"Financial_Serv"
"TROW","2019-12-06",94.5141372680664,95.0481131101859,94.4378558363208,95.0404832210413,776300,"TROW",0.00731694108685421,3.00882885043634,"Financial_Serv"
"TROW","2019-12-09",94.9718399047852,95.3379989567406,94.0183073756206,94.2395276207749,939800,"TROW",0.00484268967530844,3.02339967484512,"Financial_Serv"
"TROW","2019-12-10",93.3317565917969,94.5904206106771,93.2249614212156,94.5904206106771,1413900,"TROW",-0.0172691538316259,2.97118812076573,"Financial_Serv"
"TROW","2019-12-11",94.2929153442383,94.3997105107392,93.3241231368224,93.6216306091037,835700,"TROW",0.010298303466474,3.00178631768936,"Financial_Serv"
"TROW","2019-12-12",95.620231628418,96.2381246051909,93.858105547025,94.3463136892283,1031300,"TROW",0.0140765218609904,3.04404102841234,"Financial_Serv"
"TROW","2019-12-13",94.5688018798828,95.635597656466,94.1697093581179,95.236505134701,751200,"TROW",-0.0109958920892498,3.01056908174867,"Financial_Serv"
"TROW","2019-12-16",94.5841522216797,95.7046713554265,94.4920584483378,95.3593079945891,806600,"TROW",0.000162319300781375,3.01105775521697,"Financial_Serv"
"TROW","2019-12-17",94.4152755737305,94.9448380223537,94.2003823642604,94.6378452136532,913000,"TROW",-0.0017854645200331,3.00568161842726,"Financial_Serv"
"TROW","2019-12-18",93.9394683837891,94.8757940755514,93.563405162728,94.5534483163823,1015100,"TROW",-0.00503951492012371,2.99053444106605,"Financial_Serv"
"TROW","2019-12-19",94.0315628051758,94.1697093156625,93.5787528213263,93.7092228991742,852400,"TROW",0.000980359192692763,2.99346623899642,"Financial_Serv"
"TROW","2019-12-20",94.0469284057617,95.0600010013817,93.5173657346184,95.0600010013817,2137100,"TROW",0.000163408967452487,2.99395539822364,"Financial_Serv"
"TROW","2019-12-23",93.3408279418945,94.5380936910977,93.2487283244935,94.5380936910977,675500,"TROW",-0.00750795880138419,2.97147690444059,"Financial_Serv"
"TROW","2019-12-24",93.7859497070312,93.9624724877557,93.010799982088,93.6247797883183,318900,"TROW",0.00476877883935003,2.9856472206241,"Financial_Serv"
"TROW","2019-12-26",94.3001861572266,94.3615800527212,93.7015473690828,94.3615800527212,310600,"TROW",0.00548308623841509,3.00201778181227,"Financial_Serv"
"TROW","2019-12-27",94.2617797851562,94.5841195914554,94.0545630112213,94.3999262529131,511100,"TROW",-0.000407277796952358,3.00079512662368,"Financial_Serv"
"TROW","2019-12-30",93.4866561889648,94.6455516276293,93.2103631591455,94.6455516276293,614100,"TROW",-0.00822309527740816,2.97611930238947,"Financial_Serv"
"TROW","2019-12-31",93.5096817016602,93.7629512938334,92.8112785341736,93.2103652219655,896300,"TROW",0.000246297318076828,2.97685231259193,"Financial_Serv"
"TROW","2020-01-02",96.0577011108398,96.0653716870807,93.8243337903899,93.9010805406105,1399600,"TROW",0.0272487229430324,3.05796773650007,"Financial_Serv"
"TROW","2020-01-03",95.7430419921875,96.3493513375117,94.4843764175961,95.0906857629204,958800,"TROW",-0.00327573026434666,3.04795065903822,"Financial_Serv"
"TROW","2020-01-06",96.3339996337891,96.3723759411389,94.6148476328399,95.2902331676217,771300,"TROW",0.0061723299083163,3.06676361605008,"Financial_Serv"
"TROW","2020-01-07",96.7177276611328,97.2165903197102,96.1267712446284,96.2572413052928,826700,"TROW",0.00398330837297819,3.07897948123983,"Financial_Serv"
"TROW","2020-01-08",97.6387100219727,98.2373428933648,96.8942542209946,97.0861240313332,751100,"TROW",0.00952237385132397,3.10829867494075,"Financial_Serv"
"TROW","2020-01-09",98.4522323608398,98.6057258610516,97.3393898458001,97.9994224364339,903200,"TROW",0.00833196524907091,3.13419691148409,"Financial_Serv"
"TROW","2020-01-10",97.8229064941406,98.9050492138653,97.5696369311873,98.5673564632608,955000,"TROW",-0.0063921949925184,3.11416251368094,"Financial_Serv"
"TROW","2020-01-13",100.562797546387,100.593503272103,98.0991900438053,98.2143130936347,1733200,"TROW",0.0280086858021358,3.20138611306342,"Financial_Serv"
"TROW","2020-01-14",99.5650863647461,100.731658180413,99.327169655344,100.57048237457,980800,"TROW",-0.00992127512344125,3.16962428065935,"Financial_Serv"
"TROW","2020-01-15",99.8874359130859,100.324904777765,99.0125098945336,99.5574254032172,663100,"TROW",0.00323757614349824,3.17988618061427,"Financial_Serv"
"TROW","2020-01-16",101.322624206543,101.33796536133,100.340251603132,100.555144878202,921900,"TROW",0.0143680562058457,3.22557496398552,"Financial_Serv"
"TROW","2020-01-17",101.506813049316,101.890552718397,100.992603298045,101.683341728873,1418600,"TROW",0.0018178451675114,3.23143855984625,"Financial_Serv"
"TROW","2020-01-21",101.537528991699,102.013362481752,101.000295743122,101.107742392838,1491700,"TROW",0.000302599810397844,3.23241639254177,"Financial_Serv"
"TROW","2020-01-22",101.760093688965,102.489196797249,101.491482917916,102.005692725039,1178100,"TROW",0.00219194518003112,3.23950167207326,"Financial_Serv"
"TROW","2020-01-23",102.235931396484,102.266625418339,100.263503806629,100.877489640983,1108400,"TROW",0.0046760737954306,3.25464982095229,"Financial_Serv"
"TROW","2020-01-24",100.677947998047,103.272032270227,100.056291521177,102.811551629601,1019900,"TROW",-0.0152390982031106,3.20505189271407,"Financial_Serv"
"TROW","2020-01-27",98.6517791748047,100.309537191151,97.7998825810403,99.7876569142295,1197400,"TROW",-0.020125249506292,3.14054942369258,"Financial_Serv"
"TROW","2020-01-28",100.770027160645,101.261213408769,99.0585517241691,99.8413721219017,1336000,"TROW",0.0214719694217217,3.20798320488551,"Financial_Serv"
"TROW","2020-01-29",104.469268798828,105.520723304846,101.690997740103,102.957333782356,1782100,"TROW",0.0367097414024348,3.32574743876022,"Financial_Serv"
"TROW","2020-01-30",104.814643859863,104.876031892637,101.522151411472,101.614245171437,1521100,"TROW",0.00330599673000708,3.33674234891759,"Financial_Serv"
"TROW","2020-01-31",102.481506347656,104.638121230233,102.143813593937,104.569050906283,1954800,"TROW",-0.0222596521467594,3.26246762492732,"Financial_Serv"
"TROW","2020-02-03",103.241325378418,104.377191536704,102.189870706208,103.05712611864,1477800,"TROW",0.00741420630746901,3.28665623296997,"Financial_Serv"
"TROW","2020-02-04",104.998832702637,105.835382261668,104.146930279817,104.760916012527,1122500,"TROW",0.0170232929282613,3.34260594477831,"Financial_Serv"
"TROW","2020-02-05",105.866088867188,106.671944416128,104.139260566946,106.664262128768,1172600,"TROW",0.00825967434330346,3.37021478134017,"Financial_Serv"
"TROW","2020-02-06",105.735618591309,107.040330962299,105.106279990838,106.065629044626,1058000,"TROW",-0.00123240857648558,3.36606129973905,"Financial_Serv"
"TROW","2020-02-07",106.096343994141,106.349613571651,104.968148471961,105.367229281245,729000,"TROW",0.00341157887604852,3.37754488336472,"Financial_Serv"
"TROW","2020-02-10",106.28052520752,106.526124193204,105.459328484597,105.912138439798,783100,"TROW",0.00173598077412618,3.38340823634599,"Financial_Serv"
"TROW","2020-02-11",106.38028717041,107.308942109682,106.111664779245,106.7179798756,751300,"TROW",0.000938666446141787,3.38658412813105,"Financial_Serv"
"TROW","2020-02-12",106.28052520752,107.063357335882,105.236752939971,106.579841652069,940300,"TROW",-0.000937786177723103,3.38340823634599,"Financial_Serv"
"TROW","2020-02-13",104.699531555176,105.919820911473,104.476967696359,105.919820911473,1258200,"TROW",-0.0148756665368068,3.33307778366422,"Financial_Serv"
"TROW","2020-02-14",105.443962097168,105.520714698052,104.461589702029,104.730212094319,713900,"TROW",0.0071101611529167,3.35677650384128,"Financial_Serv"
"TROW","2020-02-18",105.743301391602,106.06564130564,104.868375421839,105.451655498079,870700,"TROW",0.00283884717986743,3.36630587935266,"Financial_Serv"
"TROW","2020-02-19",106.725677490234,106.955923639451,105.528411567273,106.165420838757,866800,"TROW",0.00929019697422494,3.39757952404734,"Financial_Serv"
"TROW","2020-02-20",105.712593078613,106.948235104102,105.014184170554,106.61054237006,1105100,"TROW",-0.00949241490374978,3.3653282895366,"Financial_Serv"
"TROW","2020-02-21",104.584381103516,105.63582373178,103.486879891795,105.63582373178,1059000,"TROW",-0.0106724463211177,3.32941200401358,"Financial_Serv"
"TROW","2020-02-24",101.11540222168,102.251268356606,100.470722391922,101.5835650837,1288800,"TROW",-0.0331691868827183,3.21897811504288,"Financial_Serv"
"TROW","2020-02-25",97.1168441772461,102.228253946889,96.6870575860962,101.875219980219,1866000,"TROW",-0.0395445002104366,3.09168523429518,"Financial_Serv"
"TROW","2020-02-26",97.1705551147461,99.2734526228789,97.1475316724983,97.6233650933586,1697200,"TROW",0.000553054806867212,3.09339510567533,"Financial_Serv"
"TROW","2020-02-27",91.974723815918,96.1651662799271,91.9133299171413,95.0599941263068,2036100,"TROW",-0.0534712526103459,2.92798739455616,"Financial_Serv"
"TROW","2020-02-28",90.5702209472656,90.6469676952665,87.2547110771728,88.9738628250798,3329700,"TROW",-0.015270530971785,2.88327547236259,"Financial_Serv"
"TROW","2020-03-02",96.3032989501953,96.4491160261489,90.3783581981742,91.4144540154955,2737000,"TROW",0.0632998124876803,3.06578626911347,"Financial_Serv"
"TROW","2020-03-03",94.7760238647461,97.1552086930436,92.9417486755933,95.505132764894,2985900,"TROW",-0.0158590110837124,3.0171659306913,"Financial_Serv"
"TROW","2020-03-04",98.8206329345703,98.9587853016593,95.198135466108,96.2112079333412,2005900,"TROW",0.0426754458025823,3.14592483184392,"Financial_Serv"
"TROW","2020-03-05",93.6401596069336,96.111444116088,92.0668245557058,95.9656211620065,2083500,"TROW",-0.0524229927880217,2.98100603707251,"Financial_Serv"
"TROW","2020-03-06",89.6032028198242,90.846521318074,87.4082116870263,89.6262262605581,2228700,"TROW",-0.0431113830225729,2.85249074401567,"Financial_Serv"
"TROW","2020-03-09",79.5415573120117,85.0443827041464,79.4341106742179,81.4679320702905,3009100,"TROW",-0.112291136825149,2.53218131558694,"Financial_Serv"
"TROW","2020-03-10",86.5639877319336,87.2854201208456,81.5062962881264,82.9875315162828,2795300,"TROW",0.0882863079028678,2.75573825488073,"Financial_Serv"
"TROW","2020-03-11",80.9843902587891,84.5378221604041,79.7948011934235,83.7166197758405,2359200,"TROW",-0.0644563359352519,2.57811346417452,"Financial_Serv"
"TROW","2020-03-12",70.4008636474609,77.3695697448918,70.3624873485409,74.5068758496534,3494000,"TROW",-0.130686007235567,2.24119010934129,"Financial_Serv"
"TROW","2020-03-13",83.1897583007812,83.2130098721634,73.6407246718488,75.4544182007117,3063400,"TROW",0.181658206884534,2.64832068589158,"Financial_Serv"
"TROW","2020-03-16",75.6094512939453,84.1353758271523,68.4399238455667,71.1837161733511,3687200,"TROW",-0.0911206759301854,2.40700391491325,"Financial_Serv"
"TROW","2020-03-17",83.7943420410156,84.4531623395332,75.2606644934524,76.9658530516757,3420600,"TROW",0.108252217242658,2.66756742561437,"Financial_Serv"
"TROW","2020-03-18",84.0268402099609,84.9026828023714,76.4310163683371,78.7097647035083,3937200,"TROW",0.00277462849259571,2.6749689341994,"Financial_Serv"
"TROW","2020-03-19",79.5313568115234,84.608158553335,77.9889415574916,83.0269867402216,3098100,"TROW",-0.0535005646672476,2.53185658575238,"Financial_Serv"
"TROW","2020-03-20",70.0210876464844,79.3686049645806,69.7575619176823,79.3686049645806,3946300,"TROW",-0.119578862304297,2.22910005571047,"Financial_Serv"
"TROW","2020-03-23",66.2076644897461,70.1838486315468,63.9521734439675,69.7420510506157,3411500,"TROW",-0.0544610671572415,2.10770088787621,"Financial_Serv"
"TROW","2020-03-24",69.3700103759766,72.1060556491275,67.8120900514398,69.8738161032908,3037100,"TROW",0.0477640453050604,2.20837320857425,"Financial_Serv"
"TROW","2020-03-25",72.0750579833984,74.1522832961041,68.858458268587,70.207108657793,4559500,"TROW",0.0389944818050461,2.29448757747475,"Financial_Serv"
"TROW","2020-03-26",78.5469970703125,79.0818068364678,72.0905528844261,73.4159456013399,2229900,"TROW",0.0897944346906358,2.50051979239878,"Financial_Serv"
"TROW","2020-03-27",76.2915115356445,78.9733012262668,74.1445316495022,76.9038285505105,1625900,"TROW",-0.0287151083910813,2.428717095526,"Financial_Serv"
"TROW","2020-03-30",76.6015396118164,77.7641654065032,74.1910283244255,75.8342023296603,1966400,"TROW",0.00406372963297529,2.43858674515721,"Financial_Serv"
"TROW","2020-03-31",75.6869506835938,76.7565644309654,74.4080609532751,75.7179547519349,1796900,"TROW",-0.0119395632627934,2.40947108444159,"Financial_Serv"
"TROW","2020-04-01",72.7571334838867,74.4700683265791,71.5867550480485,72.5866140664693,2337500,"TROW",-0.038709674167678,2.31620124384642,"Financial_Serv"
"TROW","2020-04-02",75.2916488647461,75.9194649255463,71.9200351141431,72.0673029460526,1421600,"TROW",0.034835283627834,2.39688677111495,"Financial_Serv"
"TROW","2020-04-03",73.7802276611328,76.3069965519777,72.9043791962332,74.5553114490185,1159100,"TROW",-0.0200742210643892,2.34877113620528,"Financial_Serv"
"TROW","2020-04-06",79.6011199951172,80.1746863807918,75.7954608423457,77.72541823895,1623900,"TROW",0.0788950172493274,2.53407747551092,"Financial_Serv"
"TROW","2020-04-07",78.9810562133789,82.9339832020052,78.7407761661532,82.4921855841014,1419000,"TROW",-0.00778963639929082,2.51433793336905,"Financial_Serv"
"TROW","2020-04-08",81.7791137695312,82.1589032704005,77.9501969512384,79.1128229409139,1278000,"TROW",0.0354269452739779,2.6034132457348,"Financial_Serv"
"TROW","2020-04-09",81.5078201293945,84.2671167304034,80.8489941291896,82.5231780759279,1772800,"TROW",-0.00331739520803899,2.59477669510886,"Financial_Serv"
"TROW","2020-04-13",79.2445755004883,82.8564692773898,77.6246530038701,82.8564692773898,1192000,"TROW",-0.027767208414031,2.5227269898279,"Financial_Serv"
"TROW","2020-04-14",79.0043258666992,82.4689528853164,78.8725629833882,82.1356664717858,2505900,"TROW",-0.00303174863732575,2.51507871571414,"Financial_Serv"
"TROW","2020-04-15",76.7177886962891,78.2059480095519,75.9504515609402,78.2059480095519,1228800,"TROW",-0.0289419236899526,2.44228749944972,"Financial_Serv"
"TROW","2020-04-16",77.1518630981445,77.461897884962,74.7335988570742,76.6093007428585,1904600,"TROW",0.00565806717362365,2.45610612617891,"Financial_Serv"
"TROW","2020-04-17",80.2134399414062,80.8412619903008,79.0740655374577,79.9809182939895,2300100,"TROW",0.0396824745420224,2.55357049500351,"Financial_Serv"
"TROW","2020-04-20",78.3997344970703,79.5778593755198,77.3533724570711,78.5082457656083,1200000,"TROW",-0.0226109919442527,2.4958317331119,"Financial_Serv"
"TROW","2020-04-21",76.617057800293,77.9037001724912,76.1907651172826,76.9038410300222,909900,"TROW",-0.0227383001768196,2.43908076197357,"Financial_Serv"
"TROW","2020-04-22",77.9967041015625,78.6245261893357,76.8108264773781,78.3687470392585,746900,"TROW",0.0180070383917073,2.48300138289491,"Financial_Serv"
"TROW","2020-04-23",76.8573303222656,78.9888112680151,76.7488131246797,78.1207150812781,792300,"TROW",-0.0146079734063282,2.4467297647257,"Financial_Serv"
"TROW","2020-04-24",77.7719345092773,78.2214846992948,76.3612817064197,77.4309015318696,756100,"TROW",0.0119000254520519,2.47584591120023,"Financial_Serv"
"TROW","2020-04-27",82.5464401245117,82.7479636059257,78.5625091211536,79.0198058101618,1436700,"TROW",0.0613911129427394,2.62784084716354,"Financial_Serv"
"TROW","2020-04-28",88.274299621582,89.1733997302829,84.6624119384512,85.2592239038732,2025400,"TROW",0.0693895398569642,2.81018551436556,"Financial_Serv"
"TROW","2020-04-29",90.6228103637695,92.622528293426,89.367178199946,90.4367918790218,1531400,"TROW",0.0266046941437677,2.8849496404625,"Financial_Serv"
"TROW","2020-04-30",89.6229553222656,91.0723644426527,88.6230963136676,88.6230963136676,1543000,"TROW",-0.0110331497940792,2.8531195589309,"Financial_Serv"
"TROW","2020-05-01",85.6002883911133,87.6077533363716,85.2592495008149,87.6077533363716,1110400,"TROW",-0.0448843370170919,2.72505917909779,"Financial_Serv"
"TROW","2020-05-04",84.8639373779297,85.8250457035604,84.2283687953267,85.3367390457294,972100,"TROW",-0.00860220248113135,2.70161766826612,"Financial_Serv"
"TROW","2020-05-05",85.0034561157227,86.4296136710911,84.902697330179,84.9492004752882,909500,"TROW",0.00164402857213237,2.70605920490373,"Financial_Serv"
"TROW","2020-05-06",83.8640823364258,85.5072624649599,83.5463009869341,84.398892162586,844000,"TROW",-0.0134038524003747,2.66978758673453,"Financial_Serv"
"TROW","2020-05-07",86.2978363037109,86.8558976430893,84.8019300931837,85.0034476441876,993000,"TROW",0.0290202181849675,2.74726540500908,"Financial_Serv"
"TROW","2020-05-08",88.4060974121094,88.7471363348618,87.2202195932584,88.3673467521566,666600,"TROW",0.0244300575622633,2.81438125699227,"Financial_Serv"
"TROW","2020-05-11",87.3287124633789,88.6231013182674,86.2978493288488,86.894667317649,889500,"TROW",-0.0121867719565562,2.7800830344145,"Financial_Serv"
"TROW","2020-05-12",87.3907165527344,91.4056517049534,87.0419311358525,88.8478722697487,2219600,"TROW",0.000710008055843833,2.78205691576484,"Financial_Serv"
"TROW","2020-05-13",83.6625518798828,88.3828096438536,82.7634517838386,87.8014967617831,2819600,"TROW",-0.0426608777215125,2.66337192586711,"Financial_Serv"
"TROW","2020-05-14",87.2512054443359,87.3364651572151,81.817864960978,82.5696973854096,1741200,"TROW",0.0428943832553121,2.7776156220067,"Financial_Serv"
"TROW","2020-05-15",87.9797744750977,88.0727807578004,85.7940381302713,86.2823388547231,1798800,"TROW",0.00835024601724875,2.8008093957918,"Financial_Serv"
"TROW","2020-05-18",90.8553466796875,91.8164491760331,89.4291890564254,90.684827254941,1348100,"TROW",0.0326844689219312,2.89235236344481,"Financial_Serv"
"TROW","2020-05-19",88.5068359375,91.731182014181,88.4448278038239,90.3515335637046,1024300,"TROW",-0.0258488996852021,2.81758823734787,"Financial_Serv"
"TROW","2020-05-20",89.0106430053711,90.2895327777654,88.5765978611584,89.227671490899,1173000,"TROW",0.00569229554457084,2.83362678231776,"Financial_Serv"
"TROW","2020-05-21",88.8633804321289,90.1810208467346,88.1735561556867,88.3828262306006,838800,"TROW",-0.0016544378095696,2.82893872303089,"Financial_Serv"
"TROW","2020-05-22",89.2044143676758,89.5609582100724,87.8790214425443,89.1811627939155,851900,"TROW",0.00383773308969881,2.83979543477699,"Financial_Serv"
"TROW","2020-05-26",93.0488433837891,94.0409500303411,92.2892584062228,92.2892584062228,1642300,"TROW",0.0430968472060992,2.96218166472615,"Financial_Serv"
"TROW","2020-05-27",94.9167709350586,96.0871492459156,93.5138710089893,96.0871492459156,1086000,"TROW",0.0200746993013667,3.02164657092155,"Financial_Serv"
"TROW","2020-05-28",93.5216293334961,95.8546276926911,93.3046008669798,95.312071309953,1088100,"TROW",-0.0146985784263252,2.97723266182223,"Financial_Serv"
"TROW","2020-05-29",93.7076568603516,93.8626712951114,91.9172087977409,93.1650945118489,2246900,"TROW",0.00198913907062182,2.98315479163219,"Financial_Serv"
"TROW","2020-06-01",94.4594955444336,95.2888352435223,93.3356201209999,94.59125841405,802000,"TROW",0.00802323640641729,3.00708934776239,"Financial_Serv"
"TROW","2020-06-02",95.304313659668,96.102649113979,94.3354588047428,95.1492992482482,1109400,"TROW",0.00894370767454474,3.03398387584002,"Financial_Serv"
"TROW","2020-06-03",98.8309707641602,99.0789974283737,95.6763788567774,96.319694136398,1194900,"TROW",0.037004170840429,3.14625393350871,"Financial_Serv"
"TROW","2020-06-04",97.9318695068359,98.706953564529,96.7149877727947,97.8853663556694,1241600,"TROW",-0.00909736341120983,3.11763131809163,"Financial_Serv"
"TROW","2020-06-05",99.4277572631836,102.311070187338,99.0944709646729,100.915916864869,1560000,"TROW",0.0152747799452888,3.16525245042602,"Financial_Serv"
"TROW","2020-06-08",101.357734680176,101.47399254564,99.7378001846979,99.9858327334795,1089800,"TROW",0.0194108513569663,3.22669269524851,"Financial_Serv"
"TROW","2020-06-09",99.7067947387695,100.520635218041,99.1409867901435,99.2804962184997,837300,"TROW",-0.0162882482191973,3.17413552370123,"Financial_Serv"
"TROW","2020-06-10",99.0944976806641,100.37338758548,98.3814217517878,99.5827985184641,1085500,"TROW",-0.00614097624650034,3.15464323284701,"Financial_Serv"
"TROW","2020-06-11",92.327995300293,97.2730284000874,92.2039790391895,96.9164905195462,1471400,"TROW",-0.0682833309491756,2.93923368495194,"Financial_Serv"
"TROW","2020-06-12",94.4444732666016,95.85805356598,92.8434523625281,95.4753727586643,1054000,"TROW",0.0229234693055431,3.00661111811076,"Financial_Serv"
"TROW","2020-06-15",96.4984512329102,97.3653445793244,91.4767202266242,91.9531212893722,1288100,"TROW",0.0217479953592472,3.07199888275449,"Financial_Serv"
"TROW","2020-06-16",97.5215530395508,99.7707866322893,96.0064409483753,99.6770663315102,946500,"TROW",0.0106022614204579,3.10456901799281,"Financial_Serv"
"TROW","2020-06-17",97.8729782104492,99.333421384048,97.029513512592,97.029513512592,1019500,"TROW",0.00360356413474992,3.1157565315599,"Financial_Serv"
"TROW","2020-06-18",98.076057434082,99.0132366656515,96.8421002110447,96.943626074292,885800,"TROW",0.00207492637238591,3.12222149695717,"Financial_Serv"
"TROW","2020-06-19",100.442413330078,101.223397801374,96.8420744407276,98.6305295950085,3489700,"TROW",0.0241277632676716,3.19755371810499,"Financial_Serv"
"TROW","2020-06-22",97.9432907104492,100.29405028633,97.8573819197357,100.247193112646,1305800,"TROW",-0.0248811486778616,3.11799490863937,"Financial_Serv"
"TROW","2020-06-23",98.099479675293,99.7707863038247,98.0213824041208,99.7707863038247,1087000,"TROW",0.00159468773931124,3.12296713689141,"Financial_Serv"
"TROW","2020-06-24",94.530387878418,97.9510986859217,94.444479085583,97.9510986859217,1402800,"TROW",-0.0363823723498699,3.00934618368062,"Financial_Serv"
"TROW","2020-06-25",95.6940460205078,96.0064410650444,93.6556756539953,94.3195113996106,1038300,"TROW",0.0123098843473117,3.04639088716275,"Financial_Serv"
"TROW","2020-06-26",92.8903121948242,95.0302083757083,92.648202911966,94.8974424209265,1879500,"TROW",-0.0292989370005605,2.95713487248069,"Financial_Serv"
"TROW","2020-06-29",94.3585510253906,94.4366482869918,92.7965819596113,93.8665329147082,967500,"TROW",0.0158061567011098,3.00387580966143,"Financial_Serv"
"TROW","2020-06-30",96.4515914916992,97.2091474551462,93.8509115218571,94.4522729593815,1485900,"TROW",0.0221817783715795,3.07050711712709,"Financial_Serv"
"TROW","2020-07-01",95.6784210205078,96.9592352343683,95.2020199577188,96.5843600203031,831700,"TROW",-0.00801615047749571,3.04589347003398,"Financial_Serv"
"TROW","2020-07-02",95.8502349853516,98.154136989434,95.5690800749527,97.5059183927679,1066200,"TROW",0.00179574415015611,3.05136311541479,"Financial_Serv"
"TROW","2020-07-06",97.8261337280273,98.8648387289071,97.5371672778471,98.3572035001392,735100,"TROW",0.0206144381698986,3.11426525169142,"Financial_Serv"
"TROW","2020-07-07",96.0298614501953,97.5527849278464,95.5612719026255,96.5453141234297,1372600,"TROW",-0.0183618856166386,3.05708146935999,"Financial_Serv"
"TROW","2020-07-08",97.0139083862305,97.7011726921738,96.2875924667419,96.4515985184406,1200700,"TROW",0.0102473014245212,3.08840830465584,"Financial_Serv"
"TROW","2020-07-09",95.928337097168,97.1700997155079,94.2257904796529,97.0529508371794,1057200,"TROW",-0.0111898521265697,3.05384947242027,"Financial_Serv"
"TROW","2020-07-10",99.3959121704102,99.4818209571909,96.2094993785458,96.2563565500845,922300,"TROW",0.0361475574180943,3.1642386715708,"Financial_Serv"
"TROW","2020-07-13",100.067565917969,101.324951667323,99.7005021831531,100.53614955269,1498000,"TROW",0.00675735785197153,3.18562056460365,"Financial_Serv"
"TROW","2020-07-14",102.02783203125,102.230883745858,99.8410726743423,100.551771550791,1139600,"TROW",0.0195894253577447,3.24802504087205,"Financial_Serv"
"TROW","2020-07-15",103.136833190918,104.519179387881,102.246511147441,104.519179387881,898600,"TROW",0.0108695944781841,3.28332975592132,"Financial_Serv"
"TROW","2020-07-16",103.14461517334,104.034936910466,102.254281519338,102.254281519338,986700,"TROW",7.54529897914324e-05,3.28357749296787,"Financial_Serv"
"TROW","2020-07-17",104.472312927246,104.862805225932,102.402696594081,103.082161297273,984500,"TROW",0.0128721964949405,3.32584434766372,"Financial_Serv"
"TROW","2020-07-20",104.823768615723,105.011209235996,103.496096993541,103.714771758753,853400,"TROW",0.0033641036426686,3.33703283274864,"Financial_Serv"
"TROW","2020-07-21",105.393882751465,106.495074037156,104.347366114809,104.534806732654,1013000,"TROW",0.00543878686361859,3.35518224308286,"Financial_Serv"
"TROW","2020-07-22",106.370094299316,106.502860244005,105.05804596342,105.292343713938,850000,"TROW",0.00926250672587536,3.38625964117595,"Financial_Serv"
"TROW","2020-07-23",104.70662689209,107.197958133037,104.464511619261,106.416973414815,1208300,"TROW",-0.0156384876612566,3.33330366155961,"Financial_Serv"
"TROW","2020-07-24",104.628494262695,105.815594037655,104.066184470182,105.573478832838,999300,"TROW",-0.000746205199361969,3.3308163330363,"Financial_Serv"
"TROW","2020-07-27",104.808128356934,105.378243764175,102.543277839431,102.980627297966,1072000,"TROW",0.0017168754602094,3.33653492986096,"Financial_Serv"
"TROW","2020-07-28",104.597274780273,105.331402302373,103.761627351012,105.245493509002,1011400,"TROW",-0.00201180557238915,3.32982247029659,"Financial_Serv"
"TROW","2020-07-29",106.073333740234,107.908640394019,105.206440360435,105.432920650257,1262600,"TROW",0.0141118299980729,3.37681235892118,"Financial_Serv"
"TROW","2020-07-30",105.019004821777,105.565691682901,103.621035651675,104.526980688326,984300,"TROW",-0.00993962272402038,3.3432481180637,"Financial_Serv"
"TROW","2020-07-31",107.853988647461,108.025806229731,104.027156580494,104.792518227135,2524000,"TROW",0.0269949599169665,3.4334989670033,"Financial_Serv"
"TROW","2020-08-03",107.307266235352,108.588080347057,106.908968427822,108.041393576855,990300,"TROW",-0.00506909775860427,3.41609422508549,"Financial_Serv"
"TROW","2020-08-04",107.065147399902,107.728988899609,106.52626626292,107.408782438956,940400,"TROW",-0.00225631351858496,3.40838644550467,"Financial_Serv"
"TROW","2020-08-05",108.533447265625,109.306626426891,106.596608500787,106.596608500787,1006500,"TROW",0.0137140787770867,3.45512932572108,"Financial_Serv"
"TROW","2020-08-06",107.900856018066,108.595931969523,106.518509672584,108.595931969523,1028900,"TROW",-0.00582853731726026,3.43499097551015,"Financial_Serv"
"TROW","2020-08-07",109.048904418945,109.68930571695,107.682181106909,108.197621984904,1108800,"TROW",0.0106398451619947,3.47153874762243,"Financial_Serv"
"TROW","2020-08-10",108.291320800781,109.220694324022,107.736816525637,109.220694324022,759100,"TROW",-0.00694719146607442,3.4474213032608,"Financial_Serv"
"TROW","2020-08-11",108.525634765625,109.861111875152,108.088273341136,109.259750343751,782400,"TROW",0.0021637372516197,3.45488061715669,"Financial_Serv"
"TROW","2020-08-12",108.127319335938,111.298115018117,107.518152279602,109.47841940531,1116600,"TROW",-0.00367024280067758,3.44220036644437,"Financial_Serv"
"TROW","2020-08-13",107.197952270508,107.97113138934,106.807459932753,107.158912570237,817400,"TROW",-0.00859511796960641,3.41261424821976,"Financial_Serv"
"TROW","2020-08-14",106.948036193848,107.635306475576,106.276388941308,106.534115296956,698100,"TROW",-0.0023313512186269,3.40465824583347,"Financial_Serv"
"TROW","2020-08-17",107.760238647461,107.900822055117,106.760579434557,107.049551804842,1136600,"TROW",0.00759436528727962,3.43051446423068,"Financial_Serv"
"TROW","2020-08-18",107.182342529297,108.072664594102,107.033953532349,107.596263459266,541300,"TROW",-0.00536279545607408,3.41211731684991,"Financial_Serv"
"TROW","2020-08-19",107.104209899902,108.135115121951,106.823055013605,107.252598856125,665100,"TROW",-0.00072896922712036,3.4096299883266,"Financial_Serv"
"TROW","2020-08-20",106.448204040527,107.369760154288,106.338866672507,106.518489794923,607200,"TROW",-0.00612493066321194,3.38874624106089,"Financial_Serv"
"TROW","2020-08-21",105.292358398438,106.299823374229,104.761282628738,105.753136491362,763500,"TROW",-0.0108582916218087,3.35195024614314,"Financial_Serv"
"TROW","2020-08-24",106.159225463867,106.385717659598,105.440721099077,106.182665964183,629800,"TROW",0.00823295326095148,3.37954669585267,"Financial_Serv"
"TROW","2020-08-25",106.018669128418,106.987094410902,105.698462553135,106.362304290489,586100,"TROW",-0.00132401432692309,3.37507212760886,"Financial_Serv"
"TROW","2020-08-26",106.362312316895,107.018336630237,105.245497955886,106.174871691562,642700,"TROW",0.00324134599407502,3.3860119041294,"Financial_Serv"
"TROW","2020-08-27",107.885215759277,108.931732298069,105.792182681694,106.128000350772,1119400,"TROW",0.0143180738478635,3.43449307262247,"Financial_Serv"
"TROW","2020-08-28",108.642761230469,108.650566785893,107.127649296722,108.166360178279,738600,"TROW",0.00702177277822483,3.45860930258681,"Financial_Serv"
"TROW","2020-08-31",108.720901489258,109.166056637642,107.182360448239,108.517837810273,1332200,"TROW",0.000719240360830853,3.46109687398957,"Financial_Serv"
"TROW","2020-09-01",108.697448730469,109.002044214616,107.619697909233,108.697448730469,765600,"TROW",-0.000215715271560545,3.46035026253751,"Financial_Serv"
"TROW","2020-09-02",110.228172302246,110.634287654312,108.283516246408,108.767734829715,754200,"TROW",0.0140824241015352,3.50908038247442,"Financial_Serv"
"TROW","2020-09-03",105.495407104492,110.618664460632,104.917474178058,110.368755571417,976500,"TROW",-0.0429360761310334,3.35841424002258,"Financial_Serv"
"TROW","2020-09-04",103.300842285156,107.236999650787,102.363663094947,106.776221570492,1114500,"TROW",-0.020802467894761,3.2885509356172,"Financial_Serv"
"TROW","2020-09-08",99.9347915649414,103.293021866119,99.5442992537506,102.754152486854,1268300,"TROW",-0.0325849300523905,3.18139373340639,"Financial_Serv"
"TROW","2020-09-09",100.934463500977,101.574864736518,99.9660382156852,100.817308649814,925900,"TROW",0.0100032423181223,3.21321798583101,"Financial_Serv"
"TROW","2020-09-10",98.1229095458984,101.067224971013,97.8729946998105,100.832927195988,915800,"TROW",-0.0278552424767277,3.12371301970511,"Financial_Serv"
"TROW","2020-09-11",98.2010040283203,99.0288517737009,97.4746880965048,98.1307182728735,911100,"TROW",0.000795884292295115,3.12619913383113,"Financial_Serv"
"TROW","2020-09-14",100.222618103027,100.513661806536,98.9561674972741,98.9561674972741,1083300,"TROW",0.0205864908888713,3.19055660381654,"Financial_Serv"
"TROW","2020-09-15",99.6955871582031,101.316018199919,99.5068012315146,100.497937849073,1018000,"TROW",-0.00525860284633992,3.1737787337783,"Financial_Serv"
"TROW","2020-09-16",100.828285217285,101.599176408514,99.5697086651302,100.096739171711,1392400,"TROW",0.0113615666587589,3.20983783242227,"Financial_Serv"
"TROW","2020-09-17",100.261924743652,101.866619704728,99.1528009625733,100.678829640136,1654700,"TROW",-0.00561707929885254,3.1918079187811,"Financial_Serv"
"TROW","2020-09-18",100.663108825684,101.457585546674,99.9079592485091,99.9079592485091,1638500,"TROW",0.00400136026768875,3.20457949216941,"Financial_Serv"
"TROW","2020-09-21",98.1223449707031,100.513655084965,96.5884482533391,99.5067889318854,1649900,"TROW",-0.0252402681043784,3.12369504662526,"Financial_Serv"
"TROW","2020-09-22",98.7044296264648,99.2393279407188,96.7614900731985,98.0043369198341,1408200,"TROW",0.0059322334370985,3.14222553482815,"Financial_Serv"
"TROW","2020-09-23",96.667106628418,99.5225166153968,96.5412513624778,99.2000076202912,1219900,"TROW",-0.0206406440496833,3.07736797603993,"Financial_Serv"
"TROW","2020-09-24",97.0918884277344,97.9650315464941,95.6366518969336,96.8401718710629,1151600,"TROW",0.00439427447590047,3.09089077559,"Financial_Serv"
"TROW","2020-09-25",98.4999160766602,99.0190787759063,96.4547185922025,96.706435113345,768700,"TROW",0.0145020111538337,3.13571490809289,"Financial_Serv"
"TROW","2020-09-28",101.119354248047,101.536259211427,99.8371680383367,100.104620242129,1127600,"TROW",0.0265933035856403,3.21910392660182,"Financial_Serv"
"TROW","2020-09-29",100.285530090332,101.76436391484,99.8922226475102,100.395655694211,1086300,"TROW",-0.00824594029417419,3.19255938782232,"Financial_Serv"
"TROW","2020-09-30",100.85977935791,102.275688801955,99.9866362009818,101.552004420064,1598200,"TROW",0.00572614281502896,3.21084043882245,"Financial_Serv"
"TROW","2020-10-01",100.718170166016,101.677841339029,100.254070238861,101.001352020393,1007700,"TROW",-0.00140402044101265,3.20633235321352,"Financial_Serv"
"TROW","2020-10-02",101.54411315918,102.322866220439,99.0426835730351,99.7663678307145,1295600,"TROW",0.00820053612771802,3.23262599751351,"Financial_Serv"
"TROW","2020-10-05",105.020942687988,105.123206457809,102.472318294954,102.527375092157,978200,"TROW",0.0342395971626474,3.34330980944588,"Financial_Serv"
"TROW","2020-10-06",105.304153442383,107.844928708918,104.415286593226,105.524404697288,934000,"TROW",0.00269670741040609,3.35232573778429,"Financial_Serv"
"TROW","2020-10-07",107.947166442871,108.309014601821,106.224477778491,106.224477778491,845200,"TROW",0.0250988485647378,3.43646525381661,"Financial_Serv"
"TROW","2020-10-08",110.778984069824,110.794719729495,107.955039299853,109.213616009327,886900,"TROW",0.0262333669355907,3.52661530778139,"Financial_Serv"
"TROW","2020-10-09",111.864524841309,112.10049973994,110.637395354465,110.98350787618,916500,"TROW",0.00979915803163673,3.56117316849913,"Financial_Serv"
"TROW","2020-10-12",112.556716918945,113.650111089204,111.864504007227,112.171283321104,1189800,"TROW",0.00618777113315115,3.58320889303132,"Financial_Serv"
"TROW","2020-10-13",113.414123535156,114.161417246361,111.911698290816,112.564590057937,1193200,"TROW",0.00761755175240564,3.61050417221367,"Financial_Serv"
"TROW","2020-10-14",113.783843994141,115.420004476951,113.673718384855,114.090623334493,1174500,"TROW",0.00325991549782394,3.62227411071963,"Financial_Serv"
"TROW","2020-10-15",115.545867919922,115.608798555382,112.06116950118,112.651130705483,1157900,"TROW",0.0154857127684312,3.67836760716676,"Financial_Serv"
"TROW","2020-10-16",115.655975341797,116.969620643109,115.34133421677,115.947018982587,2200900,"TROW",0.000952932578699474,3.68187284349606,"Financial_Serv"
"TROW","2020-10-19",113.484931945801,117.111227017837,113.256806909345,116.348209625039,1490700,"TROW",-0.018771562727996,3.61275833645787,"Financial_Serv"
"TROW","2020-10-20",115.42790222168,116.773007299285,114.790733918674,114.790733918674,1040700,"TROW",0.0171209537915293,3.67461220499633,"Financial_Serv"
"TROW","2020-10-21",114.814338684082,116.55275123369,114.515421122353,114.932326141189,762100,"TROW",-0.00531555651439723,3.65507959615217,"Financial_Serv"
"TROW","2020-10-22",115.128929138184,115.396375258223,113.571435377189,115.03453921412,598800,"TROW",0.0027399927370324,3.66509448769891,"Financial_Serv"
"TROW","2020-10-23",116.497657775879,116.552714570946,114.955887472163,116.285268417102,922100,"TROW",0.0118886595049668,3.70866754811669,"Financial_Serv"
"TROW","2020-10-26",114.082763671875,115.325616716145,112.328615718242,114.971642394064,928900,"TROW",-0.0207291215128955,3.63179012786085,"Financial_Serv"
"TROW","2020-10-27",111.93531036377,114.594060746605,111.880241555645,114.58619891807,1045900,"TROW",-0.018823643808998,3.56342660410496,"Financial_Serv"
"TROW","2020-10-28",107.876358032227,110.936289261412,107.129076339254,109.795700150792,1321800,"TROW",-0.0362615900054425,3.43421108957242,"Financial_Serv"
"TROW","2020-10-29",103.392677307129,107.380809107449,101.292416701797,107.380809107449,1986800,"TROW",-0.0415631451310047,3.29147447564601,"Financial_Serv"
"TROW","2020-10-30",99.6326446533203,103.84102710492,98.2796660849417,101.882363714434,1768500,"TROW",-0.0363665276085209,3.17177497825469,"Financial_Serv"
"TROW","2020-11-02",101.449729919434,103.314003489049,100.497926560818,101.292409331763,1271900,"TROW",0.0182378503796218,3.22962133574593,"Financial_Serv"
"TROW","2020-11-03",103.951148986816,104.674845220743,102.763364868776,103.329728528411,1089800,"TROW",0.0246567346149597,3.30925325192823,"Financial_Serv"
"TROW","2020-11-04",106.830177307129,108.22248916679,102.999366238676,103.730912400476,1257900,"TROW",0.0276959740067677,3.40090624397544,"Financial_Serv"
"TROW","2020-11-05",108.065170288086,110.13395953306,106.979637769822,108.954037057657,874100,"TROW",0.0115603382123622,3.44022187038433,"Financial_Serv"
"TROW","2020-11-06",105.20189666748,109.394556147345,104.887243459086,109.394556147345,885500,"TROW",-0.0264958044573696,3.34907042441666,"Financial_Serv"
"TROW","2020-11-09",107.789817810059,111.864488440548,107.097592991878,109.921549055435,1689800,"TROW",0.0245995673515085,3.43145610788705,"Financial_Serv"
"TROW","2020-11-10",107.687553405762,108.0494014684,104.666955676391,107.829150300807,1241000,"TROW",-0.000948739003131815,3.42820055163996,"Financial_Serv"
"TROW","2020-11-11",110.487922668457,110.826161279014,107.679702005563,107.81342508435,1457300,"TROW",0.0260045768905497,3.51734945648131,"Financial_Serv"
"TROW","2020-11-12",108.183151245117,110.393537296001,106.971769524264,109.937299192544,811400,"TROW",-0.0208599398710374,3.44397775831368,"Financial_Serv"
"TROW","2020-11-13",110.464294433594,110.818280644011,108.489895895598,108.765215836414,649700,"TROW",0.0210859377104669,3.51659725880172,"Financial_Serv"
"TROW","2020-11-16",113.15453338623,113.217452001996,110.936274092671,112.037529910389,842400,"TROW",0.0243539232874381,3.60224019867539,"Financial_Serv"
"TROW","2020-11-17",111.329612731934,114.137833860199,110.550859611697,112.297145758076,933400,"TROW",-0.0161276848543741,3.54414440398139,"Financial_Serv"
"TROW","2020-11-18",109.960899353027,112.076895503863,109.858647570706,110.967777538681,718300,"TROW",-0.0122942436007742,3.50057182932252,"Financial_Serv"
"TROW","2020-11-19",109.756385803223,109.929442056845,106.193020949367,107.742653400481,734700,"TROW",-0.00185987520116674,3.49406120258726,"Financial_Serv"
"TROW","2020-11-20",108.128112792969,109.882261038117,108.025848992985,109.567607808471,729500,"TROW",-0.0148353373549778,3.44222562590794,"Financial_Serv"
"TROW","2020-11-23",109.630523681641,110.582333069221,108.828185060445,109.339479985881,679800,"TROW",0.0138947295931126,3.49005442017842,"Financial_Serv"
"TROW","2020-11-24",113.225372314453,113.335497941436,109.858660857792,110.69247089106,1082600,"TROW",0.0327905816016321,3.60449533443741,"Financial_Serv"
"TROW","2020-11-25",114.090621948242,114.507538895606,111.825179155777,112.572460924192,715900,"TROW",0.00764183518324906,3.63204029370198,"Financial_Serv"
"TROW","2020-11-27",114.554710388184,115.490783865255,113.272524499141,114.192862320362,409000,"TROW",0.00406771767930183,3.6468144082166,"Financial_Serv"
"TROW","2020-11-30",112.808479309082,114.531168373928,111.935336029754,114.011999504534,1142600,"TROW",-0.0152436427379043,3.59122367224631,"Financial_Serv"
"TROW","2020-12-01",114.452445983887,115.703160554175,113.579303132352,114.86935084065,958800,"TROW",0.0145730771735732,3.64355885196952,"Financial_Serv"
"TROW","2020-12-02",115.246940612793,115.569455591086,113.673710868287,113.862502758632,1010600,"TROW",0.00694170073934552,3.66885134714608,"Financial_Serv"
"TROW","2020-12-03",118.047302246094,118.770986504206,114.696315134541,115.042427606419,970600,"TROW",0.0242987936895388,3.75800000910797,"Financial_Serv"
"TROW","2020-12-04",119.982345581055,120.540847328841,117.213458329726,117.449445152773,971200,"TROW",0.0163921012860332,3.81960152589018,"Financial_Serv"
"TROW","2020-12-07",119.014839172363,120.706056440377,118.023696696575,118.999103513264,1195600,"TROW",-0.008063739744426,3.78880125325799,"Financial_Serv"
"TROW","2020-12-08",120.485809326172,121.398285540322,118.464215164999,119.022705052721,749300,"TROW",0.012359552506543,3.83562914128449,"Financial_Serv"
"TROW","2020-12-09",119.22721862793,121.178020096001,117.646115096953,120.595920785742,966600,"TROW",-0.0104459662534615,3.79556228871384,"Financial_Serv"
"TROW","2020-12-10",117.473083496094,118.873257263007,116.009979087625,117.441624176713,1142100,"TROW",-0.0147125392340992,3.73971992962567,"Financial_Serv"
"TROW","2020-12-11",119.164291381836,119.38454258596,114.641255863981,116.356070525063,1156800,"TROW",0.0143965565166971,3.79355901894914,"Financial_Serv"
"TROW","2020-12-14",117.004013061523,121.055548115585,116.837831347802,119.591620399728,1518700,"TROW",-0.0181285710279631,3.72478721482535,"Financial_Serv"
"TROW","2020-12-15",118.586639404297,119.528307560139,117.011915909907,117.826970583134,1160100,"TROW",0.0135262569322409,3.77516964371101,"Financial_Serv"
"TROW","2020-12-16",119.037673950195,120.011001437229,117.914006548249,117.914006548249,1096000,"TROW",0.0038034178906169,3.78952819147401,"Financial_Serv"
"TROW","2020-12-17",119.726127624512,120.042649232797,118.70532309992,119.330469576892,934100,"TROW",0.00578349401051344,3.81144490507207,"Financial_Serv"
"TROW","2020-12-18",119.045600891113,119.797348801994,117.914012543019,119.734042062458,1962200,"TROW",-0.00568402859844197,3.78978054323026,"Financial_Serv"
"TROW","2020-12-21",117.637077331543,118.032735458926,115.168162405991,117.557940876255,1012500,"TROW",-0.0118317984791277,3.74494062356264,"Financial_Serv"
"TROW","2020-12-22",116.655830383301,118.214724231569,115.975297982156,117.637066798181,1071000,"TROW",-0.00834130675889444,3.71370292502766,"Financial_Serv"
"TROW","2020-12-23",116.988189697266,118.143516717234,116.916974133751,117.874472094271,719800,"TROW",0.00284905874719504,3.72428348283069,"Financial_Serv"
"TROW","2020-12-24",117.33634185791,117.803215425266,116.505457598083,117.803215425266,370800,"TROW",0.00297595989428896,3.73536680111056,"Financial_Serv"
"TROW","2020-12-28",117.162284851074,118.57082684387,117.075239578507,117.834908509506,664500,"TROW",-0.00148340236349548,3.72982574916927,"Financial_Serv"
"TROW","2020-12-29",117.415496826172,120.145535189808,116.711225919906,117.890279282072,572100,"TROW",0.00216120721288012,3.73788667548116,"Financial_Serv"
"TROW","2020-12-30",118.365081787109,119.370056768655,117.708287874731,117.826980478071,564200,"TROW",0.00808739039228626,3.7681164242679,"Financial_Serv"
"TROW","2020-12-31",119.797348022461,119.916040611739,117.86653474003,118.388806281906,619700,"TROW",0.0121004118252343,3.81371218480697,"Financial_Serv"
"TROW","2021-01-04",116.869468688965,120.699435451205,115.389711547764,120.485776738059,1449800,"TROW",-0.024440268351743,3.72050403559398,"Financial_Serv"
"TROW","2021-01-05",117.977310180664,118.467934355582,116.363030707888,116.77451844586,932500,"TROW",0.00947930630751489,3.75577183296572,"Financial_Serv"
"TROW","2021-01-06",119.908164978027,121.910194368023,118.27014642009,119.093110107374,1424700,"TROW",0.0163663232735725,3.81724000892581,"Financial_Serv"
"TROW","2021-01-07",122.297920227051,122.63818039478,120.406675005916,120.739026358533,807400,"TROW",0.0199298792493518,3.8933171413695,"Financial_Serv"
"TROW","2021-01-08",122.27416229248,124.553144359214,120.351257967163,122.614422406183,1178200,"TROW",-0.000194262784896137,3.89256081473913,"Financial_Serv"
"TROW","2021-01-11",122.954696655273,125.771779974588,120.596566037826,122.226687308953,984600,"TROW",0.00556564322366917,3.9142254194604,"Financial_Serv"
"TROW","2021-01-12",125.273284912109,126.357384408606,123.453254957937,123.85683400956,944700,"TROW",0.0188572565335713,3.9880369723254,"Financial_Serv"
"TROW","2021-01-13",124.394897460938,125.5343946589,121.949733433783,125.30491828617,1198000,"TROW",-0.00701176992196017,3.96007377463518,"Financial_Serv"
"TROW","2021-01-14",125.44734954834,125.771792070971,123.67479700778,124.695601613226,1039300,"TROW",0.00846057281194218,3.99357826714614,"Financial_Serv"
"TROW","2021-01-15",123.777679443359,125.494834160739,122.978454422453,124.656040914644,2911000,"TROW",-0.0133097280332501,3.94042482653093,"Financial_Serv"
"TROW","2021-01-19",125.407752990723,125.898377108456,123.809303406549,125.099140241845,1071400,"TROW",0.0131693658718913,3.9923177227622,"Financial_Serv"
"TROW","2021-01-20",126.24658203125,127.504783973824,125.075437428733,125.71640162285,915000,"TROW",0.00668881325534473,4.01902159046576,"Financial_Serv"
"TROW","2021-01-21",123.951766967773,126.325715527224,123.888460223912,126.246579078764,1130400,"TROW",-0.0181772450909485,3.94596684999005,"Financial_Serv"
"TROW","2021-01-22",123.61149597168,124.189153356327,122.487816459754,123.85680203607,1080300,"TROW",-0.00274518874896086,3.93513442618968,"Financial_Serv"
"TROW","2021-01-25",124.244522094727,124.814270586565,122.503629291674,123.413649945775,1099800,"TROW",0.00512109426450033,3.95528662052968,"Financial_Serv"
"TROW","2021-01-26",127.085372924805,127.647200604835,124.640196952315,125.328650183183,1226200,"TROW",0.0228649986509039,4.04572424377203,"Financial_Serv"
"TROW","2021-01-27",123.84098815918,127.615569901193,123.611511768674,125.581881424467,1558000,"TROW",-0.0255291753170105,3.94244024026849,"Financial_Serv"
"TROW","2021-01-28",128.541397094727,133.732429096981,126.515629686483,127.457297835126,1607600,"TROW",0.0379551956538426,4.09207633094147,"Financial_Serv"
"TROW","2021-01-29",123.825164794922,127.394008849772,122.020964690838,127.314872394082,1380500,"TROW",-0.0366903768466834,3.94193650827383,"Financial_Serv"
"TROW","2021-02-01",123.51651763916,125.914204271553,122.313725953445,125.803420509066,1241700,"TROW",-0.00249260444169727,3.93211081982442,"Financial_Serv"
"TROW","2021-02-02",124.561103820801,125.043807255075,123.68274222973,124.434490312739,1244800,"TROW",0.00845705660754028,3.9653649036148,"Financial_Serv"
"TROW","2021-02-03",125.502746582031,125.597700656457,122.566958344267,124.220806204654,1436100,"TROW",0.00755968542623995,3.99534181488638,"Financial_Serv"
"TROW","2021-02-04",127.037872314453,128.129892318363,125.194116558625,126.317783891486,992300,"TROW",0.0122318098546033,4.04421207627021,"Financial_Serv"
"TROW","2021-02-05",126.499801635742,129.000363595575,126.222836150336,127.750082615658,861800,"TROW",-0.00423551393697044,4.02708275965711,"Financial_Serv"
"TROW","2021-02-08",129.293151855469,129.57802616697,126.594760748548,127.243645820394,946300,"TROW",0.0220818545452747,4.11600821539764,"Financial_Serv"
"TROW","2021-02-09",130.677932739258,131.089420468408,128.391029825047,128.691733789564,1292900,"TROW",0.0107103962113713,4.16009229419381,"Financial_Serv"
"TROW","2021-02-10",129.878723144531,132.023183142381,129.269406330129,131.825354105519,1378100,"TROW",-0.006115872649449,4.13464969951256,"Financial_Serv"
"TROW","2021-02-11",129.142776489258,130.306012044614,128.493903609301,130.013228970995,842900,"TROW",-0.00566641430909714,4.11122106129214,"Financial_Serv"
"TROW","2021-02-12",129.134872436523,130.757072808009,128.636339444555,129.807483856732,748900,"TROW",-6.12039863881389e-05,4.11096943817427,"Financial_Serv"
"TROW","2021-02-16",129.158599853516,130.084438134376,128.960770851421,129.949915861894,1077600,"TROW",0.000183741359281946,4.1117247932868,"Financial_Serv"
"TROW","2021-02-17",129.174438476562,129.657141757994,127.742146259869,128.201111025372,753800,"TROW",0.000122629256316175,4.11222901104038,"Financial_Serv"
"TROW","2021-02-18",126.610572814941,129.087396009482,126.104131006663,128.414772511592,1004300,"TROW",-0.0198480883049186,4.0306091264992,"Financial_Serv"
"TROW","2021-02-19",128.802536010742,129.831249443764,126.911290852724,126.911290852724,811600,"TROW",0.0173126394349754,4.1003896090096,"Financial_Serv"
"TROW","2021-02-22",128.169464111328,128.897473442738,127.267364279524,128.232770845519,945900,"TROW",-0.00491505772340743,4.08023595739286,"Financial_Serv"
"TROW","2021-02-23",127.876708984375,128.414798230836,124.861783972781,128.414798230836,1205400,"TROW",-0.00228412538807869,4.07091618685323,"Financial_Serv"
"TROW","2021-02-24",131.540451049805,131.841154983938,127.441440097992,128.2564945857,1333400,"TROW",0.0286505814430785,4.18755030261261,"Financial_Serv"
"TROW","2021-02-25",127.291122436523,132.600859368787,127.164508948605,131.872837850519,1148100,"TROW",-0.0323043488095715,4.05227421697939,"Financial_Serv"
"TROW","2021-02-26",128.303985595703,129.32477800119,126.515615645395,127.299010817772,1562500,"TROW",0.00795706047517001,4.08451840798587,"Financial_Serv"
"TROW","2021-03-01",133.115188598633,134.048935753797,129.831231778962,130.100276341516,1140900,"TROW",0.0374984688167849,4.23768159413931,"Financial_Serv"
"TROW","2021-03-02",134.246765136719,138.519879117769,132.624576868656,133.613721946511,1410700,"TROW",0.00850073196003089,4.27370498950304,"Financial_Serv"
"TROW","2021-03-03",134.191390991211,136.913520414734,133.566244485766,134.096436919306,1601900,"TROW",-0.000412480296649373,4.27194217040118,"Financial_Serv"
"TROW","2021-03-04",129.396026611328,134.389229832194,127.306952355266,133.787833875359,1277500,"TROW",-0.035735260991496,4.11928320200132,"Financial_Serv"
"TROW","2021-03-05",136.660308837891,136.968921680842,128.755067524387,131.223970268,1844800,"TROW",0.0561399172509563,4.35053942009493,"Financial_Serv"
"TROW","2021-03-08",137.293365478516,139.556530372266,136.470401914664,137.293365478516,1250300,"TROW",0.00463233726023512,4.37069258595275,"Financial_Serv"
"TROW","2021-03-09",139.532775878906,142.13620065671,137.43578087125,138.678153002048,1751600,"TROW",0.0163111334082714,4.44198353580877,"Financial_Serv"
"TROW","2021-03-10",138.963043212891,140.070881101728,135.457506045841,139.105474338087,1419200,"TROW",-0.00408314578726699,4.42384626944742,"Financial_Serv"
"TROW","2021-03-11",137.807693481445,140.593129524131,137.071775306908,139.366587158709,1429700,"TROW",-0.0083140790870226,4.38706606169441,"Financial_Serv"
"TROW","2021-03-12",137.467483520508,139.05802510929,136.684075951659,137.570358514521,905100,"TROW",-0.00246872980994567,4.3762355809297,"Financial_Serv"
"TROW","2021-03-15",138.136337280273,138.239855834473,135.444964221669,137.674501157776,1008200,"TROW",0.00486554160035848,4.39752833720168,"Financial_Serv"
"TROW","2021-03-16",137.085235595703,138.733500836959,136.265082120333,138.550362954611,872700,"TROW",-0.00760916139275987,4.36406683435468,"Financial_Serv"
"TROW","2021-03-17",139.123672485352,139.219220569525,136.217304857832,136.567651883155,1633200,"TROW",0.014869849993622,4.42895985354368,"Financial_Serv"
"TROW","2021-03-18",136.854278564453,140.079159355625,136.400413113135,139.736770694987,1171500,"TROW",-0.0163120616380895,4.35671438742005,"Financial_Serv"
"TROW","2021-03-19",136.838348388672,138.215885483045,135.946522001802,136.695014157723,2841700,"TROW",-0.000116402467999913,4.35620725511298,"Financial_Serv"
"TROW","2021-03-22",137.164840698242,137.873517282449,136.161549444776,136.981702834924,1016800,"TROW",0.00238597084380873,4.36660103861327,"Financial_Serv"
"TROW","2021-03-23",134.202743530273,136.734877185594,133.852396494688,136.296928203535,1114400,"TROW",-0.0215951635483998,4.2723035750338,"Financial_Serv"
"TROW","2021-03-24",135.612152099609,136.703033368302,134.79995682909,134.999023463527,1067800,"TROW",0.0105020846240599,4.31717166871848,"Financial_Serv"
"TROW","2021-03-25",137.013580322266,137.499291215532,133.669251355055,135.731590791518,1227300,"TROW",0.0103340902784795,4.36178571049071,"Financial_Serv"
"TROW","2021-03-26",141.838928222656,141.974292043585,137.10910417935,137.499266913186,1195800,"TROW",0.035218026483514,4.51539919515819,"Financial_Serv"
"TROW","2021-03-29",140.915237426758,141.870754484488,139.346591962377,139.84824358146,1115000,"TROW",-0.00651225166090119,4.48599377924989,"Financial_Serv"
"TROW","2021-03-30",137.13298034668,140.907286905325,136.65521571645,139.641214280235,1162900,"TROW",-0.0268406536379289,4.36558677399914,"Financial_Serv"
"TROW","2021-03-31",136.639312744141,138.797187783731,136.288953600428,137.101136542605,1411500,"TROW",-0.00359991886190356,4.34987101582814,"Financial_Serv"
"TROW","2021-04-01",138.518524169922,138.749436106367,137.005610546443,137.340041014775,995500,"TROW",0.0137530801936929,4.40969514074104,"Financial_Serv"
"TROW","2021-04-05",140.541015625,141.010809871698,138.486646913098,139.975661150963,684800,"TROW",0.0146008735452387,4.47408054186406,"Financial_Serv"
"TROW","2021-04-06",140.588806152344,140.947123634222,139.569586041638,139.601443504508,845200,"TROW",0.000340046833525578,4.47560193878526,"Financial_Serv"
"TROW","2021-04-07",140.899337768555,141.679675442517,140.150845404728,140.708241607619,585800,"TROW",0.00220879332223962,4.48548761846065,"Financial_Serv"
"TROW","2021-04-08",140.485275268555,141.767264659913,140.302137398378,141.615984249804,598400,"TROW",-0.00293871146988747,4.47230606454824,"Financial_Serv"
"TROW","2021-04-09",142.945755004883,144.394953610632,140.628616743701,141.639878526599,1092800,"TROW",0.0175141468144944,4.55063468956209,"Financial_Serv"
"TROW","2021-04-12",145.310653686523,145.75656090803,142.436131615677,143.017402661565,1183600,"TROW",0.0165440287580407,4.62592052073354,"Financial_Serv"
"TROW","2021-04-13",140.883407592773,144.920484051965,140.326023545663,144.379028734789,1426800,"TROW",-0.0304674570062897,4.48498048615358,"Financial_Serv"
"TROW","2021-04-14",139.282928466797,140.867503104656,138.486662002557,138.661841596695,1199100,"TROW",-0.0113603095873631,4.4340297193376,"Financial_Serv"
"TROW","2021-04-15",141.217864990234,141.408961169262,139.609403299731,140.501217868693,828500,"TROW",0.0138921298161731,4.4956278358074,"Financial_Serv"
"TROW","2021-04-16",141.592086791992,142.284834621638,140.087131741283,142.284834621638,1201500,"TROW",0.00264996076653397,4.50754107319323,"Financial_Serv"
"TROW","2021-04-19",140.97102355957,141.942469714951,140.142911700098,141.456746637261,935700,"TROW",-0.00438628490117712,4.48776971384245,"Financial_Serv"
"TROW","2021-04-20",140.580825805664,141.990220639994,139.553635415368,141.592087467024,875200,"TROW",-0.00276792878460845,4.47534788687281,"Financial_Serv"
"TROW","2021-04-21",142.690902709961,142.842195234197,140.325991089152,140.859487992997,993800,"TROW",0.0150097062825182,4.54252154416686,"Financial_Serv"
"TROW","2021-04-22",139.569595336914,142.985585528474,139.402386170931,142.786518897499,946100,"TROW",-0.0218746066761619,4.44315567207022,"Financial_Serv"
"TROW","2021-04-23",142.18132019043,142.754632945235,140.015474705624,140.270285774453,823200,"TROW",0.0187127063542103,4.52629913944771,"Financial_Serv"
"TROW","2021-04-26",142.388366699219,144.745308492472,141.942447299086,143.120930345774,725600,"TROW",0.00145621456117974,4.53289040216283,"Financial_Serv"
"TROW","2021-04-27",142.436157226562,142.563550634141,140.326043684584,141.894689681617,1034000,"TROW",0.000335635055388357,4.53441179908403,"Financial_Serv"
"TROW","2021-04-28",143.09700012207,143.869367136287,141.408907563524,143.36772770644,1385000,"TROW",0.00463957262239713,4.55544953192573,"Financial_Serv"
"TROW","2021-04-29",144.777191162109,145.016061409054,141.209908240272,144.004811630154,1340500,"TROW",0.0117416230850805,4.60893790331271,"Financial_Serv"
"TROW","2021-04-30",142.690902709961,144.148071335413,141.52039040673,144.028636263678,1324400,"TROW",-0.0144103393317832,4.54252154416686,"Financial_Serv"
"TROW","2021-05-03",145.469940185547,146.449344654989,142.762626584155,143.487232071738,942500,"TROW",0.0194759260948451,4.63099135804529,"Financial_Serv"
"TROW","2021-05-04",144.809020996094,145.430107871872,143.638508310959,145.11160614329,1229900,"TROW",-0.0045433385660991,4.60995119640902,"Financial_Serv"
"TROW","2021-05-05",147.572036743164,148.575327920102,143.845504092998,143.845504092998,1124700,"TROW",0.0190804117593257,4.6979109634269,"Financial_Serv"
"TROW","2021-05-06",150.048431396484,150.056389685881,146.146719031533,148.838103154902,964600,"TROW",0.0167809207487612,4.7767462349889,"Financial_Serv"
"TROW","2021-05-07",150.677490234375,150.82878279716,149.220321237634,150.048445112861,732500,"TROW",0.00419237196974366,4.79677213201105,"Financial_Serv"
"TROW","2021-05-10",151.45783996582,152.962783002406,150.653603111573,150.972116967237,1309600,"TROW",0.00517894033296877,4.82161432867358,"Financial_Serv"
"TROW","2021-05-11",147.12614440918,150.486389549882,146.154698440537,149.769742508228,1028700,"TROW",-0.0286000088052105,4.68371611641818,"Financial_Serv"
"TROW","2021-05-12",146.958892822266,150.558019568146,146.608533738588,147.444615706444,1456900,"TROW",-0.00113679038885782,4.6783917129529,"Financial_Serv"
"TROW","2021-05-13",150.343063354492,151.043781703942,146.568768236009,146.855412487989,918600,"TROW",0.0230280078138547,4.78612575387505,"Financial_Serv"
"TROW","2021-05-14",152.142639160156,152.644278770604,150.573993253539,150.73324411638,679400,"TROW",0.0119697960485271,4.84341470301154,"Financial_Serv"
"TROW","2021-05-17",152.461120605469,152.978688878373,150.191756624144,152.739818690916,882900,"TROW",0.0020933082735422,4.85355346308155,"Financial_Serv"
"TROW","2021-05-18",150.191787719727,152.469110462108,150.151984113616,152.078947641775,615500,"TROW",-0.0148846661806629,4.78130993999358,"Financial_Serv"
"TROW","2021-05-19",149.562698364258,150.422667413484,145.637099245568,147.548145627202,1957900,"TROW",-0.00418857358994019,4.76128307145361,"Financial_Serv"
"TROW","2021-05-20",151.218948364258,152.461121950232,148.710702023292,150.167870929935,951400,"TROW",0.0110739510460438,4.81400928710324,"Financial_Serv"
"TROW","2021-05-21",153.018524169922,153.886451695362,150.900452470172,151.179150591215,705000,"TROW",0.0119004650219444,4.87129823623973,"Financial_Serv"
"TROW","2021-05-24",149.6025390625,153.607758188045,147.150037027862,153.607758188045,1436200,"TROW",-0.0223239972150597,4.76255138798019,"Financial_Serv"
"TROW","2021-05-25",149.236236572266,150.398790779269,148.511631283999,149.554750399556,850600,"TROW",-0.00244850450085839,4.75089025947115,"Financial_Serv"
"TROW","2021-05-26",149.315902709961,150.104198796521,148.105574185567,150.104198796521,859700,"TROW",0.000533825694919178,4.7534264067654,"Financial_Serv"
"TROW","2021-05-27",151.45783996582,151.768383381304,149.610496053154,150.167880112989,1224000,"TROW",0.0143450042291877,4.82161432867358,"Financial_Serv"
"TROW","2021-05-28",152.365570068359,153.185723432203,151.258760334139,151.370237136505,1105100,"TROW",0.00599328567437586,4.85051164075698,"Financial_Serv"
"TROW","2021-06-01",152.182434082031,154.308463962346,151.210988079033,154.284576941785,685200,"TROW",-0.00120195124296099,4.84468156226138,"Financial_Serv"
"TROW","2021-06-02",153.567932128906,153.846630217568,151.362270888816,152.524825131444,831800,"TROW",0.00910419165807383,4.88878847172654,"Financial_Serv"
"TROW","2021-06-03",152.492965698242,154.04569481488,152.007242734332,152.94684335389,1001600,"TROW",-0.00699994078035593,4.85456724193677,"Financial_Serv"
"TROW","2021-06-04",154.849960327148,155.009211210608,152.285981008233,152.899109667121,700300,"TROW",0.0154564154360428,4.92960144999035,"Financial_Serv"
"TROW","2021-06-07",155.622283935547,156.147822597132,154.316407720433,154.857862959599,1051100,"TROW",0.00498756090583921,4.95418813746369,"Financial_Serv"
"TROW","2021-06-08",156.036361694336,156.649478045232,154.125315134878,155.622299783944,826700,"TROW",0.00266078705643826,4.96737017713501,"Financial_Serv"
"TROW","2021-06-09",154.857894897461,156.418582476453,154.563280200686,155.885085416049,662900,"TROW",-0.00755251394020281,4.92985404462605,"Financial_Serv"
"TROW","2021-06-10",152.668151855469,155.590448054557,152.325763139119,155.128624239495,842700,"TROW",-0.0141403384273183,4.86014424003776,"Financial_Serv"
"TROW","2021-06-11",154.435852050781,154.626960343727,153.090160011012,153.368858086134,746500,"TROW",0.0115787095987511,4.9164184388012,"Financial_Serv"
"TROW","2021-06-14",154.243713378906,154.339796501957,153.402949397922,154.17965389084,653000,"TROW",-0.00124413255939962,4.91030176254585,"Financial_Serv"
"TROW","2021-06-15",156.341613769531,156.998214375786,154.379839241395,154.652082909213,1370300,"TROW",0.0136012051620634,4.97708778422588,"Financial_Serv"
"TROW","2021-06-16",156.838043212891,156.998198029613,154.716126290383,155.781092287484,1278000,"TROW",0.00317528667761598,4.99289146476046,"Financial_Serv"
"TROW","2021-06-17",154.499908447266,157.975052512935,153.106654567183,157.070241441573,1331400,"TROW",-0.014907956754161,4.91845765472559,"Financial_Serv"
"TROW","2021-06-18",152.153793334961,153.955424885883,151.056791593427,152.778357961833,2048900,"TROW",-0.0151852200812499,4.84376979277827,"Financial_Serv"
"TROW","2021-06-21",156.117401123047,156.181460608461,150.936707839388,151.337070459651,810000,"TROW",0.0260500096725173,4.96995004273159,"Financial_Serv"
"TROW","2021-06-22",156.950088500977,157.286391504056,154.724074181957,156.429622185802,776500,"TROW",0.00533372559330135,4.99645839247194,"Financial_Serv"
"TROW","2021-06-23",157.374542236328,158.263347791958,156.6298735855,157.374542236328,1156900,"TROW",0.0027043867219541,5.00997074820534,"Financial_Serv"
"TROW","2021-06-24",158.675582885742,159.025238311984,155.748284184019,158.44790547644,908700,"TROW",0.00826716081855412,5.051388982077,"Financial_Serv"
"TROW","2021-06-25",159.952178955078,160.472586119992,158.813779751682,159.504951139726,1072200,"TROW",0.00804532144214764,5.09202903016713,"Financial_Serv"
"TROW","2021-06-28",160.391250610352,161.001103274269,158.472247064925,160.187966389046,1103800,"TROW",0.0027450182807247,5.10600674294092,"Financial_Serv"
"TROW","2021-06-29",160.830383300781,161.741105299788,159.846494347262,161.318270529088,581400,"TROW",0.00273788432198524,5.11998639875037,"Financial_Serv"
"TROW","2021-06-30",160.976715087891,161.399549755246,160.033473294362,160.602666649945,726100,"TROW",0.000909851634412316,5.12464482674344,"Financial_Serv"
"TROW","2021-07-01",162.57861328125,162.822556862021,160.675875684711,161.887441870313,694500,"TROW",0.00995111741772569,5.17564076913851,"Financial_Serv"
"TROW","2021-07-02",165.52214050293,165.920582038887,162.456611006137,163.025816745357,1061600,"TROW",0.0181052548196335,5.26934706411865,"Financial_Serv"
"TROW","2021-07-06",165.5791015625,166.034456325579,164.13171860522,165.172533037253,756900,"TROW",0.000344129549057543,5.27116040214765,"Financial_Serv"
"TROW","2021-07-07",166.603652954102,166.782544101218,164.310612879907,166.514207380543,834000,"TROW",0.00618768541400034,5.30377668448287,"Financial_Serv"
"TROW","2021-07-08",162.139526367188,164.115455893967,161.423974184567,164.115455893967,1084900,"TROW",-0.026794890194538,5.1616625706058,"Financial_Serv"
"TROW","2021-07-09",166.855712890625,167.213495162196,163.28604189334,163.993467125545,1119800,"TROW",0.0290872104360108,5.3118009359967,"Financial_Serv"
"TROW","2021-07-12",171.653213500977,172.718420910306,166.888230522287,167.115907873557,1408700,"TROW",0.0287523904770126,5.46452791064463,"Financial_Serv"
"TROW","2021-07-13",167.042739868164,171.69388483249,165.530316851482,171.409294306684,1589100,"TROW",-0.0268592328612961,5.31775488301558,"Financial_Serv"
"TROW","2021-07-14",165.627883911133,167.766438274111,163.952823611646,167.36799666203,713500,"TROW",-0.00847002364872549,5.27271337339831,"Financial_Serv"
"TROW","2021-07-15",166.229568481445,167.124024023516,164.660220239202,164.757792695616,859700,"TROW",0.00363274924550345,5.29186781892728,"Financial_Serv"
"TROW","2021-07-16",165.40022277832,166.961444543033,165.001781127109,166.750033360802,1843300,"TROW",-0.00498915873211553,5.26546585038928,"Financial_Serv"
"TROW","2021-07-19",160.545776367188,163.660092665056,159.277284592074,163.058366799239,1247000,"TROW",-0.0293496969326277,5.11092602347125,"Financial_Serv"
"TROW","2021-07-20",166.107620239258,166.489795610058,160.822229902431,161.310117050363,786700,"TROW",0.0346433521823066,5.28798563368008,"Financial_Serv"
"TROW","2021-07-21",168.612060546875,169.48211053911,167.343569024747,167.628159482542,729700,"TROW",0.0150772150248727,5.36771373012751,"Financial_Serv"
"TROW","2021-07-22",166.99397277832,168.595853958848,166.083263139336,168.595853958848,743700,"TROW",-0.00959651262968138,5.31620239752383,"Financial_Serv"
"TROW","2021-07-23",168.603973388672,169.587862277446,167.180983541819,168.181138645796,546400,"TROW",0.00964107017496249,5.36745627790266,"Financial_Serv"
"TROW","2021-07-26",167.693222045898,169.539046311976,166.310891775691,167.839593142089,915700,"TROW",-0.00540171933358855,5.33846278555412,"Financial_Serv"
"TROW","2021-07-27",165.383941650391,167.189106867217,164.009738071074,166.880110822404,890400,"TROW",-0.013770863051792,5.26494754562717,"Financial_Serv"
"TROW","2021-07-28",164.944808959961,165.985623097341,163.668178196505,165.985623097341,996400,"TROW",-0.00265523173560575,5.25096788981772,"Financial_Serv"
"TROW","2021-07-29",165.839294433594,166.091364927159,159.382984443955,164.221159688133,1286900,"TROW",0.00542293800740308,5.27944356316307,"Financial_Serv"
"TROW","2021-07-30",166.010055541992,167.213494847064,164.513886415958,165.725452624465,1492200,"TROW",0.00102967821336707,5.28487969117876,"Financial_Serv"
"TROW","2021-08-02",167.701354980469,169.238183190875,166.554828999257,167.132149237183,836000,"TROW",0.0101879336944668,5.33872169505572,"Financial_Serv"
"TROW","2021-08-03",170.482284545898,170.896979896049,166.774382286364,168.08353318486,722900,"TROW",0.0165826302700629,5.42725174303959,"Financial_Serv"
"TROW","2021-08-04",170.620513916016,171.653201233139,167.790801032839,169.579699696744,673600,"TROW",0.000810813689442157,5.4316522330489,"Financial_Serv"
"TROW","2021-08-05",172.604598999023,172.816010157883,171.262915469281,171.889034449828,572300,"TROW",0.0116286432239,5.49481497898332,"Financial_Serv"
"TROW","2021-08-06",174.011306762695,174.515447699743,172.612710220415,173.45024028373,621200,"TROW",0.00814988576103835,5.53959709334008,"Financial_Serv"
"TROW","2021-08-09",175.287933349609,175.865253619722,173.084326817635,174.198320437488,593100,"TROW",0.00733645767429951,5.58023811294804,"Financial_Serv"
"TROW","2021-08-10",176.686538696289,178.011956017385,175.052137742796,175.637597393373,713100,"TROW",0.0079789025973065,5.62476228932103,"Financial_Serv"
"TROW","2021-08-11",176.605224609375,178.467302854715,176.15799678397,176.670277057387,576900,"TROW",-0.000460216649859418,5.62217368006398,"Financial_Serv"
"TROW","2021-08-12",175.30419921875,176.263707310755,174.100759957789,176.263707310755,615100,"TROW",-0.00736685674788319,5.58075593195123,"Financial_Serv"
"TROW","2021-08-13",174.70246887207,175.686357578196,173.214426848131,175.035845573184,514500,"TROW",-0.00343249248655379,5.56160002914552,"Financial_Serv"
"TROW","2021-08-16",175.727066040039,175.735192944661,172.450124391662,174.539880368381,489500,"TROW",0.00586481218373069,5.59421776875749,"Financial_Serv"
"TROW","2021-08-17",173.059951782227,175.100921215998,172.019137399289,173.710463873434,644300,"TROW",-0.0151775951076586,5.50931099651922,"Financial_Serv"
"TROW","2021-08-18",170.929550170898,174.117046019279,170.815711476581,174.117046019279,694200,"TROW",-0.0123101941806211,5.44149030835064,"Financial_Serv"
"TROW","2021-08-19",172.767196655273,173.027394009152,168.603939733341,169.352024186033,679800,"TROW",0.0107508999031337,5.49999122597959,"Financial_Serv"
"TROW","2021-08-20",175.206649780273,175.442454077086,172.872950302298,173.222593295415,500800,"TROW",0.0141198860213464,5.57765047520882,"Financial_Serv"
"TROW","2021-08-23",175.361099243164,177.117477848954,175.011443939403,175.93841946899,646300,"TROW",0.000881527402551901,5.58256732694458,"Financial_Serv"
"TROW","2021-08-24",176.450759887695,176.963040257765,175.401818433372,175.442465364498,445800,"TROW",0.00621381052715845,5.61725634256932,"Financial_Serv"
"TROW","2021-08-25",178.337203979492,179.621949457393,176.767843195181,177.296377256058,583800,"TROW",0.0106910511068217,5.67731071720784,"Financial_Serv"
"TROW","2021-08-26",177.702987670898,178.938959615563,177.158187268165,178.093302437101,595600,"TROW",-0.00355627594490425,5.65712063367249,"Financial_Serv"
"TROW","2021-08-27",181.044952392578,181.126271057506,177.898116098136,177.946902334099,612900,"TROW",0.0188064633323381,5.76351106543627,"Financial_Serv"
"TROW","2021-08-30",180.605880737305,182.598064139335,180.557094496784,182.598064139335,469000,"TROW",-0.0024252079357692,5.74953335266248,"Financial_Serv"
"TROW","2021-08-31",182.036972045898,182.175203843831,177.873714671748,180.931105254954,974100,"TROW",0.00792383560685548,5.79509170976511,"Financial_Serv"
"TROW","2021-09-01",179.703277587891,181.906884324393,178.80882192197,181.858085681946,1015000,"TROW",-0.0128198927491466,5.72079925557445,"Financial_Serv"
"TROW","2021-09-02",180.036666870117,181.272626181686,179.434941021008,180.874196990879,742800,"TROW",0.001855220932537,5.73141260210423,"Financial_Serv"
"TROW","2021-09-03",177.727340698242,180.7766041163,177.589096504704,180.248057679346,1261800,"TROW",-0.0128269769265447,5.65789590490053,"Financial_Serv"
"TROW","2021-09-07",174.856979370117,177.711098251902,173.564094485754,177.670438919393,798400,"TROW",-0.0161503644675498,5.56651882391693,"Financial_Serv"
"TROW","2021-09-08",176.532043457031,176.637742827422,173.799902705826,174.767525290484,581500,"TROW",0.00957962383284958,5.61984398030853,"Financial_Serv"
"TROW","2021-09-09",176.621505737305,178.036356276711,175.499372627442,176.10109851675,529200,"TROW",0.000506776438551866,5.62269198482609,"Financial_Serv"
"TROW","2021-09-10",176.125473022461,178.540490820861,175.751424556208,178.076996791428,871900,"TROW",-0.00280845026642178,5.6069009340233,"Financial_Serv"
"TROW","2021-09-13",176.231185913086,178.467312756692,174.50733937132,177.320798968387,821800,"TROW",0.000600213522841859,5.61026627178513,"Financial_Serv"
"TROW","2021-09-14",173.967529296875,177.489699577531,173.656985755597,176.762383759504,785400,"TROW",-0.0128448129341156,5.53820345101348,"Financial_Serv"
"TROW","2021-09-15",175.789901733398,177.089261592081,173.272895468308,173.975695999922,910700,"TROW",0.0104753596483719,5.5962181239687,"Financial_Serv"
"TROW","2021-09-16",175.724533081055,176.476364218994,174.302584261911,176.263894267933,707500,"TROW",-0.000371856697678161,5.59413713277763,"Financial_Serv"
"TROW","2021-09-17",174.482345581055,177.08924513005,173.248364080677,174.939993243676,1678500,"TROW",-0.00706894750676064,5.55459247104041,"Financial_Serv"
"TROW","2021-09-20",167.960998535156,171.090911130671,165.648295103913,170.968334743879,1444500,"TROW",-0.0373753976322435,5.3469873687502,"Financial_Serv"
"TROW","2021-09-21",166.3837890625,169.677140961889,165.9670044126,168.982508191803,1222400,"TROW",-0.00939033160323896,5.29677738427931,"Financial_Serv"
"TROW","2021-09-22",169.105102539062,170.281885843221,167.168320624915,168.541238636308,961100,"TROW",0.0163556407261544,5.383409572183,"Financial_Serv"
"TROW","2021-09-23",173.297378540039,174.10642012582,169.472845522795,170.069404738981,931000,"TROW",0.0247909491672977,5.51686940523373,"Financial_Serv"
"TROW","2021-09-24",172.610931396484,173.81222994015,171.932646251654,172.545553162927,548200,"TROW",-0.00396109363764028,5.49501656893297,"Financial_Serv"
"TROW","2021-09-27",173.150329589844,173.599784778764,171.752896045934,172.398498447198,787300,"TROW",0.00312493646257192,5.51218814657167,"Financial_Serv"
"TROW","2021-09-28",165.0517578125,172.610943585328,164.675836060406,171.883627831376,1473000,"TROW",-0.0467719108391393,5.25437257405166,"Financial_Serv"
"TROW","2021-09-29",164.994567871094,166.915014890735,163.956720942682,166.253077291938,1167500,"TROW",-0.000346497015022513,5.25255194963893,"Financial_Serv"
"TROW","2021-09-30",160.745056152344,165.7790680991,159.069774704556,165.631963950654,2137600,"TROW",-0.0257554643985009,5.11727003489873,"Financial_Serv"
"TROW","2021-10-01",162.248748779297,163.646182339846,159.666376552373,160.867675367868,1316700,"TROW",0.00935451865796745,5.16513963291805,"Financial_Serv"
"TROW","2021-10-04",158.203552246094,161.970887781042,157.075811842596,161.096480276376,1840500,"TROW",-0.0249320661246252,5.03636203004721,"Financial_Serv"
"TROW","2021-10-05",159.413024902344,160.965717591954,157.950213265326,159.249573065859,1054000,"TROW",0.00764504108206498,5.07486522467107,"Financial_Serv"
"TROW","2021-10-06",158.358825683594,158.963565087222,155.621169393329,157.476238095714,1104700,"TROW",-0.00661300555206076,5.04130511276436,"Financial_Serv"
"TROW","2021-10-07",159.012588500977,161.979062276572,158.751075537237,159.976889498111,1015400,"TROW",0.00412836363594317,5.06211745346959,"Financial_Serv"
"TROW","2021-10-08",159.650039672852,160.924884427873,157.966590190215,158.914556150994,991500,"TROW",0.00400880947781744,5.08241051789489,"Financial_Serv"
"TROW","2021-10-11",159.249572753906,162.199698834087,159.225057472406,159.88699501215,1165700,"TROW",-0.00250840475684148,5.06966177517558,"Financial_Serv"
"TROW","2021-10-12",154.0439453125,159.17601846115,153.676203639896,158.791929111873,1874600,"TROW",-0.0326884860749403,4.9039422068331,"Financial_Serv"
"TROW","2021-10-13",156.364822387695,156.863320552844,153.659861635845,154.444388040036,1416600,"TROW",0.0150663310426585,4.97782662353531,"Financial_Serv"
"TROW","2021-10-14",161.325271606445,161.406985044895,157.598799639381,158.89815927823,1547200,"TROW",0.0317235625187545,5.13574101763455,"Financial_Serv"
"TROW","2021-10-15",163.245727539062,164.553267425015,162.13432237689,162.363139986488,2705300,"TROW",0.0119042473227763,5.1968781488942,"Financial_Serv"
"TROW","2021-10-18",163.556228637695,164.831072837484,161.554068838303,161.554068838303,785400,"TROW",0.00190204732040239,5.20676285705177,"Financial_Serv"
"TROW","2021-10-19",165.648330688477,166.138661280221,164.291760191658,164.798438461694,898000,"TROW",0.01279133218103,5.27336429034416,"Financial_Serv"
"TROW","2021-10-20",167.209182739258,167.57692440255,165.476703144425,165.550248983159,806000,"TROW",0.00942268505993361,5.32305354125838,"Financial_Serv"
"TROW","2021-10-21",167.217361450195,167.503389690436,166.10595631355,166.972208638131,818700,"TROW",4.8913048933764e-05,5.32331390803672,"Financial_Serv"
"TROW","2021-10-22",168.990692138672,169.57091618188,165.917989905597,166.302079243434,805700,"TROW",0.0106049436081118,5.37976735183972,"Financial_Serv"
"TROW","2021-10-25",168.908981323242,169.987691045497,167.568758656426,168.484029023142,744600,"TROW",-0.000483522579827275,5.37716611285089,"Financial_Serv"
"TROW","2021-10-26",170.886642456055,172.079773557235,169.783404879413,169.946856720119,701400,"TROW",0.011708442720567,5.44012435428218,"Financial_Serv"
"TROW","2021-10-27",166.506393432617,171.164483908341,166.37563695304,170.216518135843,1079100,"TROW",-0.0256324833847908,5.30068045715985,"Financial_Serv"
"TROW","2021-10-28",175.936965942383,176.541705248937,165.076260990577,165.746378530513,1890000,"TROW",0.0566379002952943,5.60089986838968,"Financial_Serv"
"TROW","2021-10-29",177.236358642578,180.979178768164,174.678489519222,175.479351149265,1744300,"TROW",0.00738555819259068,5.64226564029855,"Financial_Serv"
"TROW","2021-11-01",176.402816772461,180.112941860654,172.782572744976,178.323263797943,1174100,"TROW",-0.00470299591179336,5.61573008805897,"Financial_Serv"
"TROW","2021-11-02",177.195510864258,178.936170829051,176.108620895554,177.007556198881,945900,"TROW",0.0044936589239352,5.64096526368359,"Financial_Serv"
"TROW","2021-11-03",179.352935791016,179.655299258126,172.030734579456,172.063429936218,868200,"TROW",0.0121753926848098,5.70964623089031,"Financial_Serv"
"TROW","2021-11-04",179.483688354492,181.216168136248,177.072910865819,180.023037033022,746900,"TROW",0.000729023826121905,5.71380869903135,"Financial_Serv"
"TROW","2021-11-05",180.660491943359,182.531896023122,179.974026555625,181.044568897595,865400,"TROW",0.00655660466784548,5.7512718838186,"Financial_Serv"
"TROW","2021-11-08",180.840240478516,182.017023865448,179.696152446567,181.812721540484,718000,"TROW",0.000994952096181631,5.75699412383512,"Financial_Serv"
"TROW","2021-11-09",179.508193969727,181.829065339098,177.980004132251,180.668629654412,596000,"TROW",-0.0073658744605978,5.71458882784855,"Financial_Serv"
"TROW","2021-11-10",174.114624023438,178.707336630475,173.142142891143,178.151640251807,1157100,"TROW",-0.0300463718508508,5.54288616695229,"Financial_Serv"
"TROW","2021-11-11",174.940017700195,176.190347052154,173.983871753756,175.54474465993,636200,"TROW",0.00474051896207585,5.56916232393136,"Financial_Serv"
"TROW","2021-11-12",177.318069458008,177.702158824489,174.997198051342,175.520211501712,676600,"TROW",0.0135935264502368,5.64486687928738,"Financial_Serv"
"TROW","2021-11-15",176.443664550781,178.49485542326,176.018712219445,177.571404915632,487400,"TROW",-0.00493127919731631,5.61703046467393,"Financial_Serv"
"TROW","2021-11-16",175.814422607422,177.530567264897,175.217863261381,176.345603707789,597400,"TROW",-0.00356624843947444,5.59699873854481,"Financial_Serv"
"TROW","2021-11-17",172.50471496582,175.708174052143,172.161488542603,175.340432346526,679600,"TROW",-0.0188250064614542,5.49163520112695,"Financial_Serv"
"TROW","2021-11-18",171.589447021484,174.269892673238,170.984707617633,173.174835144578,596200,"TROW",-0.00530575610363628,5.46249792413963,"Financial_Serv"
"TROW","2021-11-19",172.055236816406,173.910305378804,169.113290881771,171.76104097598,993500,"TROW",0.00271455968305297,5.47732620077326,"Financial_Serv"
"TROW","2021-11-22",169.30940246582,173.983840263955,169.211341348396,172.67631297634,918900,"TROW",-0.0159590280504854,5.38991339829346,"Financial_Serv"
"TROW","2021-11-23",170.281890869141,171.924489475353,168.238867702905,169.922316796743,964200,"TROW",0.00574385349636229,5.42087227121134,"Financial_Serv"
"TROW","2021-11-24",169.734375,170.510721367988,166.849627068569,168.966196236231,1039700,"TROW",-0.00321534994911105,5.40344226982996,"Financial_Serv"
"TROW","2021-11-26",165.599304199219,167.552434070688,162.992404345874,164.71671659413,862800,"TROW",-0.0243620115299641,5.27180354695087,"Financial_Serv"
"TROW","2021-11-29",169.178649902344,170.224676667337,166.767885287235,168.247031925096,915400,"TROW",0.0216144972373736,5.38575093015241,"Financial_Serv"
"TROW","2021-11-30",163.400955200195,169.186797059012,162.44482206038,167.372591879993,2093100,"TROW",-0.0341514411273736,5.20181977433461,"Financial_Serv"
"TROW","2021-12-01",160.197540283203,167.192849992208,160.074963874368,166.220368916702,1116000,"TROW",-0.019604627849742,5.09984003351735,"Financial_Serv"
"TROW","2021-12-02",164.847442626953,165.975195325583,160.197520232888,160.197520232888,1002300,"TROW",0.0290260533059979,5.24786826218229,"Financial_Serv"
"TROW","2021-12-03",159.846176147461,165.362340029503,157.844002984944,165.158037663501,1402700,"TROW",-0.0303387568517515,5.08865446298592,"Financial_Serv"
"TROW","2021-12-06",161.25993347168,162.591988792826,159.290455811861,161.66037056941,1048000,"TROW",0.00884448635739984,5.13366099796132,"Financial_Serv"
"TROW","2021-12-07",166.890533447266,167.201077063102,163.556317023896,163.785134697788,945900,"TROW",0.0349162985148743,5.3129094378403,"Financial_Serv"
"TROW","2021-12-08",166.441009521484,167.266386390146,165.125302105929,167.16015766503,792300,"TROW",-0.00269352560924788,5.29859898020987,"Financial_Serv"
"TROW","2021-12-09",162.959716796875,165.893495322429,162.158842668913,165.893495322429,1150000,"TROW",-0.0209160755189965,5.18777308379492,"Financial_Serv"
"TROW","2021-12-10",160.311965942383,164.177362899403,158.448729514453,164.005755908992,1652100,"TROW",-0.0162478857139433,5.10348273961955,"Financial_Serv"
"TROW","2021-12-13",158.636657714844,160.352802150358,156.560951679064,160.173015115414,1028200,"TROW",-0.0104503005604783,5.05014981108531,"Financial_Serv"
"TROW","2021-12-14",155.286117553711,157.754080707293,154.240090627906,156.969566747752,1460300,"TROW",-0.02112084438362,4.94348638281141,"Financial_Serv"
"TROW","2021-12-15",159.190048217773,159.748920980853,154.168357477351,155.442274857891,1301500,"TROW",0.0251402425764956,5.06776682964889,"Financial_Serv"
"TROW","2021-12-16",156.666870117188,161.787195093713,156.584689584793,161.614594656152,1564200,"TROW",-0.0158500994806799,4.98744222125407,"Financial_Serv"
"TROW","2021-12-17",158.918807983398,160.71050138614,155.03131687658,158.524308869741,2540700,"TROW",0.0143740528200153,5.05913197917915,"Financial_Serv"
"TROW","2021-12-20",155.20393371582,157.340828350306,153.527302764212,156.297036448462,1043000,"TROW",-0.0233759258247532,4.94087008529622,"Financial_Serv"
"TROW","2021-12-21",156.633987426758,158.647592146558,155.639506502289,158.647592146558,951700,"TROW",0.00921403006160875,4.98639541079264,"Financial_Serv"
"TROW","2021-12-22",157.842147827148,158.170895000986,155.803887759371,157.036708472615,632200,"TROW",0.0077132710482491,5.02485683014983,"Financial_Serv"
"TROW","2021-12-23",160.505035400391,161.458419778763,158.253090883598,158.466775296309,701300,"TROW",0.0168705736072363,5.1096290471687,"Financial_Serv"
"TROW","2021-12-27",163.817230224609,163.899410751546,161.055711193329,161.178988254185,528600,"TROW",0.0206360804566427,5.21507176328967,"Financial_Serv"
"TROW","2021-12-28",163.891189575195,165.050044062155,162.798087031563,164.121315106391,629700,"TROW",0.000451474795932833,5.21742623674978,"Financial_Serv"
"TROW","2021-12-29",162.354248046875,165.115766681436,161.877568452778,163.767883332478,683400,"TROW",-0.00937781666179892,5.16849817005508,"Financial_Serv"
"TROW","2021-12-30",162.847396850586,164.236376860185,162.206331083217,162.798086028619,542700,"TROW",0.0030374862970543,5.18419741242297,"Financial_Serv"
"TROW","2021-12-31",161.61457824707,163.726817115483,161.499515480679,162.74877733071,555600,"TROW",-0.00757039183528827,5.14495100665944,"Financial_Serv"
"TROW","2022-01-03",159.921508789062,163.447370607118,159.132497993068,162.107713923331,933500,"TROW",-0.0104759699055088,5.09105265474836,"Financial_Serv"
"TROW","2022-01-04",160.365341186523,161.737880305249,157.825733102312,157.850388517428,1082400,"TROW",0.00277531397009489,5.10518192430357,"Financial_Serv"
"TROW","2022-01-05",154.086151123047,162.625488932977,153.823155886885,161.614579439307,1421400,"TROW",-0.0391555308461143,4.90528581599148,"Financial_Serv"
"TROW","2022-01-06",156.173751831055,156.888783924892,153.872483691389,155.746370416612,1077700,"TROW",0.0135482695413733,4.971743950404,"Financial_Serv"
"TROW","2022-01-07",157.455871582031,158.06406768177,154.464226989812,156.56823911521,975500,"TROW",0.00820957258146383,5.0125598432213,"Financial_Serv"
"TROW","2022-01-10",155.508041381836,156.855925129535,152.228733114155,156.395661436867,1170700,"TROW",-0.0123706418860381,4.95055126046847,"Financial_Serv"
"TROW","2022-01-11",159.181823730469,159.296899050223,154.020414723256,155.951839090674,865800,"TROW",0.0236243882694926,5.06750500559381,"Financial_Serv"
"TROW","2022-01-12",148.620681762695,158.622967924309,148.308363097734,158.622967924309,2838700,"TROW",-0.066346406394086,4.73129425908862,"Financial_Serv"
"TROW","2022-01-13",145.727645874023,149.82883454601,145.357802115517,149.130231025907,1890400,"TROW",-0.0194659037649365,4.6391953403576,"Financial_Serv"
"TROW","2022-01-14",143.804458618164,145.004397346631,142.407264018582,144.831809432696,1766800,"TROW",-0.0131971339022515,4.5779712582522,"Financial_Serv"
"TROW","2022-01-18",140.344329833984,142.83462710359,139.119735739176,142.423686794534,2478800,"TROW",-0.0240613456455281,4.4678191094521,"Financial_Serv"
"TROW","2022-01-19",137.903335571289,142.094931502218,137.780058501927,141.601798142967,1560900,"TROW",-0.0173928954991114,4.39011079857247,"Financial_Serv"
"TROW","2022-01-20",135.437698364258,140.985392406404,134.944577529498,139.645735558114,1371800,"TROW",-0.0178794602524798,4.31161798704541,"Financial_Serv"
"TROW","2022-01-21",131.237869262695,134.369244431481,131.06528138449,133.645985594693,1978300,"TROW",-0.031009306509825,4.17791770333184,"Financial_Serv"
"TROW","2022-01-24",130.942016601562,131.45157853475,123.849183368526,127.58874241793,3065100,"TROW",-0.00225432386852161,4.1684993237325,"Financial_Serv"
"TROW","2022-01-25",129.569427490234,131.500851259467,125.690151374808,128.188674571641,1607500,"TROW",-0.01048241921846,4.12480336630927,"Financial_Serv"
"TROW","2022-01-26",128.722885131836,133.81032605938,127.53937552493,131.624121510007,2308100,"TROW",-0.00653350388896517,4.09785394747427,"Financial_Serv"
"TROW","2022-01-27",123.158798217773,128.62429853868,119.821952845927,128.558546593624,3511300,"TROW",-0.0432253123317105,3.92072293070497,"Financial_Serv"
"TROW","2022-01-28",123.125923156738,123.33962012586,118.054921669473,122.846486779628,2642600,"TROW",-0.000266932298064694,3.919676363123,"Financial_Serv"
"TROW","2022-01-31",126.922996520996,127.112038060866,123.084816183874,123.125912716059,3252200,"TROW",0.0308389433102903,4.04055504028003,"Financial_Serv"
"TROW","2022-02-01",128.007873535156,128.558531903562,125.295665680806,126.766838633905,2150000,"TROW",0.00854752128374697,4.07509177048498,"Financial_Serv"
"TROW","2022-02-02",128.911956787109,129.363981013068,126.857255611293,128.418823488553,1625800,"TROW",0.00706271596414596,4.10387298618774,"Financial_Serv"
"TROW","2022-02-03",121.613670349121,126.717541724795,121.375317958166,125.665535586331,2111200,"TROW",-0.0566145035719299,3.87153425435247,"Financial_Serv"
"TROW","2022-02-04",122.213623046875,123.651913865445,120.841084170634,122.583466749184,2080000,"TROW",0.0049332669265848,3.8906335662446,"Financial_Serv"
"TROW","2022-02-07",124.794342041016,126.766862922525,121.860234943795,122.862930236859,3357300,"TROW",0.021116459276809,3.97278997150719,"Financial_Serv"
"TROW","2022-02-08",124.334106445312,125.451864655371,122.591723442332,124.777929028916,2694700,"TROW",-0.00368795241976484,3.95813851111856,"Financial_Serv"
"TROW","2022-02-09",125.961418151855,128.213375544738,125.698422877136,126.347703042987,2270500,"TROW",0.0130882165245522,4.00994348498625,"Financial_Serv"
"TROW","2022-02-10",121.498596191406,126.758626391129,120.931496638128,124.14505241277,2720100,"TROW",-0.0354300707782519,3.86787090349639,"Financial_Serv"
"TROW","2022-02-11",118.556266784668,122.84648416656,117.890545560047,122.279384592727,2244300,"TROW",-0.0242169827386565,3.77420274059107,"Financial_Serv"
"TROW","2022-02-14",118.465873718262,119.920605947414,117.3727709735,118.605591920703,2057200,"TROW",-0.000762448657146312,3.77132510477971,"Financial_Serv"
"TROW","2022-02-15",120.471244812012,122.213627453385,119.94524179532,120.652059524709,1849500,"TROW",0.0169278377882834,3.8351654844003,"Financial_Serv"
"TROW","2022-02-16",120.117828369141,120.882183744658,119.295947880701,119.501418002811,1423300,"TROW",-0.00293361659392313,3.82391457929482,"Financial_Serv"
"TROW","2022-02-17",117.874076843262,120.002743913782,117.380956163862,118.778150233509,2244000,"TROW",-0.0186795878375649,3.75248543102754,"Financial_Serv"
"TROW","2022-02-18",117.915191650391,118.786382939211,116.320741537236,117.537121117425,1785400,"TROW",0.000348802792182856,3.75379430842351,"Financial_Serv"
"TROW","2022-02-22",116.879653930664,119.320627948097,116.115298397202,117.315249676275,1428000,"TROW",-0.00878205518078494,3.72082827966962,"Financial_Serv"
"TROW","2022-02-23",114.80850982666,119.271315729592,114.463321459105,118.104246713314,1659300,"TROW",-0.0177203134536363,3.65489403624672,"Financial_Serv"
"TROW","2022-02-24",117.315216064453,117.939840671053,110.238825122554,111.323700759375,2896800,"TROW",0.0218338017066647,3.734694267893,"Financial_Serv"
"TROW","2022-02-25",119.386375427246,119.739790618315,117.479618892854,118.679557586011,1790200,"TROW",0.017654652416572,3.80062899707481,"Financial_Serv"
"TROW","2022-02-28",118.811050415039,119.263087226152,116.501568073876,117.150848190999,1551900,"TROW",-0.0048190173304795,3.78231370007119,"Financial_Serv"
"TROW","2022-03-01",114.701652526855,118.761744626514,114.044145550154,118.153548478408,1934500,"TROW",-0.0345876740743252,3.65149226656627,"Financial_Serv"
"TROW","2022-03-02",117.512474060059,118.326140295274,115.318054561218,116.197472743402,1234200,"TROW",0.0245055016321148,3.74097391626426,"Financial_Serv"
"TROW","2022-03-03",117.463180541992,118.622035263859,115.252319595438,118.424779393891,1319300,"TROW",-0.000419474770322793,3.73940467208995,"Financial_Serv"
"TROW","2022-03-04",114.035926818848,116.542665015659,113.22226055601,116.353635999772,2047100,"TROW",-0.0291772596938946,3.63029909087182,"Financial_Serv"
"TROW","2022-03-07",110.510070800781,114.627688084857,110.271718404292,114.257844323684,1963000,"TROW",-0.0309188175728814,3.51805453554616,"Financial_Serv"
"TROW","2022-03-08",110.855247497559,114.109887302935,109.367645777035,110.45252153186,1732700,"TROW",0.00312348634179776,3.52904313083764,"Financial_Serv"
"TROW","2022-03-09",114.142791748047,115.556427507253,113.723624579121,113.953750164024,1653400,"TROW",0.0296561897131724,3.63370110343173,"Financial_Serv"
"TROW","2022-03-10",113.896209716797,114.241398047716,111.036068874249,112.52367068401,1653300,"TROW",-0.00216029437753978,3.62585123936832,"Financial_Serv"
"TROW","2022-03-11",112.046981811523,115.153689423809,111.956574445413,114.767404545058,1237900,"TROW",-0.0162360794083626,3.56698163072303,"Financial_Serv"
"TROW","2022-03-14",113.547782897949,115.181266664045,112.395224506608,113.290739412813,1665900,"TROW",0.0133943910149254,3.61475917742799,"Financial_Serv"
"TROW","2022-03-15",115.579292297363,116.524556112931,113.813136489749,114.451608039119,1774100,"TROW",0.0178912291157624,3.67943166206966,"Financial_Serv"
"TROW","2022-03-16",120.355339050293,121.80640244812,116.914250910639,117.652219789729,2115100,"TROW",0.0413226855606784,3.83147565968337,"Financial_Serv"
"TROW","2022-03-17",121.881034851074,122.18782705522,119.186202900174,119.476407980448,1977000,"TROW",0.0126765942651178,3.88004572205785,"Financial_Serv"
"TROW","2022-03-18",121.68204498291,122.718518960618,120.429988972656,121.698632109189,5104600,"TROW",-0.0016326565360001,3.87371094004975,"Financial_Serv"
"TROW","2022-03-21",120.786521911621,122.62730058574,119.692012043163,121.70691124868,1252200,"TROW",-0.00735953337581429,3.8452022350982,"Financial_Serv"
"TROW","2022-03-22",123.912536621094,124.177867375097,121.159655716225,121.665455513697,1452600,"TROW",0.0258804927900809,3.94471796382006,"Financial_Serv"
"TROW","2022-03-23",121.416679382324,123.257457842508,121.192810153687,123.091624566835,1089900,"TROW",-0.0201420881762876,3.86526310676221,"Financial_Serv"
"TROW","2022-03-24",123.356994628906,123.514540703188,120.811408380816,122.196136143407,936900,"TROW",0.0159806317917182,3.92703245324949,"Financial_Serv"
"TROW","2022-03-25",123.481338500977,124.924114554809,122.618997884654,123.813017701306,973200,"TROW",0.00100800017416422,3.93099090264631,"Financial_Serv"
"TROW","2022-03-28",124.60075378418,124.658789745206,122.361972620934,122.718513580545,1053600,"TROW",0.00906546120079733,3.96662714815494,"Financial_Serv"
"TROW","2022-03-29",128.522750854492,129.028550573623,126.20104701828,126.648810783946,1261200,"TROW",0.0314765115876086,4.09148273354756,"Financial_Serv"
"TROW","2022-03-30",126.947311401367,129.318763874367,126.234216947185,128.647118248841,1103200,"TROW",-0.0122580589245918,4.04132909711079,"Financial_Serv"
"TROW","2022-03-31",125.36360168457,128.075021133608,125.288978595251,127.419962499083,1752200,"TROW",-0.0124753309015713,3.99091217934218,"Financial_Serv"
"TROW","2022-04-01",126.748321533203,127.312157265023,125.761596350249,126.366893568766,1207700,"TROW",0.0110456291142379,4.03499431510269,"Financial_Serv"
"TROW","2022-04-04",129.152938842773,130.819597018739,126.69857566317,126.864408961424,1553100,"TROW",0.0189715909487637,4.11154457672941,"Financial_Serv"
"TROW","2022-04-05",128.398376464844,129.476299070347,127.494561716216,128.605671220097,1852600,"TROW",-0.00584239417771412,4.08752331263291,"Financial_Serv"
"TROW","2022-04-06",123.03360748291,126.872698379975,122.50293332801,126.433234438523,1897200,"TROW",-0.0417822181996398,3.91673752168837,"Financial_Serv"
"TROW","2022-04-07",121.474761962891,122.942412800232,119.700318847134,122.295653987628,1737800,"TROW",-0.0126700789476246,3.86711214807145,"Financial_Serv"
"TROW","2022-04-08",121.184516906738,122.867749418979,120.214378906008,121.333775719611,1117000,"TROW",-0.00238934451455036,3.85787228487331,"Financial_Serv"
"TROW","2022-04-11",118.630668640137,121.010408783536,118.489697048766,120.570944840377,1284100,"TROW",-0.0210740475086183,3.7765713010597,"Financial_Serv"
"TROW","2022-04-12",119.294021606445,123.506253960391,118.680437023112,118.813096095123,1465100,"TROW",0.00559174936728089,3.7976889412429,"Financial_Serv"
"TROW","2022-04-13",119.053520202637,119.293976541326,117.378575110048,118.912561293437,1222600,"TROW",-0.00201603903171288,3.79003265210705,"Financial_Serv"
"TROW","2022-04-14",115.222724914551,120.1646249055,115.023717390222,119.841245586133,1020600,"TROW",-0.032177085411382,3.66808044774827,"Financial_Serv"
"TROW","2022-04-18",115.51293182373,115.935821238119,113.962371043686,114.891047534117,933200,"TROW",0.00251866035449956,3.67731909654913,"Financial_Serv"
"TROW","2022-04-19",120.33048248291,120.488028556619,115.736835242679,115.736835242679,1012900,"TROW",0.0417057257842883,3.83068435841113,"Financial_Serv"
"TROW","2022-04-20",118.904273986816,120.944060073043,118.332151054451,120.778226788926,1445400,"TROW",-0.0118524289661708,3.78528144416124,"Financial_Serv"
"TROW","2022-04-21",115.736824035645,121.093314109438,114.96568086855,120.347057956235,1410700,"TROW",-0.0266386551548439,3.6844466371062,"Financial_Serv"
"TROW","2022-04-22",111.317291259766,115.8446145942,111.201206694896,115.496348247324,1836500,"TROW",-0.0381860554123879,3.54375215365768,"Financial_Serv"
"TROW","2022-04-25",113.755065917969,113.82968898938,109.186281655682,111.10998295607,1665400,"TROW",0.0218993350504229,3.62135796940629,"Financial_Serv"
"TROW","2022-04-26",108.995590209961,112.851280617929,108.979003085319,112.610811593558,1603400,"TROW",-0.0418396813328733,3.46984150597407,"Financial_Serv"
"TROW","2022-04-27",108.672210693359,110.579325151562,108.332244226216,109.003889924329,1719600,"TROW",-0.00296690458741155,3.4595468172924,"Financial_Serv"
"TROW","2022-04-28",107.26261138916,109.791610233725,105.255999438532,108.622464638854,2873700,"TROW",-0.0129711109694519,3.41467265162129,"Financial_Serv"
"TROW","2022-04-29",102.02220916748,107.561126457,101.690536223423,106.027146207634,4000100,"TROW",-0.0488558142843171,3.24784603871194,"Financial_Serv"
"TROW","2022-05-02",103.879554748535,104.219521209903,101.342268772996,103.066962787934,1990200,"TROW",0.0182053064348534,3.30697407109992,"Financial_Serv"
"TROW","2022-05-03",106.640739440918,108.539554277937,104.070285137387,104.211244085788,1828100,"TROW",0.0265806365753772,3.39487554704802,"Financial_Serv"
"TROW","2022-05-04",111.740173339844,112.26256023269,105.81984127204,106.458306409132,1761100,"TROW",0.0478188160140339,3.55721447622285,"Financial_Serv"
"TROW","2022-05-05",105.595962524414,110.272538707816,104.48486551009,109.882823498688,2018300,"TROW",-0.0549865874714803,3.36161539127121,"Financial_Serv"
"TROW","2022-05-06",104.335601806641,106.052002194118,102.370445172692,105.595951184298,1493900,"TROW",-0.0119356904150766,3.32149219066644,"Financial_Serv"
"TROW","2022-05-09",101.524711608887,104.551210876494,101.209619438287,102.544598565997,1761600,"TROW",-0.0269408538320714,3.23200835505333,"Financial_Serv"
"TROW","2022-05-10",101.906120300293,104.343902735406,100.34725942662,103.415226122462,1580000,"TROW",0.00375680644999601,3.24415038488803,"Financial_Serv"
"TROW","2022-05-11",95.1731643676758,101.400300413281,95.0736669366524,100.654038049937,2857200,"TROW",-0.066070182171363,3.02980877796718,"Financial_Serv"
"TROW","2022-05-12",98.8713226318359,99.3356672696172,93.4070349285553,94.4518024558944,2407400,"TROW",0.0388571535761207,3.14753852295893,"Financial_Serv"
"TROW","2022-05-13",101.126693725586,102.378756079652,99.8331762075077,100.645768274867,1705700,"TROW",0.0228111755129266,3.21933757663984,"Financial_Serv"
"TROW","2022-05-16",100.405303955078,101.740282942105,98.6142802143446,100.88622939816,1267600,"TROW",-0.00713352472953731,3.19637235242416,"Financial_Serv"
"TROW","2022-05-17",104.202941894531,104.617531468068,101.193023868061,102.801633437748,1769600,"TROW",0.0378230809515024,3.31726900266104,"Financial_Serv"
"TROW","2022-05-18",100.587715148926,103.324008724404,100.297503727559,102.726998756944,1570400,"TROW",-0.0346940948103424,3.20217935737131,"Financial_Serv"
"TROW","2022-05-19",99.6092910766602,100.927689242076,98.879615686945,99.5015000623346,2105800,"TROW",-0.00972707323967955,3.17103152423557,"Financial_Serv"
"TROW","2022-05-20",100.977439880371,102.901135331634,98.6723227641138,100.438472146264,1880500,"TROW",0.0137351525035752,3.21458612581459,"Financial_Serv"
"TROW","2022-05-23",100.587715148926,102.527997543169,99.9658308205112,102.403619412259,1676900,"TROW",-0.00385952279941958,3.20217935737131,"Financial_Serv"
"TROW","2022-05-24",99.7834167480469,100.222887015348,96.0686976661605,100.057047388215,1906800,"TROW",-0.00799599036212421,3.17657476209197,"Financial_Serv"
"TROW","2022-05-25",101.980743408203,102.237793250309,99.0952034658014,99.509793046985,1606400,"TROW",0.0220209603135208,3.24652598886093,"Financial_Serv"
"TROW","2022-05-26",105.911041259766,106.259288611163,102.445072629434,102.445072629434,1795800,"TROW",0.0385396077750729,3.37164582710321,"Financial_Serv"
"TROW","2022-05-27",107.702079772949,108.937561266836,106.217854654757,106.756816043779,1570300,"TROW",0.0169107818399288,3.42866299412686,"Financial_Serv"
"TROW","2022-05-31",105.38037109375,107.196275386941,103.680557697149,107.022154857393,2412900,"TROW",-0.0215567673724936,3.35475210356379,"Financial_Serv"
"TROW","2022-06-01",102.727005004883,106.333939389971,101.96416170057,106.027140825219,1442100,"TROW",-0.0251789404547329,3.27028300010777,"Financial_Serv"
"TROW","2022-06-02",105.38037109375,105.396958218749,102.29583008805,102.751874807372,1263900,"TROW",0.0258292947286944,3.35475210356379,"Financial_Serv"
"TROW","2022-06-03",103.688850402832,104.493148826873,103.232799361144,103.70543120156,987100,"TROW",-0.0160515727299265,3.30090305618256,"Financial_Serv"
"TROW","2022-06-06",103.912750244141,106.060327933569,103.713748982269,105.106770467642,974900,"TROW",0.00215934346305067,3.30803083961909,"Financial_Serv"
"TROW","2022-06-07",104.567771911621,104.8082345985,102.304110291098,103.075247071042,1074400,"TROW",0.00630357358400687,3.3288832554348,"Financial_Serv"
"TROW","2022-06-08",102.113403320312,104.103434345444,101.773436866451,103.78005501555,865100,"TROW",-0.023471558649858,3.25074917686633,"Financial_Serv"
"TROW","2022-06-09",100.504806518555,103.141596534351,100.488225718641,102.11341613403,1012700,"TROW",-0.0157530426903108,3.19953998630766,"Financial_Serv"
"TROW","2022-06-10",95.2312240600586,99.0288660832487,95.0902651229082,97.992392146317,2461400,"TROW",-0.0524709478200181,3.03165709063805,"Financial_Serv"
"TROW","2022-06-13",89.4684295654297,91.8481696244104,88.4236620882894,91.6242940423763,3030600,"TROW",-0.0605137080984545,2.84820027840057,"Financial_Serv"
"TROW","2022-06-14",90.290153503418,91.8162312463241,89.3929540567195,90.1308356212488,1615800,"TROW",0.00918451281619224,2.87435961036062,"Financial_Serv"
"TROW","2022-06-15",92.2941818237305,93.9208824557107,90.6591007535409,91.3634413999976,1991300,"TROW",0.022195424889123,2.93815724319671,"Financial_Serv"
"TROW","2022-06-16",88.9569244384766,90.0889104417509,87.8081775600944,89.9044384590757,2141200,"TROW",-0.0361589140215536,2.83191666805816,"Financial_Serv"
"TROW","2022-06-17",89.4516525268555,91.0112712728336,88.3280532681068,88.956931588347,3052900,"TROW",0.00556143427284365,2.84766618647373,"Financial_Serv"
"TROW","2022-06-21",92.1432647705078,92.6379857831128,91.4221503435121,91.7407861677505,1488000,"TROW",0.0300901343644184,2.93335284464974,"Financial_Serv"
"TROW","2022-06-22",93.3506927490234,94.0634201817889,90.9441829117956,91.2711991032677,1621000,"TROW",0.013103811564772,2.97179094757901,"Financial_Serv"
"TROW","2022-06-23",96.4280166625977,96.4364034987637,93.5016377742498,93.5016377742498,1719800,"TROW",0.0329651963252989,3.0697566196037,"Financial_Serv"
"TROW","2022-06-24",101.878280639648,101.903434747106,96.9981854772454,97.3168148338381,4002600,"TROW",0.0565215812342309,3.24326411774795,"Financial_Serv"
"TROW","2022-06-27",101.04817199707,102.792256372778,100.670841160173,102.29754182318,1664800,"TROW",-0.00814804330585716,3.21683786126421,"Financial_Serv"
"TROW","2022-06-28",98.8345184326172,102.884489925192,98.3481843329602,101.702202017854,1816000,"TROW",-0.0219069135116794,3.1463668724564,"Financial_Serv"
"TROW","2022-06-29",96.8472595214844,98.4068782385479,95.9919878366178,97.1826625655171,1850900,"TROW",-0.0201069316939878,3.08310308866769,"Financial_Serv"
"TROW","2022-06-30",95.2624969482422,96.6041028714822,92.6212064884774,95.0444839865652,1883900,"TROW",-0.0163635252156064,3.03265265353396,"Financial_Serv"
"TROW","2022-07-01",96.6879501342773,96.9981990968002,94.8683969368727,95.2708819045434,1310700,"TROW",0.0149634245553067,3.07803152271757,"Financial_Serv"
"TROW","2022-07-05",98.1721115112305,98.2056524599688,94.1808281733123,95.0025654241974,1113400,"TROW",0.0153500138837566,3.12527934932592,"Financial_Serv"
"TROW","2022-07-06",97.9540939331055,99.0525327641434,97.2832877844719,98.1972610020531,1184800,"TROW",-0.00222076896145867,3.11833882595105,"Financial_Serv"
"TROW","2022-07-07",99.7149429321289,99.865873981866,97.5599868536658,98.5410354783163,1546600,"TROW",0.0179762675384038,3.17439491896174,"Financial_Serv"
"TROW","2022-07-08",97.2329788208008,100.620537690729,96.9814313149429,99.5891743645953,1229700,"TROW",-0.0248905935093146,3.09538234539583,"Financial_Serv"
"TROW","2022-07-11",94.834846496582,96.2351473112433,94.1892009224595,95.5475739581482,1536500,"TROW",-0.0246637751234432,3.01903853130791,"Financial_Serv"
"TROW","2022-07-12",95.3966445922852,97.9876265642778,94.969011946173,95.3631100452529,1211800,"TROW",0.00592396272527707,3.03692320303356,"Financial_Serv"
"TROW","2022-07-13",93.5184020996094,94.0634312821416,91.2125148173649,93.4680938787632,1968600,"TROW",-0.0196887689362994,2.97712992381174,"Financial_Serv"
"TROW","2022-07-14",93.6022415161133,93.795100338069,90.7680990183758,92.3444849477293,1544100,"TROW",0.000896501807362002,2.97979892616919,"Financial_Serv"
"TROW","2022-07-15",96.7466354370117,97.2916645768512,94.1221189661873,95.1199412500188,1472000,"TROW",0.0335931476636395,3.07989975150395,"Financial_Serv"
"TROW","2022-07-18",95.3295822143555,98.2727285132906,94.8264743777303,97.5180795529166,1160800,"TROW",-0.0146470543007032,3.03478829260295,"Financial_Serv"
"TROW","2022-07-19",99.8239517211914,100.041958259897,96.8472585320725,97.0988124118474,1441400,"TROW",0.0471455911422125,3.17786518064918,"Financial_Serv"
"TROW","2022-07-20",101.542877197266,102.255604627184,99.3459998579248,99.9077962464371,1387800,"TROW",0.0172195695164942,3.23258665104141,"Financial_Serv"
"TROW","2022-07-21",102.867736816406,102.959972827224,100.65408535134,101.584825898843,1148600,"TROW",0.0130472924907066,3.2747631545791,"Financial_Serv"
"TROW","2022-07-22",101.526123046875,103.630764666418,100.528300677654,103.18635831964,991600,"TROW",-0.0130421239064071,3.23205328775295,"Financial_Serv"
"TROW","2022-07-25",100.81339263916,102.331083643532,100.335445359496,102.289155862202,1293200,"TROW",-0.00702016768025086,3.20936373172141,"Financial_Serv"
"TROW","2022-07-26",98.2140274047852,100.000046040816,97.9457062271709,99.8071871956803,1370900,"TROW",-0.0257839277731568,3.12661372906492,"Financial_Serv"
"TROW","2022-07-27",100.989471435547,101.760893944017,98.6416565693648,98.8932104469132,2033300,"TROW",0.0282591408182747,3.21496914671892,"Financial_Serv"
"TROW","2022-07-28",101.274574279785,102.389786819881,98.1637232973726,100.410915653057,2065300,"TROW",0.002823094726466,3.22404530916277,"Financial_Serv"
"TROW","2022-07-29",103.530151367188,104.276419858449,100.737929854159,100.914015031024,3989300,"TROW",0.0222718989780297,3.29585092058903,"Financial_Serv"
"TROW","2022-08-01",103.488212585449,103.748153302295,101.316489237631,102.414927965888,1458500,"TROW",-0.000405087611526213,3.29451581221167,"Financial_Serv"
"TROW","2022-08-02",102.834190368652,104.603435358238,101.895063034759,102.49040685358,1088000,"TROW",-0.00631977498168552,3.27369521360488,"Financial_Serv"
"TROW","2022-08-03",106.246879577637,106.473279322163,103.144416212173,103.513353755732,1901600,"TROW",0.0331863283675415,3.38233713793882,"Financial_Serv"
"TROW","2022-08-04",104.963981628418,106.993160752293,104.796283306403,106.1965841268,1123000,"TROW",-0.0120746882573743,3.34149647141687,"Financial_Serv"
"TROW","2022-08-05",104.84659576416,106.355899915184,103.21989510624,103.488216270685,1068100,"TROW",-0.00111834423996385,3.33775952808521,"Financial_Serv"
"TROW","2022-08-08",107.135696411133,107.873577925274,105.844405360706,106.339119849245,1711200,"TROW",0.021832856186592,3.41063235184732,"Financial_Serv"
"TROW","2022-08-09",104.536331176758,106.783522991712,103.370810693354,106.213339802925,1175200,"TROW",-0.0242623637260913,3.32788234919082,"Financial_Serv"
"TROW","2022-08-10",108.896583557129,109.592543880115,106.817095822325,107.311816841329,1650400,"TROW",0.0417104018410447,3.46668965925529,"Financial_Serv"
"TROW","2022-08-11",108.594703674316,111.269534842088,108.150297351819,109.609299660029,1421500,"TROW",-0.00277217037441885,3.4570794048846,"Financial_Serv"
"TROW","2022-08-12",110.900588989258,110.942516768794,108.628249196377,110.238176133002,963000,"TROW",0.0212338653444548,3.53048656345301,"Financial_Serv"
"TROW","2022-08-15",110.75804901123,111.168920795107,109.844082237355,110.313642679179,810500,"TROW",-0.00128529504961557,3.52594884655027,"Financial_Serv"
"TROW","2022-08-16",110.79997253418,111.806175270069,109.684760130427,110.171094224928,739200,"TROW",0.00037851445852904,3.52728346916872,"Financial_Serv"
"TROW","2022-08-17",109.324211120605,110.053705876728,107.84005470459,109.374519339019,931100,"TROW",-0.0133191496335342,3.48030305284297,"Financial_Serv"
"TROW","2022-08-18",110.489738464355,110.716125460953,108.896572282073,109.005581958292,1043800,"TROW",0.0106612005867959,3.51740726179217,"Financial_Serv"
"TROW","2022-08-19",106.003730773926,109.265512564651,105.810878333376,108.754024339622,1619500,"TROW",-0.0406011250707856,3.37459656963125,"Financial_Serv"
"TROW","2022-08-22",103.781707763672,104.68729423418,102.540724583153,104.68729423418,1275600,"TROW",-0.0209617434596978,3.30385914205867,"Financial_Serv"
"TROW","2022-08-23",104.35188293457,105.492249571472,103.312139141141,103.899096132145,967900,"TROW",0.00549398524253253,3.32201049542854,"Financial_Serv"
"TROW","2022-08-24",104.662124633789,106.020504138551,103.982938080049,104.217718301229,911200,"TROW",0.00297303403153036,3.33188694568455,"Financial_Serv"
"TROW","2022-08-25",105.978591918945,106.565542558082,104.787916966821,105.165241463797,801700,"TROW",0.0125782587517934,3.3737962818191,"Financial_Serv"
"TROW","2022-08-26",100.352210998535,106.414600876084,100.243207725048,106.313978040901,1406200,"TROW",-0.0530897874611632,3.19468215428006,"Financial_Serv"
"TROW","2022-08-29",99.7904052734375,100.687604679137,98.9183599748716,99.8239462153763,988900,"TROW",-0.00559833928428201,3.17679723967496,"Financial_Serv"
"TROW","2022-08-30",100.142578125,101.702196779934,99.0944476524522,101.702196779934,1247400,"TROW",0.00352912537630752,3.18800855542888,"Financial_Serv"
"TROW","2022-08-31",100.620529174805,102.154993780068,100.276739296096,101.526115472725,2090000,"TROW",0.00477270566379966,3.20322398191761,"Financial_Serv"
"TROW","2022-09-01",99.7820358276367,99.8574981621893,97.4593811698142,99.429865471828,1633000,"TROW",-0.00833322338934714,3.17653080091018,"Financial_Serv"
"TROW","2022-09-02",99.2286224365234,102.591027373647,98.759061949565,101.12364445462,1898600,"TROW",-0.00554622268951544,3.15891305370823,"Financial_Serv"
"TROW","2022-09-06",99.4969482421875,100.62054121506,98.0463326248664,99.8491186010926,1720900,"TROW",0.00270411700853461,3.16745512422524,"Financial_Serv"
"TROW","2022-09-07",101.685447692871,101.895073838059,99.3963337698989,100.394156268123,1757000,"TROW",0.0219956439805221,3.23712533946198,"Financial_Serv"
"TROW","2022-09-08",102.054374694824,102.113069749773,99.3543893726047,100.595378759461,1951000,"TROW",0.00362811995544756,3.24887001850437,"Financial_Serv"
"TROW","2022-09-09",104.301567077637,104.502806352573,102.792256522415,102.800643358077,1527600,"TROW",0.0220195595684392,3.32040870540694,"Financial_Serv"
"TROW","2022-09-12",104.762756347656,105.232316829806,103.504999572798,104.301576304629,1430900,"TROW",0.00442169070840753,3.33509052572776,"Financial_Serv"
"TROW","2022-09-13",97.4174499511719,101.769290214161,97.1407419396714,101.643513263726,2476500,"TROW",-0.0701137183915714,3.10125492779648,"Financial_Serv"
"TROW","2022-09-14",96.942985534668,98.5697147576822,95.9008647521937,97.8580231466312,2345800,"TROW",-0.00487042533695678,3.08615049721978,"Financial_Serv"
"TROW","2022-09-15",94.9604110717773,98.9594586168771,94.6299818983858,96.8836784775191,2398200,"TROW",-0.0204509325966821,3.02303584141792,"Financial_Serv"
"TROW","2022-09-16",93.3082580566406,94.5028915701798,91.7577852021127,93.9352318625202,4367300,"TROW",-0.0173983347006355,2.97044005203691,"Financial_Serv"
"TROW","2022-09-19",96.5193557739258,96.5532467733914,92.3000265331885,92.4694750664693,2380300,"TROW",0.0344138641548311,3.07266437246778,"Financial_Serv"
"TROW","2022-09-20",94.714714050293,95.9940719479324,94.3334451126141,95.1637585302733,2118000,"TROW",-0.0186972002575294,3.01521415137158,"Financial_Serv"
"TROW","2022-09-21",93.2404861450195,96.7820149931161,93.2150630459167,95.7483620738847,1389100,"TROW",-0.0155649301173061,2.96828255381677,"Financial_Serv"
"TROW","2022-09-22",91.2579040527344,93.1981202407038,90.9105326022328,93.0879793347492,1610200,"TROW",-0.0212631033390537,2.90516765513545,"Financial_Serv"
"TROW","2022-09-23",90.9359436035156,90.9952512359782,89.0380864366205,89.8175664884743,1967300,"TROW",-0.00352802809313593,2.89491814203286,"Financial_Serv"
"TROW","2022-09-26",91.0630340576172,91.9780651861631,90.5038422630168,90.6478741625785,1403700,"TROW",0.0013975821777985,2.89896402803435,"Financial_Serv"
"TROW","2022-09-27",90.4530029296875,93.071019435975,89.8260291782657,92.6558660328257,1512600,"TROW",-0.00669899849310654,2.87954387237898,"Financial_Serv"
"TROW","2022-09-28",92.8846282958984,93.520069990391,90.8257969471807,91.0121942118128,1698800,"TROW",0.0268827489132796,2.95695392728492,"Financial_Serv"
"TROW","2022-09-29",90.9867858886719,92.2153040246135,90.3089787670193,91.5290290003748,1581200,"TROW",-0.0204322549602146,2.89653669073702,"Financial_Serv"
"TROW","2022-09-30",88.9703063964844,91.4866563938978,88.8771077696137,90.9782978967683,2099400,"TROW",-0.0221623334915335,2.83234267862645,"Financial_Serv"
"TROW","2022-10-03",92.1136322021484,92.6982406494686,89.0804555258591,90.0717430516257,1833500,"TROW",0.0353300548573616,2.93240950083717,"Financial_Serv"
"TROW","2022-10-04",95.9601745605469,96.0533731970647,93.9267597536859,93.9267597536859,1440400,"TROW",0.0417586655355962,3.05486300839603,"Financial_Serv"
"TROW","2022-10-05",94.5028915405273,95.0874999800799,93.5709116620859,94.096206003437,1039000,"TROW",-0.0151863314827553,3.00847084611612,"Financial_Serv"
"TROW","2022-10-06",93.9775848388672,95.3077758049057,93.4438161649698,94.1216167321979,884500,"TROW",-0.00555863099104094,2.99174786683526,"Financial_Serv"
"TROW","2022-10-07",89.9785232543945,92.9185006037534,89.529478914864,92.6304368629398,1521200,"TROW",-0.0425533555829233,2.86443895604336,"Financial_Serv"
"TROW","2022-10-10",89.7158889770508,91.0799709191025,88.6652939131263,90.7410674089197,1192100,"TROW",-0.00291885516503988,2.85607807360158,"Financial_Serv"
"TROW","2022-10-11",87.5892868041992,89.5549196544061,86.7843965220035,88.6737794664234,1565100,"TROW",-0.0237037407431313,2.78837833940278,"Financial_Serv"
"TROW","2022-10-12",83.0903625488281,86.8860707603703,82.5650617111094,86.8860707603703,3347400,"TROW",-0.0513638644578552,2.64515645232048,"Financial_Serv"
"TROW","2022-10-13",86.3861770629883,86.9792598398774,79.2438123558189,80.4808047112088,3008300,"TROW",0.039665424642038,2.7500777062464,"Financial_Serv"
"TROW","2022-10-14",83.293701171875,88.9618435585279,83.0649449897626,87.1233003430231,1705900,"TROW",-0.0357982723191745,2.6516296756193,"Financial_Serv"
"TROW","2022-10-17",87.0978851318359,87.4028976890049,85.4965724387229,85.4965724387229,1604400,"TROW",0.0456719284464389,2.77273471643064,"Financial_Serv"
"TROW","2022-10-18",88.2162475585938,90.1395147554773,87.309684405729,89.7667202561153,1133400,"TROW",0.0128402937116671,2.80833744457414,"Financial_Serv"
"TROW","2022-10-19",85.6999053955078,87.8434610333297,84.9712650610007,86.7759171653698,1317800,"TROW",-0.028524701885722,2.72823045617315,"Financial_Serv"
"TROW","2022-10-20",84.4883346557617,87.038575978338,84.1833221039032,85.8947756768448,1457300,"TROW",-0.0141373637946816,2.6896604696985,"Financial_Serv"
"TROW","2022-10-21",86.8606414794922,87.3774679138754,84.2426247718549,84.6154193052585,2029300,"TROW",0.0280785132455997,2.7651821368231,"Financial_Serv"
"TROW","2022-10-24",88.4534912109375,88.902535671485,86.9962104577322,87.9027737452661,1480100,"TROW",0.0183379918028971,2.81589002418168,"Financial_Serv"
"TROW","2022-10-25",92.0882110595703,92.3000249545723,88.0722149562182,88.0722149562182,1753300,"TROW",0.041091875502856,2.93160022648509,"Financial_Serv"
"TROW","2022-10-26",92.4101638793945,94.0707840050603,91.6815235790248,92.0458437292096,1906900,"TROW",0.0034961350222772,2.94184949670822,"Financial_Serv"
"TROW","2022-10-27",90.3513412475586,94.8333243744743,89.4532523345219,94.3334401838264,3094600,"TROW",-0.0222791795340059,2.87630750360903,"Financial_Serv"
"TROW","2022-10-28",92.0458526611328,92.1305769327363,88.9703169999989,89.7497906412269,2460300,"TROW",0.0187546901924935,2.93025175973756,"Financial_Serv"
"TROW","2022-10-31",89.9446563720703,92.4355834065467,89.6989514757356,91.3256806541788,2629900,"TROW",-0.0228277128009022,2.86336081413193,"Financial_Serv"
"TROW","2022-11-01",90.3936996459961,91.8763969068512,89.2583738106655,91.6222176479429,1514400,"TROW",0.00499243970723778,2.87765597035655,"Financial_Serv"
"TROW","2022-11-02",88.6737823486328,92.6050481768265,88.6483592484965,89.9870247709028,2085900,"TROW",-0.0190269598887854,2.82290292563486,"Financial_Serv"
"TROW","2022-11-03",85.7592163085938,87.6062338492943,85.5219857653189,86.6064719426023,1943100,"TROW",-0.0328684078071696,2.73011860107504,"Financial_Serv"
"TROW","2022-11-04",87.123291015625,88.4704242568304,85.4457221582262,86.8352207631619,3110100,"TROW",0.0159058672145837,2.7735435050238,"Financial_Serv"
"TROW","2022-11-07",88.766975402832,88.809340772763,86.2167404413742,87.8688864439165,1746000,"TROW",0.0188661879968727,2.82586969820709,"Financial_Serv"
"TROW","2022-11-08",92.4271087646484,93.2828387163551,88.5636253613743,89.0804517859058,1846000,"TROW",0.0412330525536824,2.94238893198312,"Financial_Serv"
"TROW","2022-11-09",90.7580261230469,91.4104101190724,89.4701939355,91.3172114819191,1864600,"TROW",-0.0180583669002525,2.88925419308613,"Financial_Serv"
"TROW","2022-11-10",105.610412597656,105.915425132989,95.4009799580991,96.2228189302985,4489900,"TROW",0.163648187483419,3.36207540496354,"Financial_Serv"
"TROW","2022-11-11",112.973045349121,114.074480085538,105.076624341961,106.618629094517,5549500,"TROW",0.0697150268649574,3.59646258214258,"Financial_Serv"
"TROW","2022-11-14",106.330581665039,112.117339174755,106.186549759175,111.007436366906,3210000,"TROW",-0.0587968896789035,3.38500176846604,"Financial_Serv"
"TROW","2022-11-15",107.050735473633,110.702411222278,105.923884061562,108.838451632304,2076600,"TROW",0.00677278161481677,3.40792764620963,"Financial_Serv"
"TROW","2022-11-16",104.949554443359,105.974732952898,103.475325031981,105.906950952917,1440100,"TROW",-0.0196278990609174,3.34103718636292,"Financial_Serv"
"TROW","2022-11-17",104.017562866211,104.059928230078,100.662431604647,102.661955255081,1507200,"TROW",-0.00888037669232248,3.31136751760496,"Financial_Serv"
"TROW","2022-11-18",103.424499511719,105.898484519938,103.170320224772,105.762926973868,1564000,"TROW",-0.00570156940953323,3.29248752586286,"Financial_Serv"
"TROW","2022-11-21",102.517929077148,103.077120883948,101.569000464419,102.433204808737,1253700,"TROW",-0.00876552885293481,3.26362713145698,"Financial_Serv"
"TROW","2022-11-22",105.424011230469,105.601934125153,102.034988937713,102.746680516449,1276000,"TROW",0.0283470626014439,3.35614137406016,"Financial_Serv"
"TROW","2022-11-23",105.39860534668,105.957790720709,104.500509951954,105.25457343592,1127700,"TROW",-0.000240987641169547,3.355332585467,"Financial_Serv"
"TROW","2022-11-25",105.949325561523,106.195024020806,104.000634908375,105.059704510293,707900,"TROW",0.00522511861549123,3.37286459622048,"Financial_Serv"
"TROW","2022-11-28",102.628059387207,105.847632966916,102.314578980035,104.890236550994,1310900,"TROW",-0.0313476858556102,3.26713309642465,"Financial_Serv"
"TROW","2022-11-29",102.094299316406,103.746445142962,101.103011820473,102.560292479818,1680800,"TROW",-0.00520091750723795,3.25014100670498,"Financial_Serv"
"TROW","2022-11-30",105.830696105957,106.034035632352,100.476034710493,102.102770313795,2736300,"TROW",0.036597506565681,3.36908806353726,"Financial_Serv"
"TROW","2022-12-01",107.677719116211,108.033571407375,105.36471477591,106.652540539588,1565400,"TROW",0.0174526208199999,3.42788748001936,"Financial_Serv"
"TROW","2022-12-02",106.762680053711,106.949077320112,104.178547885967,105.983199988394,1817200,"TROW",-0.00849794247138952,3.39875748941576,"Financial_Serv"
"TROW","2022-12-05",104.746223449707,106.703388579259,103.602429508361,106.669497574413,1482700,"TROW",-0.0188872797403498,3.33456420594355,"Financial_Serv"
"TROW","2022-12-06",102.797523498535,104.636066599149,102.24680606573,104.390361699465,1038100,"TROW",-0.0186040115528129,3.27252793493258,"Financial_Serv"
"TROW","2022-12-07",102.72974395752,103.915903118704,101.848597336755,101.848597336755,1819500,"TROW",-0.00065934994062956,3.27037019383298,"Financial_Serv"
"TROW","2022-12-08",103.585487365723,104.093839510942,102.399328050844,102.958513471372,832500,"TROW",0.00833004517714937,3.29761252529361,"Financial_Serv"
"TROW","2022-12-09",101.526626586914,103.407534802826,101.263972990319,102.848343078508,1480300,"TROW",-0.0198759578312308,3.23206931779713,"Financial_Serv"
"TROW","2022-12-12",102.509452819824,102.805990985816,100.298115195636,101.069120891264,1790500,"TROW",0.00968047758455548,3.2633572923798,"Financial_Serv"
"TROW","2022-12-13",104.610656738281,108.711371005001,103.077126071502,108.423307185095,2411300,"TROW",0.0204976600758002,3.33024848086488,"Financial_Serv"
"TROW","2022-12-14",100.467567443848,104.79704394099,99.7219784022752,103.534628482526,3181100,"TROW",-0.0396048492917784,3.19835449167606,"Financial_Serv"
"TROW","2022-12-15",95.8284912109375,98.6786971220582,94.9554585193998,97.8570173741021,3623400,"TROW",-0.0461748636992031,3.05067090896118,"Financial_Serv"
"TROW","2022-12-16",94.5959854125977,96.0510488681896,93.140928487137,95.2208079696111,4829200,"TROW",-0.0128615799201811,3.01143446125541,"Financial_Serv"
"TROW","2022-12-19",93.7486114501953,94.5874131935805,92.8071038203634,93.9882672254111,2380800,"TROW",-0.00895782161057224,2.98445856855955,"Financial_Serv"
"TROW","2022-12-20",93.5603179931641,93.9968376446931,92.5588963191835,92.5931337948064,2074900,"TROW",-0.0020084932898583,2.97846430355074,"Financial_Serv"
"TROW","2022-12-21",96.7614517211914,96.8042436673807,94.5788600314894,94.8270768278574,1327400,"TROW",0.0342146520735557,3.08037142341023,"Financial_Serv"
"TROW","2022-12-22",94.3905563354492,95.5802808289852,92.1480572472654,95.0068178201848,1580700,"TROW",-0.024502478451581,3.00489468898526,"Financial_Serv"
"TROW","2022-12-23",95.1095275878906,95.2978238984067,93.5517584472652,94.3991147000443,663500,"TROW",0.00761698288848193,3.02778292041295,"Financial_Serv"
"TROW","2022-12-27",94.7757186889648,95.9825585995388,94.4590269598843,95.1180803602483,1019700,"TROW",-0.00350973143691949,3.01715621551301,"Financial_Serv"
"TROW","2022-12-28",92.5075378417969,95.5546011586823,92.3877099493439,94.6045324898547,1275800,"TROW",-0.0239320880763953,2.94494936722311,"Financial_Serv"
"TROW","2022-12-29",95.2892608642578,95.5460320992304,93.4233611575526,93.9112336871433,1066500,"TROW",0.030070230895326,3.03350467467055,"Financial_Serv"
"TROW","2022-12-30",93.3463363647461,94.621657812241,92.1052589221599,93.8085324790547,1582700,"TROW",-0.0203897530727987,2.97165226340884,"Financial_Serv"
"TROW","2023-01-03",93.4233703613281,96.0767125648892,92.7300729393021,94.7671602001396,2784500,"TROW",0.000825249276854582,2.97410461729028,"Financial_Serv"
"TROW","2023-01-04",95.3149490356445,96.5560264823583,93.2436307806594,94.7329250227421,1472100,"TROW",0.0202473820736766,3.03432244980364,"Financial_Serv"
"TROW","2023-01-05",92.6188125610352,95.0838520957124,91.7457797665029,94.15090534989,1795000,"TROW",-0.0282866066853911,2.94849176410939,"Financial_Serv"
"TROW","2023-01-06",96.110954284668,96.8727201583385,92.5503351865007,93.4490509624688,1193400,"TROW",0.0377044536317232,3.05966303511277,"Financial_Serv"
"TROW","2023-01-09",98.3020782470703,100.099502862346,95.9739826756112,96.4447396956229,1735300,"TROW",0.0227978587738555,3.12941680088286,"Financial_Serv"
"TROW","2023-01-10",100.313491821289,100.459002706147,97.7457402572957,99.0809755110606,1168400,"TROW",0.0204615569689514,3.19344954103372,"Financial_Serv"
"TROW","2023-01-11",102.94116973877,103.206508539529,100.869851461309,101.503228428357,1962200,"TROW",0.0261946610547836,3.27710086935665,"Financial_Serv"
"TROW","2023-01-12",102.34203338623,103.300663132621,99.9968217648555,103.300663132621,1403500,"TROW",-0.00582018209098917,3.25802754556646,"Financial_Serv"
"TROW","2023-01-13",101.434753417969,101.85415103497,99.9711357287289,100.869844908018,861000,"TROW",-0.00886517433983081,3.22914456337104,"Financial_Serv"
"TROW","2023-01-17",101.546028137207,101.939749312319,99.9369059610811,100.964004110926,1331000,"TROW",0.00109700783497512,3.23268696025732,"Financial_Serv"
"TROW","2023-01-18",100.313491821289,103.754282573913,100.082397053787,102.282103965736,1750500,"TROW",-0.0121377107359885,3.19344954103372,"Financial_Serv"
"TROW","2023-01-19",97.5745697021484,99.0125109905432,96.7871273735379,98.9012440952387,1045600,"TROW",-0.0273036265552403,3.10625678734233,"Financial_Serv"
"TROW","2023-01-20",100.835594177246,101.135170394418,97.0610030602492,98.2421663392159,1405500,"TROW",0.0334208440278252,3.21007051094247,"Financial_Serv"
"TROW","2023-01-23",101.571701049805,102.49609327033,100.459012514844,101.426196680869,1345100,"TROW",0.00730006976767237,3.2335042496315,"Financial_Serv"
"TROW","2023-01-24",100.553169250488,101.511792466016,99.936907737574,101.314935140027,910800,"TROW",-0.0100277123331525,3.20107959918817,"Financial_Serv"
"TROW","2023-01-25",99.8341903686523,100.2193505301,96.4105212708793,98.5588754581684,2176900,"TROW",-0.00715023591195706,3.17819112488102,"Financial_Serv"
"TROW","2023-01-26",98.0710067749023,98.1480361982043,95.5203703223215,97.5660121672206,2588900,"TROW",-0.0176611197750909,3.12206071075637,"Financial_Serv"
"TROW","2023-01-27",99.5346221923828,100.467568901721,95.7429083458234,97.3092385498941,2158700,"TROW",0.0149240378539178,3.16865446298592,"Financial_Serv"
"TROW","2023-01-30",97.1123809814453,98.6701502849537,96.8641641682873,98.2165151378526,1579100,"TROW",-0.0243356648931237,3.0915431498126,"Financial_Serv"
"TROW","2023-01-31",99.6886749267578,99.7742653386695,96.5388994454485,97.1123623883993,2489800,"TROW",0.0265289957807207,3.17355868498989,"Financial_Serv"
"TROW","2023-02-01",102.744316101074,103.694384850762,98.1651597350877,98.7300617718548,2120600,"TROW",0.0306518386021423,3.27083409359663,"Financial_Serv"
"TROW","2023-02-02",110.199348449707,113.383361737114,104.387669406103,104.387669406103,3945400,"TROW",0.0725590731588399,3.50816278388433,"Financial_Serv"
"TROW","2023-02-03",107.691520690918,109.993933921397,106.176549855026,106.775689387835,1771500,"TROW",-0.022757192252671,3.42832684895781,"Financial_Serv"
"TROW","2023-02-06",104.875534057617,106.185086336119,104.524611399323,105.902638621438,1206000,"TROW",-0.0261486384000729,3.33868076986715,"Financial_Serv"
"TROW","2023-02-07",105.988250732422,106.767132152552,103.993961669794,104.439035834136,1063800,"TROW",0.0106098785079214,3.37410376721218,"Financial_Serv"
"TROW","2023-02-08",102.975410461426,106.125186453559,102.650164231362,105.038174332719,1358900,"TROW",-0.0284261722424528,3.27819091236149,"Financial_Serv"
"TROW","2023-02-09",100.176567077637,104.190821524754,99.8684363103027,103.788539326839,1787700,"TROW",-0.0271797254436534,3.18909058341163,"Financial_Serv"
"TROW","2023-02-10",100.672996520996,101.006803750043,97.8313513082607,98.8584494699219,1760400,"TROW",0.00495554457335958,3.20489426394621,"Financial_Serv"
"TROW","2023-02-13",103.874114990234,103.993942879372,100.23646678252,101.143736951743,1318800,"TROW",0.0317971907051626,3.30680089804679,"Financial_Serv"
"TROW","2023-02-14",103.480407714844,104.490390437276,101.152311505159,103.343457805977,1084100,"TROW",-0.00379023470310807,3.29426734652674,"Financial_Serv"
"TROW","2023-02-15",104.447593688965,105.329187518976,102.478987692369,102.86414788971,933500,"TROW",0.00934656130063117,3.32505741822172,"Financial_Serv"
"TROW","2023-02-16",101.922622680664,103.309204378134,101.468987605313,102.31634381267,1140400,"TROW",-0.0241745254162572,3.2446757331544,"Financial_Serv"
"TROW","2023-02-17",101.623054504395,101.785674335867,100.073839894173,101.023908531724,1562500,"TROW",-0.00293917256434928,3.23513907125931,"Financial_Serv"
"TROW","2023-02-21",96.9155044555664,99.9283300338657,96.359156986611,99.7999411517791,1796900,"TROW",-0.0463236425217326,3.0852756454142,"Financial_Serv"
"TROW","2023-02-22",96.0595779418945,98.0110678634509,95.0324735151976,96.8726965658333,1658500,"TROW",-0.00883167784638936,3.05802748484659,"Financial_Serv"
"TROW","2023-02-23",96.4276351928711,97.7457419385451,95.3834151607322,96.7785578503186,1532300,"TROW",0.0038315518229655,3.06974447563083,"Financial_Serv"
"TROW","2023-02-24",94.2878570556641,94.7243701961975,93.2436368588472,94.484714386462,1800100,"TROW",-0.0221905072433553,3.0016252886091,"Financial_Serv"
"TROW","2023-02-27",95.4775772094727,96.6844172040544,94.8441937072219,96.1023931801756,1548100,"TROW",0.0126179572954577,3.03949966831773,"Financial_Serv"
"TROW","2023-02-28",96.1023788452148,96.8641446044408,95.2207852045463,95.5117939080125,1496400,"TROW",0.00654396198566504,3.05939003860265,"Financial_Serv"
"TROW","2023-03-01",95.1180877685547,95.8798536477124,94.1252270902687,95.6658743214292,1364900,"TROW",-0.0102421093888371,3.02805543116416,"Financial_Serv"
"TROW","2023-03-02",95.1437683105469,95.3491866300256,93.2008324213085,94.0053967569518,1075000,"TROW",0.000269985894319853,3.02887296341779,"Financial_Serv"
"TROW","2023-03-03",97.138053894043,97.5831345530811,95.5888456492264,96.0339197781337,1136300,"TROW",0.0209607588485122,3.09236043918677,"Financial_Serv"
"TROW","2023-03-06",98.0795593261719,98.7728567729712,96.9326332897013,98.0110909057319,1733500,"TROW",0.00969244692873803,3.12233297862812,"Financial_Serv"
"TROW","2023-03-07",95.237922668457,98.3705833699433,94.9640293718898,98.1223665495962,1635400,"TROW",-0.0289727714646916,3.03187033880166,"Financial_Serv"
"TROW","2023-03-08",96.4190826416016,96.7700053298004,95.2122361455484,95.6401947844103,1006100,"TROW",0.0124022021905748,3.06947220775908,"Financial_Serv"
"TROW","2023-03-09",95.2807159423828,98.9012490846054,95.0068226607822,96.5645919242853,1683900,"TROW",-0.0118064460688779,3.03323264967825,"Financial_Serv"
"TROW","2023-03-10",89.8969879150391,94.1936961761061,89.4091153427003,94.1594587024172,2991500,"TROW",-0.0565038578278457,2.86184330328205,"Financial_Serv"
"TROW","2023-03-13",91.275016784668,93.2949820561848,87.5175405068339,89.0153957233323,4172100,"TROW",0.0153289771057877,2.90571243375842,"Financial_Serv"
"TROW","2023-03-14",92.2707138061523,94.5478248559414,90.1407910123382,94.4352702964963,2778400,"TROW",0.0109087574733991,2.93741014598573,"Financial_Serv"
"TROW","2023-03-15",92.3486404418945,94.1322328600273,88.7987625451845,89.6299514372959,2879800,"TROW",0.000844543545050494,2.93989091676369,"Financial_Serv"
"TROW","2023-03-16",93.6387100219727,95.3010877311544,91.1191632329332,91.6646356666067,2387900,"TROW",0.0139695568218986,2.9809598899756,"Financial_Serv"
"TROW","2023-03-17",93.6560211181641,94.3746554006197,92.2360727029778,94.0283250688349,7687800,"TROW",0.000184871151977042,2.98151098346446,"Financial_Serv"
"TROW","2023-03-20",93.1365356445312,94.2880812733938,92.0629174836522,93.6906615730947,2835800,"TROW",-0.00554673866592504,2.96497332120959,"Financial_Serv"
"TROW","2023-03-21",95.6560821533203,96.1409406873796,94.166866249336,94.2534471867463,2493300,"TROW",0.0270521819536564,3.04518231898269,"Financial_Serv"
"TROW","2023-03-22",93.6213912963867,96.8335922102795,93.2750675559804,95.5002312771709,2231600,"TROW",-0.021270898944746,2.98040855360728,"Financial_Serv"
"TROW","2023-03-23",94.2447891235352,96.5478804208945,93.4655474588007,94.2015019567568,1278800,"TROW",0.00665871141751017,3.00025423407203,"Financial_Serv"
"TROW","2023-03-24",94.9374389648438,95.119260898153,92.218756828446,93.6387052077479,1277200,"TROW",0.00734947627078538,3.02230453137167,"Financial_Serv"
"TROW","2023-03-27",93.9937057495117,95.933153261825,93.6646955171366,95.8552257875477,1422200,"TROW",-0.00994058008749851,2.99226107112876,"Financial_Serv"
"TROW","2023-03-28",93.6127395629883,94.8422060390572,93.0759271862798,93.8465087526682,1505000,"TROW",-0.00405310316776628,2.98013312830258,"Financial_Serv"
"TROW","2023-03-29",95.8032760620117,95.9244907026809,94.7123376902867,95.2318299511121,1018400,"TROW",0.0233999828361984,3.04986819235445,"Financial_Serv"
"TROW","2023-03-30",95.5608291625977,97.2924741165624,95.2837662341913,96.9721174220265,843100,"TROW",-0.00253067441302457,3.04214996895696,"Financial_Serv"
"TROW","2023-03-31",97.7513656616211,97.8898938324532,96.1063015216418,96.4612919322334,1173500,"TROW",0.0229229540829561,3.11188503300883,"Financial_Serv"
"TROW","2023-04-03",97.2751617431641,97.794653949737,96.6084812891075,97.2405280486323,1838200,"TROW",-0.00487158327900474,3.09672522591584,"Financial_Serv"
"TROW","2023-04-04",95.7599716186523,98.2189110676228,95.5262024393226,97.6907587896795,1104800,"TROW",-0.0155763310732115,3.04848960855421,"Financial_Serv"
"TROW","2023-04-05",94.8854827880859,95.5954635659698,94.1668551471741,94.9720703209897,832800,"TROW",-0.00913209158048739,3.02065052226673,"Financial_Serv"
"TROW","2023-04-06",94.5651397705078,95.1712129119619,94.0889347267212,94.798908952011,978800,"TROW",-0.00337610146637045,3.01045249960911,"Financial_Serv"
"TROW","2023-04-10",95.7080230712891,95.9850860161179,94.2361208097531,94.7989067742903,989800,"TROW",0.012085672411153,3.04683584232872,"Financial_Serv"
"TROW","2023-04-11",97.7600402832031,98.5739090964862,96.192896767558,96.6864154224168,1380000,"TROW",0.0214403886535782,3.1121611869519,"Financial_Serv"
"TROW","2023-04-12",95.5954818725586,99.8033738705848,95.301098736854,99.1366933371845,1204500,"TROW",-0.0221415458133403,3.0432531274525,"Financial_Serv"
"TROW","2023-04-13",97.3877182006836,97.6734346068003,94.8941451603815,96.0023969090929,1185500,"TROW",0.0187481279765323,3.10030842655097,"Financial_Serv"
"TROW","2023-04-14",98.0717239379883,99.1366886527319,97.0240793746044,98.045750316651,1211900,"TROW",0.00702353181635471,3.12208354142536,"Financial_Serv"
"TROW","2023-04-17",98.5306167602539,98.7903595827323,97.2232227549618,97.2838300741103,1011700,"TROW",0.00467915525331019,3.13669225502949,"Financial_Serv"
"TROW","2023-04-18",98.2015991210938,98.8249924589852,96.9028652023872,98.8249924589852,1164100,"TROW",-0.00333924266363547,3.1262180784288,"Financial_Serv"
"TROW","2023-04-19",97.6388092041016,98.3401299840839,97.2665052313733,97.8379513035292,1326600,"TROW",-0.00573096489292607,3.1083018323737,"Financial_Serv"
"TROW","2023-04-20",97.0933380126953,97.422348196134,96.4093374211213,96.712373985565,968800,"TROW",-0.00558662273590424,3.09093692268691,"Financial_Serv"
"TROW","2023-04-21",96.9374847412109,97.1193066705893,95.5435100102756,96.9374847412109,830800,"TROW",-0.00160519016725943,3.08597538113099,"Financial_Serv"
"TROW","2023-04-24",97.405029296875,97.6387984606789,96.3487248111433,97.0500389082564,760800,"TROW",0.00482315542756491,3.10085952003982,"Financial_Serv"
"TROW","2023-04-25",94.6776962280273,97.3877250860277,94.6170889126629,97.2491903047936,1047300,"TROW",-0.0279999204202812,3.01403570024424,"Financial_Serv"
"TROW","2023-04-26",93.8984603881836,96.0024096165798,93.716638430878,94.1928435136086,1028900,"TROW",-0.00823040558535553,2.98922896398249,"Financial_Serv"
"TROW","2023-04-27",95.959114074707,96.0630085522706,94.5218454818615,94.6430601094868,821000,"TROW",0.0219455535053986,3.05482924815145,"Financial_Serv"
"TROW","2023-04-28",97.2578582763672,97.682109518363,95.6820613432516,96.0889990390385,1139100,"TROW",0.0135343496465489,3.09617437530644,"Financial_Serv"
"TROW","2023-05-01",96.3747177124023,98.2708714426088,96.002413706145,97.6041909040888,1879300,"TROW",-0.00908040316346797,3.06805986371426,"Financial_Serv"
"TROW","2023-05-02",91.8204803466797,96.2708075447734,90.5130864995949,95.9504508362105,1851100,"TROW",-0.0472555196406721,2.92307710056575,"Financial_Serv"
"TROW","2023-05-03",91.5693969726562,94.0110163590241,91.344281254565,91.7771925401317,1625800,"TROW",-0.00273450294613403,2.91508393762248,"Financial_Serv"
"TROW","2023-05-04",91.4914703369141,91.6646388161341,89.5087358383338,91.5693978039886,1526200,"TROW",-0.000851011782522248,2.91260316684452,"Financial_Serv"
"TROW","2023-05-05",93.0499496459961,93.2664052814969,91.439519189414,92.9980024073005,1517600,"TROW",0.0170341486844947,2.96221688224748,"Financial_Serv"
"TROW","2023-05-08",92.0715637207031,93.5954132073969,91.3702495924544,93.4741985829021,989000,"TROW",-0.010514631431991,2.93107026350902,"Financial_Serv"
"TROW","2023-05-09",91.049919128418,91.8984216829189,90.3832319441785,90.9113843244242,946400,"TROW",-0.011096201161352,2.89854651824707,"Financial_Serv"
"TROW","2023-05-10",91.6473007202148,93.6646685196251,90.4264945578405,93.5088202216943,1274100,"TROW",0.00656103374407527,2.91756397976206,"Financial_Serv"
"TROW","2023-05-11",91.8204803466797,91.9416949703086,90.8420966772016,91.7771865786544,1054300,"TROW",0.00188963150146162,2.92307710056575,"Financial_Serv"
"TROW","2023-05-12",91.1797790527344,92.4265657537764,90.1321344631042,92.3313247360189,962500,"TROW",-0.00697776020694147,2.9026805694916,"Financial_Serv"
"TROW","2023-05-15",92.0282974243164,92.6516908377514,91.0932073041639,91.2403955807519,1352000,"TROW",0.0093059928461911,2.92969289410607,"Financial_Serv"
"TROW","2023-05-16",90.1321182250977,91.7425485552445,90.1148046821257,91.2836637009222,904100,"TROW",-0.0206043059829305,2.86932860527989,"Financial_Serv"
"TROW","2023-05-17",91.2923278808594,91.6213380577335,90.0455413483652,90.7988093126974,1004500,"TROW",0.0128723220823923,2.90626352724727,"Financial_Serv"
"TROW","2023-05-18",93.2404403686523,93.327021309797,90.9027153235331,90.9373490211315,959800,"TROW",0.0213392793569175,2.96828109654002,"Financial_Serv"
"TROW","2023-05-19",92.3053588867188,93.1625215130124,91.4568497313482,93.0586270163119,966600,"TROW",-0.010028711557308,2.93851306160181,"Financial_Serv"
"TROW","2023-05-22",92.5044860839844,93.1798332802724,91.4222078027376,92.3399842771125,690800,"TROW",0.00215726583664555,2.94485221544014,"Financial_Serv"
"TROW","2023-05-23",91.7945022583008,93.8378439694484,91.7685286391619,92.5131365477514,1065900,"TROW",-0.00767512858823952,2.92225009601328,"Financial_Serv"
"TROW","2023-05-24",89.8723907470703,91.3875803345788,89.2663109486455,91.1884382251401,1190600,"TROW",-0.0209392879087882,2.86106025991137,"Financial_Serv"
"TROW","2023-05-25",90.1234664916992,91.1278238252608,89.8117764494476,90.2100540316766,1050600,"TROW",0.00279369161698962,2.86905317997519,"Financial_Serv"
"TROW","2023-05-26",92.3226623535156,92.5131443842716,90.2187131509239,90.7901592431919,1339700,"TROW",0.0244020336481283,2.93906391221121,"Financial_Serv"
"TROW","2023-05-30",94.1408843994141,94.236118798249,92.5131338533004,92.7642231738329,1482400,"TROW",0.0196942115786937,2.9969464587416,"Financial_Serv"
"TROW","2023-05-31",92.7815551757812,94.2534509882276,92.0629208154576,94.1322363498239,4085600,"TROW",-0.0144393079829753,2.95367262581535,"Financial_Serv"
"TROW","2023-06-01",93.8378372192383,94.3746495303994,91.4048781846184,93.0239685867245,1491300,"TROW",0.0113846123990467,2.98729904381393,"Financial_Serv"
"TROW","2023-06-02",96.0370330810547,96.5392117319345,94.071618851855,94.071618851855,1353500,"TROW",0.0234361311703967,3.05730977604995,"Financial_Serv"
"TROW","2023-06-05",95.491569519043,96.6690887116377,94.409291335092,95.6214442222574,1303500,"TROW",-0.00567972108791981,3.03994510924262,"Financial_Serv"
"TROW","2023-06-06",96.9894332885742,97.7427012396469,95.2404747496796,95.3703494454786,1288900,"TROW",0.0156858220791161,3.08762914735648,"Financial_Serv"
"TROW","2023-06-07",97.8899002075195,98.7470693303165,96.9288366012578,97.1366387795916,1364800,"TROW",0.00928417548606701,3.11629523819643,"Financial_Serv"
"TROW","2023-06-08",98.5912094116211,98.7903448853248,96.3660458743538,97.3271093676581,882200,"TROW",0.00716426518583467,3.13862120368022,"Financial_Serv"
"TROW","2023-06-09",99.110725402832,99.1973063515839,97.9938133285347,98.6604939001975,8e+05,"TROW",0.00526939464797458,3.15515983745292,"Financial_Serv"
"TROW","2023-06-12",95.8119201660156,98.2795129478624,95.3097415351271,98.2621927988241,2187200,"TROW",-0.0332840388707532,3.05014337477969,"Financial_Serv"
"TROW","2023-06-13",96.8335952758789,97.7080779412041,95.6474225554608,95.9331455954733,1760800,"TROW",0.0106633403035134,3.08266809155948,"Financial_Serv"
"TROW","2023-06-14",97.2888031005859,98.8819792111247,95.6343512426632,97.0524556974065,1622100,"TROW",0.00470092867470369,3.09715949438568,"Financial_Serv"
"TROW","2023-06-15",100.396354675293,100.580181880083,96.5359633390327,96.7898218633301,1254100,"TROW",0.0319415130587449,3.19608745482062,"Financial_Serv"
"TROW","2023-06-16",99.9499130249023,101.656884691172,99.7398257456432,101.061631834476,2842500,"TROW",-0.00444679143814065,3.18187512049097,"Financial_Serv"
"TROW","2023-06-20",98.4355239868164,99.5034783014772,97.9190579997404,98.8644608368389,1269800,"TROW",-0.0151514792985226,3.13366500547237,"Financial_Serv"
"TROW","2023-06-21",96.5009384155273,98.1729009458462,96.4659227591352,97.7001996023825,1410300,"TROW",-0.0196533273043598,3.0720780614576,"Financial_Serv"
"TROW","2023-06-22",93.2795867919922,96.1332998097818,93.2095621462755,96.1332998097818,1649900,"TROW",-0.0333815574897749,2.96952731103598,"Financial_Serv"
"TROW","2023-06-23",93.078254699707,93.2883419931016,92.0015447987699,92.3954659872587,1590300,"TROW",-0.00215837247150456,2.96311796503446,"Financial_Serv"
"TROW","2023-06-26",93.6822509765625,94.5051022884356,92.8418951740036,92.9206820784754,937500,"TROW",0.00648912335973753,2.98234600303902,"Financial_Serv"
"TROW","2023-06-27",95.6168365478516,95.984490992933,93.7522908876222,94.0499206849893,972900,"TROW",0.0206505026418831,3.04393294705379,"Financial_Serv"
"TROW","2023-06-28",96.6847763061523,97.0786974752579,95.5818130611873,95.9144518159071,1448900,"TROW",0.0111689509594508,3.07793048486329,"Financial_Serv"
"TROW","2023-06-29",97.3238143920898,97.7965158557531,96.3784114647633,96.7285614391681,1170800,"TROW",0.0066095005889447,3.09827406821572,"Financial_Serv"
"TROW","2023-06-30",98.0591125488281,98.6543654363187,97.4200950934447,98.1028837952756,1096900,"TROW",0.00755517199290993,3.12168206168227,"Financial_Serv"
"TROW","2023-07-03",99.1445846557617,99.6435461773171,97.6477000910956,97.6914646619185,584700,"TROW",0.0110695689438663,3.15623773648489,"Financial_Serv"
"TROW","2023-07-05",97.9628295898438,99.0920529686851,97.4113412603279,98.864461183018,1116900,"TROW",-0.0119195119937324,3.11861692292979,"Financial_Serv"
"TROW","2023-07-06",96.1245498657227,96.877369949433,94.1724750066207,96.7985897139204,1098800,"TROW",-0.0187650737715285,3.06009584630587,"Financial_Serv"
"TROW","2023-07-07",96.4921951293945,97.6126694849778,95.993233684219,96.1683052978212,1120700,"TROW",0.00382467604982746,3.07179972159941,"Financial_Serv"
"TROW","2023-07-10",98.9519958496094,100.15125721723,96.5097085461974,96.8248428226734,1124400,"TROW",0.0254922247018662,3.15010673034156,"Financial_Serv"
"TROW","2023-07-11",100.580184936523,100.658965164447,98.9344822708689,100.019947720551,1723800,"TROW",0.0164543329614962,3.20193963534685,"Financial_Serv"
"TROW","2023-07-12",101.963279724121,103.643991474876,101.613129773075,102.856155754661,1550400,"TROW",0.0137511656840811,3.24597003778293,"Financial_Serv"
"TROW","2023-07-13",103.897857666016,104.177976311749,102.295926030153,102.996225983765,1467700,"TROW",0.0189732808431512,3.30755673891824,"Financial_Serv"
"TROW","2023-07-14",101.963279724121,104.29176454325,101.516838369574,104.22173321733,1310600,"TROW",-0.018619998384503,3.24597003778293,"Financial_Serv"
"TROW","2023-07-17",103.180046081543,103.556456111824,101.41179182634,101.805713027456,1093600,"TROW",0.0119333779838589,3.28470542516807,"Financial_Serv"
"TROW","2023-07-18",104.790718078613,105.219648229763,103.302589248105,103.714014908384,1390200,"TROW",0.0156103050758225,3.33598067893916,"Financial_Serv"
"TROW","2023-07-19",106.156311035156,106.812839735414,105.132127865607,105.464773348013,1385500,"TROW",0.0130316213265998,3.37945391589994,"Financial_Serv"
"TROW","2023-07-20",105.26342010498,105.946208788444,104.528111270036,105.219648859711,1244700,"TROW",-0.00841109606644186,3.3510290043612,"Financial_Serv"
"TROW","2023-07-21",104.78197479248,106.086283246998,104.633163227674,106.042511996853,820400,"TROW",-0.00457371907562807,3.33570233908097,"Financial_Serv"
"TROW","2023-07-24",105.648590087891,106.112535921417,104.86950997526,104.983305867721,847200,"TROW",0.00827065243928145,3.3632907737684,"Financial_Serv"
"TROW","2023-07-25",104.493087768555,105.639822180192,104.169197942102,105.517270716897,1038100,"TROW",-0.0109372242296339,3.32650570842624,"Financial_Serv"
"TROW","2023-07-26",103.994125366211,104.95703257397,103.451392691976,103.775282515422,1286400,"TROW",-0.00477507568202902,3.3106213919118,"Financial_Serv"
"TROW","2023-07-27",102.514755249023,105.298436841355,102.182116488658,104.169206823106,2023600,"TROW",-0.0142255162200553,3.2635260936027,"Financial_Serv"
"TROW","2023-07-28",110.988349914551,116.214312000798,109.150071156109,110.68197123457,4741500,"TROW",0.0826573174265864,3.53328040585156,"Financial_Serv"
"TROW","2023-07-31",107.898292541504,112.170103040656,107.670694082391,112.170103040656,3001600,"TROW",-0.0278412768135204,3.43490936801246,"Financial_Serv"
"TROW","2023-08-01",105.998733520508,108.843690943583,105.814906303828,107.933310445327,1873200,"TROW",-0.0176050887947593,3.37443748358665,"Financial_Serv"
"TROW","2023-08-02",103.757774353027,104.729437172961,102.689820141673,103.915341477302,1521800,"TROW",-0.0211413768169872,3.30309722920078,"Financial_Serv"
"TROW","2023-08-03",102.435974121094,104.125441451346,102.103335341963,103.083753865768,1043800,"TROW",-0.0127392885995827,3.26101812032551,"Financial_Serv"
"TROW","2023-08-04",101.157936096191,103.512687747414,101.009124532727,103.355120598288,1215800,"TROW",-0.0124764569856242,3.22033216801793,"Financial_Serv"
"TROW","2023-08-07",102.085830688477,102.864910819369,101.455562115495,101.569358010623,1162700,"TROW",0.00917273155319043,3.24987141050726,"Financial_Serv"
"TROW","2023-08-08",100.501396179199,100.720239046363,98.4355189788879,100.063710444871,1568800,"TROW",-0.0155206114168026,3.1994314191902,"Financial_Serv"
"TROW","2023-08-09",98.9257354736328,100.834045618272,98.8557041505046,100.037454344436,1583500,"TROW",-0.0156779981718555,3.14927073924916,"Financial_Serv"
"TROW","2023-08-10",99.5647430419922,101.114154189176,98.60183581956,99.3371512822626,1713000,"TROW",0.00645946745101221,3.16961335108376,"Financial_Serv"
"TROW","2023-08-11",98.3304901123047,99.2758930112516,97.901553234221,98.9344919545027,1054300,"TROW",-0.0123964858641472,3.13032128398224,"Financial_Serv"
"TROW","2023-08-14",98.339225769043,98.5230596511973,97.4726099010552,97.6914527641822,1227800,"TROW",8.88397558916276e-05,3.13059938096097,"Financial_Serv"
"TROW","2023-08-15",96.0982894897461,97.9540796147731,95.8706910124892,97.3238110184034,1405600,"TROW",-0.0227878169852576,3.05925985521347,"Financial_Serv"
"TROW","2023-08-16",95.4942626953125,96.3433740207698,95.3367022549303,95.7306167129933,1131500,"TROW",-0.00628551036278377,3.04003084569108,"Financial_Serv"
"TROW","2023-08-17",95.1266250610352,96.1070436046685,94.7939862751771,95.6518466571207,988500,"TROW",-0.00384984002075959,3.028327213277,"Financial_Serv"
"TROW","2023-08-18",94.19873046875,95.3542206161928,93.2445720323427,93.8048159533815,1700700,"TROW",-0.00975431002298043,2.99878797078766,"Financial_Serv"
"TROW","2023-08-21",94.0849380493164,94.671435390678,93.1920553196255,94.3212854315552,1600800,"TROW",-0.00120800374768685,2.99516542368043,"Financial_Serv"
"TROW","2023-08-22",94.0236587524414,94.5401247467405,93.7435334528904,94.5401247467405,1226500,"TROW",-0.000651318884249882,2.99321461587854,"Financial_Serv"
"TROW","2023-08-23",96.6147537231445,96.9036212390462,94.1024351434084,94.3475380919574,1605300,"TROW",0.0275579040965138,3.0757013372032,"Financial_Serv"
"TROW","2023-08-24",95.8619384765625,98.2254389449244,95.7831515657212,96.7373100098158,1177400,"TROW",-0.00779192843299347,3.05173569250245,"Financial_Serv"
"TROW","2023-08-25",96.0282516479492,97.2800331701206,95.22291146435,96.1070385564288,989400,"TROW",0.00173492393362545,3.05703022179448,"Financial_Serv"
"TROW","2023-08-28",96.6322631835938,97.665201861707,96.1420572612874,96.9649019625081,637600,"TROW",0.00628993577701391,3.07625874555795,"Financial_Serv"
"TROW","2023-08-29",97.8140029907227,97.9102943835597,96.3258742117844,96.6322528805594,753100,"TROW",0.0122292469222592,3.11387907335414,"Financial_Serv"
"TROW","2023-08-30",97.7177200317383,98.6631228728866,97.288789858433,97.9015472488691,1214000,"TROW",-0.000984347394447267,3.11081393460166,"Financial_Serv"
"TROW","2023-08-31",98.2429428100586,99.0832986180648,97.8752817177305,97.9365574533595,1329400,"TROW",0.00537489800365504,3.12753424220849,"Financial_Serv"
"TROW","2023-09-01",98.8294372558594,99.4859658381456,98.0941217708507,99.188336074661,702200,"TROW",0.00596983792448788,3.14620511473776,"Financial_Serv"
"TROW","2023-09-05",97.8752975463867,98.8294560738374,97.5076430731549,98.8294560738374,861000,"TROW",-0.00965440799791752,3.11583036691495,"Financial_Serv"
"TROW","2023-09-06",97.6039123535156,98.0766137170129,96.5534693314464,97.5426366218708,1176300,"TROW",-0.00277276493328129,3.10719090173552,"Financial_Serv"
"TROW","2023-09-07",96.3171234130859,96.7723203252155,95.5205388346909,96.5534774539948,1078300,"TROW",-0.0131837844344703,3.06622636669029,"Financial_Serv"
"TROW","2023-09-08",95.6255798339844,96.5359669863093,95.5905641729079,96.4834468339718,1262800,"TROW",-0.00717986121881633,3.04421128691198,"Financial_Serv"
"TROW","2023-09-11",96.3783950805664,97.0961994007208,96.0720164095043,96.6147491114958,1031500,"TROW",0.00787253000597742,3.06817693161273,"Financial_Serv"
"TROW","2023-09-12",96.5359725952148,97.5601556966292,95.8531838609386,95.9232151871605,844500,"TROW",0.00163498795053303,3.07319336392602,"Financial_Serv"
"TROW","2023-09-13",95.468017578125,96.1420574008294,92.8068873072834,96.1420574008294,2529800,"TROW",-0.0110627674677075,3.0391953403576,"Financial_Serv"
"TROW","2023-09-14",97.4244689941406,97.6369329994935,96.1054050237236,96.23819755986,1196100,"TROW",0.0204932653431772,3.1014783768973,"Financial_Serv"
"TROW","2023-09-15",97.0526580810547,97.5926761614058,96.6365846662928,97.1057791531957,2388500,"TROW",-0.00381640174100717,3.08964188942001,"Financial_Serv"
"TROW","2023-09-18",96.5391998291016,96.9641278635924,95.9637699763737,96.8224874367986,814300,"TROW",-0.00529051199735616,3.0732961019365,"Financial_Serv"
"TROW","2023-09-19",97.9113693237305,98.0087500699742,96.1585293995613,96.1585293995613,1089100,"TROW",0.0142135992121127,3.11697870098957,"Financial_Serv"
"TROW","2023-09-20",96.2116470336914,98.681564061246,96.1319688048751,98.4513907663549,1169400,"TROW",-0.0173598051153709,3.06286855819163,"Financial_Serv"
"TROW","2023-09-21",93.9895935058594,95.6007928507544,93.9807456236798,95.1404530754024,1276900,"TROW",-0.0230954733271941,2.99213015910122,"Financial_Serv"
"TROW","2023-09-22",93.3433609008789,94.5119231642523,93.2371255118051,94.1932237511405,810800,"TROW",-0.00687557612365014,2.97155754042045,"Financial_Serv"
"TROW","2023-09-25",93.7948379516602,94.326008096731,92.5466043206051,92.8210372758785,850000,"TROW",0.00483673446535391,2.98593017519198,"Financial_Serv"
"TROW","2023-09-26",91.4488754272461,93.6886192449019,91.2806710798916,93.1043347251084,1602700,"TROW",-0.0250116379072281,2.91124717083381,"Financial_Serv"
"TROW","2023-09-27",91.6613311767578,91.9800305671141,90.7672019563632,91.9357641363,1466100,"TROW",0.0023232188314961,2.91801063508423,"Financial_Serv"
"TROW","2023-09-28",92.1925048828125,93.1131913629818,91.2364066048548,91.7587221795966,1394900,"TROW",0.0057949595454858,2.93492038866784,"Financial_Serv"
"TROW","2023-09-29",92.838752746582,94.086986460957,92.6351366101656,93.1308882409404,1434600,"TROW",0.00700976575689085,2.95549349310753,"Financial_Serv"
"TROW","2023-10-02",92.5908660888672,93.1220362459407,91.7055914992234,92.4846374607398,1648000,"TROW",-0.00267007742328777,2.94760209665691,"Financial_Serv"
"TROW","2023-10-03",88.615966796875,91.7852507951711,88.3680910435527,91.5639321934036,1180100,"TROW",-0.0429297128312543,2.82106238510662,"Financial_Serv"
"TROW","2023-10-04",90.1298065185547,90.368834447242,88.1290907488005,89.0586250433918,1016100,"TROW",0.0170831485159971,2.86925501280429,"Financial_Serv"
"TROW","2023-10-05",90.2448959350586,90.4839171080309,88.6071325027205,90.1032487554385,824800,"TROW",0.00127692958577708,2.87291884941928,"Financial_Serv"
"TROW","2023-10-06",90.4396591186523,90.9442653857795,88.8107502931532,89.2356850858384,1183000,"TROW",0.00215816286977497,2.87911907620798,"Financial_Serv"
"TROW","2023-10-09",92.0951232910156,92.3341512353891,90.0766981141762,90.2891621448672,1521900,"TROW",0.0183046264050088,2.9318202752735,"Financial_Serv"
"TROW","2023-10-10",92.838752746582,93.5646776719777,92.068561388106,92.1039731837484,1477600,"TROW",0.00807458016225873,2.95549349310753,"Financial_Serv"
"TROW","2023-10-11",92.2013626098633,94.0073238329196,91.6082301737824,92.9538447642759,1401200,"TROW",-0.00686556117851568,2.93520237171789,"Financial_Serv"
"TROW","2023-10-12",90.7760543823242,92.1482259007223,90.0589841485427,92.1482259007223,1398900,"TROW",-0.0154586460242464,2.88982811724398,"Financial_Serv"
"TROW","2023-10-13",89.1028900146484,91.52854053223,88.7045123914057,91.5196858950621,1371700,"TROW",-0.0184317811460373,2.83656343783727,"Financial_Serv"
"TROW","2023-10-16",88.766471862793,91.3514785568712,88.4477792539892,90.2979997320163,2784400,"TROW",-0.00377561436896336,2.8258536681629,"Financial_Serv"
"TROW","2023-10-17",89.1914138793945,90.5989972187446,88.2972846630014,88.5097554250275,1800700,"TROW",0.00478719056513138,2.83938156818157,"Financial_Serv"
"TROW","2023-10-18",86.8011779785156,88.8904265928211,86.7126451144665,88.5274607617256,1608900,"TROW",-0.0267989461868045,2.76328913433207,"Financial_Serv"
"TROW","2023-10-19",86.1991882324219,87.8015330599096,86.0840982144637,86.8011752166115,1588600,"TROW",-0.00693527161858045,2.7441249736248,"Financial_Serv"
"TROW","2023-10-20",85.2785110473633,86.4382187100755,84.7650501149755,85.8804980964121,1717700,"TROW",-0.0106808103874034,2.71481549510218,"Financial_Serv"
"TROW","2023-10-23",84.5171737670898,85.8716429305953,84.428647650973,84.9952228990523,1212100,"TROW",-0.00892765681439483,2.6905785540475,"Financial_Serv"
"TROW","2023-10-24",84.9155426025391,85.6680247024052,84.331264847083,84.8712829226114,1288300,"TROW",0.00471346612402153,2.70326050491603,"Financial_Serv"
"TROW","2023-10-25",82.7466125488281,84.8004492167846,82.6315225357004,84.1099361544531,1597900,"TROW",-0.0255422033144505,2.63421327548754,"Financial_Serv"
"TROW","2023-10-26",82.1269302368164,83.6584584263775,82.0384041184041,82.8882670125599,2277200,"TROW",-0.00748891456609235,2.61448587731854,"Financial_Serv"
"TROW","2023-10-27",78.2494277954102,82.8262962332062,77.3995649199399,82.3305445777093,3215000,"TROW",-0.0472135319099997,2.49104676492152,"Financial_Serv"
"TROW","2023-10-30",79.6924133300781,80.3652238902959,78.3910653936232,78.3910653936232,2038500,"TROW",0.0184408445572379,2.53698377109825,"Financial_Serv"
"TROW","2023-10-31",80.1173477172852,80.6573657394652,78.9841973606152,80.4094899432072,2683200,"TROW",0.00533218118827692,2.55051142823746,"Financial_Serv"
"TROW","2023-11-01",80.5334320068359,80.8698339257133,79.3560151596013,80.5422866440485,1698500,"TROW",0.00519343564665973,2.56375734520608,"Financial_Serv"
"TROW","2023-11-02",83.472541809082,83.7912412014576,81.8524876901913,81.9498684353121,1360000,"TROW",0.0364955240203424,2.65732301298038,"Financial_Serv"
"TROW","2023-11-03",84.6942138671875,86.1106517844861,84.6056877637517,84.8801207106353,1324300,"TROW",0.0146356158759328,2.69621457185664,"Financial_Serv"
"TROW","2023-11-06",83.8266525268555,85.1988240796977,83.2069562655414,84.7650414246542,1473200,"TROW",-0.0102434546673105,2.66859602011648,"Financial_Serv"
"TROW","2023-11-07",83.3132019042969,84.0656840425767,82.9502360381691,83.8620746454742,1046100,"TROW",-0.00612514763599918,2.65225047551243,"Financial_Serv"
"TROW","2023-11-08",83.9771575927734,84.0391265508788,82.959090348948,83.233523341399,1200700,"TROW",0.00796939348507165,2.67338730317276,"Financial_Serv"
"TROW","2023-11-09",83.1361312866211,84.9243827994284,83.0653077058483,84.6676523847084,859800,"TROW",-0.010014941327625,2.64661348618547,"Financial_Serv"
"TROW","2023-11-10",81.9941329956055,83.0299026201389,79.6924137133858,82.8262864975024,1967700,"TROW",-0.0137364858496778,2.61025831748291,"Financial_Serv"
"TROW","2023-11-13",81.7462463378906,82.3393854023377,80.9140928777814,81.2859065570286,1257700,"TROW",-0.00302322432908864,2.60236692103229,"Financial_Serv"
"TROW","2023-11-14",85.8893356323242,86.3585368269074,83.6318895359488,83.640744172781,1714300,"TROW",0.0506823185166021,2.73426091022112,"Financial_Serv"
"TROW","2023-11-15",87.0756149291992,87.9963013737349,86.0398452118876,86.0398452118876,1382500,"TROW",0.013811718161999,2.77202575129446,"Financial_Serv"
"TROW","2023-11-16",86.2877197265625,86.7215024064234,85.7477016590561,86.2877197265625,1344400,"TROW",-0.00904840239460098,2.74694334684856,"Financial_Serv"
"TROW","2023-11-17",86.5710144042969,87.5359605929125,86.1637888495876,87.102177877652,847400,"TROW",0.00328314015751151,2.755961946861,"Financial_Serv"
"TROW","2023-11-20",87.4916915893555,87.5271033843546,85.4998237108891,86.3408318912645,1302500,"TROW",0.0106349358546144,2.78527142538363,"Financial_Serv"
"TROW","2023-11-21",85.8716354370117,86.7392075091112,85.3935863467662,86.615262852432,1286200,"TROW",-0.0185166856751099,2.73369742987993,"Financial_Serv"
"TROW","2023-11-22",86.5444564819336,87.2084125063105,86.172635975159,86.7480658804409,1267500,"TROW",0.00783519542277031,2.75511648346977,"Financial_Serv"
"TROW","2023-11-24",87.0047836303711,87.0047836303711,86.2434469600924,86.526734552235,660200,"TROW",0.00531896746654819,2.76977085841189,"Financial_Serv"
"TROW","2023-11-27",86.0221252441406,86.7834618872172,85.4112904056601,86.7834618872172,1202600,"TROW",-0.0112943029708018,2.73848822717729,"Financial_Serv"
"TROW","2023-11-28",87.1021728515625,87.429726905717,85.4290042922808,86.0575484874614,1237800,"TROW",0.0125554629620761,2.7728712146857,"Financial_Serv"
"TROW","2023-11-29",87.7838287353516,89.3507617369531,87.6421815635796,87.6775933565226,1404500,"TROW",0.00782593431912112,2.79457152268721,"Financial_Serv"
"TROW","2023-11-30",88.6425323486328,89.1205813842458,88.0051403885906,88.3946565718205,2393000,"TROW",0.00978202506830783,2.82190809137732,"Financial_Serv"
"TROW","2023-12-01",90.6963653564453,90.7937460869779,88.2264555667069,88.3238295431314,1445300,"TROW",0.0231698367972469,2.88729124131136,"Financial_Serv"
"TROW","2023-12-04",90.3068695068359,91.121320568983,89.651761398748,89.8376750200362,1002900,"TROW",-0.0042945034024089,2.8748917592518,"Financial_Serv"
"TROW","2023-12-05",89.0143661499023,89.8642289784975,88.7133692655884,89.5366749361195,966200,"TROW",-0.0143123481523823,2.83374530749298,"Financial_Serv"
"TROW","2023-12-06",88.4123764038086,90.2183373915677,88.3858124924559,89.6517554358999,1891300,"TROW",-0.00676283809155013,2.81458114678571,"Financial_Serv"
"TROW","2023-12-07",88.4743499755859,88.9878041353612,87.8635083106502,88.2707338359042,2001000,"TROW",0.000700960366615302,2.81655405661823,"Financial_Serv"
"TROW","2023-12-08",87.1464233398438,88.9966437901018,87.1021569135059,88.0759575059632,1879100,"TROW",-0.015009170862613,2.77427991553866,"Financial_Serv"
"TROW","2023-12-11",87.5182571411133,88.0848324072229,86.6595396038225,86.8897129163389,2351400,"TROW",0.00426677064897427,2.78611713165432,"Financial_Serv"
"TROW","2023-12-12",87.9608840942383,88.2353170567329,86.3142728110525,87.4031635321692,2154600,"TROW",0.00505753847921485,2.80020802625526,"Financial_Serv"
"TROW","2023-12-13",91.3691940307617,91.6436270055846,87.0756134129751,87.5182507293265,2331800,"TROW",0.0387480181858096,2.90871053778065,"Financial_Serv"
"TROW","2023-12-14",96.1441421508789,97.4610635702522,93.1250774468388,93.2236230520233,3327700,"TROW",0.0522599347708986,3.06071956075249,"Financial_Serv"
"TROW","2023-12-15",95.2124404907227,96.8070775794876,94.4867927185074,95.6424582888249,3453100,"TROW",-0.00969067526437681,3.03105912141391,"Financial_Serv"
"TROW","2023-12-18",95.6514205932617,95.9739322620565,94.6749318657287,95.2303701475201,1818100,"TROW",0.00461053303829384,3.04503391963421,"Financial_Serv"
"TROW","2023-12-19",96.9504241943359,97.3356460712556,95.9112184482638,96.000810335609,1501100,"TROW",0.0135805991486312,3.08638730469075,"Financial_Serv"
"TROW","2023-12-20",94.9436874389648,97.2102226881998,94.9436874389648,96.8608362098142,1293200,"TROW",-0.0206985866441246,3.02250344964728,"Financial_Serv"
"TROW","2023-12-21",95.7589111328125,96.2337180024634,94.6928306885695,96.099337023247,1049000,"TROW",0.00858639174270251,3.04845584830963,"Financial_Serv"
"TROW","2023-12-22",96.65478515625,97.3804329497977,96.063518355741,96.6816599878775,875200,"TROW",0.00935551598111815,3.07697572571622,"Financial_Serv"
"TROW","2023-12-26",97.3714904785156,97.649206217286,96.3860343056489,96.6727174358662,654900,"TROW",0.00741510439557664,3.09979182194506,"Financial_Serv"
"TROW","2023-12-27",97.3714904785156,97.7477518345727,97.0310576788337,97.7208769998404,1153800,"TROW",0,3.09979182194506,"Financial_Serv"
"TROW","2023-12-28",97.6581726074219,97.8194284603507,96.9504389659513,97.1833656057156,775800,"TROW",0.00294421013273392,3.1089182604366,"Financial_Serv"
"TROW","2023-12-29",96.4756317138672,97.685047190243,96.2337445176506,97.2012796327122,878700,"TROW",-0.0121089803544493,3.07127243029738,"Financial_Serv"
"TROW","2024-01-02",96.6727066040039,96.9772971433783,95.0780626279043,95.7141253732755,1582300,"TROW",0.00204274267642232,3.07754624956167,"Financial_Serv"
"TROW","2024-01-03",95.2214126586914,95.8753897384952,94.2717987338192,95.8574754607192,1031900,"TROW",-0.0150124476317537,3.03134474765582,"Financial_Serv"
"TROW","2024-01-04",95.0153656005859,95.669349547836,94.5226443358544,94.5853545635439,1409200,"TROW",-0.0021638731494566,3.02478530214962,"Financial_Serv"
"TROW","2024-01-05",95.113899230957,95.9739280315326,94.0836540474369,94.6570134160553,850600,"TROW",0.0010370283769185,3.02792209034204,"Financial_Serv"
"TROW","2024-01-08",95.7947616577148,95.9828923243938,94.603260600513,94.7824375460894,1144300,"TROW",0.00715839043781111,3.04959713887998,"Financial_Serv"
"TROW","2024-01-09",95.1676483154297,95.7589150794901,94.4778291166415,94.7555448062078,1259900,"TROW",-0.00654642624954693,3.02963317611948,"Financial_Serv"
"TROW","2024-01-10",96.2068557739258,96.9325035878727,95.3647412397839,95.4005766279284,1245000,"TROW",0.0109197555775643,3.06271602989238,"Financial_Serv"
"TROW","2024-01-11",97.8821258544922,100.274081663518,96.5920792002302,96.6547894217623,3445600,"TROW",0.0174132089349545,3.11604774402933,"Financial_Serv"
"TROW","2024-01-12",98.9840393066406,99.1542557017183,97.6760783186851,98.5629820145443,2449000,"TROW",0.0112575553762134,3.15112682406267,"Financial_Serv"
"TROW","2024-01-16",95.4633026123047,98.5809135466716,94.9795350448217,98.2673623922575,3307000,"TROW",-0.0355687312722117,3.03904524085292,"Financial_Serv"
"TROW","2024-01-17",94.7286758422852,95.7410067332131,93.6267667358413,94.0926130989515,1216600,"TROW",-0.00769538398438817,3.01565862077863,"Financial_Serv"
"TROW","2024-01-18",95.2124404907227,95.6245371783326,93.9134402109717,95.3020255384812,897200,"TROW",0.00510684482957331,3.03105912141391,"Financial_Serv"
"TROW","2024-01-19",98.0971298217773,98.1060903775426,94.5495084127944,95.6514175503709,1460700,"TROW",0.0302973993333966,3.12289233001853,"Financial_Serv"
"TROW","2024-01-22",99.1184005737305,100.489071512995,98.661507982342,98.7421393031285,1852800,"TROW",0.0104108117516646,3.15540417418707,"Financial_Serv"
"TROW","2024-01-23",98.3300628662109,99.6201027499236,97.4162774955583,99.2707162361158,1080700,"TROW",-0.00795349504185266,3.13030768273263,"Financial_Serv"
"TROW","2024-01-24",98.3210983276367,99.8261504934285,98.1688030503302,99.8261504934285,1017100,"TROW",-9.11678312096272e-05,3.13002229937017,"Financial_Serv"
"TROW","2024-01-25",99.7813491821289,100.103860831375,98.2225474340384,99.4050878696417,1151700,"TROW",0.0148518566139912,3.17650894175901,"Financial_Serv"
"TROW","2024-01-26",98.6256942749023,100.471179320171,98.562984049353,100.399508538143,900100,"TROW",-0.0115818729321566,3.1397190188277,"Financial_Serv"
"TROW","2024-01-29",100.023239135742,100.112824188617,98.4554767882694,98.4644373440274,927800,"TROW",0.0141701903455749,3.18420943495611,"Financial_Serv"
"TROW","2024-01-30",100.076988220215,100.3726250444,98.5898572133836,99.4498860188224,1539800,"TROW",0.000537365965520403,3.18592052073355,"Financial_Serv"
"TROW","2024-01-31",97.1564788818359,99.9426173523268,96.8518883059788,99.9426173523268,2494600,"TROW",-0.0291826261992663,3.09294699307641,"Financial_Serv"
"TROW","2024-02-01",98.4286117553711,98.5898676005617,96.0724843042581,97.5327474676237,1075700,"TROW",0.0130936494217988,3.13344495668396,"Financial_Serv"
"TROW","2024-02-02",98.312126159668,99.0556950162001,96.9145803261093,97.6312743527501,1028000,"TROW",-0.00118345259194178,3.12973667312826,"Financial_Serv"
"TROW","2024-02-05",96.9683456420898,97.6133690032298,96.1262378849588,97.2460682105762,1098900,"TROW",-0.013668512421303,3.0869578285362,"Financial_Serv"
"TROW","2024-02-06",97.6312789916992,97.8194096447788,96.8070787714302,97.3087673478768,1015900,"TROW",0.00683659543967329,3.10806211034924,"Financial_Serv"
"TROW","2024-02-07",98.3031845092773,98.9123724562477,96.5741662800013,98.1867177855805,2115600,"TROW",0.00688207226738525,3.12945201840418,"Financial_Serv"
"TROW","2024-02-08",97.5685729980469,102.128518481054,97.2012653964413,100.515960192129,1955800,"TROW",-0.00747291672083258,3.1060658840888,"Financial_Serv"
"TROW","2024-02-09",95.2572479248047,98.3927728189597,94.8720260215553,98.3927728189597,2455000,"TROW",-0.0236892372433125,3.03248555246727,"Financial_Serv"
"TROW","2024-02-12",98.5361099243164,99.216968688684,95.042237876651,95.042237876651,2028100,"TROW",0.034421128795365,3.13686712823883,"Financial_Serv"
"TROW","2024-02-13",93.8328094482422,96.3412318099823,92.6323547642716,95.9380888402913,1746000,"TROW",-0.0477317450393234,2.9871389862515,"Financial_Serv"
"TROW","2024-02-14",95.2841186523438,95.678301094932,94.2090843260687,94.8630613768339,1122200,"TROW",0.0154669695241524,3.03334097391626,"Financial_Serv"
"TROW","2024-02-15",96.9862594604492,97.4610663892162,95.6155883385668,95.6155883385668,1010800,"TROW",0.0178638458557396,3.08752810950219,"Financial_Serv"
"TROW","2024-02-16",97.5237884521484,98.0075559953653,95.9918613160795,96.4845825811858,996100,"TROW",0.00554232109465384,3.10464018167383,"Financial_Serv"
"TROW","2024-02-20",98.0165176391602,98.5450743023926,95.9112310384145,96.1083222806036,1059800,"TROW",0.00505239998191297,3.12032606567156,"Financial_Serv"
"TROW","2024-02-21",97.94482421875,98.2225399040714,96.5831069519014,97.6760622533481,1410500,"TROW",-0.000731442231748018,3.1180437274103,"Financial_Serv"
"TROW","2024-02-22",99.3513412475586,100.03219995402,98.5719369322051,98.5719369322051,1321400,"TROW",0.0143602996894178,3.16281976978063,"Financial_Serv"
"TROW","2024-02-23",99.4319763183594,99.7007383411718,98.9750904484412,99.5573967730313,1399300,"TROW",0.000811615321829012,3.16538676276596,"Financial_Serv"
"TROW","2024-02-26",98.957160949707,99.8799000029904,98.6615241166449,98.8765364506364,989100,"TROW",-0.00477527839869228,3.15027115973422,"Financial_Serv"
"TROW","2024-02-27",99.3155136108398,99.5215585655853,98.2135975503639,99.2796782198185,1388700,"TROW",0.00362129084639906,3.16167920784864,"Financial_Serv"
"TROW","2024-02-28",100.650352478027,101.017660120832,98.5540333021954,98.9213341100975,1246900,"TROW",0.0134403862866577,3.20417339771662,"Financial_Serv"
"TROW","2024-02-29",101.546211242676,101.84184808518,100.686182383947,101.358080570601,1507900,"TROW",0.00890070171233637,3.2326927893643,"Financial_Serv"
"TROW","2024-03-01",101.662673950195,101.725384171741,100.032201355104,101.062439732656,879500,"TROW",0.00114689367623188,3.23640034428162,"Financial_Serv"
"TROW","2024-03-04",104.412979125977,105.658229863482,102.504783934694,102.863130994997,1738000,"TROW",0.027053244508684,3.32395547412346,"Financial_Serv"
"TROW","2024-03-05",104.153175354004,105.237170231929,103.741078636066,103.75003235707,1405000,"TROW",-0.00248823253725188,3.31568469996037,"Financial_Serv"
"TROW","2024-03-06",104.816108703613,105.066949579576,103.741074425229,104.708602541814,1022000,"TROW",0.00636498452741499,3.3367889817734,"Financial_Serv"
"TROW","2024-03-07",104.717567443848,105.989692987548,104.654857222254,105.371551327525,882600,"TROW",-0.00094013468907025,3.33365195070153,"Financial_Serv"
"TROW","2024-03-08",105.667190551758,106.607850792713,105.031127724359,105.290929189337,1067200,"TROW",0.00906842214816888,3.36388291388556,"Financial_Serv"
"TROW","2024-03-11",105.389472961426,105.729898925998,104.466733850033,105.541768248084,1112000,"TROW",-0.00262822914929303,3.35504185875648,"Financial_Serv"
"TROW","2024-03-12",105.577598571777,107.037861647007,104.708609171527,105.667183628165,1124400,"TROW",0.0017850512490979,3.36103078041723,"Financial_Serv"
"TROW","2024-03-13",105.353630065918,106.446585499197,105.23717017881,105.488011064828,1782300,"TROW",-0.0021213638962162,3.35390081106558,"Financial_Serv"
"TROW","2024-03-14",104.04077911377,105.679570778452,103.379826058417,105.543757749792,1473200,"TROW",-0.0124613736738545,3.31210659979385,"Financial_Serv"
"TROW","2024-03-15",103.99552154541,105.33552613145,103.099166472935,103.099166472935,4399200,"TROW",-0.000434998360689758,3.31066583885251,"Financial_Serv"
"TROW","2024-03-18",104.149436950684,104.375789723995,102.890916083693,103.814439267136,1133100,"TROW",0.00148001955263265,3.31556568902624,"Financial_Serv"
"TROW","2024-03-19",103.96834564209,104.267132926654,103.406988341491,103.741992894584,1052400,"TROW",-0.00173876416326187,3.30980070222522,"Financial_Serv"
"TROW","2024-03-20",106.838500976562,106.856606157662,103.289291415537,103.778214198087,1393800,"TROW",0.0276060498678429,3.40117122546347,"Financial_Serv"
"TROW","2024-03-21",109.138252258301,109.853527839421,107.762023550307,107.762023550307,1346200,"TROW",0.021525491847202,3.47438310894812,"Financial_Serv"
"TROW","2024-03-22",107.399864196777,109.464200342414,107.236889926978,108.957165443183,734900,"TROW",-0.0159283113441211,3.41904205306004,"Financial_Serv"
"TROW","2024-03-25",107.13729095459,107.952162279238,106.874720921773,107.282153130228,806800,"TROW",-0.00244481912664633,3.41068311365391,"Financial_Serv"
"TROW","2024-03-26",106.738914489746,108.368657239916,106.657430806107,108.160409646607,894900,"TROW",-0.00371837351210049,3.39800091990593,"Financial_Serv"
"TROW","2024-03-27",109.427978515625,109.518518237803,107.318369140957,107.635261622449,1360100,"TROW",0.0251929114956217,3.48360645634317,"Financial_Serv"
"TROW","2024-03-28",110.387718200684,110.704610699963,109.418928612749,109.554741657509,1419200,"TROW",0.00877051461680391,3.51415947768772,"Financial_Serv"
"TROW","2024-04-01",108.920951843262,110.206633873633,108.676486991955,110.134199331932,765200,"TROW",-0.013287405350252,3.46746541624225,"Financial_Serv"
"TROW","2024-04-02",107.336486816406,108.042706356985,106.847564001912,108.042706356985,851600,"TROW",-0.0145469260049759,3.41702445340736,"Financial_Serv"
"TROW","2024-04-03",107.282165527344,108.169471496214,106.838515996778,106.892838455453,802400,"TROW",-0.000506084097529798,3.41529515167062,"Financial_Serv"
"TROW","2024-04-04",105.263084411621,108.875672354326,105.181593829894,108.477289305297,944600,"TROW",-0.0188202867251784,3.35101831766507,"Financial_Serv"
"TROW","2024-04-05",105.607154846191,106.123238919825,104.013629305184,106.123238919825,1197300,"TROW",0.00326867141024348,3.36197169543522,"Financial_Serv"
"TROW","2024-04-08",106.43106842041,108.178511969528,106.304311429924,107.055797328453,956600,"TROW",0.00780168328006484,3.38820073379955,"Financial_Serv"
"TROW","2024-04-09",108.33243560791,108.33243560791,106.222826162778,107.13729327512,1249000,"TROW",0.0178647759128891,3.44873018065677,"Financial_Serv"
"TROW","2024-04-10",105.55281829834,107.562831866624,104.855647945076,107.101070312568,1615300,"TROW",-0.0256582185563578,3.36024190793957,"Financial_Serv"
"TROW","2024-04-11",106.584991455078,106.983374533325,105.498494034698,106.512556912172,1563800,"TROW",0.00977873611883005,3.39310082685274,"Financial_Serv"
"TROW","2024-04-12",104.294303894043,106.485397036726,103.705785314003,106.277149450162,1387500,"TROW",-0.021491652152551,3.32017748416349,"Financial_Serv"
"TROW","2024-04-15",103.443214416504,106.295260659426,102.628343074564,105.942150895875,1668900,"TROW",-0.00816045983109222,3.29308330917188,"Financial_Serv"
"TROW","2024-04-16",101.505645751953,103.38890262357,101.034828080179,102.555919106064,1291000,"TROW",-0.0187307468689957,3.23140139928926,"Financial_Serv"
"TROW","2024-04-17",100.853736877441,102.63739776127,100.826575651026,102.555907174285,1603200,"TROW",-0.00642239029841525,3.21064807829218,"Financial_Serv"
"TROW","2024-04-18",98.4362945556641,101.179689046037,98.0288554215739,101.107254501167,2484700,"TROW",-0.0239697843295092,3.13368953629757,"Financial_Serv"
"TROW","2024-04-19",98.4453582763672,99.5499540869364,97.9745406057413,98.6264377449224,1703700,"TROW",9.20770204124213e-05,3.13397807709297,"Financial_Serv"
"TROW","2024-04-22",100.953330993652,101.161578572327,98.128446061125,99.2692659060719,2096200,"TROW",0.0254757843457127,3.21381862672918,"Financial_Serv"
"TROW","2024-04-23",101.351715087891,102.121313098391,99.9935985136891,100.527787717161,1317400,"TROW",0.00394622040022959,3.22650106335662,"Financial_Serv"
"TROW","2024-04-24",100.554962158203,101.125375615283,99.8125252763791,100.545913020091,1053900,"TROW",-0.00786126735987219,3.20113667586066,"Financial_Serv"
"TROW","2024-04-25",98.5358963012695,99.8215784658292,97.2683193201557,99.4503565816702,2161400,"TROW",-0.0200792264608185,3.13686032761402,"Financial_Serv"
"TROW","2024-04-26",103.234970092773,104.185654506358,101.034820853903,102.31145381456,2943300,"TROW",0.0476889536493044,3.28645391438195,"Financial_Serv"
"TROW","2024-04-29",101.478469848633,104.086051126921,100.609276089204,102.383880878172,1962700,"TROW",-0.0170145856831471,3.23053626266198,"Financial_Serv"
"TROW","2024-04-30",99.2058944702148,101.33360918481,99.0700814229559,100.654550856254,1764200,"TROW",-0.022394655554107,3.15818951580461,"Financial_Serv"
"TROW","2024-05-01",99.8668518066406,101.541861039151,98.7803542907167,99.2058986330398,1913500,"TROW",0.00666248049025176,3.17923089183818,"Financial_Serv"
"TROW","2024-05-02",100.6455078125,100.971449474822,99.7129285156516,100.889965786176,1652400,"TROW",0.00779694154539873,3.20401916926117,"Financial_Serv"
"TROW","2024-05-03",100.953330993652,102.809426389366,100.681704918467,101.741041085501,1271900,"TROW",0.00305848902591669,3.21381862672918,"Financial_Serv"
"TROW","2024-05-06",101.415100097656,102.266181841548,101.061990318307,102.157536929588,1052800,"TROW",0.00457408487128514,3.22851890588875,"Financial_Serv"
"TROW","2024-05-07",100.726982116699,102.021720230554,100.672659662663,101.976446913698,983300,"TROW",-0.00678516296187074,3.20661287898682,"Financial_Serv"
"TROW","2024-05-08",100.944282531738,101.161586171305,99.7129228718124,99.7853574183348,1317800,"TROW",0.00215732081387393,3.21353057169269,"Financial_Serv"
"TROW","2024-05-09",100.772247314453,101.288331309431,99.9754812115136,100.808457675734,1740500,"TROW",-0.00170425915138944,3.20805388280762,"Financial_Serv"
"TROW","2024-05-10",101.043869018555,101.134408739516,99.8940000560944,101.089142332904,1034200,"TROW",0.00269540187244197,3.21670087725023,"Financial_Serv"
"TROW","2024-05-13",102.012664794922,102.646456695995,101.215905530767,101.279284030101,915000,"TROW",0.0095878729286315,3.24754219651072,"Financial_Serv"
"TROW","2024-05-14",103.542823791504,103.904989647479,102.519711638032,102.52876077632,1604600,"TROW",0.0149996963578801,3.29625434336779,"Financial_Serv"
"TROW","2024-05-15",104.194702148438,104.973356180566,103.588078421096,104.421054904109,812100,"TROW",0.00629573671127832,3.31700669284704,"Financial_Serv"
"TROW","2024-05-16",105.072959899902,105.263095400131,103.397943854943,103.397943854943,1299000,"TROW",0.00842900582616632,3.34496576158648,"Financial_Serv"
"TROW","2024-05-17",105.715789794922,105.905925275095,104.747000305807,105.181593715421,1093100,"TROW",0.00611793838901962,3.36543005602924,"Financial_Serv"
"TROW","2024-05-20",106.050796508789,106.45823563634,105.235932069164,105.579985790167,942400,"TROW",0.00316893734149901,3.376094893004,"Financial_Serv"
"TROW","2024-05-21",106.50350189209,106.747966749816,105.172553419006,105.724847817701,953800,"TROW",0.00426875986040579,3.39050663136817,"Financial_Serv"
"TROW","2024-05-22",106.548774719238,107.363646061685,106.077964003457,106.50350140276,936900,"TROW",0.000425082991114304,3.39194787806843,"Financial_Serv"
"TROW","2024-05-23",105.851608276367,107.236886065918,105.453225207259,107.019582442184,1142500,"TROW",-0.00654316715239724,3.36975379613001,"Financial_Serv"
"TROW","2024-05-24",107.019592285156,107.173517426393,105.860667149601,106.105132021852,795100,"TROW",0.011034164032157,3.40693621226449,"Financial_Serv"
"TROW","2024-05-28",105.326461791992,107.019575916994,104.900917522798,107.019575916994,1109000,"TROW",-0.0158207526025018,3.35303591731775,"Financial_Serv"
"TROW","2024-05-29",104.357681274414,104.602139222532,103.416052937991,103.542809934457,908100,"TROW",-0.00919788342925025,3.32219508381617,"Financial_Serv"
"TROW","2024-05-30",104.620246887207,105.335515519415,104.212807780592,104.955244546098,1013700,"TROW",0.00251601616274454,3.33055378034284,"Financial_Serv"
"TROW","2024-05-31",106.684585571289,106.784181339307,104.620249484618,104.80132893134,2670700,"TROW",0.0197317321025598,3.39627137528974,"Financial_Serv"
"TROW","2024-06-03",105.779182434082,107.38175707142,104.846610089012,107.155404292219,1227200,"TROW",-0.00848672872804123,3.36744814144084,"Financial_Serv"
"TROW","2024-06-04",105.543762207031,106.630252666721,105.181596417889,105.181596417889,988600,"TROW",-0.00222558183598637,3.35995361002362,"Financial_Serv"
"TROW","2024-06-05",105.806335449219,105.842552720008,104.611193144119,105.842552720008,984600,"TROW",0.00248781393326159,3.36831254942975,"Financial_Serv"
"TROW","2024-06-06",105.235931396484,105.824443064066,104.475382507894,105.435116028799,637800,"TROW",-0.00539101983177688,3.35015390967615,"Financial_Serv"
"TROW","2024-06-07",104.620246887207,105.172548166055,103.633345276185,104.402943267251,649800,"TROW",-0.00585051608426124,3.33055378034284,"Financial_Serv"
"TROW","2024-06-10",104.185653686523,105.063903547684,103.533756597508,104.303354641253,862300,"TROW",-0.00415400664416455,3.31671863781055,"Financial_Serv"
"TROW","2024-06-11",103.660507202148,103.995511771041,103.053883468082,103.56091143593,867400,"TROW",-0.00504048749317324,3.30000075899829,"Financial_Serv"
"TROW","2024-06-12",107.191619873047,109.138255124982,106.141346586164,106.340531226215,1756000,"TROW",0.0340642040658012,3.41241265827011,"Financial_Serv"
"TROW","2024-06-13",105.543762207031,106.612147485746,104.937138482167,106.53971294637,1077200,"TROW",-0.0153730083374734,3.35995361002362,"Financial_Serv"
"TROW","2024-06-14",105.150260925293,105.223474269925,103.740935460172,104.189354977526,768600,"TROW",-0.00372832343200351,3.34742661624893,"Financial_Serv"
"TROW","2024-06-17",107.108673095703,107.154426199841,104.262568891193,104.775048342394,859000,"TROW",0.0186248912097476,3.40977207280918,"Financial_Serv"
"TROW","2024-06-18",107.593704223633,108.124490526445,106.678558314788,107.072071334871,910100,"TROW",0.00452840198567585,3.42521289143439,"Financial_Serv"
"TROW","2024-06-20",108.161094665527,108.591214349725,106.797522266261,107.163582017621,1032600,"TROW",0.00527345392547517,3.44327559380231,"Financial_Serv"
"TROW","2024-06-21",108.371566772461,108.499686629225,107.456420948714,108.170233574115,1670500,"TROW",0.00194591324712873,3.44997590939381,"Financial_Serv"
"TROW","2024-06-24",108.792533874512,109.561260003187,108.078721243461,108.252601185592,866300,"TROW",0.00388447924661505,3.46337726921517,"Financial_Serv"
"TROW","2024-06-25",107.447273254395,108.801685147693,106.651093883571,108.801685147693,804500,"TROW",-0.0123653763011798,3.42055130600837,"Financial_Serv"
"TROW","2024-06-26",106.623649597168,107.813335064944,106.477222903406,106.907342588821,860700,"TROW",-0.00766537513964206,3.39433149706342,"Financial_Serv"
"TROW","2024-06-27",105.635284423828,106.788370135371,105.397344550841,106.733456637292,884300,"TROW",-0.00926966181587256,3.36286719199468,"Financial_Serv"
"TROW","2024-06-28",105.525466918945,106.687706071473,105.095347247475,106.028799934923,1598500,"TROW",-0.0010395911317113,3.35937118508476,"Financial_Serv"
"TROW","2024-07-01",104.189353942871,106.156918922755,103.960567479675,105.800012598731,861500,"TROW",-0.0126615215746972,3.3168364343474,"Financial_Serv"
"TROW","2024-07-02",104.875709533691,104.912316204318,104.143597067189,104.24426366591,638300,"TROW",0.00658757891134111,3.33868635609467,"Financial_Serv"
"TROW","2024-07-03",105.946434020996,106.349100436987,104.546261960676,104.884868445214,839500,"TROW",0.0102094611999809,3.37277254490612,"Financial_Serv"
"TROW","2024-07-05",105.049598693848,105.507171643826,104.39984594272,105.507171643826,853700,"TROW",-0.00846498832580534,3.3442220646879,"Financial_Serv"
"TROW","2024-07-08",104.93977355957,105.708499708725,104.354080770694,105.250926781041,727200,"TROW",-0.00104545981748501,3.34072581489852,"Financial_Serv"
"TROW","2024-07-09",104.75675201416,105.406504763607,104.436452346406,104.948931814813,904500,"TROW",-0.00174406270570292,3.33489937959478,"Financial_Serv"
"TROW","2024-07-10",106.230140686035,106.285047207311,104.875721644488,105.104508125816,623800,"TROW",0.0140648563796235,3.38180426040927,"Financial_Serv"
"TROW","2024-07-11",107.227630615234,108.911502500682,106.879877728309,107.593690327898,843300,"TROW",0.00938989558667079,3.41355904930907,"Financial_Serv"
"TROW","2024-07-12",108.005516052246,108.691875477286,107.447283476662,108.023822880172,797500,"TROW",0.00725452416087613,3.43832279590686,"Financial_Serv"
"TROW","2024-07-15",108.664421081543,109.515507038977,108.188548290573,108.353274830142,894800,"TROW",0.00610066090493137,3.45929883736639,"Financial_Serv"
"TROW","2024-07-16",110.503868103027,110.888227707704,108.755936071938,109.012182790398,972900,"TROW",0.016927776388778,3.51785707454728,"Financial_Serv"
"TROW","2024-07-17",108.124488830566,110.778413320993,107.968915704185,110.165260265357,1281000,"TROW",-0.0215320903540005,3.44211025816567,"Financial_Serv"
"TROW","2024-07-18",106.76091003418,109.890706925746,106.44975683837,107.767568995665,835500,"TROW",-0.0126111929973928,3.39870114138164,"Financial_Serv"
"TROW","2024-07-19",105.049598693848,106.925643599553,104.875718738613,106.925643599553,820800,"TROW",-0.0160293813511345,3.3442220646879,"Financial_Serv"
"TROW","2024-07-22",106.129463195801,106.477216098246,104.82080437748,105.873223480103,815000,"TROW",0.0102795680838367,3.37859922308932,"Financial_Serv"
"TROW","2024-07-23",107.08122253418,107.493035391839,105.342443946935,105.873230238769,921700,"TROW",0.00896790871940041,3.40889819252143,"Financial_Serv"
"TROW","2024-07-24",104.674377441406,107.511335097832,104.225957940013,106.724309126077,1383700,"TROW",-0.0224768174644736,3.33227701009315,"Financial_Serv"
"TROW","2024-07-25",105.69019317627,107.721818097974,104.500507750178,105.241773660851,1391300,"TROW",0.00970453094341933,3.36461519544964,"Financial_Serv"
"TROW","2024-07-26",102.569549560547,103.759234988136,100.245078240661,103.603661867776,1972700,"TROW",-0.0295263308916284,3.2652704538658,"Financial_Serv"
"TROW","2024-07-29",103.502998352051,103.612818371938,100.958893905063,102.295006061323,1910500,"TROW",0.00910064239828694,3.29498651260012,"Financial_Serv"
"TROW","2024-07-30",103.136932373047,105.260070421937,103.045419186338,104.143598372872,1207100,"TROW",-0.00353676690368703,3.28333291335426,"Financial_Serv"
"TROW","2024-07-31",104.518814086914,105.543780024969,103.759241301981,103.759241301981,2012900,"TROW",0.0133985147906951,3.32732469795661,"Financial_Serv"
"TROW","2024-08-01",102.523788452148,104.765899973717,101.681855945882,104.262566963445,1283800,"TROW",-0.0190877178639497,3.26381366288027,"Financial_Serv"
"TROW","2024-08-02",97.4355926513672,100.79417668932,96.694326649086,100.666056811938,1987800,"TROW",-0.0496294165246936,3.1018324951462,"Financial_Serv"
"TROW","2024-08-05",94.4064483642578,96.0445532764403,91.9630036610291,94.9921411442804,2308200,"TROW",-0.0310886833515542,3.00540060689503,"Financial_Serv"
"TROW","2024-08-06",95.0745086669922,96.6485607598375,94.3332427091791,94.5986358626946,1180100,"TROW",0.00707642660336857,3.02666810370345,"Financial_Serv"
"TROW","2024-08-07",94.1044464111328,97.1793369270125,93.9854729859654,96.886490543691,1072800,"TROW",-0.0102031792691889,2.99578646645302,"Financial_Serv"
"TROW","2024-08-08",95.9438934326172,96.264200085321,95.1843276369725,95.5046273076672,859800,"TROW",0.01954686618577,3.05434470363392,"Financial_Serv"
"TROW","2024-08-09",96.4106063842773,96.8864860990995,95.5595205308534,95.9530334949528,683000,"TROW",0.00486443623416154,3.0692023686819,"Financial_Serv"
"TROW","2024-08-12",95.7608642578125,96.9139500207703,95.5595310472316,96.7492234832049,1262100,"TROW",-0.00673932206042845,3.04851802545072,"Financial_Serv"
"TROW","2024-08-13",96.4838333129883,96.6027997674474,95.5686874054315,96.6027997674474,689100,"TROW",0.00754973402526282,3.07153352571409,"Financial_Serv"
"TROW","2024-08-14",96.9413986206055,97.3623648670372,96.5295857874899,96.8498854334697,802200,"TROW",0.00474240390234984,3.08609997829264,"Financial_Serv"
"TROW","2024-08-15",99.0553894042969,99.3390893786093,97.9663705404821,98.2592169466689,806400,"TROW",0.0218068937912153,3.15339823274834,"Financial_Serv"
"TROW","2024-08-16",99.549560546875,99.7051336595997,98.2042950829429,99.0462345382937,828500,"TROW",0.00498883650400034,3.16913002096352,"Financial_Serv"
"TROW","2024-08-19",100.126113891602,100.254233755997,98.5978149685834,99.6227808657559,790000,"TROW",0.0057916211940994,3.18748442155979,"Financial_Serv"
"TROW","2024-08-20",99.3024826049805,100.208475082269,99.2109694122661,99.9247820902512,627200,"TROW",-0.00822593881465102,3.16126436973539,"Financial_Serv"
"TROW","2024-08-21",100.254234313965,100.400654024656,98.4513958066409,99.4489014681297,671800,"TROW",0.00958436973595502,3.19156309628803,"Financial_Serv"
"TROW","2024-08-22",99.9613800048828,100.583679435626,99.4031405016274,100.400646084226,704500,"TROW",-0.00292111661004665,3.18224016831545,"Financial_Serv"
"TROW","2024-08-23",100.318290710449,101.755069417386,100.034590748844,100.656890206868,732700,"TROW",0.00357048597717411,3.19360231221242,"Financial_Serv"
"TROW","2024-08-26",100.007148742676,101.398174502774,99.5770290271455,101.215141122756,954900,"TROW",-0.00310154773939972,3.18369720218044,"Financial_Serv"
"TROW","2024-08-27",98.7442398071289,99.5953257372153,98.4880000831474,99.5770189100688,784500,"TROW",-0.0126281865989042,3.14349287983689,"Financial_Serv"
"TROW","2024-08-28",98.387336730957,99.430602488503,97.9846703045326,98.4880033375631,751000,"TROW",-0.00361441919922612,3.13213097881938,"Financial_Serv"
"TROW","2024-08-29",96.0537109375,100.02544769605,95.9164376587973,99.2109684196258,2070300,"TROW",-0.0237187616922531,3.05784071054384,"Financial_Serv"
"TROW","2024-08-30",97.0420684814453,97.1884881893803,95.4954697334559,96.5753421347605,1832000,"TROW",0.0102896341463415,3.08930477273313,"Financial_Serv"
"TROW","2024-09-03",95.6144409179688,97.0786728729588,95.2758344419363,96.227586958182,1420800,"TROW",-0.014711429649189,3.04385668290416,"Financial_Serv"
"TROW","2024-09-04",95.742561340332,96.2733406270043,95.047048539371,95.3124416737115,1077800,"TROW",0.00133996937212864,3.0479353576324,"Financial_Serv"
"TROW","2024-09-05",95.2849960327148,96.1635352811052,94.5162698266174,96.0079621498506,776500,"TROW",-0.00477912123105522,3.03336890505385,"Financial_Serv"
"TROW","2024-09-06",93.0611877441406,96.3648649640322,92.4297348460977,95.1385658413699,1320900,"TROW",-0.0233384937940356,2.96257464368823,"Financial_Serv"
"TROW","2024-09-09",94.7542114257812,95.0196045861113,93.5462190647672,94.1959718440542,1222300,"TROW",0.0181925862186003,3.01647153832257,"Financial_Serv"
"TROW","2024-09-10",94.9372406005859,95.019607368208,93.3723418358631,94.9280941679688,1072900,"TROW",0.00193162047417861,3.02229821650577,"Financial_Serv"
"TROW","2024-09-11",95.2758407592773,95.4131140414741,92.7591895197041,94.699301352462,1381500,"TROW",0.00356656836189229,3.03307744970497,"Financial_Serv"
"TROW","2024-09-12",95.9713439941406,96.1909770344614,93.9214123444514,95.5320709314905,1370800,"TROW",0.00729989081513886,3.05521858392167,"Financial_Serv"
"TROW","2024-09-13",96.8326110839844,97.3049220983561,96.5455235387549,96.6751764343781,1147800,"TROW",0.00897421098840018,3.08263676010947,"Financial_Serv"
"TROW","2024-09-16",98.0457992553711,98.2958421001708,96.7400003282149,97.1197031307676,1303300,"TROW",0.0125287148389968,3.12125823702909,"Financial_Serv"
"TROW","2024-09-17",99.9442977905273,100.157303020218,98.3328924198636,98.3328924198636,1096500,"TROW",0.0193633847607423,3.18169636121032,"Financial_Serv"
"TROW","2024-09-18",100.138778686523,101.78723584317,99.9072546385485,100.157304567071,867200,"TROW",0.00194589286528087,3.18788760145909,"Financial_Serv"
"TROW","2024-09-19",102.379928588867,102.833713707968,101.389006026025,101.787227639068,1163800,"TROW",0.0223804397431238,3.25923392783139,"Financial_Serv"
"TROW","2024-09-20",100.286949157715,102.379928356314,99.5553323788782,102.296576031863,2665400,"TROW",-0.0204432593380411,3.19260456340139,"Financial_Serv"
"TROW","2024-09-23",100.111000061035,101.18527506869,99.796130737411,100.601829927598,907900,"TROW",-0.00175445656845123,3.18700327735467,"Financial_Serv"
"TROW","2024-09-24",101.379753112793,101.546450713007,100.092479947742,100.583309807942,861400,"TROW",0.0126734629659507,3.22739364536258,"Financial_Serv"
"TROW","2024-09-25",99.5183029174805,101.676108891766,99.4071688230544,101.546455981046,1050600,"TROW",-0.018361163231888,3.16813494382652,"Financial_Serv"
"TROW","2024-09-26",101.296394348145,101.731660669153,100.490695219561,100.953743294582,1236700,"TROW",0.0178669790233304,3.22473994441095,"Financial_Serv"
"TROW","2024-09-27",101.416793823242,102.15766652187,101.18526978013,102.074321257815,854100,"TROW",0.00118858598938731,3.2285728251283,"Financial_Serv"
"TROW","2024-09-30",100.879653930664,101.379746699672,99.9072501466678,101.176004416126,978300,"TROW",-0.00529636041851508,3.21147313980899,"Financial_Serv"
"TROW","2024-10-01",99.1941757202148,100.611101935325,98.8144728439805,100.26844375913,955400,"TROW",-0.0167078111866608,3.15781645295803,"Financial_Serv"
"TROW","2024-10-02",99.4071655273438,100.138782393897,98.9348615391874,99.101559142523,662200,"TROW",0.00214720073615674,3.16459691877047,"Financial_Serv"
"TROW","2024-10-03",98.610725402832,98.9996841068314,97.9624538306133,98.860768265245,967700,"TROW",-0.00801189854158595,3.13924248933227,"Financial_Serv"
"TROW","2024-10-04",100.453659057617,100.537004326735,99.0645147145666,99.9628291868946,739100,"TROW",0.0186889777684591,3.1979117224252,"Financial_Serv"
"TROW","2024-10-07",98.7496337890625,100.305475664472,98.2958486361879,100.203604518747,1089000,"TROW",-0.0169632971515484,3.14366459561328,"Financial_Serv"
"TROW","2024-10-08",98.7218551635742,99.2589926643209,98.3606782047574,98.8329892530384,785100,"TROW",-0.000281303579794723,3.14278027150886,"Financial_Serv"
"TROW","2024-10-09",99.4812545776367,99.5738627868248,98.1661996367266,98.5736842358184,1292900,"TROW",0.00769231304258045,3.16695552118135,"Financial_Serv"
"TROW","2024-10-10",100.01838684082,100.286955579278,98.5644161295527,99.3515964647264,1168200,"TROW",0.00539933141639672,3.1840549636212,"Financial_Serv"
"TROW","2024-10-11",100.925956726074,102.278056192772,100.175814075747,100.28694815205,1072500,"TROW",0.00907403042500883,3.212947175236,"Financial_Serv"
"TROW","2024-10-14",101.574226379395,101.648315767393,100.212863903517,100.953743652399,911000,"TROW",0.00642322029287072,3.23358464273189,"Financial_Serv"
"TROW","2024-10-15",101.370491027832,103.046722919011,101.231575182222,101.935410285239,898900,"TROW",-0.00200577802878379,3.22709878970129,"Financial_Serv"
"TROW","2024-10-16",103.33381652832,103.426424735959,101.898364580478,102.018761609406,1307100,"TROW",0.0193678207590929,3.28960066063211,"Financial_Serv"
"TROW","2024-10-17",104.843360900879,104.926713241669,103.148602982196,103.982091062331,1674900,"TROW",0.0146084256178119,3.33765654719526,"Financial_Serv"
"TROW","2024-10-18",107.084495544434,107.399371910296,104.537731125666,104.861870431406,1765100,"TROW",0.0213760282415355,3.40900238780865,"Financial_Serv"
"TROW","2024-10-21",105.58423614502,106.510332401196,105.389756779089,106.473287703082,1032600,"TROW",-0.014010052452379,3.36124208554517,"Financial_Serv"
"TROW","2024-10-22",104.574775695801,105.593480048991,104.565519821487,105.408263644976,689800,"TROW",-0.00956071176981628,3.32910621877669,"Financial_Serv"
"TROW","2024-10-23",101.43531036377,104.602557506806,100.990788167669,104.241380572892,1335100,"TROW",-0.030021248538593,3.22916229357142,"Financial_Serv"
"TROW","2024-10-24",103.732040405273,104.315478484913,102.416978392597,102.639246574363,1078800,"TROW",0.0226423129506611,3.30227799679094,"Financial_Serv"
"TROW","2024-10-25",103.102294921875,104.667392745091,102.796681470419,104.065435848383,863100,"TROW",-0.00607088688256847,3.28223024061763,"Financial_Serv"
"TROW","2024-10-28",104.093208312988,104.454385244995,102.73184584671,104.176553574735,970600,"TROW",0.00961097317828026,3.31377566742514,"Financial_Serv"
"TROW","2024-10-29",104.074691772461,104.306215829936,103.120813786153,103.380119600037,1071000,"TROW",-0.000177884233058396,3.31318619898202,"Financial_Serv"
"TROW","2024-10-30",103.546813964844,105.417532247429,103.454205757862,103.574595720383,1135600,"TROW",-0.00507210541417014,3.29638136932401,"Financial_Serv"
"TROW","2024-10-31",101.740936279297,103.222688890785,101.194535808638,103.222688890785,2578400,"TROW",-0.0174402052211863,3.2388918017557,"Financial_Serv"
"TROW","2024-11-01",103.778343200684,104.834092357252,100.592576914879,101.055625038481,1739100,"TROW",0.0200254390798378,3.30375203221795,"Financial_Serv"
"TROW","2024-11-04",104.176551818848,106.343620439912,102.907804641076,103.70424787914,1921100,"TROW",0.00383710710619091,3.31642888261786,"Financial_Serv"
"TROW","2024-11-05",106.056533813477,106.084322634567,103.509769261116,104.371039010536,1159500,"TROW",0.0180461146179805,3.37627753835596,"Financial_Serv"
"TROW","2024-11-06",112.3447265625,113.196740427231,110.714802355087,112.992998134916,2588800,"TROW",0.0592909509948966,3.5764602444278,"Financial_Serv"
"TROW","2024-11-07",111.187103271484,112.18728882508,110.751836943592,112.18728882508,1351600,"TROW",-0.0103042067610678,3.53960765859648,"Financial_Serv"
"TROW","2024-11-08",108.927436828613,110.844455666634,108.797783926761,110.659232188592,1383400,"TROW",-0.0203230984204498,3.46767186378104,"Financial_Serv"
"TROW","2024-11-11",109.21452331543,110.511059386778,109.112652169895,110.390662360844,944200,"TROW",0.00263557552784528,3.47681117488382,"Financial_Serv"
"TROW","2024-11-12",109.344177246094,110.594405693776,108.723694492396,109.029307931878,1227700,"TROW",0.00118714916961731,3.480938668383,"Financial_Serv"
"TROW","2024-11-13",109.733139038086,111.29824390956,109.436788530555,109.436788530555,1098000,"TROW",0.00355722455267807,3.49332114888054,"Financial_Serv"
"TROW","2024-11-14",110.946319580078,111.835371020056,109.510867747442,109.566431254456,2278800,"TROW",0.011055735328697,3.5319423829207,"Financial_Serv"
"TROW","2024-11-15",109.99243927002,111.733504595815,109.66830702284,110.946324262508,1318800,"TROW",-0.0085976742055883,3.50157589299944,"Financial_Serv"
"TROW","2024-11-18",109.890571594238,110.316574971665,109.32565238241,110.205440891033,1142600,"TROW",-0.000926133436600818,3.49833296648414,"Financial_Serv"
"TROW","2024-11-19",109.233047485352,109.473834483469,107.955037231749,108.473648859491,1257000,"TROW",-0.00598344425138283,3.47740088620641,"Financial_Serv"
"TROW","2024-11-20",108.834815979004,109.140429402944,107.501242333218,109.038558261631,1150400,"TROW",-0.00364570535671506,3.46472330716812,"Financial_Serv"
"TROW","2024-11-21",109.446044921875,110.066527655896,108.251380022692,109.455307861868,1477000,"TROW",0.00561611592184812,3.4841815948983,"Financial_Serv"
"TROW","2024-11-22",110.983367919922,111.131546706997,109.409007167794,109.69609473581,1352800,"TROW",0.0140464006638545,3.53312180556587,"Financial_Serv"
"TROW","2024-11-25",113.882049560547,114.178400058584,111.853896644436,112.168773022974,2175100,"TROW",0.0261181625224826,3.62540045509537,"Financial_Serv"
"TROW","2024-11-26",114.789627075195,115.123022289609,113.020786916192,113.502353856148,1307600,"TROW",0.00796945188597007,3.65429290958963,"Financial_Serv"
"TROW","2024-11-27",114.984107971191,115.604590731551,114.122838219665,115.604590731551,1117500,"TROW",0.00169423754525045,3.66048414983839,"Financial_Serv"
"TROW","2024-11-29",114.68775177002,115.326760418767,113.669047347555,115.178588698589,779700,"TROW",-0.00257736661527283,3.65104974019487,"Financial_Serv"
"TROW","2024-12-02",114.502532958984,115.215630985685,113.965395470272,114.91927342042,1239400,"TROW",-0.00161498336288404,3.64515335560739,"Financial_Serv"
"TROW","2024-12-03",114.308044433594,115.067442969766,112.900381439306,115.067442969766,1287600,"TROW",-0.0016985521661804,3.63896187247916,"Financial_Serv"
"TROW","2024-12-04",113.909828186035,114.92853255345,113.687567085003,114.808142595714,1102900,"TROW",-0.00348371148795161,3.62628477919979,"Financial_Serv"
"TROW","2024-12-05",115.474937438965,115.715717363766,114.372880699988,114.882236436209,1760700,"TROW",0.0137398965291527,3.67610955685124,"Financial_Serv"
"TROW","2024-12-06",114.678497314453,116.512163884474,114.261749773591,115.687938808915,1092900,"TROW",-0.00689708210435432,3.65075512741303,"Financial_Serv"
"TROW","2024-12-09",114.456230163574,115.799073942147,114.326577256064,114.965585918473,1133200,"TROW",-0.0019381763459059,3.64367932018038,"Financial_Serv"
"TROW","2024-12-10",113.937614440918,115.141542328042,113.131915268268,114.215446127348,1514600,"TROW",-0.00453112706853156,3.62716934618367,"Financial_Serv"
"TROW","2024-12-11",112.715171813965,114.419192558941,112.631826544355,114.224706132076,1363500,"TROW",-0.0107290523235153,3.58825325648221,"Financial_Serv"
"TROW","2024-12-12",112.020599365234,112.92817678136,112.00208054944,112.168778153807,1087600,"TROW",-0.00616219127871138,3.56614175355931,"Financial_Serv"
"TROW","2024-12-13",111.852180480957,112.076743674598,110.991348956389,112.076743674598,1397800,"TROW",-0.00150346351681468,3.56078018953704,"Financial_Serv"
"TROW","2024-12-16",111.608894348145,112.946928843546,111.262694261239,112.048668971902,1655500,"TROW",-0.00217506830681696,3.55303524939924,"Financial_Serv"
"TROW","2024-12-17",110.308296203613,111.431119339549,110.055663496585,110.635785690033,1744600,"TROW",-0.0116531764975134,3.5116311025361,"Financial_Serv"
"TROW","2024-12-18",105.573707580566,111.243976124459,105.480140182764,110.196002708362,2280600,"TROW",-0.0429214192041141,3.36090691189395,"Financial_Serv"
"TROW","2024-12-19",105.704711914062,107.155024544129,105.293006763954,106.687180378546,1890000,"TROW",0.00124088029584563,3.36507739505709,"Financial_Serv"
"TROW","2024-12-20",108.652122497559,109.260314150961,104.900010604554,104.900010604554,4136700,"TROW",0.0278834361318947,3.45890731568104,"Financial_Serv"
"TROW","2024-12-23",108.605331420898,108.783114467112,107.239227476208,108.015850412183,863900,"TROW",-0.000430650369128386,3.45741773596876,"Financial_Serv"
"TROW","2024-12-24",109.541030883789,109.606528780369,107.847437315989,107.847437315989,357400,"TROW",0.00861559419458272,3.48720544414302,"Financial_Serv"
"TROW","2024-12-26",110.018218994141,110.130497008049,108.932817268128,109.363232978492,558700,"TROW",0.00435624995037527,3.50239658268602,"Financial_Serv"
"TROW","2024-12-27",108.231063842773,109.934016261573,107.45444084123,109.082543621541,731300,"TROW",-0.0162441745349683,3.44550304130619,"Financial_Serv"
"TROW","2024-12-30",106.537460327148,107.155010834566,105.919902680997,106.967876047769,1005200,"TROW",-0.0156480353744401,3.39158768783309,"Financial_Serv"
"TROW","2024-12-31",105.816993713379,107.323452551304,105.236871496187,107.1363177339,962900,"TROW",-0.00676256606415404,3.36865185203175,"Financial_Serv"
"TROW","2025-01-02",106.135116577148,107.267298482669,105.592415688598,106.369038635448,1128200,"TROW",0.00300634947758216,3.37877919676726,"Financial_Serv"
"TROW","2025-01-03",107.314094543457,107.473159842839,105.901203196707,106.930458909817,750000,"TROW",0.0111082740974954,3.41631160219987,"Financial_Serv"
"TROW","2025-01-06",106.977241516113,108.652124374397,106.827527966469,108.165562476789,1113100,"TROW",-0.00313894487743491,3.40558798839642,"Financial_Serv"
"TROW","2025-01-07",105.845054626465,107.60414592026,104.881289757772,107.295367092584,1180800,"TROW",-0.010583436940444,3.36954516267609,"Financial_Serv"
"TROW","2025-01-08",105.583061218262,105.685987499312,104.50702541612,105.190073857198,1094300,"TROW",-0.00247525412621043,3.36120468210873,"Financial_Serv"
"TROW","2025-01-10",101.568962097168,104.563161632953,101.091759092212,104.104676390634,2164000,"TROW",-0.0380184006295838,3.23341705590628,"Financial_Serv"
"TROW","2025-01-13",103.515182495117,103.852030816586,100.708117908701,100.764264054769,2154800,"TROW",0.0191615662675309,3.2953743910936,"Financial_Serv"
"TROW","2025-01-14",104.900016784668,105.190077875763,103.805263177566,103.861402191653,1552300,"TROW",0.0133780790041703,3.33946017004597,"Financial_Serv"
"TROW","2025-01-15",106.032196044922,107.969070507026,105.657919303619,107.126949623777,1289900,"TROW",0.0107929368836801,3.37550275288684,"Financial_Serv"
"TROW","2025-01-16",104.918716430664,105.994759300047,104.319876547287,105.732767743412,1195000,"TROW",-0.0105013350264487,3.34005546759607,"Financial_Serv"
"TROW","2025-01-17",105.929275512695,106.574902748021,105.545647007618,106.256765002087,1182100,"TROW",0.00963182848981079,3.37222630900641,"Financial_Serv"
"TROW","2025-01-21",106.481323242188,107.454432717589,105.947981237575,106.490674984582,870600,"TROW",0.00521147460718757,3.38980058078549,"Financial_Serv"
"TROW","2025-01-22",106.23804473877,106.565534198452,104.834512364072,105.957335408336,1398500,"TROW",-0.00228470586212233,3.38205588352714,"Financial_Serv"
"TROW","2025-01-23",106.088333129883,106.275475066501,105.031007958243,105.573708866335,1631300,"TROW",-0.00140920900092662,3.37728985993444,"Financial_Serv"
"TROW","2025-01-24",106.864952087402,107.370224589176,105.742129064839,105.798268074347,1099000,"TROW",0.00732049354162936,3.4020132885423,"Financial_Serv"
"TROW","2025-01-27",106.415824890137,106.509392284819,104.366665394535,105.526916793816,1805800,"TROW",-0.0042027548648344,3.38771546064365,"Financial_Serv"
"TROW","2025-01-28",108.212348937988,108.670834187565,105.826341014175,106.574894479338,1352700,"TROW",0.0168821136302452,3.44490725799717,"Financial_Serv"
"TROW","2025-01-29",106.958534240723,108.380784546858,106.453261669233,108.043936165865,1059000,"TROW",-0.01158661381599,3.40499244796686,"Financial_Serv"
"TROW","2025-01-30",108.436912536621,108.783119764861,107.211163192997,107.679007325829,1063400,"TROW",0.0138219760245702,3.4520561719465,"Financial_Serv"
"TROW","2025-01-31",109.400665283203,110.710630222711,108.380768547068,108.380768547068,3761400,"TROW",0.00888768154715355,3.48273694788564,"Financial_Serv"
"TROW","2025-02-03",107.856781005859,108.549195447984,105.910554879068,107.875498768476,2475600,"TROW",-0.0141122019079786,3.4335878608847,"Financial_Serv"
"TROW","2025-02-04",108.118782043457,108.90475676068,106.967882334684,107.697718040315,2586300,"TROW",0.00242915684256721,3.44192858433153,"Financial_Serv"
"TROW","2025-02-05",103.580688476562,105.461423895259,102.663717971043,105.405284883539,3132500,"TROW",-0.0419732213138555,3.2974597541149,"Financial_Serv"
"TROW","2025-02-06",104.273101806641,106.191258453233,103.646185248037,104.385379828865,1720300,"TROW",0.00668477242487917,3.31950252215135,"Financial_Serv"
"TROW","2025-02-07",103.056709289551,104.619307044815,102.26137565845,104.254389177148,1433500,"TROW",-0.0116654486729038,3.28077903585962,"Financial_Serv"
"TROW","2025-02-10",102.570152282715,103.692975368247,102.373658599683,103.393555402856,1240600,"TROW",-0.00472125502735484,3.26528964134293,"Financial_Serv"
"TROW","2025-02-11",102.018089294434,102.822781764785,101.662530327499,101.896452391235,1041000,"TROW",-0.00538229666228432,3.24771488380494,"Financial_Serv"
"TROW","2025-02-12",100.043785095215,101.43796571532,99.6133693606554,101.054330109607,1601700,"TROW",-0.0193524914343448,3.18486350933491,"Financial_Serv"
"TROW","2025-02-13",100.343208312988,100.577130381041,99.2578136293665,100.31513880702,1586400,"TROW",0.00299292172410777,3.19439555652031,"Financial_Serv"
"TROW","2025-02-14",100.277709960938,101.204046486079,100.118644668686,100.708125707538,1176000,"TROW",-0.000652743251406515,3.19231043637847,"Financial_Serv"
"TROW","2025-02-18",100.942039489746,100.998185635554,99.7724292508268,100.352558499275,1595600,"TROW",0.00662489728841413,3.21345916513221,"Financial_Serv"
"TROW","2025-02-19",101.391189575195,101.597042153171,100.025085448953,100.240289770484,1694900,"TROW",0.00444958401593267,3.22775772166924,"Financial_Serv"
"TROW","2025-02-20",101.512817382812,102.018089900131,100.764271057653,101.625102544017,1161200,"TROW",0.00119958951193668,3.23162970597922,"Financial_Serv"
"TROW","2025-02-21",99.4355850219727,102.121012810962,98.9116018977737,101.887090753554,1200000,"TROW",-0.0204627594267869,3.16550164474931,"Financial_Serv"
"TROW","2025-02-24",99.7163009643555,100.324499781728,97.9665612888715,99.6601619512468,1238200,"TROW",0.00282309338574095,3.17443815150516,"Financial_Serv"
"TROW","2025-02-25",99.3981552124023,100.436762490189,98.9396628794896,100.053134061229,1387400,"TROW",-0.00319050896269056,3.16431007813127,"Financial_Serv"
"TROW","2025-02-26",98.0039901733398,99.8098688710748,97.835565994426,99.3981708749683,1531300,"TROW",-0.0140260655349521,3.11992725760249,"Financial_Serv"
"TROW","2025-02-27",97.0589370727539,99.1642354565035,97.0027909281813,98.5653884597126,1165400,"TROW",-0.00964300636039839,3.08984177921345,"Financial_Serv"
"TROW","2025-02-28",98.9209594726562,99.3045879295976,97.0308652760666,97.5454966510624,1839600,"TROW",0.0191844507683677,3.14911869670882,"Financial_Serv"
"TROW","2025-03-03",97.1992950439453,100.062506008205,96.8624466952088,99.5385157219846,1321400,"TROW",-0.0174044453055153,3.09431003259137,"Financial_Serv"
"TROW","2025-03-04",93.6623916625977,96.3758889940609,92.3524266951256,96.1887542010226,2534300,"TROW",-0.0363881587798406,2.98171378781139,"Financial_Serv"
"TROW","2025-03-05",94.1770248413086,94.9255711664218,93.0635535269866,93.6623934425711,2462100,"TROW",0.00549455517391456,2.99809697873134,"Financial_Serv"
"TROW","2025-03-06",92.5302124023438,94.5700131154602,92.3898577341678,93.1009828178535,2263200,"TROW",-0.0174863502190665,2.94567120497052,"Financial_Serv"
"TROW","2025-03-07",94.1863861083984,94.6542302504698,91.0050445145662,92.3524307893918,2534000,"TROW",0.0178987345112021,2.99839499182558,"Financial_Serv"
"TROW","2025-03-10",92.4179229736328,94.738432915976,91.0424672774639,92.9793416204189,2482900,"TROW",-0.0187762075585989,2.9420965051164,"Financial_Serv"
"TROW","2025-03-11",90.1067810058594,92.5395690193476,89.8073610524875,92.4927817515223,2000300,"TROW",-0.0250075082128043,2.86852200260183,"Financial_Serv"
"TROW","2025-03-12",87.2809982299805,91.2296037605849,86.822512989414,90.8272575302452,2969200,"TROW",-0.0313603787010786,2.77856406628786,"Financial_Serv"
"TROW","2025-03-13",86.1207580566406,88.5441874978004,85.6996940087317,87.4962210967522,2756600,"TROW",-0.0132931588417754,2.74162817280265,"Financial_Serv"
"TROW","2025-03-14",88.2744750976562,88.6160364110796,86.6900145395406,87.3921095777484,2552200,"TROW",0.0250081059388626,2.81019110059307,"Financial_Serv"
"TROW","2025-03-17",89.4794311523438,89.9348486949319,88.4547543490988,88.5116788274412,1919500,"TROW",0.0136501072745489,2.84855051057815,"Financial_Serv"
"TROW","2025-03-18",88.805793762207,89.5743103737826,88.1606231655817,89.1283826798276,1822500,"TROW",-0.00752840492458891,2.82710546888637,"Financial_Serv"
"TROW","2025-03-19",89.2327499389648,89.9063827800694,88.5591098592444,89.1094039227774,1696700,"TROW",0.00480775137150468,2.8406974890818,"Financial_Serv"
"TROW","2025-03-20",88.2744750976562,89.4984019309874,88.2080607999692,88.7014231201277,1833500,"TROW",-0.0107390486336469,2.81019110059307,"Financial_Serv"
"TROW","2025-03-21",88.0752334594727,88.5496233750291,87.0125974427246,87.5249394201595,5915300,"TROW",-0.00225706964514008,2.80384830356288,"Financial_Serv"
"TROW","2025-03-24",91.0638885498047,91.395960032668,89.1853013574964,89.2517156540691,1990600,"TROW",0.0339329794874429,2.89899123053358,"Financial_Serv"
"TROW","2025-03-25",90.5800170898438,92.2214022428992,90.1435792098806,91.4718725011602,1427000,"TROW",-0.00531353830444324,2.88358732958589,"Financial_Serv"
"TROW","2025-03-26",89.6027679443359,91.4433958611104,89.1378606237048,90.6179620557013,1358800,"TROW",-0.0107887940067234,2.85247689988659,"Financial_Serv"
"TROW","2025-03-27",89.8494491577148,90.5230892231323,89.0524775559605,89.6027716078095,1648800,"TROW",0.00275305349419733,2.86032992138294,"Financial_Serv"
"TROW","2025-03-28",86.879768371582,89.8968885076089,86.4338406952128,89.6881557877241,1956600,"TROW",-0.033051741707621,2.76579103562282,"Financial_Serv"
"TROW","2025-03-31",87.1644134521484,87.6482859973011,85.1055555339463,86.4907805807058,2326800,"TROW",0.00327631030677923,2.77485262529922,"Financial_Serv"
"TROW","2025-04-01",87.5439147949219,87.9424078388251,86.4053818544964,86.8133574852284,1368600,"TROW",0.00435385643915078,2.78693393526958,"Financial_Serv"
"TROW","2025-04-02",89.0904312133789,89.6881599253937,86.4812865716797,86.6805294756847,1517200,"TROW",0.0176656072792708,2.83616681568332,"Financial_Serv"
"TROW","2025-04-03",81.8037948608398,85.4186435536124,81.3483773754863,85.3996711427547,3286000,"TROW",-0.0817892140973812,2.60419896077951,"Financial_Serv"
"TROW","2025-04-04",78.3692092895508,81.1775966023011,78.1225245170764,80.1529199293599,4564400,"TROW",-0.0419856508751433,2.49485997240281,"Financial_Serv"
"TROW","2025-04-07",77.4773635864258,80.8645072547485,73.8625075494684,75.4849201732584,3939700,"TROW",-0.0113800523344557,2.46646833534973,"Financial_Serv"
"TROW","2025-04-08",76.1585540771484,80.3047245569201,74.9630966983164,79.8398244651521,2991600,"TROW",-0.0170218686882165,2.42448443522176,"Financial_Serv"
"TROW","2025-04-09",85.5419998168945,86.0733142480054,75.0105370672595,75.0105370672595,4855100,"TROW",0.123209347307732,2.72320358004319,"Financial_Serv"
"TROW","2025-04-10",81.5476226806641,84.0429182414196,78.9005333513165,83.8721375841763,3031900,"TROW",-0.0466949234853121,2.59604379723815,"Financial_Serv"
"TROW","2025-04-11",84.1947250366211,84.9252896022908,80.4185851448724,81.5381456996283,2952500,"TROW",0.0324608157655673,2.68031349665964,"Financial_Serv"
"TROW","2025-04-14",84.7450180053711,85.636873402754,83.4641666239615,84.8968262596558,2389000,"TROW",0.00653595541182237,2.69783190616351,"Financial_Serv"
"TROW","2025-04-15",83.0941467285156,85.760215974449,82.9518282934815,85.0011891466777,1845100,"TROW",-0.0194804522520821,2.64527692053135,"Financial_Serv"
"TROW","2025-04-16",80.9973449707031,83.3313427223973,80.4944855289751,82.2497341847492,2017300,"TROW",-0.0252340488513968,2.57852587349319,"Financial_Serv"
"TROW","2025-04-17",81.6994323730469,82.7335989212197,81.3673608776985,81.5950660118494,4903900,"TROW",0.0086680298298382,2.60087661268164,"Financial_Serv"
"TROW","2025-04-21",79.2705535888672,81.4147906818772,78.6158932236957,80.9024487315624,2005900,"TROW",-0.029729445035667,2.52355399438037,"Financial_Serv"
"TROW","2025-04-22",81.7658538818359,82.401534691642,80.077026780624,80.3806360658012,1931900,"TROW",0.0314782750970871,2.60299112123783,"Financial_Serv"
"TROW","2025-04-23",82.2212600708008,86.0068894058521,81.8037946468699,84.4034492444953,2854400,"TROW",0.00556963778086357,2.61748883892992,"Financial_Serv"
"TROW","2025-04-24",84.9347686767578,85.3712137761455,82.4015282237791,82.8664283217685,1762400,"TROW",0.0330025178843091,2.70387256114869,"Financial_Serv"
"TROW","2025-04-25",83.9101028442383,85.3901972807472,83.3123668305584,84.7165643708331,1575600,"TROW",-0.0120641505061275,2.6712526356216,"Financial_Serv"
"TROW","2025-04-28",84.1852493286133,85.1340292919134,83.3408285017488,83.9101022706222,1251200,"TROW",0.00327906265215468,2.68001184037354,"Financial_Serv"
"TROW","2025-04-29",84.3085784912109,84.8019408308014,83.2649220984734,84.0239416392753,1563900,"TROW",0.00146497353849065,2.68393798680253,"Financial_Serv"
"TROW","2025-04-30",84.0144500732422,84.2042031285083,81.8417435689545,82.9613039677006,3447500,"TROW",-0.00348871281229599,2.67457449796056,"Financial_Serv"
"TROW","2025-05-01",83.6064834594727,84.90630722859,83.5021170962947,84.3180683509863,2488600,"TROW",-0.00485591006563602,2.66158700473462,"Financial_Serv"
"TROW","2025-05-02",86.9556732177734,88.0183019989433,84.9347675390124,86.2630607540904,3660600,"TROW",0.0400589717413993,2.76820744334456,"Financial_Serv"
"TROW","2025-05-05",86.7469482421875,87.714700574113,85.6178978227608,86.5761675673046,1849900,"TROW",-0.00240036064194688,2.76156274714881,"Financial_Serv"
"TROW","2025-05-06",85.5419998168945,86.7184848737613,85.4850681002639,86.0828040738799,1974200,"TROW",-0.0138903840389738,2.72320358004319,"Financial_Serv"
"TROW","2025-05-07",86.7374496459961,86.9841344266878,85.9025260079984,86.1112587271517,1624800,"TROW",0.0139750044616734,2.76126036222434,"Financial_Serv"
"TROW","2025-05-08",87.913948059082,88.9006727744434,86.7659180224983,87.3257019215332,1603900,"TROW",0.0135639036873647,2.79871383183329,"Financial_Serv"
"TROW","2025-05-09",87.9898452758789,88.6824577829637,87.6482839352092,88.132163707594,958600,"TROW",0.000863312574085158,2.80112999667558,"Financial_Serv"
"TROW","2025-05-12",92.1170349121094,92.7337432807443,90.8741355878598,91.3200632888514,2060000,"TROW",0.0469052948472666,2.93251782507517,"Financial_Serv"
"TROW","2025-05-13",92.2119216918945,93.1132597101918,92.0506236059815,92.3067982350917,1910600,"TROW",0.00103006767288688,2.93553851688694,"Financial_Serv"
"TROW","2025-05-14",92.3352584838867,92.581943281775,91.6047011545381,92.2119197042506,1466700,"TROW",0.00133753629388931,2.93946490619539,"Financial_Serv"
"TROW","2025-05-15",92.6483612060547,92.7337479248445,91.7375333458817,92.2878202015208,1343300,"TROW",0.00339093351022143,2.94943243624793,"Financial_Serv"
"TROW","2025-05-16",93.037353515625,93.1701821208767,92.145505343023,92.8855524976014,1493500,"TROW",0.00419858812942383,2.96181588826329,"Financial_Serv"
"TROW","2025-05-19",92.9424743652344,93.2081315682796,91.5762290482978,91.8513760767706,936300,"TROW",-0.00101979631626872,2.95879543933098,"Financial_Serv"
"TROW","2025-05-20",92.1170349121094,92.9804280759215,91.7470113386516,92.5724524386968,929500,"TROW",-0.00888118654858795,2.93251782507517,"Financial_Serv"
"TROW","2025-05-21",90.2194747924805,92.259352970397,90.1720401419246,91.3295527470036,1793000,"TROW",-0.0205994485323958,2.8721095750672,"Financial_Serv"
"TROW","2025-05-22",89.6217422485352,90.266912825182,88.9860614970404,90.143574052667,1541000,"TROW",-0.00662531615618684,2.85308094109717,"Financial_Serv"
"TROW","2025-05-23",88.2554931640625,88.8057871812963,87.7621308566698,87.7716206814126,1105500,"TROW",-0.0152446164311762,2.80958681650304,"Financial_Serv"
"TROW","2025-05-27",90.665397644043,90.7602814173134,88.7109135234135,89.3465942680783,1140900,"TROW",0.0273059998146583,2.88630539359374,"Financial_Serv"
"TROW","2025-05-28",89.185302734375,90.8551572379161,89.0904262004658,90.6938591677933,901900,"TROW",-0.0163248047008948,2.83918702173618,"Financial_Serv"
"TROW","2025-05-29",89.4794311523438,90.3902589989039,88.6539972619135,90.3902589989039,1125300,"TROW",0.0032979471835709,2.84855051057815,"Financial_Serv"
"TROW","2025-05-30",88.7963027954102,89.1758161835968,87.8759924202235,88.9860631088114,2885600,"TROW",-0.00763447362299979,2.82680332684136,"Financial_Serv"
"TROW","2025-06-02",87.430061340332,88.3124268572247,86.7564285407754,88.255495146105,1687500,"TROW",-0.0153862425806849,2.78330944512669,"Financial_Serv"
"TROW","2025-06-03",88.7868194580078,89.4225002156417,87.1738893815058,87.4300639927776,1454100,"TROW",0.015518210748983,2.8265014276758,"Financial_Serv"
"TROW","2025-06-04",88.9860610961914,89.4224989492195,88.6729620151227,88.9481090343695,1300300,"TROW",0.00224404522427821,2.83284422470599,"Financial_Serv"
"TROW","2025-06-05",88.4642333984375,89.8494511454285,88.2175558430749,89.3465989705377,1235100,"TROW",-0.00586415098416173,2.8162319984577,"Financial_Serv"
"TROW","2025-06-06",89.4509658813477,90.447187650272,88.6255320188945,89.7261129150374,1296000,"TROW",0.0111540273962017,2.84764432732256,"Financial_Serv"
"TROW","2025-06-09",90.1151123046875,90.6274470478309,89.6122529095163,90.0486980054937,1078800,"TROW",0.00742469817733217,2.86878722696932,"Financial_Serv"
"TROW","2025-06-10",91.0164566040039,91.044918842984,89.7830398316806,90.21947771948,1201300,"TROW",0.0100021436611972,2.89748124894688,"Financial_Serv"
"TROW","2025-06-11",90.2289657592773,91.0828691048586,89.8494523569506,91.0164548023476,1525000,"TROW",-0.00865218087046381,2.87241171711221,"Financial_Serv"
"TROW","2025-06-12",89.7356033325195,90.0297227807482,88.5021865855841,89.4319940586207,1258600,"TROW",-0.00546789406933976,2.85670567411951,"Financial_Serv"
"TROW","2025-06-13",88.0718688964844,89.3028350727666,87.6871901321119,88.5719461541726,1197000,"TROW",-0.0185404050816944,2.80374119372216,"Financial_Serv"
"TROW","2025-06-16",89.6394348144531,90.2164493476365,88.5719546263519,88.8604655615125,1521700,"TROW",0.0177987130012104,2.85364417855889,"Financial_Serv"
"TROW","2025-06-17",88.0718688964844,89.6778948503171,87.7929769757427,89.6778948503171,1122500,"TROW",-0.017487458741942,2.80374119372216,"Financial_Serv"
"TROW","2025-06-18",88.6104202270508,89.4374770534407,87.2736671247284,87.9276188633359,1044900,"TROW",0.0061149074876496,2.82088581174108,"Financial_Serv"
"TROW","2025-06-20",89.6394348144531,89.8510085219525,88.7546787077628,89.4567107330422,2605800,"TROW",0.0116127943504347,2.85364417855889,"Financial_Serv"
"TROW","2025-06-23",90.3895492553711,90.4376368541849,88.4373130725854,89.6201990343126,1325000,"TROW",0.00836812996947883,2.87752384393172,"Financial_Serv"
"TROW","2025-06-24",91.45703125,91.8705596619765,90.8703977507511,91.158908675251,1247200,"TROW",0.0118097944222847,2.91150680897378,"Financial_Serv"
"TROW","2025-06-25",91.3127746582031,91.7455410395996,90.658822929612,91.7455410395996,1077300,"TROW",-0.00157731548712254,2.90691444419312,"Financial_Serv"
"TROW","2025-06-26",92.4956588745117,92.7457011787653,91.3704795110766,91.7936195600396,1111100,"TROW",0.0129542029659738,2.94457120390792,"Financial_Serv"
"TROW","2025-06-27",92.4187240600586,93.1303750430205,91.6589854775551,92.9380393191295,1899400,"TROW",-0.000831766759535191,2.94212200745942,"Financial_Serv"
"TROW","2025-06-30",92.8033981323242,93.2265455079617,92.0532785752484,92.8322477557291,1822000,"TROW",0.00416229585701317,2.9543679897019,"Financial_Serv"
"TROW","2025-07-01",94.8902816772461,95.9289122626572,92.1975446826824,92.1975446826824,2054200,"TROW",0.022487145804147,3.02080329344543,"Financial_Serv"
"TROW","2025-07-02",96.1308670043945,96.1693356190987,94.8999006824122,95.2845794923162,1346000,"TROW",0.0130738923440873,3.0602969504966,"Financial_Serv"
"TROW","2025-07-03",96.3135833740234,96.8905978740843,95.8038871100174,96.5828563182427,924200,"TROW",0.00190070448049276,3.06611367062205,"Financial_Serv"
"TROW","2025-07-07",95.1114730834961,96.6213313384153,94.4479023289882,95.9769985595633,1346700,"TROW",-0.0124812123940927,3.02784485467458,"Financial_Serv"
"TROW","2025-07-08",95.9192886352539,96.7367264809024,95.0633821767688,95.4095923551603,1052900,"TROW",0.00849335548665775,3.05356141738378,"Financial_Serv"
"TROW","2025-07-09",97.5637817382812,97.9965481228497,96.1500987593426,96.2847352335273,1756600,"TROW",0.017144550657384,3.10591335578955,"Financial_Serv"
"TROW","2025-07-10",99.0159378051758,100.294991610105,97.8907584446611,98.0830941630417,1763800,"TROW",0.01488417157496,3.15214230307408,"Financial_Serv"
"TROW","2025-07-11",97.5830154418945,98.5639393304686,96.9098257632983,98.1600299255932,1540000,"TROW",-0.0144716335071297,3.10652565490167,"Financial_Serv"
"TROW","2025-07-14",98.3427658081055,98.6985876582873,96.3328228548585,97.150260749749,1712400,"TROW",0.00778568240354622,3.13071207702921,"Financial_Serv"
"TROW","2025-07-15",96.7751922607422,98.8043656713588,96.7367236490317,98.3812256168189,1578700,"TROW",-0.0159398968951317,3.08080884931302,"Financial_Serv"
"TROW","2025-07-16",99.1024932861328,99.1986611446164,96.4866864474118,96.8905958553251,1995800,"TROW",0.0240485290808843,3.15489777051837,"Financial_Serv"
"TROW","2025-07-17",102.333786010742,102.74730707977,98.4004566585482,99.0928769979072,2356000,"TROW",0.0326055643754578,3.25776499287299,"Financial_Serv"
"TROW","2025-07-18",101.718292236328,103.228150351461,101.564425131016,102.583817632263,4819400,"TROW",-0.0060145705383113,3.23817093552612,"Financial_Serv"
"TROW","2025-07-21",100.68928527832,102.410717160702,100.621967041004,101.93948949949,1233600,"TROW",-0.0101162429626429,3.20541281158777,"Financial_Serv"
"TROW","2025-07-22",102.362640380859,102.583825737936,100.920100386032,100.920100386032,1279700,"TROW",0.0166189987138518,3.25868356298091,"Financial_Serv"
"TROW","2025-07-23",103.237777709961,103.564757258112,102.5645953125,102.910805498948,1169000,"TROW",0.00854938213634828,3.28654329402227,"Financial_Serv"
"TROW","2025-07-24",103.439727783203,103.785937954101,102.622289955247,103.237773073036,1174700,"TROW",0.00195616447507764,3.29297231325984,"Financial_Serv"
"TROW","2025-07-25",102.833862304688,103.670538096246,101.708682932587,103.516663650248,1380300,"TROW",-0.00585718361310312,3.27368476978821,"Financial_Serv"
"TROW","2025-07-28",101.939491271973,102.968502824346,101.179752673546,102.968502824346,1310100,"TROW",-0.00869724245176071,3.24521273963473,"Financial_Serv"
"TROW","2025-07-29",100.900856018066,102.526119990488,100.468096981891,102.526119990488,1348000,"TROW",-0.0101887427624608,3.21214810182113,"Financial_Serv"
"TROW","2025-07-30",99.9199295043945,101.37208835702,99.4967821292126,101.131665046055,1519800,"TROW",-0.00972168673669368,3.18092060422336,"Financial_Serv"
"TROW","2025-07-31",97.5637817382812,99.900696736111,97.3810650016807,99.3910004642495,3974100,"TROW",-0.0235803585711062,3.10591335578955,"Financial_Serv"
"TROW","2025-08-01",99.1120986938477,99.1794169242601,95.784641107349,97.9580697904521,3037800,"TROW",0.0158697923346168,3.15520355575524,"Financial_Serv"
"TROW","2025-08-04",101.881790161133,102.035657273234,98.8236051853165,99.3333014584296,1916400,"TROW",0.027945039039488,3.24337584229835,"Financial_Serv"
"TROW","2025-08-05",101.602890014648,102.68960071032,100.948938332501,102.093355610543,1410100,"TROW",-0.00273748769081576,3.23449714085337,"Financial_Serv"
"TROW","2025-08-06",101.381698608398,101.939482443056,100.852771733854,101.929863456352,1332100,"TROW",-0.00217701884481938,3.22745557962422,"Financial_Serv"
"TROW","2025-08-07",100.073791503906,102.295307773167,99.7948995969553,102.266450814128,1192000,"TROW",-0.0129008205864075,3.18581875424089,"Financial_Serv"
"TROW","2025-08-08",101.035491943359,101.362471468351,99.8910819487314,100.391159217549,1209700,"TROW",0.00960991309513427,3.21643419560599,"Financial_Serv"
"TROW","2025-08-11",101.237442016602,102.016418513867,100.795064015965,101.170123784703,1123700,"TROW",0.00199880328543757,3.22286321484356,"Financial_Serv"
"TROW","2025-08-12",103.516662597656,103.593599819873,101.631744676163,101.843318368691,1153500,"TROW",0.0225136129050053,3.29542150970833,"Financial_Serv"
"TROW","2025-08-13",105.738174438477,105.940136486321,103.38202880976,103.805176205796,1344800,"TROW",0.0214604275782613,3.36614266435727,"Financial_Serv"
"TROW","2025-08-14",104.882270812988,105.122694142259,104.305256290167,104.882270812988,948100,"TROW",-0.00809455648382019,3.33889523242804,"Financial_Serv"
"TROW","2025-08-15",102.939651489258,105.247716871681,102.795396027143,105.247716871681,1205900,"TROW",-0.0185219037371367,3.27705253634462,"Financial_Serv"
"TROW","2025-08-18",102.554969787598,103.045435409992,102.112591763588,102.776162468171,920200,"TROW",-0.00373696331874894,3.26480631122269,"Financial_Serv"
"TROW","2025-08-19",102.227996826172,103.32432655939,101.891398314299,102.583818637834,897200,"TROW",-0.00318827027205973,3.25439722631658,"Financial_Serv"
"TROW","2025-08-20",101.708686828613,102.526124677166,101.064346732734,102.112596259126,1232900,"TROW",-0.00507991952969231,3.23786515028924,"Financial_Serv"
"TROW","2025-08-21",100.52579498291,101.708680917392,100.073797978166,101.708680917392,985100,"TROW",-0.0116301948494959,3.20020814769499,"Financial_Serv"
"TROW","2025-08-22",104.14176940918,104.71878392769,100.977797539163,101.122053003075,1333300,"TROW",0.035970612586394,3.31532159517154,"Financial_Serv"
"TROW","2025-08-25",103.343559265137,104.266783935953,103.035817708198,103.737857032819,1030300,"TROW",-0.0076646493387946,3.28991081769922,"Financial_Serv"
"TROW","2025-08-26",104.401428222656,104.766876393156,102.756933466823,102.987737817518,1531000,"TROW",0.0102364285209635,3.32358775462494,"Financial_Serv"
"TROW","2025-08-27",105.180397033691,105.536218852737,104.199465775949,104.343721235868,933600,"TROW",0.00746128500631097,3.34838599010568,"Financial_Serv"
"TROW","2025-08-28",104.132148742676,105.526608421825,103.660921082823,105.44967119736,976300,"TROW",-0.00996619446758553,3.31501532417575,"Financial_Serv"
"TROW","2025-08-29",103.497436523438,104.593766308382,103.103138745045,104.016751790591,1171800,"TROW",-0.00609525710265269,3.29480945347567,"Financial_Serv"
"TROW","2025-09-02",101.554809570312,102.362635746151,100.602735271232,101.891400753105,1348700,"TROW",-0.0187698074307868,3.23296651451279,"Financial_Serv"
"TROW","2025-09-03",101.333625793457,102.083745394485,100.545037579922,101.208600968527,994500,"TROW",-0.00217797441392798,3.2259251961631,"Financial_Serv"
"TROW","2025-09-04",107.248023986816,113.69137292229,106.276719123507,110.863992525513,5280300,"TROW",0.0583656031948801,3.41420826609872,"Financial_Serv"
"TROW","2025-09-05",104.016746520996,107.719264104482,103.60321812572,107.498071426347,2070600,"TROW",-0.0301290163277742,3.31134152950301,"Financial_Serv"
"TROW","2025-09-08",104.026359558105,104.988052830908,103.458964048978,104.016747908116,1587100,"TROW",9.24181675633796e-05,3.31164755761934,"Financial_Serv"
"TROW","2025-09-09",103.045433044434,104.863032697132,102.766541121912,103.545510305314,1345000,"TROW",-0.00942959570861426,3.28042006002157,"Financial_Serv"
"TROW","2025-09-10",102.554969787598,103.641680541983,102.208759623218,102.660756634332,1396900,"TROW",-0.00475967970967183,3.26480631122269,"Financial_Serv"
"TROW","2025-09-11",101.64136505127,102.99734875996,100.593115561375,102.554970731877,2353700,"TROW",-0.00890843942736562,3.23572198195708,"Financial_Serv"
"TROW","2025-09-12",101.583656311035,102.026034329737,100.977792199209,101.343232996275,1123000,"TROW",-0.000567768252672185,3.23388484174125,"Financial_Serv"
"TROW","2025-09-15",101.398712158203,102.13849558151,100.697865486273,101.856209703848,1232200,"TROW",-0.00182060933370775,3.22799720081424,"Financial_Serv"
"TROW","2025-09-16",100.931488037109,101.846475720489,100.53239189724,101.447387007046,1137900,"TROW",-0.00460779147140235,3.21312326284262,"Financial_Serv"
"TROW","2025-09-17",102.070358276367,103.569389787705,100.98015151546,101.126162476735,1565500,"TROW",0.0112835970360319,3.24937885096763,"Financial_Serv"
"TROW","2025-09-18",102.975616455078,103.793265949035,102.342907245844,102.683594534993,1771800,"TROW",0.00886896248820688,3.27819747010684,"Financial_Serv"
"TROW","2025-09-19",103.170295715332,103.423380891501,101.778338386041,103.150831052439,2405300,"TROW",0.00189053745882485,3.2843950252215,"Financial_Serv"
"TROW","2025-09-22",102.488922119141,103.092430644695,102.109298064391,102.810144758214,1174600,"TROW",-0.00660435827451203,3.26270370375991,"Financial_Serv"
"TROW","2025-09-23",101.875679016113,103.501249353051,101.311107276177,102.488916124125,1130300,"TROW",-0.00598350622045244,3.24318129585297,"Financial_Serv"
"TROW","2025-09-24",100.697860717773,102.547315475247,100.357173442392,101.865940924484,1353800,"TROW",-0.0115613295510261,3.20568580809789,"Financial_Serv"
"TROW","2025-09-25",100.464248657227,101.028820391493,99.95808576106,100.279300951692,1160200,"TROW",-0.00231993072029227,3.19824883911208,"Financial_Serv"
"TROW","2025-09-26",100.717338562012,101.554460158749,99.9970272205489,100.727074606558,1139300,"TROW",0.00251920367860086,3.20630587935265,"Financial_Serv"
"TROW","2025-09-29",100.765998840332,101.145630294186,100.123561034847,101.116422162024,1365300,"TROW",0.000483137054801665,3.207854964532,"Financial_Serv"
"TROW","2025-09-30",99.9094161987305,101.019087614981,98.5563956573997,100.74653778312,1458100,"TROW",-0.00850071106781618,3.18058591633105,"Financial_Serv"
"TROW","2025-10-01",98.3811874389648,100.094367418982,98.3519867311598,99.5589963544681,1503300,"TROW",-0.015296143425819,3.13193521797671,"Financial_Serv"
"TROW","2025-10-02",99.0041656494141,99.5298006958494,97.9918323110675,98.4103931391682,1796700,"TROW",0.00633229001058471,3.1517675400713,"Financial_Serv"
"TROW","2025-10-03",100.532386779785,100.551858868089,98.9944185664838,99.43245143622,1100800,"TROW",0.0154359275728126,3.20041799554619,"Financial_Serv"
"TROW","2025-10-06",102.878280639648,103.024284176599,100.707603131062,101.593397529501,1551500,"TROW",0.0233347076997379,3.27509881398924,"Financial_Serv"
"TROW","2025-10-07",102.965881347656,104.250764440156,102.576521259475,103.238431181455,1473100,"TROW",0.000851498561826197,3.27788755591919,"Financial_Serv"
"TROW","2025-10-08",103.004821777344,104.786139231545,102.819874057907,103.316308373727,1184900,"TROW",0.000378187698467036,3.27912721266979,"Financial_Serv"
"TROW","2025-10-09",103.189765930176,103.997679388027,102.518119962954,103.374706216794,1332800,"TROW",0.0017954902463868,3.2850148535968,"Financial_Serv"
"TROW","2025-10-10",98.7316131591797,106.285172527449,98.5466654367329,103.949019303338,2081200,"TROW",-0.043203439127992,3.14309091433488,"Financial_Serv"
"TROW","2025-10-13",102.557052612305,103.433110920069,101.077485819986,101.76860384853,1622100,"TROW",0.0387458416885932,3.26487261731456,"Financial_Serv"
"TROW","2025-10-14",103.306571960449,104.348105959617,101.47658914153,101.700473613019,1195100,"TROW",0.00730831599634528,3.28873333808971,"Financial_Serv"
"TROW","2025-10-15",102.897743225098,104.581722439382,101.622596185299,104.075552100086,960600,"TROW",-0.00395743201611686,3.27571839948508,"Financial_Serv"
"TROW","2025-10-16",100.40584564209,103.491510616675,100.07488698623,103.33577104589,1136400,"TROW",-0.0242172228943503,3.19638959686563,"Financial_Serv"
"TROW","2025-10-17",100.941215515137,101.301374898773,98.8484189515112,100.289041633203,4353700,"TROW",0.00533205880218641,3.21343293415081,"Financial_Serv"
"TROW","2025-10-20",101.466850280762,102.128760205648,101.135899031532,101.204036490281,1130700,"TROW",0.00520733540746969,3.23016635724834,"Financial_Serv"
"TROW","2025-10-21",101.476585388184,102.206632765077,101.184563466856,101.242972306977,981500,"TROW",9.59437234420668e-05,3.230476271436,"Financial_Serv"
"TROW","2025-10-22",100.026222229004,101.106692892854,99.1112271808795,100.970417982677,1345700,"TROW",-0.0142925893065039,3.18430440082395,"Financial_Serv"
"TROW","2025-10-23",99.7634048461914,100.60052642729,99.1793684335806,100.104092134679,1038000,"TROW",-0.00262748484303242,3.17593768927519,"Financial_Serv"
"TROW","2025-10-24",100.795211791992,101.583660590286,100.405851701892,100.921750665044,1054000,"TROW",0.0103425394050208,3.20878494997441,"Financial_Serv"
"TROW","2025-10-27",102.119033813477,103.180032469469,101.719937670372,102.235836644492,1272200,"TROW",0.0131337788566416,3.25092842190589,"Financial_Serv"
"TROW","2025-10-28",102.167694091797,102.537582082284,100.970420575014,102.060619884419,1161500,"TROW",0.000476505471146466,3.25247750708524,"Financial_Serv"
"TROW","2025-10-29",100.756271362305,102.196893988732,100.561587611148,101.973016957934,1873900,"TROW",-0.0138147654406689,3.2075452932238,"Financial_Serv"
"TROW","2025-10-30",99.4129867553711,101.174839556896,99.2864478776679,100.542130315527,2113200,"TROW",-0.0133320198214098,3.16478223579647,"Financial_Serv"
"TROW","2025-10-31",99.8023376464844,101.398707243426,96.3662493381111,100.123560259954,3530500,"TROW",0.00391649928063594,3.17717710314634,"Financial_Serv"
"TROW","2025-11-03",99.0041656494141,99.4811278960876,97.417531891297,99.4811278960876,1739400,"TROW",-0.00799752807291512,3.1517675400713,"Financial_Serv"
"TROW","2025-11-04",98.5758666992188,99.8218205384593,97.6511429346407,98.3325175583902,1784900,"TROW",-0.00432606999297355,3.13813277309137,"Financial_Serv"
"TROW","2025-11-05",99.6563339233398,100.006757267746,98.1183730522545,98.7900116070105,1615800,"TROW",0.010960768191041,3.17252911896993,"Financial_Serv"
"TROW","2025-11-06",99.4324569702148,100.386381410293,98.5758632713722,99.4227209255209,1440500,"TROW",-0.0022464899551414,3.16540206417178,"Financial_Serv"
"TROW","2025-11-07",99.9288864135742,100.016488532276,98.0696955681439,99.013891343976,1842900,"TROW",0.00499262975577563,3.18120574470635,"Financial_Serv"
"TROW","2025-11-10",100.259834289551,100.989881626611,98.7997396154311,100.590785517667,1661700,"TROW",0.00331183392364519,3.19174136980977,"Financial_Serv"
"TROW","2025-11-11",100.912010192871,101.301370265887,100.454512664059,100.551858252132,1185500,"TROW",0.00650485718375343,3.21250319158786,"Financial_Serv"
"TROW","2025-11-12",101.982749938965,102.46944819804,101.135899721087,101.135899721087,1431300,"TROW",0.0106106274570021,3.24658986615822,"Financial_Serv"
"TROW","2025-11-13",100.96068572998,102.449981180288,100.853611521331,101.729669852814,1215000,"TROW",-0.0100219322345795,3.21405276252611,"Financial_Serv"
"TROW","2025-11-14",99.0139007568359,100.493460282605,98.8581537402147,99.8120856509533,1544500,"TROW",-0.0192826045016296,3.15207745425895,"Financial_Serv"
"TROW","2025-11-17",94.8282852172852,98.9652203409601,94.0106357222315,98.9652203409601,2173300,"TROW",-0.0422730092194838,3.01882965497454,"Financial_Serv"
"TROW","2025-11-18",94.8866958618164,95.8698209981722,93.3779282880351,93.9717007582516,1586200,"TROW",0.000615962256381738,3.02068914010045,"Financial_Serv"
"TROW","2025-11-19",94.8185577392578,95.5486051228009,94.3221234390492,95.0326987335659,1892200,"TROW",-0.000718099855198071,3.01851998366634,"Financial_Serv"
"TROW","2025-11-20",94.7212142944336,97.0671035047542,94.2053153199285,96.1229076790709,1747800,"TROW",-0.00102662861727874,3.01542108466928,"Financial_Serv"
"TROW","2025-11-21",97.6414031982422,98.205974965963,95.0619083441189,95.1397744221562,2143600,"TROW",0.0308293018154456,3.10838441138921,"Financial_Serv"
"TROW","2025-11-24",97.7776794433594,98.196240252492,96.755617532519,97.9528911175643,2128900,"TROW",0.00139568093711747,3.11272272425742,"Financial_Serv"
"TROW","2025-11-25",98.4395904541016,98.7510770531271,96.9600309653366,97.5927402082897,1691000,"TROW",0.00676955123613482,3.13379446022316,"Financial_Serv"
"TROW","2025-11-26",99.3740539550781,99.6271391469777,98.4395941231719,98.4395941231719,1401000,"TROW",0.00949276095792237,3.16354282192532,"Financial_Serv"
"TROW","2025-11-28",99.6563339233398,100.366916656837,99.305910578934,99.3740480388781,936700,"TROW",0.00284058018191874,3.17252911896993,"Financial_Serv"
"TROW","2025-12-01",98.8873519897461,100.09436905926,98.6537388970511,98.7510770668052,1945200,"TROW",-0.00771633777121769,3.14804881269894,"Financial_Serv"
"TROW","2025-12-02",99.7439422607422,100.48372569288,98.8970846176466,99.5005931315519,1724800,"TROW",0.0086622834342345,3.17531810377934,"Financial_Serv"
"TROW","2025-12-03",102.255302429199,102.391577341265,99.8996773211473,99.8996773211473,1953900,"TROW",0.0251780720867443,3.25526649189464,"Financial_Serv"
"TROW","2025-12-04",102.975616455078,103.530452162099,102.002219956695,102.440245410397,1440400,"TROW",0.00704427065166274,3.27819747010684,"Financial_Serv"
"TROW","2025-12-05",103.744606018066,104.25076895613,102.44025078012,102.839346930061,1528800,"TROW",0.00746768593828951,3.30267801925729,"Financial_Serv"
"TROW","2025-12-08",101.739395141602,104.046347434612,101.632328362882,103.900336479739,1636800,"TROW",-0.0193283386330047,3.2388427401053,"Financial_Serv"
"TROW","2025-12-09",102.566795349121,103.034021526132,101.719937691952,101.719937691952,1410800,"TROW",0.00813254498287463,3.26518277438167,"Financial_Serv"
"TROW","2025-12-10",100.80493927002,102.109294443139,98.4687936086927,101.155362604504,3539900,"TROW",-0.017177645778095,3.2090946212826,"Financial_Serv"
"TROW","2025-12-11",102.167694091797,102.907477499198,100.152763666534,100.152763666534,1990100,"TROW",0.0135187306459957,3.25247750708523,"Financial_Serv"
"TROW","2025-12-12",102.10929107666,102.917211928219,101.593392136352,102.323439488054,1707100,"TROW",-0.000571638771491153,3.25061826483878,"Financial_Serv"
"TROW","2025-12-15",102.09944152832,103.863175257005,101.606778727596,102.454159346237,2521000,"TROW",-9.64608434353838e-05,3.25030470745927,"Financial_Serv"
"TROW","2025-12-16",102.395034790039,102.946822239202,101.616626662105,102.720194042993,3712900,"TROW",0.00289515062270697,3.25971482915706,"Financial_Serv"
"TROW","2025-12-17",102.375335693359,104.503635170722,102.247238548756,102.749756730991,2089100,"TROW",-0.000192383319367785,3.25908771439803,"Financial_Serv"
"TROW","2025-12-18",101.803840637207,103.86317504918,101.685598858992,102.996083710481,1280400,"TROW",-0.00558235098602381,3.24089434288202,"Financial_Serv"
"TROW","2025-12-19",101.764427185059,102.266945348014,101.074702269188,101.803841111314,2644100,"TROW",-0.000387150935581037,3.23963962760506,"Financial_Serv"
"TROW","2025-12-22",103.262130737305,103.291689303903,101.488541567022,101.587072628163,2086900,"TROW",0.0147173584490631,3.28731856525031,"Financial_Serv"
"TROW","2025-12-23",102.503425598145,103.656254798065,102.444308465053,103.281833759419,1633700,"TROW",-0.00734737055823762,3.26316541760844,"Financial_Serv"
"TROW","2025-12-24",103.143890380859,103.301538577378,102.099447586927,102.769469336368,534600,"TROW",0.00624822808581762,3.28355441941941,"Financial_Serv"
"TROW","2025-12-26",103.212860107422,103.873026477671,102.72019729068,103.242418673636,760200,"TROW",0.000668674860991077,3.28575004971437,"Financial_Serv"
"TROW","2025-12-29",102.996086120605,103.400073234214,102.641368295098,103.035500047599,1145800,"TROW",-0.00210026140725867,3.27884911569106,"Financial_Serv"
"TROW","2025-12-30",102.119148254395,102.966528902258,102.069878965648,102.818728553456,1703000,"TROW",-0.00851428339892516,3.25093206509775,"Financial_Serv"
"TROW","2025-12-31",100.877632141113,102.335917335621,100.818515010741,102.286648048685,1155100,"TROW",-0.0121575251508017,3.21140877675278,"Financial_Serv"
"TROW","2026-01-02",103.094619750977,103.114330473684,100.227326026951,100.966320262284,1323700,"TROW",0.0219769988926984,3.28198590388347,"Financial_Serv"
"TROW","2026-01-05",104.927322387695,106.622083644267,102.473863717045,102.73005048122,2652400,"TROW",0.0177768989414347,3.34032943562402,"Financial_Serv"
"TROW","2026-01-06",107.410346984863,107.715795518764,104.966736161345,105.06526721898,1667000,"TROW",0.023664232924895,3.41937576943451,"Financial_Serv"
"TROW","2026-01-07",104.444519042969,107.508882420058,102.818730214756,107.144309222782,2147100,"TROW",-0.0276121251364404,3.32495953780038,"Financial_Serv"
"TROW","2026-01-08",106.976806640625,107.341379841222,103.882884668604,104.277016436221,1529300,"TROW",0.0242452894690861,3.40557414426735,"Financial_Serv"
"TROW","2026-01-09",105.735290527344,107.853742126869,105.705731961352,107.203431122734,2065100,"TROW",-0.0116054699356653,3.36605085592237,"Financial_Serv"
"TROW","2026-01-12",105.272186279297,106.385609047899,104.592316709177,106.385609047899,1499500,"TROW",-0.00437984561008147,3.35130807285775,"Financial_Serv"
"TROW","2026-01-13",101.991058349609,105.291897715795,101.074705210465,105.20321449978,2539300,"TROW",-0.0311680420598691,3.24685436188734,"Financial_Serv"
"TROW","2026-01-14",104.523345947266,104.592318441534,101.577216864011,101.60678294793,2277500,"TROW",0.0248285255456019,3.32746896835431,"Financial_Serv"
"TROW","2026-01-15",105.745147705078,106.533411226446,105.065270605834,105.390429872206,1236400,"TROW",0.0116892713942484,3.36636465618134,"Financial_Serv"
"TROW","2026-01-16",104.927322387695,106.139276198945,104.444514942373,105.87323407376,1892800,"TROW",-0.00773392760927165,3.34032943562403,"Financial_Serv"
"TROW","2026-01-20",102.158561706543,103.636550152808,101.853113166562,103.636550152808,2214900,"TROW",-0.0263874138608252,3.25218678037472,"Financial_Serv"
"TROW","2026-01-21",104.572608947754,105.153954992654,102.631523724115,103.252276179827,1357600,"TROW",0.0236303957385916,3.32903724101079,"Financial_Serv"
"TROW","2026-01-22",105.528373718262,106.582671844149,104.858351987585,104.956883047329,1223900,"TROW",0.00913972387344116,3.35946372215803,"Financial_Serv"
"TROW","2026-01-23",104.079940795898,105.557929201212,104.050382230582,105.291894595928,972300,"TROW",-0.0137255305973945,3.31335330004871,"Financial_Serv"
"TROW","2026-01-26",104.533195495605,104.710554414822,103.528166631669,104.168629813143,1087000,"TROW",0.0043548708448621,3.32778252573382,"Financial_Serv"
"TROW","2026-01-27",103.764640808105,105.124395003321,102.6906394682,104.700704677157,1106900,"TROW",-0.00735225479194606,3.30331582071244,"Financial_Serv"
"TROW","2026-01-28",103.705520629883,104.483928765207,103.0650574788,103.853320975123,1135000,"TROW",-0.000569752641769258,3.30143374779699,"Financial_Serv"
"TROW","2026-01-29",103.281829833984,105.282039613577,102.601952759515,104.375541859244,2268800,"TROW",-0.00408551823784346,3.28794568000934,"Financial_Serv"
"TROW","2026-01-30",104.129211425781,104.621874233905,102.119146266543,103.045354751396,2630600,"TROW",0.00820455634024842,3.31492181558465,"Financial_Serv"
"TROW","2026-02-02",105.084983825684,105.380577015142,103.163594265729,103.705526389228,2001500,"TROW",0.00917871543263896,3.34534853961135,"Financial_Serv"
"TROW","2026-02-03",101.153533935547,105.636761092614,99.4193587021251,104.927325428149,3898700,"TROW",-0.0374120996836071,3.220192026571,"Financial_Serv"
"TROW","2026-02-04",95.5962905883789,97.5472386694405,91.6352848106865,96.4141126763583,5509500,"TROW",-0.0549386969585159,3.04327887267499,"Financial_Serv"
"TROW","2026-02-05",90.6696624755859,95.1331939586556,90.3543585701256,94.7686207640079,3357000,"TROW",-0.0515357665289146,2.88644116321043,"Financial_Serv"
"TROW","2026-02-06",93.1921005249023,93.8227083310063,91.4086560105863,92.3939816473035,3272800,"TROW",0.0278200886652204,2.96674221229789,"Financial_Serv"
"TROW","2026-02-09",94.4040451049805,95.2218671725386,92.6206081410364,92.9556152429636,2587900,"TROW",0.0130047994760487,3.00532409986595,"Financial_Serv"
"TROW","2026-02-10",95.2218704223633,96.2367546412875,94.344931193345,94.5419933167997,2301400,"TROW",0.00866303256892608,3.03135932042327,"Financial_Serv"
"TROW","2026-02-11",92.413688659668,94.8967058568369,92.2954468817313,94.778471596338,2333000,"TROW",-0.0294909326002464,2.94196170701753,"Financial_Serv"
"TROW","2026-02-12",91.7929382324219,93.7438787473843,91.3101232667775,92.6403113483314,3388700,"TROW",-0.00671708311018871,2.9222003057245,"Financial_Serv"
"TROW","2026-02-13",92.3841323852539,92.6797255612685,90.827316098955,91.7929385157869,2668500,"TROW",0.00644051889193386,2.94102079199954,"Financial_Serv"
"TROW","2026-02-17",92.4333953857422,93.1625417679765,91.388952618539,92.7486992881491,2237000,"TROW",0.000533240928029157,2.94258906465602,"Financial_Serv"
"TROW","2026-02-18",93.5369644165039,94.2365447271178,92.3348659186408,92.8866458780121,1684000,"TROW",0.011939072736172,2.97772084953161,"Financial_Serv"
"TROW","2026-02-19",92.9753265380859,93.0935683193149,91.7141109413957,92.6895812048611,1187100,"TROW",-0.00600444842230599,2.95984127827457,"Financial_Serv"
"TROW","2026-02-20",93.980354309082,94.3547828533712,91.8323441709607,92.7585526532282,1329000,"TROW",0.0108096180827545,2.99183603207829,"Financial_Serv"
"TROW","2026-02-23",91.6944046020508,93.6749113070339,90.8470239230008,93.4482830948719,2376700,"TROW",-0.0243236974773816,2.91906351753209,"Financial_Serv"
"TROW","2026-02-24",93.4088745117188,93.6059366345003,91.044091451149,91.5761682035851,2059000,"TROW",0.0186976502776662,2.9736431463212,"Financial_Serv"
"TROW","2026-02-25",93.8719711303711,94.3350753874897,93.0048872668422,93.5074054519537,1360200,"TROW",0.00495773684324015,2.98838568650636,"Financial_Serv"
"TROW","2026-02-26",95.0445098876953,95.4780555728474,93.8522667709651,94.5912609975081,1590300,"TROW",0.012490829192196,3.02571310167692,"Financial_Serv"
"TROW","2026-02-27",93.2413635253906,93.98035776267,92.0688311140985,93.7143231449222,3103400,"TROW",-0.0189715993531377,2.96831048495436,"Financial_Serv"
"TROW","2026-03-02",93.5271072387695,94.4040464503563,91.6352838284322,91.9702909351336,1494100,"TROW",0.00306455957501195,2.97740704927264,"Financial_Serv"
"TROW","2026-03-03",92.0491180419922,92.9260572464535,90.9751167195945,91.6648416498097,2262800,"TROW",-0.0158027895913013,2.93035571214533,"Financial_Serv"
"TROW","2026-03-04",90.6401062011719,92.6797300356361,90.5809890666025,92.6403161067771,2529800,"TROW",-0.0153071737219419,2.88550024819243,"Financial_Serv"
"TROW","2026-03-05",90.6893692016602,91.684550163372,89.8912578705752,90.2558235317188,1931400,"TROW",0.000543501133802117,2.88706852084891,"Financial_Serv"
"TROW","2026-03-06",89.0734405517578,89.506978727303,87.5954520719746,89.339475170446,2087300,"TROW",-0.0178182808429189,2.83562592313168,"Financial_Serv"
"TROW","2026-03-09",89.2212371826172,89.7631617588094,85.6642111215417,87.3688202207092,2450900,"TROW",0.0016592671164812,2.84033098398057,"Financial_Serv"
"TROW","2026-03-10",87.8319244384766,89.5759549812076,87.7235380197786,89.3394714218095,2419400,"TROW",-0.0155715476271304,2.7961026347867,"Financial_Serv"
"TROW","2026-03-11",88.0191421508789,88.5807774708868,86.4032086856829,87.8713417998372,2369400,"TROW",0.00213154514829609,2.80206265379202,"Financial_Serv"
"TROW","2026-03-12",86.6199798583984,87.9797265233532,86.4229102216701,86.797331255297,2527400,"TROW",-0.0158961137121977,2.75752074721864,"Financial_Serv"
"TROW","2026-03-13",87.2899932861328,88.6004781682013,87.2308761543648,87.7038357608225,2332700,"TROW",0.00773509101283187,2.77885042116815,"Financial_Serv"
"TROW","2026-03-16",87.379997253418,88.6399993896484,87.1399993896484,88.2699966430664,2311400,"TROW",0.00103109146761104,2.78171567012718,"Financial_Serv"
"TROW","2026-03-17",88.3899993896484,89.5999984741211,87.9100036621094,88.3600006103516,2496000,"TROW",0.0115587338976594,2.81386878133713,"Financial_Serv"
"TROW","2026-03-18",87.5100021362305,88.879997253418,87.4300003051758,87.4499969482422,2479500,"TROW",-0.00995584635699214,2.7858543360814,"Financial_Serv"
"TROW","2026-03-19",87.0899963378906,88.0500030517578,86.3300018310547,87,2483400,"TROW",-0.0047995176332644,2.77248357907167,"Financial_Serv"
"TROW","2026-03-20",86.1900024414062,87.4599990844727,85.2200012207031,86.9499969482422,9438300,"TROW",-0.0103340674512442,2.74383254675808,"Financial_Serv"
"TROW","2026-03-23",87.9800033569336,88.7799987792969,86.7300033569336,87.5999984741211,2212700,"TROW",0.0207680805757515,2.80081668217552,"Financial_Serv"
"TROW","2026-03-24",88.8000030517578,89.1100006103516,86.6900024414062,87.120002746582,2563100,"TROW",0.00932029624388046,2.8269211233782,"Financial_Serv"
"TROW","2026-03-25",89.5800018310547,90.5699996948242,88.4300003051758,89.9400024414062,2626500,"TROW",0.0087837697352583,2.85175214758569,"Financial_Serv"
"TROW","2026-03-26",90.2300033569336,90.879997253418,89.0199966430664,89.3899993896484,3010400,"TROW",0.00725610083269244,2.87244474871842,"Financial_Serv"
"TROW","2026-03-27",90.0800018310547,90.1999969482422,88.4400024414062,89.6100006103516,603172,"TROW",-0.00166243511357888,2.86766949570634,"Financial_Serv"
