"Ticker","Date","Close","High","Low","Open","Volume","Symbol","Daily_Return","Cumulative_Return","Sector"
"NVDA","2010-01-04",0.423783749341965,0.42676330242983,0.415074296978327,0.424242135819564,800204000,"NVDA",NA,1,"Technology"
"NVDA","2010-01-05",0.429971933364868,0.434555851409659,0.42217925629534,0.42217925629534,728648000,"NVDA",0.0146022211387582,1.01460222113876,"Technology"
"NVDA","2010-01-06",0.432722419500351,0.433639192478631,0.425617333290579,0.429742866337469,649168000,"NVDA",0.00639689691826644,1.02109252696043,"Technology"
"NVDA","2010-01-07",0.424242079257965,0.432263964496853,0.421033347020259,0.430430391508602,547792000,"NVDA",-0.019597644726099,1.00108151838458,"Technology"
"NVDA","2010-01-08",0.425158888101578,0.428138440853086,0.418283009746857,0.420804148750201,478168000,"NVDA",0.00216105117440553,1.00324490677556,"Technology"
"NVDA","2010-01-11",0.419199913740158,0.429284554875326,0.413240806372908,0.427450981275994,556612000,"NVDA",-0.0140158762481192,0.98918355031564,"Technology"
"NVDA","2010-01-12",0.404989659786224,0.41461591247317,0.396280207381153,0.413011546132784,627432000,"NVDA",-0.033898513544881,0.955651698336892,"Technology"
"NVDA","2010-01-13",0.4104905128479,0.411865700056249,0.39192562214682,0.407740165753528,508868000,"NVDA",0.0135827000239455,0.968632028682776,"Technology"
"NVDA","2010-01-14",0.404072821140289,0.408427532973762,0.397196943094399,0.405448007678392,608524000,"NVDA",-0.0156342022695882,0.953488239621548,"Technology"
"NVDA","2010-01-15",0.392154663801193,0.404531262354043,0.386883151120664,0.401093322865304,818192000,"NVDA",-0.0294950729560656,0.92536503443116,"Technology"
"NVDA","2010-01-19",0.399488985538483,0.402010124952997,0.388029159089328,0.389175139002012,545328000,"NVDA",0.018702625301449,0.942671789937188,"Technology"
"NVDA","2010-01-20",0.397884607315063,0.399489001113224,0.38917515417465,0.394446667442978,719728000,"NVDA",-0.00401607624114242,0.938885948158426,"Technology"
"NVDA","2010-01-21",0.39077952504158,0.404760490629908,0.387112378464286,0.397655404382269,608632000,"NVDA",-0.0178571428571429,0.922120127655597,"Technology"
"NVDA","2010-01-22",0.377256989479065,0.393300709792066,0.374965029434351,0.386195622724524,1067916000,"NVDA",-0.0346040022467309,0.890211080686447,"Technology"
"NVDA","2010-01-25",0.383674412965775,0.391008678304319,0.38069485998759,0.383445206074255,643676000,"NVDA",0.0170107477546568,0.905354236828405,"Technology"
"NVDA","2010-01-26",0.371527075767517,0.38436206247702,0.371297868842508,0.381840895591194,714636000,"NVDA",-0.0316605350467847,0.876690237283544,"Technology"
"NVDA","2010-01-27",0.381611734628677,0.382986921699727,0.367172379671945,0.371297913562772,812504000,"NVDA",0.0271438059805653,0.900486946989424,"Technology"
"NVDA","2010-01-28",0.368776649236679,0.385966373807697,0.363505136615947,0.384591187098875,687764000,"NVDA",-0.0336338855105892,0.870200072110602,"Technology"
"NVDA","2010-01-29",0.352733016014099,0.37702780485453,0.347232295187914,0.372902271065471,774700000,"NVDA",-0.0435050138228335,0.8323420059448,"Technology"
"NVDA","2010-02-01",0.379778146743774,0.380465740253534,0.351128617534152,0.354108171194896,949832000,"NVDA",0.0766730912668358,0.896160240531827,"Technology"
"NVDA","2010-02-02",0.383674412965775,0.388487539109173,0.377256920548681,0.37840290036165,849812000,"NVDA",0.0102593218051296,0.905354236828405,"Technology"
"NVDA","2010-02-03",0.386883109807968,0.388487503255909,0.37840286543909,0.380236438435086,562296000,"NVDA",0.00836307226585848,0.912925779737202,"Technology"
"NVDA","2010-02-04",0.364421904087067,0.383445172795839,0.360296371653959,0.383445172795839,783480000,"NVDA",-0.0580568268592812,0.859924205807625,"Technology"
"NVDA","2010-02-05",0.371756196022034,0.372672996253391,0.357546024675664,0.363963544328223,604856000,"NVDA",0.0201258262818767,0.87723089098929,"Technology"
"NVDA","2010-02-08",0.371068596839905,0.38000725551283,0.363734331716029,0.370610210392596,445160000,"NVDA",-0.00184959710016011,0.875608367277145,"Technology"
"NVDA","2010-02-09",0.368089139461517,0.378861374041194,0.364422019609183,0.377027800453867,930144000,"NVDA",-0.00802939780881786,0.868577759371548,"Technology"
"NVDA","2010-02-10",0.375194162130356,0.37863210176754,0.367859896368826,0.370381063031687,535828000,"NVDA",0.0193024512465446,0.88534343922565,"Technology"
"NVDA","2010-02-11",0.392383873462677,0.396509406342715,0.378402908514301,0.381153254660222,695980000,"NVDA",0.0458155085215554,0.925905899109996,"Technology"
"NVDA","2010-02-12",0.39765539765358,0.405677256748646,0.385278798656373,0.389633538558513,780212000,"NVDA",0.0134346096958139,0.938345083479591,"Technology"
"NVDA","2010-02-16",0.404989659786224,0.406594053448925,0.398113780622586,0.402926906966059,457024000,"NVDA",0.0184437635599101,0.955651698336892,"Technology"
"NVDA","2010-02-17",0.408886164426804,0.410261324374846,0.397197154595652,0.410032144711335,876560000,"NVDA",0.00962124475631307,0.964846257228378,"Technology"
"NVDA","2010-02-18",0.382070124149323,0.388487617867438,0.371527096803682,0.386424837392515,1515508000,"NVDA",-0.065583144186532,0.901568606022733,"Technology"
"NVDA","2010-02-19",0.380007356405258,0.384591276740006,0.378173782806895,0.380465742974269,510548000,"NVDA",-0.00539892447402705,0.896701105210663,"Technology"
"NVDA","2010-02-22",0.380694836378098,0.387341535274504,0.378173670016993,0.381611609242692,458084000,"NVDA",0.00180912280052335,0.898323347625354,"Technology"
"NVDA","2010-02-23",0.371527075767517,0.383445262099303,0.367630721976274,0.381840895591194,489764000,"NVDA",-0.024081652112232,0.876690237283544,"Technology"
"NVDA","2010-02-24",0.379319667816162,0.382986814093739,0.373589768833895,0.374735748630348,445868000,"NVDA",0.020974492996363,0.895078370525428,"Technology"
"NVDA","2010-02-25",0.375881791114807,0.376798591498258,0.361213230880453,0.370610277707497,576972000,"NVDA",-0.00906327035755276,0.886966033262158,"Technology"
"NVDA","2010-02-26",0.371297925710678,0.376798646852523,0.369005965398823,0.37404827262044,393396000,"NVDA",-0.0121949653121903,0.876149513253435,"Technology"
"NVDA","2010-03-01",0.386195510625839,0.388029083593854,0.368547428868606,0.371526981526342,555868000,"NVDA",0.0401229952649119,0.911303256025058,"Technology"
"NVDA","2010-03-02",0.385966420173645,0.394446666370604,0.383216073747918,0.38963356695616,538648000,"NVDA",-0.000593198123465928,0.910762672643675,"Technology"
"NVDA","2010-03-03",0.381153225898743,0.390321063908225,0.377944493524349,0.388258311285016,399300000,"NVDA",-0.0124705000832376,0.899405006658663,"Technology"
"NVDA","2010-03-04",0.381840884685516,0.38573721104316,0.37702775797634,0.382757657714732,557396000,"NVDA",0.00180415313330279,0.901027671019534,"Technology"
"NVDA","2010-03-05",0.393530011177063,0.396280358426371,0.379090653965291,0.379090653965291,632832000,"NVDA",0.03061255868704,0.928610433477267,"Technology"
"NVDA","2010-03-08",0.387800008058548,0.394905094969347,0.386195614204787,0.393759114972271,439312000,"NVDA",-0.0145605238629104,0.915089379101273,"Technology"
"NVDA","2010-03-09",0.402239322662354,0.406135648811878,0.391467089871711,0.39169629677793,830832000,"NVDA",0.0372339203294332,0.94916174413704,"Technology"
"NVDA","2010-03-10",0.403155982494354,0.407510721234134,0.400864023364673,0.401093230206564,418520000,"NVDA",0.00227889164573348,0.951324780906204,"Technology"
"NVDA","2010-03-11",0.393988281488419,0.401322575083886,0.392383915010279,0.399947388204156,540660000,"NVDA",-0.0227398362023911,0.929691811213121,"Technology"
"NVDA","2010-03-12",0.395363330841064,0.39948886272287,0.393300551239008,0.398342883162496,520352000,"NVDA",0.00349007677957116,0.932936507015594,"Technology"
"NVDA","2010-03-15",0.393300741910934,0.398801462860856,0.389633621933308,0.394905135931112,358904000,"NVDA",-0.00521694545051059,0.928069428149704,"Technology"
"NVDA","2010-03-16",0.407052487134933,0.409344447121947,0.392842313357597,0.393071520285225,664988000,"NVDA",0.0349649613097175,0.96051933979769,"Technology"
"NVDA","2010-03-17",0.414845108985901,0.42034582893474,0.409344416359378,0.409344416359378,651168000,"NVDA",0.0191440222016976,0.978907543363937,"Technology"
"NVDA","2010-03-18",0.400176525115967,0.415532648415652,0.396509378959782,0.415532648415652,740964000,"NVDA",-0.035359182384461,0.944294173000607,"Technology"
"NVDA","2010-03-19",0.395363330841064,0.407281512804484,0.390320998917576,0.406135533244111,584612000,"NVDA",-0.0120276777192454,0.932936507015594,"Technology"
"NVDA","2010-03-22",0.401780933141708,0.403385299506198,0.39032110704116,0.39032110704116,435336000,"NVDA",0.0162321636834444,0.948080085103732,"Technology"
"NVDA","2010-03-23",0.410032004117966,0.412094756993908,0.402010117554495,0.404760491152172,493612000,"NVDA",0.0205362432501175,0.967550088352014,"Technology"
"NVDA","2010-03-24",0.396280229091644,0.407740055647857,0.395592635673147,0.406594075724468,436252000,"NVDA",-0.0335382967383323,0.935100106379665,"Technology"
"NVDA","2010-03-25",0.397426158189774,0.404531243735075,0.396509385297231,0.402010077297113,495184000,"NVDA",0.00289171402962993,0.937804148476391,"Technology"
"NVDA","2010-03-26",0.397426158189774,0.404989630181346,0.394217425743561,0.400864097520278,344676000,"NVDA",0,0.937804148476391,"Technology"
"NVDA","2010-03-29",0.402468502521515,0.403385275440152,0.394446616533024,0.399947336011791,394456000,"NVDA",0.0126874998734572,0.949702538491513,"Technology"
"NVDA","2010-03-30",0.404072821140289,0.409115126242813,0.397196943094399,0.40705237375797,324104000,"NVDA",0.00398619670538976,0.953488239621548,"Technology"
"NVDA","2010-03-31",0.398801386356354,0.404302106251039,0.396738606149978,0.402468532952811,389840000,"NVDA",-0.01304575439907,0.941049266225044,"Technology"
"NVDA","2010-04-01",0.394675821065903,0.405218846178816,0.390550288312053,0.400634926968386,339664000,"NVDA",-0.0103449121081154,0.931314194276539,"Technology"
"NVDA","2010-04-05",0.40063488483429,0.401322478108004,0.396738532057346,0.39719694578803,413636000,"NVDA",0.0150986289261226,0.945375761709552,"Technology"
"NVDA","2010-04-06",0.39077952504158,0.396509424492154,0.383903618378575,0.395592624186673,809260000,"NVDA",-0.0245993550880766,0.922120127655598,"Technology"
"NVDA","2010-04-07",0.393300741910934,0.3999474429768,0.385049674147212,0.388258434865247,817468000,"NVDA",0.00645176297065713,0.928069428149704,"Technology"
"NVDA","2010-04-08",0.386883109807968,0.393759015373528,0.384820357263918,0.390779462670325,1037600000,"NVDA",-0.0163173658706691,0.912925779737202,"Technology"
"NVDA","2010-04-09",0.389404326677322,0.390779513433537,0.38390360697478,0.385966387109101,817572000,"NVDA",0.00651674060055418,0.918875080231308,"Technology"
"NVDA","2010-04-12",0.396509438753128,0.398113805192529,0.389175145334753,0.389862738758015,546460000,"NVDA",0.0182461045988667,0.935640971058501,"Technology"
"NVDA","2010-04-13",0.404760509729385,0.406135669269024,0.396509443202288,0.398113809659691,648696000,"NVDA",0.0208092674973988,0.955110974306783,"Technology"
"NVDA","2010-04-14",0.40980276465416,0.415532663656918,0.403385272306607,0.413469910944851,900720000,"NVDA",0.0124573786314908,0.967009153348815,"Technology"
"NVDA","2010-04-15",0.412782430648804,0.415303597829415,0.407052530076797,0.411178063953106,957596000,"NVDA",0.00727097582457445,0.974040253524956,"Technology"
"NVDA","2010-04-16",0.391008764505386,0.397655465279319,0.382299310542283,0.396051098651928,1917736000,"NVDA",-0.0527485293140842,0.922661062658797,"Technology"
"NVDA","2010-04-19",0.389175117015839,0.390321096863781,0.376110952213757,0.388029137167896,1094492000,"NVDA",-0.00468953040443284,0.918334215552472,"Technology"
"NVDA","2010-04-20",0.390550315380096,0.396051035207241,0.385508009363617,0.391925502167461,678188000,"NVDA",0.00353362356463773,0.921579262976761,"Technology"
"NVDA","2010-04-21",0.380465716123581,0.393071523476827,0.375881796112335,0.392613136940166,895908000,"NVDA",-0.0258215109791957,0.897782693919608,"Technology"
"NVDA","2010-04-22",0.382070124149323,0.383216104194617,0.369005929775105,0.374277443447926,656932000,"NVDA",0.00421695821134234,0.901568606022733,"Technology"
"NVDA","2010-04-23",0.376798510551453,0.381840815949092,0.370151811658021,0.380924015762596,752916000,"NVDA",-0.0137975027741494,0.889129210680048,"Technology"
"NVDA","2010-04-26",0.380465716123581,0.385049636134827,0.376569389578485,0.377256983044636,491092000,"NVDA",0.00973253733609844,0.897782693919608,"Technology"
"NVDA","2010-04-27",0.369693487882614,0.381611673748503,0.368547507947003,0.377715347431889,606704000,"NVDA",-0.0283132691973429,0.872363530825946,"Technology"
"NVDA","2010-04-28",0.370380938053131,0.375652449182498,0.362817440616717,0.369464138065851,672164000,"NVDA",0.00185951387581717,0.873985702916274,"Technology"
"NVDA","2010-04-29",0.381611734628677,0.382070148533908,0.366026399553512,0.371527120515387,987128000,"NVDA",0.0303222855759796,0.900486946989424,"Technology"
"NVDA","2010-04-30",0.360067218542099,0.377715330622991,0.359838038958566,0.37702773722776,1068048000,"NVDA",-0.0564566393838544,0.849648480153374,"Technology"
"NVDA","2010-05-03",0.356170952320099,0.363963633239875,0.350670231555141,0.361900852707146,1078972000,"NVDA",-0.0108209412614011,0.840454483856796,"Technology"
"NVDA","2010-05-04",0.338064402341843,0.351357774802574,0.333022068864716,0.350670181390027,1311376000,"NVDA",-0.0508366835091691,0.797728565257106,"Technology"
"NVDA","2010-05-05",0.332334578037262,0.340814825852982,0.328209043950005,0.331188597864264,1330840000,"NVDA",-0.0169489134759206,0.784207932827293,"Technology"
"NVDA","2010-05-06",0.325458586215973,0.336918412329503,0.298871842091428,0.330042533054774,1002888000,"NVDA",-0.020689968109542,0.767982695705846,"Technology"
"NVDA","2010-05-07",0.319957882165909,0.328438127500577,0.308498056466391,0.328438127500577,1153712000,"NVDA",-0.0169013947796536,0.755002716981779,"Technology"
"NVDA","2010-05-10",0.333709746599197,0.343336002162576,0.330042626342869,0.339210467967174,979156000,"NVDA",0.0429802333363295,0.787452909927219,"Technology"
"NVDA","2010-05-11",0.330042600631714,0.336689274362613,0.327521433452506,0.330500987212755,829124000,"NVDA",-0.0109890286539576,0.778799567336386,"Technology"
"NVDA","2010-05-12",0.336459964513779,0.338293510128309,0.33027165243665,0.332334432236463,901236000,"NVDA",0.0194440471314362,0.793942582829617,"Technology"
"NVDA","2010-05-13",0.335772484540939,0.350441045662712,0.332563723988214,0.335084891042333,1.252e+09,"NVDA",-0.00204327422382285,0.792320340414926,"Technology"
"NVDA","2010-05-14",0.29703825712204,0.313998775058467,0.288787191388393,0.313082002120201,2493068000,"NVDA",-0.115358551406784,0.70091941369453,"Technology"
"NVDA","2010-05-17",0.297725796699524,0.301392942434705,0.288328752829565,0.297496589845209,856060000,"NVDA",0.00231464991797892,0.702541796757948,"Technology"
"NVDA","2010-05-18",0.287870407104492,0.302080551021439,0.286266013542289,0.300246977894859,674112000,"NVDA",-0.0331022360315595,0.679286092379631,"Technology"
"NVDA","2010-05-19",0.292454302310944,0.292912688724473,0.284432444446083,0.286495196968123,826520000,"NVDA",0.015923467967958,0.690102682712717,"Technology"
"NVDA","2010-05-20",0.285578578710556,0.292454460602009,0.27526472855105,0.283974184411356,1129136000,"NVDA",-0.0235104204180151,0.673878078510541,"Technology"
"NVDA","2010-05-21",0.291766703128815,0.299788560831441,0.277327353799625,0.277327353799625,1069600000,"NVDA",0.0216687275572253,0.688480159000572,"Technology"
"NVDA","2010-05-24",0.283286571502686,0.294288014568031,0.282369798241735,0.290850073855982,664564000,"NVDA",-0.0290647683069757,0.668469642695271,"Technology"
"NVDA","2010-05-25",0.290849834680557,0.292224993441144,0.271597338809327,0.274347710975104,966652000,"NVDA",0.0266982763699408,0.686316629960865,"Technology"
"NVDA","2010-05-26",0.292225152254105,0.308268898425179,0.291308379248816,0.302538998836337,995028000,"NVDA",0.00472861734667268,0.689561958682608,"Technology"
"NVDA","2010-05-27",0.309414803981781,0.309414803981781,0.298871780343173,0.299559373593049,713560000,"NVDA",0.0588233134454118,0.730124277918227,"Technology"
"NVDA","2010-05-28",0.301163762807846,0.308956441369046,0.296579843885603,0.308956441369046,545116000,"NVDA",-0.0266666011701909,0.710654344994308,"Technology"
"NVDA","2010-06-01",0.288328737020493,0.300476125864641,0.288099530178745,0.297038187172277,527492000,"NVDA",-0.0426180947790281,0.680367610764213,"Technology"
"NVDA","2010-06-02",0.291537523269653,0.291995937038685,0.286953604157845,0.288787177267031,649088000,"NVDA",0.0111289158421025,0.6879393646461,"Technology"
"NVDA","2010-06-03",0.291079312562943,0.291766906309313,0.284661816467366,0.285578617236637,586360000,"NVDA",-0.00157170405226706,0.686858127558971,"Technology"
"NVDA","2010-06-04",0.277327358722687,0.28764117595201,0.275722965295832,0.282598870771025,671456000,"NVDA",-0.0472446967088464,0.654407723640442,"Technology"
"NVDA","2010-06-07",0.263575822114944,0.280307174087501,0.262429841348797,0.278473599397198,577248000,"NVDA",-0.049585935809143,0.621958304262999,"Technology"
"NVDA","2010-06-08",0.256241381168365,0.262429667747446,0.249594680728205,0.262429667747446,967636000,"NVDA",-0.0278266833722725,0.604651267459517,"Technology"
"NVDA","2010-06-09",0.250052988529205,0.264492364870857,0.249136215740359,0.257616459665271,697152000,"NVDA",-0.0241506372270684,0.590048554050216,"Technology"
"NVDA","2010-06-10",0.260137677192688,0.26128365706622,0.254407777825026,0.255095371213609,611768000,"NVDA",0.0403302065006306,0.613845334080459,"Technology"
"NVDA","2010-06-11",0.266096711158752,0.267242690720893,0.256699667820276,0.257387261022022,442104000,"NVDA",0.0229072313952066,0.627906831189108,"Technology"
"NVDA","2010-06-14",0.260366857051849,0.270451467962513,0.259679263734688,0.269993081525176,375080000,"NVDA",-0.0215329760445054,0.614386128434932,"Technology"
"NVDA","2010-06-15",0.27320185303688,0.274577012408315,0.262888007478393,0.263346421257852,528632000,"NVDA",0.0492958133395418,0.644672792340664,"Technology"
"NVDA","2010-06-16",0.269763976335526,0.2738895100535,0.266096829181255,0.271368342969649,366480000,"NVDA",-0.0125836507444585,0.636560455077394,"Technology"
"NVDA","2010-06-17",0.280077815055847,0.280765408606966,0.269534786798223,0.279161041869237,859068000,"NVDA",0.0382328243393535,0.660897959137747,"Technology"
"NVDA","2010-06-18",0.281911373138428,0.285349313381296,0.279619412976515,0.281682166193308,932832000,"NVDA",0.00654660235126069,0.665224595270982,"Technology"
"NVDA","2010-06-21",0.27526468038559,0.288558055180807,0.272743540526598,0.287870488969832,579836000,"NVDA",-0.023577242304355,0.649540433801461,"Technology"
"NVDA","2010-06-22",0.264950841665268,0.282140542238503,0.263575654690481,0.278702602123856,818164000,"NVDA",-0.0374688053181181,0.625202929741108,"Technology"
"NVDA","2010-06-23",0.267930328845978,0.270680674791799,0.259908443243672,0.267471942408726,614060000,"NVDA",0.0112454339151489,0.632233607971069,"Technology"
"NVDA","2010-06-24",0.254637002944946,0.267701197697433,0.253720229811093,0.266326010674334,725028000,"NVDA",-0.0496148605433664,0.600865425680755,"Technology"
"NVDA","2010-06-25",0.253949403762817,0.256699750129374,0.249823870551824,0.256470543214529,507220000,"NVDA",-0.00270031132230051,0.599242901968611,"Technology"
"NVDA","2010-06-28",0.254407733678818,0.258074879566704,0.249823814980115,0.255782920217353,372008000,"NVDA",0.00180480800194528,0.600324420353193,"Technology"
"NVDA","2010-06-29",0.240197539329529,0.249136196272701,0.238593173413259,0.248906989432245,660808000,"NVDA",-0.0558559841865063,0.566792709023171,"Technology"
"NVDA","2010-06-30",0.234009280800819,0.243177118265791,0.234009280800819,0.240655952034,623072000,"NVDA",-0.0257632053433307,0.552190312073504,"Technology"
"NVDA","2010-07-01",0.237905666232109,0.239510032728458,0.227591832822868,0.23469693323941,737008000,"NVDA",0.0166505594049757,0.561384589667536,"Technology"
"NVDA","2010-07-02",0.234926134347916,0.239280875033618,0.22690427380945,0.238822488467312,737096000,"NVDA",-0.0125240055496891,0.55435380595103,"Technology"
"NVDA","2010-07-06",0.232404932379723,0.241572770541767,0.230342152399875,0.234009298593618,712020000,"NVDA",-0.0107318922826154,0.548404540619106,"Technology"
"NVDA","2010-07-07",0.243635624647141,0.245010811872989,0.232863415785743,0.233321802420251,608412000,"NVDA",0.0483238120310987,0.574905538556985,"Technology"
"NVDA","2010-07-08",0.236301317811012,0.245469158288356,0.233321764191412,0.245239978669814,783272000,"NVDA",-0.0301035895171347,0.557598818213138,"Technology"
"NVDA","2010-07-09",0.237218096852303,0.238822490833749,0.234238543158313,0.237447303798887,571516000,"NVDA",0.00387970346413176,0.559762136279755,"Technology"
"NVDA","2010-07-12",0.241572886705399,0.244552441005285,0.236988965420135,0.237218145091002,565396000,"NVDA",0.0183577471992257,0.570038108069277,"Technology"
"NVDA","2010-07-13",0.250282287597656,0.25188665423038,0.244094000687254,0.245469160377166,723316000,"NVDA",0.0360528907487823,0.590589629702142,"Technology"
"NVDA","2010-07-14",0.252803415060043,0.263117234068442,0.249136268483687,0.261283660780263,1355664000,"NVDA",0.0100731357643652,0.596538719223157,"Technology"
"NVDA","2010-07-15",0.245698481798172,0.253261959244853,0.242718926764954,0.253032752195247,953088000,"NVDA",-0.0281045778601679,0.579773250342145,"Technology"
"NVDA","2010-07-16",0.230342209339142,0.246385957410955,0.229425436225242,0.24569836391437,1288604000,"NVDA",-0.0625004776042715,0.54353714529358,"Technology"
"NVDA","2010-07-19",0.239739179611206,0.240655952430289,0.231946501359761,0.233550894776622,798440000,"NVDA",0.0407956939330589,0.565711120314226,"Technology"
"NVDA","2010-07-20",0.245698481798172,0.247073642128811,0.231488300458569,0.233551081938027,1160988000,"NVDA",0.0248574396418239,0.579773250342145,"Technology"
"NVDA","2010-07-21",0.237676471471786,0.248219498682733,0.235384511410478,0.247990319069994,624940000,"NVDA",-0.0326498164240801,0.560843760150882,"Technology"
"NVDA","2010-07-22",0.241572886705399,0.244094054341224,0.238822539398706,0.240197699390889,462612000,"NVDA",0.0163937776822582,0.570038108069277,"Technology"
"NVDA","2010-07-23",0.237447187304497,0.24157271906273,0.235155228252401,0.241343512228598,817604000,"NVDA",-0.0170784869824118,0.560302719661138,"Technology"
"NVDA","2010-07-26",0.241801932454109,0.242718732596787,0.233092481371378,0.236759627297468,683548000,"NVDA",0.0183398472689761,0.570578585964115,"Technology"
"NVDA","2010-07-27",0.239739179611206,0.242947911800306,0.236759626965722,0.242489525390764,683472000,"NVDA",-0.00853075416713065,0.565711120314226,"Technology"
"NVDA","2010-07-28",0.2321757376194,0.239968416857407,0.231488144256883,0.235842884004617,1320808000,"NVDA",-0.0315486271541929,0.547863711102452,"Technology"
"NVDA","2010-07-29",0.20925609767437,0.220028315449185,0.207880924715777,0.215444396479772,2664476000,"NVDA",-0.0987167745434358,0.493780372653021,"Technology"
"NVDA","2010-07-30",0.210631296038628,0.214298428686401,0.204442996888175,0.207651743077911,984288000,"NVDA",0.00657184368599764,0.49702542007731,"Technology"
"NVDA","2010-08-02",0.210402116179466,0.215215242913006,0.209485329484451,0.214298456217991,917020000,"NVDA",-0.00108806176229076,0.496484625722838,"Technology"
"NVDA","2010-08-03",0.20490138232708,0.209026915073529,0.20329701607077,0.20879772184565,955444000,"NVDA",-0.026143909349726,0.483504576674407,"Technology"
"NVDA","2010-08-04",0.213610902428627,0.214298495992799,0.205818234566381,0.206735021431556,855496000,"NVDA",0.0425059118812796,0.504056379604725,"Technology"
"NVDA","2010-08-05",0.216361209750175,0.216819596239315,0.210402103424411,0.214298443226731,800504000,"NVDA",0.012875313433346,0.510546263480213,"Technology"
"NVDA","2010-08-06",0.218882337212563,0.221174296713036,0.213610824897011,0.215444397961852,739904000,"NVDA",0.0116524004709446,0.516495353001229,"Technology"
"NVDA","2010-08-09",0.220945104956627,0.221403505056447,0.215673592606208,0.221174298175959,466456000,"NVDA",0.00942409410614581,0.5213628538133,"Technology"
"NVDA","2010-08-10",0.211777329444885,0.217736423213385,0.210860542635617,0.217278036639332,772560000,"NVDA",-0.0414934538311738,0.499729708309309,"Technology"
"NVDA","2010-08-11",0.203526243567467,0.207422570080926,0.202838650106899,0.207422570080926,796148000,"NVDA",-0.038961138564956,0.480259669898845,"Technology"
"NVDA","2010-08-12",0.205359771847725,0.209943690813408,0.198254686521991,0.199859052695518,1343584000,"NVDA",0.00900880519445338,0.484586235707716,"Technology"
"NVDA","2010-08-13",0.215215235948563,0.218194789195653,0.211548089287172,0.212006489450425,1797392000,"NVDA",0.0479912108012351,0.507842115896942,"Technology"
"NVDA","2010-08-16",0.209714531898499,0.21659041147165,0.206964171872543,0.212235685009756,814008000,"NVDA",-0.0255590828679935,0.494862137172875,"Technology"
"NVDA","2010-08-17",0.212464869022369,0.216361208807717,0.209714522777195,0.211777289291655,481224000,"NVDA",0.0131146711626165,0.501352091372727,"Technology"
"NVDA","2010-08-18",0.213610902428627,0.215444476158977,0.210402155231095,0.211777342359438,352920000,"NVDA",0.00539399012896089,0.504056379604725,"Technology"
"NVDA","2010-08-19",0.226445853710175,0.227133447160453,0.214756847022397,0.215902826998754,1615100000,"NVDA",0.0600856563762519,0.534342938023912,"Technology"
"NVDA","2010-08-20",0.228508576750755,0.234009295979931,0.224612251039868,0.224841444259128,1305308000,"NVDA",0.00910912258619142,0.539210333349437,"Technology"
"NVDA","2010-08-23",0.225070670247078,0.234926103060543,0.224383076828033,0.22919620343903,748620000,"NVDA",-0.0150449779722152,0.531097925761804,"Technology"
"NVDA","2010-08-24",0.222778737545013,0.225070697672904,0.217278030505845,0.217736417066959,641332000,"NVDA",-0.0101831691332704,0.525689665757443,"Technology"
"NVDA","2010-08-25",0.227362617850304,0.229196191094898,0.219111551910788,0.220257545434527,757532000,"NVDA",0.0205759326756398,0.536506220928348,"Technology"
"NVDA","2010-08-26",0.224612265825272,0.232863331551017,0.224612265825272,0.23034216498973,657596000,"NVDA",-0.0120967644155245,0.530016231566314,"Technology"
"NVDA","2010-08-27",0.231946527957916,0.233780101128655,0.220257536562641,0.225987435644752,1060416000,"NVDA",0.0326529902794804,0.547322846423616,"Technology"
"NVDA","2010-08-30",0.220945104956627,0.231029743218801,0.220945104956627,0.229196170141832,602804000,"NVDA",-0.0474308587334639,0.5213628538133,"Technology"
"NVDA","2010-08-31",0.213840082287788,0.224612302681246,0.213152488810765,0.217736408894494,931488000,"NVDA",-0.0321574115445249,0.504597173959197,"Technology"
"NVDA","2010-09-01",0.215444460511208,0.219799187558634,0.214298480428262,0.217048840824028,851440000,"NVDA",0.00750270111316175,0.508383015737959,"Technology"
"NVDA","2010-09-02",0.219340786337852,0.220028366144993,0.214069272843977,0.216132039587718,596292000,"NVDA",0.0180850592185089,0.517577152683265,"Technology"
"NVDA","2010-09-03",0.226904258131981,0.227591837933932,0.221861937945209,0.224612298136492,566484000,"NVDA",0.0344827422223167,0.535424632219402,"Technology"
"NVDA","2010-09-07",0.228966981172562,0.234238479959674,0.225758235058883,0.226216621506056,899820000,"NVDA",0.00909071983735514,0.540292027544928,"Technology"
"NVDA","2010-09-08",0.236530467867851,0.238134861608724,0.226904242034195,0.229425408779296,1224156000,"NVDA",0.0330330891229656,0.558139542243247,"Technology"
"NVDA","2010-09-09",0.233321756124496,0.239739249701221,0.230342202607912,0.239510042768284,697748000,"NVDA",-0.0135657438649616,0.550567964172268,"Technology"
"NVDA","2010-09-10",0.230800583958626,0.235613710863457,0.22873783089788,0.234926117402436,609292000,"NVDA",-0.0108055597032512,0.544618769164707,"Technology"
"NVDA","2010-09-13",0.243864625692368,0.246844177284053,0.234925970917312,0.234925970917312,1015792000,"NVDA",0.0566031571916805,0.575445910965277,"Technology"
"NVDA","2010-09-14",0.241572886705399,0.244781620676153,0.239510105733634,0.241802066376266,698536000,"NVDA",-0.00939758679825912,0.570038108069277,"Technology"
"NVDA","2010-09-15",0.24203123152256,0.242260438476124,0.236072123953109,0.239280884691399,555572000,"NVDA",0.00189733551398306,0.571119661616041,"Technology"
"NVDA","2010-09-16",0.242260366678238,0.244323119359698,0.238822427327596,0.238822427327596,365280000,"NVDA",0.000946717306838301,0.571660350483968,"Technology"
"NVDA","2010-09-17",0.241801932454109,0.244781485103769,0.241114366499989,0.244552305559832,416884000,"NVDA",-0.00189232035934958,0.570578585964115,"Technology"
"NVDA","2010-09-20",0.245469182729721,0.246385983262133,0.239510074897172,0.241802035244718,443168000,"NVDA",0.0151663398153688,0.579232174690219,"Technology"
"NVDA","2010-09-21",0.258762508630753,0.262888041930343,0.244093976145893,0.244093976145893,1779624000,"NVDA",0.0541547649819179,0.610600356980533,"Technology"
"NVDA","2010-09-22",0.261054426431656,0.263346385730492,0.256241300975175,0.257845667019899,999996000,"NVDA",0.00885722515611343,0.616008581822713,"Technology"
"NVDA","2010-09-23",0.266325831413269,0.274576893353526,0.261741914184749,0.264033872799009,1240872000,"NVDA",0.0201927431519466,0.628447484894854,"Technology"
"NVDA","2010-09-24",0.280994534492493,0.281911334826055,0.270222328659935,0.272285081596395,1086976000,"NVDA",0.0550780335553016,0.663061136555637,"Technology"
"NVDA","2010-09-27",0.275035381317139,0.283286418166575,0.271368235613628,0.283057238636548,999504000,"NVDA",-0.0212073632895277,0.648999358149535,"Technology"
"NVDA","2010-09-28",0.274347841739655,0.278244167735239,0.269534715477729,0.275264614683681,723192000,"NVDA",-0.0024998222926502,0.647376975086117,"Technology"
"NVDA","2010-09-29",0.27228507399559,0.280306960570482,0.269305520808742,0.271826687502763,974904000,"NVDA",-0.00751880434336282,0.642509474274046,"Technology"
"NVDA","2010-09-30",0.267701148986816,0.278931768105766,0.265409189246906,0.275723008076502,787632000,"NVDA",-0.0168350212573461,0.631692813616597,"Technology"
"NVDA","2010-10-01",0.260137677192688,0.272055889735277,0.258074924349256,0.271597475928012,999120000,"NVDA",-0.0282534155073832,0.613845334080459,"Technology"
"NVDA","2010-10-04",0.257616639137268,0.26197138122385,0.252345123623158,0.257616639137268,749500000,"NVDA",-0.00969116847134969,0.607896455532533,"Technology"
"NVDA","2010-10-05",0.259450078010559,0.263575610927615,0.258762484637331,0.263117224452901,753588000,"NVDA",0.00711692722733677,0.612222810368314,"Technology"
"NVDA","2010-10-06",0.247073441743851,0.260596018289698,0.244552302854575,0.259450038615761,1057604000,"NVDA",-0.047703343786255,0.583017735171527,"Technology"
"NVDA","2010-10-07",0.245239838957787,0.248448570367929,0.237905548896368,0.248219363557646,761488000,"NVDA",-0.00742128645281554,0.578690993551748,"Technology"
"NVDA","2010-10-08",0.248907193541527,0.250969974830234,0.24088533005977,0.244323271551951,706932000,"NVDA",0.0149541550806984,0.587344828413124,"Technology"
"NVDA","2010-10-11",0.24776104092598,0.252115780184263,0.246615061224691,0.250053000328557,442680000,"NVDA",-0.00460473881545718,0.584640258883672,"Technology"
"NVDA","2010-10-12",0.252574115991592,0.253720095463259,0.24363545971921,0.245698239161593,605208000,"NVDA",0.0194262788355443,0.595997643571231,"Technology"
"NVDA","2010-10-13",0.259908497333527,0.263575644239337,0.253949417764482,0.256699764282681,968732000,"NVDA",0.029038531177828,0.613304539725986,"Technology"
"NVDA","2010-10-14",0.25578299164772,0.260596091232086,0.254636984330698,0.260137704698668,599172000,"NVDA",-0.0158729157689378,0.603569608426209,"Technology"
"NVDA","2010-10-15",0.258762508630753,0.262888041930343,0.255782982607681,0.259908488584955,639940000,"NVDA",0.0116486126143047,0.610600356980533,"Technology"
"NVDA","2010-10-18",0.260366857051849,0.261512836806348,0.254407751399531,0.258991670417526,448156000,"NVDA",0.00620008064377736,0.614386128434932,"Technology"
"NVDA","2010-10-19",0.258762508630753,0.260596082021939,0.252574222342525,0.254636975331162,866136000,"NVDA",-0.00616187651248297,0.610600356980533,"Technology"
"NVDA","2010-10-20",0.258762508630753,0.265867595275732,0.254407795733712,0.25899171555052,763532000,"NVDA",0,0.610600356980533,"Technology"
"NVDA","2010-10-21",0.254178553819656,0.259450066347688,0.250282227976263,0.25899167989358,1014428000,"NVDA",-0.0177149110021861,0.59978362599872,"Technology"
"NVDA","2010-10-22",0.27045151591301,0.272514296230222,0.253032609627368,0.25578298338365,1322676000,"NVDA",0.0640217746494033,0.638182838140812,"Technology"
"NVDA","2010-10-25",0.272972732782364,0.275035513477666,0.26999317888181,0.272514346179738,673136000,"NVDA",0.00932225083243828,0.644132138634918,"Technology"
"NVDA","2010-10-26",0.272055864334106,0.276181396958095,0.267471945267966,0.269763904801036,675248000,"NVDA",-0.00335882796392139,0.64196860959521,"Technology"
"NVDA","2010-10-27",0.275952309370041,0.276869082650665,0.268847220817068,0.269534814438699,496796000,"NVDA",0.0143222240236266,0.651163027837969,"Technology"
"NVDA","2010-10-28",0.27618145942688,0.28053617259577,0.273660292441321,0.279619399504104,704448000,"NVDA",0.000830397315253877,0.651703751868078,"Technology"
"NVDA","2010-10-29",0.275493800640106,0.278473353465183,0.272743454694771,0.275722980197535,554664000,"NVDA",-0.0024898803424411,0.650081087507207,"Technology"
"NVDA","2010-11-01",0.275952309370041,0.281682210679753,0.273660348846156,0.277327496613302,473920000,"NVDA",0.00166431596235325,0.651163027837969,"Technology"
"NVDA","2010-11-02",0.281682014465332,0.28626593232003,0.275493730825951,0.277098096610634,581036000,"NVDA",0.0207633888202321,0.664683378970329,"Technology"
"NVDA","2010-11-03",0.283744871616364,0.285578444724954,0.276181399619874,0.283515664731922,671748000,"NVDA",0.00732335415502852,0.669551090755489,"Technology"
"NVDA","2010-11-04",0.284203201532364,0.289474712925143,0.283744815176972,0.286495160631632,700016000,"NVDA",0.00161528880994209,0.670632609140071,"Technology"
"NVDA","2010-11-05",0.289016336202621,0.291537474902461,0.284890804221973,0.286265963333984,735116000,"NVDA",0.0169355399386993,0.681990134476357,"Technology"
"NVDA","2010-11-08",0.290162444114685,0.292683583929498,0.286495296882913,0.28878725707219,605156000,"NVDA",0.00396554716291225,0.684694598519264,"Technology"
"NVDA","2010-11-09",0.288558006286621,0.292454359874316,0.286953639862326,0.290162400033233,633964000,"NVDA",-0.00552944690330021,0.680908616091775,"Technology"
"NVDA","2010-11-10",0.291996031999588,0.291996031999588,0.286495310883125,0.290620844889892,521016000,"NVDA",0.0119145046682641,0.689021304976862,"Technology"
"NVDA","2010-11-11",0.289016336202621,0.29382943407812,0.281223658611995,0.285119983746154,1089980000,"NVDA",-0.0102045763312659,0.681990134476357,"Technology"
"NVDA","2010-11-12",0.303914248943329,0.313540504980094,0.298642734285654,0.300017921525856,2142560000,"NVDA",0.0515469572981607,0.717144650815977,"Technology"
"NVDA","2010-11-15",0.300247013568878,0.309644059882671,0.299559447471741,0.305289347096659,733548000,"NVDA",-0.0120666779764397,0.708491097252054,"Technology"
"NVDA","2010-11-16",0.291308462619781,0.299330324339975,0.29085007598595,0.295204789990839,739356000,"NVDA",-0.0297706573092895,0.687398851589081,"Technology"
"NVDA","2010-11-17",0.296121537685394,0.29955947780851,0.288328857012941,0.291079203646969,551764000,"NVDA",0.0165222631101344,0.69875623627664,"Technology"
"NVDA","2010-11-18",0.305289387702942,0.308268941368671,0.300017873882394,0.300017873882394,993120000,"NVDA",0.0309597541914959,0.720389557591539,"Technology"
"NVDA","2010-11-19",0.315144777297974,0.316290757213437,0.30414336464506,0.304601751146782,716484000,"NVDA",0.0322821231002678,0.743645261969857,"Technology"
"NVDA","2010-11-22",0.31537389755249,0.317207443055563,0.310331565452114,0.313081938351341,462668000,"NVDA",0.000727031735956599,0.744185915675603,"Technology"
"NVDA","2010-11-23",0.30803969502449,0.314915574609489,0.305747735162824,0.311706841732083,457832000,"NVDA",-0.0232555788063569,0.726879441467028,"Technology"
"NVDA","2010-11-24",0.315603107213974,0.31674908692397,0.311019188373988,0.311248395244912,397784000,"NVDA",0.0245533686458244,0.744726780354439,"Technology"
"NVDA","2010-11-26",0.311706930398941,0.317207624702718,0.311706930398941,0.315374078149675,143104000,"NVDA",-0.0123451788844126,0.73553299503095,"Technology"
"NVDA","2010-11-29",0.315144777297974,0.316290757213437,0.308956491218933,0.3103316507241,468192000,"NVDA",0.0110290999774456,0.743645261969857,"Technology"
"NVDA","2010-11-30",0.31193596124649,0.313540354698507,0.306206062695894,0.310331595116786,720936000,"NVDA",-0.0101820378525555,0.736073437763606,"Technology"
"NVDA","2010-12-01",0.325687795877457,0.327750548748409,0.317665936655706,0.318124323146772,626536000,"NVDA",0.0440854416913462,0.768523560384682,"Technology"
"NVDA","2010-12-02",0.329584091901779,0.331646871906451,0.325458559214748,0.325687766100483,529316000,"NVDA",0.0119632853107844,0.777717627005624,"Technology"
"NVDA","2010-12-03",0.338981181383133,0.338981181383133,0.327292175128542,0.327979768553339,606044000,"NVDA",0.0285119631446114,0.799891883323723,"Technology"
"NVDA","2010-12-06",0.332563608884811,0.340814673367683,0.331188449685873,0.340127080107058,438424000,"NVDA",-0.0189319432781966,0.784748375559948,"Technology"
"NVDA","2010-12-07",0.343335926532745,0.351357786186962,0.339668779761891,0.340356373196716,1026812000,"NVDA",0.0323917511120861,0.8101677496267,"Technology"
"NVDA","2010-12-08",0.3463154733181,0.349982592697272,0.340356366758759,0.342877533531323,613252000,"NVDA",0.00867822606111814,0.817198568505388,"Technology"
"NVDA","2010-12-09",0.34058541059494,0.34287739686153,0.333251147437691,0.338064272149611,942408000,"NVDA",-0.0165457889255112,0.803677373480668,"Technology"
"NVDA","2010-12-10",0.342648327350616,0.345857060229556,0.339668774064563,0.340585547080741,451900000,"NVDA",0.00605697335089231,0.808545225914556,"Technology"
"NVDA","2010-12-13",0.333938837051392,0.344711041736867,0.333022036815455,0.344023475712807,609108000,"NVDA",-0.0254181608489594,0.787993493308601,"Technology"
"NVDA","2010-12-14",0.334397315979004,0.346544710716343,0.333938929395435,0.340356423532362,755160000,"NVDA",0.00137294281689598,0.789075363315,"Technology"
"NVDA","2010-12-15",0.32706293463707,0.339210325138947,0.326604520891016,0.335084792680646,624176000,"NVDA",-0.0219331346020574,0.771768467160245,"Technology"
"NVDA","2010-12-16",0.327521413564682,0.332334540679153,0.326604613135949,0.330500967144006,631872000,"NVDA",0.00140180643863256,0.772850337166644,"Technology"
"NVDA","2010-12-17",0.329354882240295,0.331188455191672,0.323854163386165,0.327750488831397,593156000,"NVDA",0.00559801160986169,0.777176762326788,"Technology"
"NVDA","2010-12-20",0.327979743480682,0.332105276391765,0.3277505365825,0.330500910071432,344088000,"NVDA",-0.00417524935491845,0.773931855551226,"Technology"
"NVDA","2010-12-21",0.340814828872681,0.340814828872681,0.330959393833113,0.331188600798672,466952000,"NVDA",0.0391337747136029,0.804218730430048,"Technology"
"NVDA","2010-12-22",0.344481945037842,0.344940331604922,0.336918471052897,0.340127204344779,477988000,"NVDA",0.0107598492040118,0.812872002696517,"Technology"
"NVDA","2010-12-23",0.34196063876152,0.344481804837858,0.340585452297644,0.344481804837858,273784000,"NVDA",-0.00731912459459796,0.806922491229321,"Technology"
"NVDA","2010-12-27",0.343794226646423,0.346315392833058,0.334855568884791,0.341043880920656,255500000,"NVDA",0.00536198520257672,0.811249197686919,"Technology"
"NVDA","2010-12-28",0.34241908788681,0.346086234247575,0.340356335135327,0.343794274602676,194260000,"NVDA",-0.00399988904126451,0.808004290911356,"Technology"
"NVDA","2010-12-29",0.34241908788681,0.344940254425125,0.339210355312877,0.342189908315709,177660000,"NVDA",0,0.808004290911356,"Technology"
"NVDA","2010-12-30",0.343565046787262,0.345627826735443,0.340814700845333,0.341960680597996,174488000,"NVDA",0.00334665601594753,0.810708403332446,"Technology"
"NVDA","2010-12-31",0.352962166070938,0.353420579926459,0.343335939584408,0.34379432611761,391252000,"NVDA",0.0273517907934765,0.832882729974909,"Technology"
"NVDA","2011-01-03",0.362588375806808,0.366026315371421,0.355254082877782,0.355712496677583,817448000,"NVDA",0.0272726389998856,0.855597639998754,"Technology"
"NVDA","2011-01-04",0.361442416906357,0.364880356670282,0.353420557457197,0.363275990244914,651384000,"NVDA",-0.00316049541825974,0.852893527577664,"Technology"
"NVDA","2011-01-05",0.389175117015839,0.389633530812867,0.364421946835817,0.368089065955844,1428216000,"NVDA",0.0767278515533689,0.918334215552472,"Technology"
"NVDA","2011-01-06",0.443036168813705,0.443265375683403,0.398113726170925,0.399259705874791,3493312000,"NVDA",0.138397984462287,1.04542982004769,"Technology"
"NVDA","2011-01-07",0.455412954092026,0.456788141233535,0.428138609482467,0.43799404447042,2579984000,"NVDA",0.0279362863566218,1.07463524686629,"Technology"
"NVDA","2011-01-10",0.472831726074219,0.473748499020141,0.443723816189951,0.44716175572063,1750348000,"NVDA",0.0382483015155365,1.11573821980766,"Technology"
"NVDA","2011-01-11",0.465497523546219,0.483833259245807,0.455412909894925,0.47924933898207,2711088000,"NVDA",-0.0155112318475192,1.09843174559908,"Technology"
"NVDA","2011-01-12",0.535173237323761,0.535631596586825,0.464122414952397,0.465726781662408,3431896000,"NVDA",0.149680095495984,1.26284511417617,"Technology"
"NVDA","2011-01-13",0.536089837551117,0.546403682667797,0.5129410082503,0.529443138579137,2695192000,"NVDA",0.00171271686144023,1.26500801029661,"Technology"
"NVDA","2011-01-14",0.540673911571503,0.549612572615881,0.523713417265225,0.526922150569985,1595352000,"NVDA",0.00855094370250703,1.27582502257588,"Technology"
"NVDA","2011-01-18",0.528067886829376,0.537006544209009,0.515003724698554,0.533339398516496,1813348000,"NVDA",-0.0233153930166267,1.24607866075408,"Technology"
"NVDA","2011-01-19",0.513628661632538,0.54090299938277,0.512482709065911,0.528297247926713,1197896000,"NVDA",-0.027343501767423,1.2120065066914,"Technology"
"NVDA","2011-01-20",0.514087021350861,0.51706657421305,0.499418436600196,0.508586329391674,1111408000,"NVDA",0.000892395133997945,1.21308809540034,"Technology"
"NVDA","2011-01-21",0.509274005889893,0.526922148278606,0.50835723275604,0.5195878539185,739244000,"NVDA",-0.00936225825799086,1.20173085136151,"Technology"
"NVDA","2011-01-24",0.566802203655243,0.574136496785163,0.526692880313808,0.532651932006658,2056900000,"NVDA",0.112961190047049,1.33747979844756,"Technology"
"NVDA","2011-01-25",0.549383282661438,0.570240099598397,0.545716136201901,0.564280993432229,1086856000,"NVDA",-0.0307319217911862,1.29637647388438,"Technology"
"NVDA","2011-01-26",0.562447607517242,0.572990636095718,0.551216985366723,0.555113312511874,1074660000,"NVDA",0.0237799825151495,1.3272042837664,"Technology"
"NVDA","2011-01-27",0.560843050479889,0.571844434611375,0.550070845913126,0.57046930257841,657396000,"NVDA",-0.00285281156130498,1.32341802004146,"Technology"
"NVDA","2011-01-28",0.54457014799118,0.571615306258072,0.531735162258133,0.562218287527016,1094796000,"NVDA",-0.0290150737800611,1.28501894854809,"Technology"
"NVDA","2011-01-31",0.548237264156342,0.555800736496388,0.536548286287465,0.545486945351997,750160000,"NVDA",0.00673396472187918,1.29367222081456,"Technology"
"NVDA","2011-02-01",0.560843050479889,0.56496855586804,0.549383252574329,0.553050398833034,654104000,"NVDA",0.0229933044462891,1.32341802004146,"Technology"
"NVDA","2011-02-02",0.586283802986145,0.599806380052493,0.557634282712644,0.557634282712644,1606616000,"NVDA",0.0453616256535363,1.38345041284972,"Technology"
"NVDA","2011-02-03",0.575282454490662,0.587200667272142,0.562676648306816,0.587200667272142,1030776000,"NVDA",-0.0187645444739386,1.35749059605032,"Technology"
"NVDA","2011-02-04",0.588346362113953,0.592930279691922,0.581012126775967,0.583304085564951,872900000,"NVDA",0.0227086842668571,1.38831742139125,"Technology"
"NVDA","2011-02-07",0.563822746276855,0.582846021085192,0.561759965737742,0.580324881300481,934236000,"NVDA",-0.0416822766592502,1.33044919054196,"Technology"
"NVDA","2011-02-08",0.547091484069824,0.568177541438399,0.544570289398813,0.564510393898911,1076584000,"NVDA",-0.0296746846726465,1.29096853033965,"Technology"
"NVDA","2011-02-09",0.533797860145569,0.554654729237296,0.523942429119116,0.549153982882347,1277520000,"NVDA",-0.0242987220809285,1.25959964480571,"Technology"
"NVDA","2011-02-10",0.523025751113892,0.531964410916887,0.517983417589082,0.521879743867267,1042352000,"NVDA",-0.0201801277898335,1.2341807630095,"Technology"
"NVDA","2011-02-11",0.537923514842987,0.554884063079116,0.512711954069392,0.521192200865137,1359276000,"NVDA",0.0284838054290206,1.2693349277273,"Technology"
"NVDA","2011-02-14",0.529672563076019,0.561530828102123,0.527609782382666,0.544341098280137,1287828000,"NVDA",-0.01533852218633,1.24986520577647,"Technology"
"NVDA","2011-02-15",0.516837537288666,0.53242284458167,0.514545522474781,0.530589298304131,886980000,"NVDA",-0.0242320004510247,1.21957847154638,"Technology"
"NVDA","2011-02-16",0.535860657691956,0.543424129534698,0.521879666438444,0.523713266832075,1318364000,"NVDA",0.0368067700792115,1.26446721594214,"Technology"
"NVDA","2011-02-17",0.588575720787048,0.596139191855593,0.518212467251561,0.520733660704156,3470096000,"NVDA",0.0983745724534913,1.3888586376919,"Technology"
"NVDA","2011-02-18",0.587430000305176,0.594764295416493,0.578262158738352,0.585367219559247,1394412000,"NVDA",-0.00194659827343964,1.38615508786572,"Technology"
"NVDA","2011-02-22",0.531964600086212,0.569781978358758,0.530130998768501,0.568177611358668,1396648000,"NVDA",-0.0944204419082253,1.2552737119161,"Technology"
"NVDA","2011-02-23",0.506752848625183,0.537006743510909,0.499189374903752,0.53196446412638,1491604000,"NVDA",-0.0473936638959494,1.19578169151613,"Technology"
"NVDA","2011-02-24",0.51912933588028,0.528067939506967,0.505606758697212,0.509273850110918,1246120000,"NVDA",0.024423123202314,1.2249864150911,"Technology"
"NVDA","2011-02-25",0.529901683330536,0.53861110976312,0.525776122406176,0.533110416508612,775652000,"NVDA",0.0207507969704502,1.25040585948222,"Technology"
"NVDA","2011-02-28",0.519358456134796,0.538840136607752,0.507440246467141,0.538610902437101,903696000,"NVDA",-0.0198965723782448,1.22552706879685,"Technology"
"NVDA","2011-03-01",0.496209681034088,0.526921981109298,0.496209681034088,0.52027528236945,988448000,"NVDA",-0.044571865206523,1.17090304147949,"Technology"
"NVDA","2011-03-02",0.475582122802734,0.504919241018617,0.464122323806991,0.495522167590865,1718140000,"NVDA",-0.0415702454421414,1.12222831465624,"Technology"
"NVDA","2011-03-03",0.478332489728928,0.489333930654542,0.463893136082247,0.486583556761979,1593704000,"NVDA",0.00578315877389289,1.12871833918045,"Technology"
"NVDA","2011-03-04",0.475811332464218,0.483603985344953,0.470539819128512,0.478790885855906,959760000,"NVDA",-0.00527072134727503,1.12276917933507,"Technology"
"NVDA","2011-03-07",0.46916463971138,0.480853673863435,0.457246453276979,0.479249307341513,1019140000,"NVDA",-0.0139691770652352,1.10708501786555,"Technology"
"NVDA","2011-03-08",0.448078572750092,0.476728069910772,0.438223112940039,0.474206930554021,1947184000,"NVDA",-0.0449438537700969,1.05732835071154,"Technology"
"NVDA","2011-03-09",0.438681572675705,0.451058173138149,0.434785218796111,0.446703432720461,1318976000,"NVDA",-0.0209717684483601,1.03515430536653,"Technology"
"NVDA","2011-03-10",0.41071954369545,0.431805565473131,0.410261129941032,0.428596833126077,1722736000,"NVDA",-0.0637410612205634,0.969172471415431,"Technology"
"NVDA","2011-03-11",0.413699120283127,0.425158946435656,0.404760488124487,0.414157534094188,1486832000,"NVDA",0.0072545283841822,0.976203360618483,"Technology"
"NVDA","2011-03-14",0.417137056589127,0.42745087477811,0.410261150474158,0.416907849700446,1003360000,"NVDA",0.00831023354279048,0.984315838530479,"Technology"
"NVDA","2011-03-15",0.404760509729385,0.411636389394527,0.389862743132594,0.396738622797736,1256280000,"NVDA",-0.0296702166931477,0.955110974306782,"Technology"
"NVDA","2011-03-16",0.401780933141708,0.420575024995862,0.396509420239258,0.401093339750551,1476520000,"NVDA",-0.00736133223487906,0.948080085103731,"Technology"
"NVDA","2011-03-17",0.409344404935837,0.413240731047749,0.394217459651571,0.412553137658043,1238516000,"NVDA",0.0188248649207571,0.965927564639869,"Technology"
"NVDA","2011-03-18",0.40384367108345,0.417137069962203,0.403385284613707,0.415761883230659,886960000,"NVDA",-0.0134379114165459,0.952947515591438,"Technology"
"NVDA","2011-03-21",0.407052487134933,0.416678713615925,0.402926953693846,0.412553180174838,751832000,"NVDA",0.00794568859498131,0.960519339797689,"Technology"
"NVDA","2011-03-22",0.399947434663773,0.409802868920503,0.39811386105191,0.405906542071746,718332000,"NVDA",-0.0174548803796048,0.943753589619224,"Technology"
"NVDA","2011-03-23",0.40819838643074,0.409344366197696,0.39055027616178,0.399259727855102,782396000,"NVDA",0.0206300904865265,0.963223311570052,"Technology"
"NVDA","2011-03-24",0.44074422121048,0.445786553900388,0.415991053479546,0.416907826338268,1780592000,"NVDA",0.0797304346651588,1.04002152488115,"Technology"
"NVDA","2011-03-25",0.426992446184158,0.445786534887188,0.426304852908287,0.444640555201507,1196392000,"NVDA",-0.0312012599701317,1.0075715429088,"Technology"
"NVDA","2011-03-28",0.442807078361511,0.450141344477485,0.433180825054334,0.437077151366978,1204284000,"NVDA",0.0370372645199728,1.04488923666631,"Technology"
"NVDA","2011-03-29",0.439369142055511,0.444411448342735,0.433410035420046,0.442807081886207,715764000,"NVDA",-0.00776395968809016,1.03677675875431,"Technology"
"NVDA","2011-03-30",0.422867089509964,0.444640739904989,0.417366368340309,0.442807166181771,1176320000,"NVDA",-0.0375585150753772,0.997836963230836,"Technology"
"NVDA","2011-03-31",0.423096060752869,0.428138392838698,0.415303410420365,0.423554474449623,655112000,"NVDA",0.000541473310609261,0.998377265314765,"Technology"
"NVDA","2011-04-01",0.417137056589127,0.429055241031933,0.411407130272934,0.428596854576885,850072000,"NVDA",-0.014084281836939,0.984315838530479,"Technology"
"NVDA","2011-04-04",0.402239322662354,0.418283068395208,0.399259769493076,0.417137088508741,924328000,"NVDA",-0.0357142423370147,0.94916174413704,"Technology"
"NVDA","2011-04-05",0.402926862239838,0.411407106802526,0.402010062059731,0.408198374477934,821076000,"NVDA",0.00170927987083268,0.950784127200458,"Technology"
"NVDA","2011-04-06",0.400176525115967,0.406364810347504,0.396738558518099,0.405906423908559,856984000,"NVDA",-0.00682589666169674,0.944294173000606,"Technology"
"NVDA","2011-04-07",0.414845108985901,0.417366275711075,0.399488983691401,0.401093350097277,1021208000,"NVDA",0.036655283229528,0.978907543363936,"Technology"
"NVDA","2011-04-08",0.402239322662354,0.418053861488988,0.401093342775886,0.418053861488988,746552000,"NVDA",-0.0303867300119857,0.94916174413704,"Technology"
"NVDA","2011-04-11",0.396967798471451,0.405906457725993,0.3926130859552,0.403843677595415,546208000,"NVDA",-0.0131054421929994,0.936722559767445,"Technology"
"NVDA","2011-04-12",0.398113757371902,0.400864103412269,0.385737159206785,0.393071451744179,840756000,"NVDA",0.00288678050175416,0.939426672188535,"Technology"
"NVDA","2011-04-13",0.407052487134933,0.409573626727257,0.397197053726313,0.402239360233278,749588000,"NVDA",0.0224527025190963,0.960519339797689,"Technology"
"NVDA","2011-04-14",0.424242079257965,0.424471286127363,0.401093278341204,0.403385237745941,1254704000,"NVDA",0.0422294241315702,1.00108151838458,"Technology"
"NVDA","2011-04-15",0.428826153278351,0.434097666945827,0.418970692112022,0.421033472584854,969720000,"NVDA",0.0108053261204161,1.01189853066385,"Technology"
"NVDA","2011-04-18",0.41461580991745,0.421491687380331,0.407969111976613,0.41874134185964,743584000,"NVDA",-0.0331377721537356,0.97836646771201,"Technology"
"NVDA","2011-04-19",0.413011610507965,0.416449550625648,0.401780989730143,0.414845156712874,659860000,"NVDA",-0.00386912262174532,0.974581047879428,"Technology"
"NVDA","2011-04-20",0.425617396831512,0.434326850714676,0.41874151650096,0.428138563881643,650516000,"NVDA",0.0305216270023098,1.00432684710632,"Technology"
"NVDA","2011-04-21",0.424471318721771,0.43295159102833,0.423554545818404,0.430201217673601,421300000,"NVDA",-0.00269274263287434,1.00162245338778,"Technology"
"NVDA","2011-04-25",0.431118011474609,0.438223069675608,0.426075678614291,0.426304885497874,619612000,"NVDA",0.0156587558680139,1.0173066148573,"Technology"
"NVDA","2011-04-26",0.442348718643188,0.446703459320186,0.430430531331468,0.434785244686146,6.76e+08,"NVDA",0.0260501924523293,1.04380764795736,"Technology"
"NVDA","2011-04-27",0.442348718643188,0.444640706114775,0.433180878046123,0.444640706114775,450004000,"NVDA",0,1.04380764795736,"Technology"
"NVDA","2011-04-28",0.447161793708801,0.45610045364133,0.437306360752467,0.442348667028031,6.84e+08,"NVDA",0.0108807256871364,1.05516503264492,"Technology"
"NVDA","2011-04-29",0.45839250087738,0.468477115350296,0.449453839241443,0.450141432801487,8.36e+08,"NVDA",0.0251155338550518,1.08166606574498,"Technology"
"NVDA","2011-05-02",0.452204048633575,0.468247765015151,0.449912089150493,0.46801858546023,613824000,"NVDA",-0.0135003348265079,1.06706321168695,"Technology"
"NVDA","2011-05-03",0.430659502744675,0.448307609219658,0.425158811974749,0.44693245018833,8.08e+08,"NVDA",-0.0476434166257509,1.01622467452654,"Technology"
"NVDA","2011-05-04",0.427450925111771,0.436847971497189,0.419429065575741,0.432034844846645,639356000,"NVDA",-0.00745038159486829,1.0086534129152,"Technology"
"NVDA","2011-05-05",0.427680164575577,0.432722471203214,0.418283117475006,0.424013017579666,5.44e+08,"NVDA",0.000536294227802198,1.00919434791839,"Technology"
"NVDA","2011-05-06",0.442807078361511,0.446932611589971,0.433180825054334,0.436618764857664,841080000,"NVDA",0.0353696875349507,1.04488923666631,"Technology"
"NVDA","2011-05-09",0.45266255736351,0.454954517465821,0.443036303075949,0.444182283127104,706328000,"NVDA",0.0222568235324206,1.06814515201771,"Technology"
"NVDA","2011-05-10",0.453350186347961,0.456788126770558,0.448766238462178,0.456329740178676,690976000,"NVDA",0.00151907634785683,1.06976774605422,"Technology"
"NVDA","2011-05-11",0.455412954092026,0.460226054442661,0.449224666599881,0.455642161056385,6.16e+08,"NVDA",0.00455005381310484,1.07463524686629,"Technology"
"NVDA","2011-05-12",0.469852268695831,0.470310682584457,0.452662567541976,0.4538085476189,1.224e+09,"NVDA",0.0317059812946993,1.10870761190206,"Technology"
"NVDA","2011-05-13",0.41851219534874,0.441202610640723,0.415303462999075,0.44005663089837,2025192000,"NVDA",-0.109268544109825,0.987560745306042,"Technology"
"NVDA","2011-05-16",0.405677378177643,0.418283187851142,0.405448198528288,0.417366387286754,728188000,"NVDA",-0.0306677256092902,0.95727450334649,"Technology"
"NVDA","2011-05-17",0.404072821140289,0.404531207545553,0.392383817533352,0.404302028004077,1420364000,"NVDA",-0.0039552539127555,0.953488239621547,"Technology"
"NVDA","2011-05-18",0.41347000002861,0.416907940170983,0.404302159648949,0.405677319312506,658844000,"NVDA",0.0232561518535253,0.975662706912737,"Technology"
"NVDA","2011-05-19",0.407510876655579,0.416907923600156,0.401322590109736,0.416678716670846,650884000,"NVDA",-0.0144124685530251,0.961600998830998,"Technology"
"NVDA","2011-05-20",0.41461580991745,0.415532582650244,0.404760380089525,0.406593952877422,575820000,"NVDA",0.0174349536880615,0.97836646771201,"Technology"
"NVDA","2011-05-23",0.41415748000145,0.417137032772611,0.403385248650148,0.408656760888002,5.88e+08,"NVDA",-0.00110543280076951,0.977284949327428,"Technology"
"NVDA","2011-05-24",0.415761917829514,0.432493230284842,0.415074324406521,0.416220304337403,720372000,"NVDA",0.00387398008134092,0.981070931754917,"Technology"
"NVDA","2011-05-25",0.420804232358932,0.423554606105136,0.409573612421446,0.413699145718435,545312000,"NVDA",0.012127889335662,0.992969251445675,"Technology"
"NVDA","2011-05-26",0.43134731054306,0.435014457762511,0.419658302688091,0.42080428277888,706436000,"NVDA",0.0250545915972036,1.01784769050923,"Technology"
"NVDA","2011-05-27",0.446932673454285,0.44762023965227,0.432722498442365,0.433180885015129,658824000,"NVDA",0.0361318189085325,1.05462437893917,"Technology"
"NVDA","2011-05-31",0.459309190511703,0.459538424753109,0.444640658070297,0.455642071062511,1200716000,"NVDA",0.0276921285744502,1.08382917283851,"Technology"
"NVDA","2011-06-01",0.438681572675705,0.457934053176511,0.437764772277199,0.457246459708211,762208000,"NVDA",-0.0449100916378744,1.03515430536653,"Technology"
"NVDA","2011-06-02",0.436618655920029,0.442577761021247,0.431347144072384,0.43936902893432,607592000,"NVDA",-0.00470253797781763,1.03028645293264,"Technology"
"NVDA","2011-06-03",0.423096060752869,0.435472656796756,0.421033308406708,0.431576331630504,549300000,"NVDA",-0.0309711804198235,0.998377265314765,"Technology"
"NVDA","2011-06-06",0.41415748000145,0.426304870639379,0.413699066250262,0.422408545010465,435988000,"NVDA",-0.0211265988520751,0.977284949327428,"Technology"
"NVDA","2011-06-07",0.413928270339966,0.419658168968131,0.41209469731449,0.417366209516865,433956000,"NVDA",-0.000553436005750669,0.976744084648592,"Technology"
"NVDA","2011-06-08",0.402697771787643,0.414386779376629,0.399489038535379,0.411865639627656,569288000,"NVDA",-0.0271315089039427,0.950243543819075,"Technology"
"NVDA","2011-06-09",0.398113757371902,0.403385269887287,0.383674406507088,0.40246849698127,741632000,"NVDA",-0.0113832624287732,0.939426672188535,"Technology"
"NVDA","2011-06-10",0.392383873462677,0.401322532589813,0.389175113523841,0.398801366018035,493548000,"NVDA",-0.0143925795155901,0.925905899109996,"Technology"
"NVDA","2011-06-13",0.389633476734161,0.397426127689673,0.386883103622982,0.39238382252303,574760000,"NVDA",-0.0070094540436745,0.919415804261417,"Technology"
"NVDA","2011-06-14",0.392842382192612,0.401551837133822,0.391238015385044,0.393071589160403,534576000,"NVDA",0.00823570265406041,0.926987839440758,"Technology"
"NVDA","2011-06-15",0.384362041950226,0.389862734633496,0.376340155193456,0.387570774795081,935916000,"NVDA",-0.0215871317016603,0.906976830864913,"Technology"
"NVDA","2011-06-16",0.371068596839905,0.390550280412493,0.365567904827576,0.384591174630542,1024908000,"NVDA",-0.034585738599137,0.875608367277145,"Technology"
"NVDA","2011-06-17",0.362359225749969,0.375652626938578,0.350899425403568,0.375423420002722,1467884000,"NVDA",-0.0234710540425842,0.855056915968644,"Technology"
"NVDA","2011-06-20",0.358004420995712,0.366713872496195,0.355254047758066,0.359150400737294,745960000,"NVDA",-0.012017921567318,0.84478090901694,"Technology"
"NVDA","2011-06-21",0.365797281265259,0.368547656074011,0.355941844393437,0.359379785582049,704276000,"NVDA",0.0217674973059616,0.863169675178095,"Technology"
"NVDA","2011-06-22",0.360754817724228,0.368089083638937,0.360067224317967,0.363275984439745,651720000,"NVDA",-0.0137848578961262,0.851271003865519,"Technology"
"NVDA","2011-06-23",0.371527075767517,0.374048215331025,0.352962161833653,0.356170922172188,744024000,"NVDA",0.0298603303796315,0.876690237283544,"Technology"
"NVDA","2011-06-24",0.360754817724228,0.372902210160446,0.358462857918237,0.369693477360984,529052000,"NVDA",-0.0289945437248022,0.851271003865519,"Technology"
"NVDA","2011-06-27",0.353191345930099,0.36304677858907,0.340585539638065,0.360754818776394,1142152000,"NVDA",-0.0209656847879165,0.833423524329381,"Technology"
"NVDA","2011-06-28",0.355254173278809,0.359379707270626,0.350670252692861,0.353191419944061,692200000,"NVDA",0.00584053763626859,0.838291165790179,"Technology"
"NVDA","2011-06-29",0.360754817724228,0.364421964342741,0.345169485579023,0.35754605760245,960544000,"NVDA",0.0154836870589056,0.851271003865519,"Technology"
"NVDA","2011-06-30",0.365338772535324,0.369235099116444,0.356170932428069,0.361671625563495,652300000,"NVDA",0.0127065657501498,0.862087734847332,"Technology"
"NVDA","2011-07-01",0.370151907205582,0.371527094179149,0.358004513346803,0.365338780120416,540804000,"NVDA",0.0131744425505568,0.873445260183618,"Technology"
"NVDA","2011-07-05",0.363963603973389,0.373131443855474,0.360754843621268,0.369693503899692,535296000,"NVDA",-0.0167182800134973,0.858842757747406,"Technology"
"NVDA","2011-07-06",0.359150469303131,0.36442198258526,0.354795729060365,0.363734389144579,529580000,"NVDA",-0.0132242197233806,0.847485232411121,"Technology"
"NVDA","2011-07-07",0.360525637865067,0.362817597843024,0.354108144462321,0.360984051718513,986136000,"NVDA",0.00382894825281365,0.850730209511046,"Technology"
"NVDA","2011-07-08",0.353649884462357,0.358004626371936,0.350670329960503,0.355483458565215,619516000,"NVDA",-0.0190714686573368,0.834505534984507,"Technology"
"NVDA","2011-07-11",0.341273099184036,0.348378184827267,0.340356326278858,0.347003025469499,714388000,"NVDA",-0.0349972835340703,0.805300108165903,"Technology"
"NVDA","2011-07-12",0.336689233779907,0.34287754750618,0.330959333901741,0.339668787181017,867604000,"NVDA",-0.0134316634246554,0.79448358815718,"Technology"
"NVDA","2011-07-13",0.336001694202423,0.343565168718745,0.33279296068511,0.3412732084,634368000,"NVDA",-0.00204205988342821,0.792861205093762,"Technology"
"NVDA","2011-07-14",0.322708189487457,0.33943949856972,0.32110382337213,0.337376746038915,1088996000,"NVDA",-0.0395638026365343,0.761492600857268,"Technology"
"NVDA","2011-07-15",0.323166877031326,0.326604819334365,0.31652019950772,0.324542064881476,827736000,"NVDA",0.00142136939442885,0.76257496313421,"Technology"
"NVDA","2011-07-18",0.31629091501236,0.322479204178764,0.31216537979398,0.320645657257111,818200000,"NVDA",-0.0212768155020422,0.746349796337127,"Technology"
"NVDA","2011-07-19",0.325916945934296,0.326604511889803,0.317207467511672,0.317207467511672,602224000,"NVDA",0.0304341050123425,0.769064284414792,"Technology"
"NVDA","2011-07-20",0.321791410446167,0.328896468054724,0.320874610310594,0.3270629224282,662956000,"NVDA",-0.0126582417379438,0.759329282790651,"Technology"
"NVDA","2011-07-21",0.336918413639069,0.33921037340622,0.317436728295965,0.322249854735909,1143420000,"NVDA",0.0470087227372784,0.795024382511653,"Technology"
"NVDA","2011-07-22",0.343794226646423,0.344940206309019,0.33554316214681,0.33989790125806,737192000,"NVDA",0.0204079466393327,0.811249197686919,"Technology"
"NVDA","2011-07-25",0.338293671607971,0.339898065769986,0.333480571088897,0.338522878580351,566920000,"NVDA",-0.0159995561650581,0.798269570584669,"Technology"
"NVDA","2011-07-26",0.330042600631714,0.336918481314294,0.325229473224979,0.328667413566269,698276000,"NVDA",-0.0243902610919042,0.778799567336387,"Technology"
"NVDA","2011-07-27",0.317665904760361,0.32706294983411,0.316749104547966,0.325458556292997,652212000,"NVDA",-0.0375002979847562,0.749594351490873,"Technology"
"NVDA","2011-07-28",0.316978365182877,0.323625038068855,0.311477644942667,0.316519978660105,648176000,"NVDA",-0.00216434803729659,0.747971968427455,"Technology"
"NVDA","2011-07-29",0.316978365182877,0.319957918564367,0.312165238387983,0.313769604878842,677656000,"NVDA",0,0.747971968427455,"Technology"
"NVDA","2011-08-01",0.333938837051392,0.334855609965014,0.321562238783606,0.324312584846787,1019620000,"NVDA",0.0535067175916877,0.787993493308601,"Technology"
"NVDA","2011-08-02",0.330500781536102,0.352503596956536,0.330500781536102,0.331646760936702,1356432000,"NVDA",-0.0102954647193678,0.779880734099151,"Technology"
"NVDA","2011-08-03",0.339439660310745,0.340585640556648,0.327979857851723,0.331188618933644,765236000,"NVDA",0.0270464678876002,0.800973753330122,"Technology"
"NVDA","2011-08-04",0.307123005390167,0.333251371300192,0.307123005390167,0.333251371300192,979732000,"NVDA",-0.0952058898803788,0.724716334373501,"Technology"
"NVDA","2011-08-05",0.296809107065201,0.318124368846043,0.288787246691093,0.314228042128798,1270588000,"NVDA",-0.0335823046269807,0.700378689664421,"Technology"
"NVDA","2011-08-08",0.273431122303009,0.292454426077076,0.271597548550614,0.282369784100064,1084180000,"NVDA",-0.0787643782003504,0.645213797668227,"Technology"
"NVDA","2011-08-09",0.296350717544556,0.296809104096885,0.275035483299201,0.278702603040156,1329832000,"NVDA",0.0838221891074555,0.699297030631112,"Technology"
"NVDA","2011-08-10",0.282828062772751,0.295892253696466,0.281223696597546,0.287641188620679,1140052000,"NVDA",-0.045630578808272,0.667387702364509,"Technology"
"NVDA","2011-08-11",0.307352155447006,0.311477689385227,0.28282815877293,0.28282815877293,1078792000,"NVDA",0.08671025227776,0.72525705840361,"Technology"
"NVDA","2011-08-12",0.295204639434814,0.340585466808509,0.29039151392849,0.340127080408456,3195784000,"NVDA",-0.0395231196427586,0.696592636912569,"Technology"
"NVDA","2011-08-15",0.306435316801071,0.307122910197591,0.296579884310458,0.298184250687461,864152000,"NVDA",0.0380437021171431,0.723093599688266,"Technology"
"NVDA","2011-08-16",0.297725796699524,0.307122840569483,0.292225078096752,0.302997308447981,716868000,"NVDA",-0.0284220506711412,0.702541796757948,"Technology"
"NVDA","2011-08-17",0.293600261211395,0.303684898206352,0.289703935988886,0.298642566047719,553328000,"NVDA",-0.0138568291154572,0.692806795133807,"Technology"
"NVDA","2011-08-18",0.273660182952881,0.283057226333234,0.270451423771203,0.280306880836302,802564000,"NVDA",-0.0679157374596385,0.645754310725246,"Technology"
"NVDA","2011-08-19",0.26884713768959,0.283974083398911,0.267013564372958,0.269076344600038,761332000,"NVDA",-0.0175876709989598,0.63439699636205,"Technology"
"NVDA","2011-08-22",0.273660182952881,0.279619287631492,0.270680630613576,0.276410528449813,611876000,"NVDA",0.0179025348927,0.645754310725246,"Technology"
"NVDA","2011-08-23",0.3032266497612,0.303455856737804,0.279848631040532,0.28030704499374,938312000,"NVDA",0.108040806263036,0.715522127103832,"Technology"
"NVDA","2011-08-24",0.298871725797653,0.303455643530494,0.291079049258441,0.302538870912848,687500000,"NVDA",-0.0143619433416436,0.705245838854675,"Technology"
"NVDA","2011-08-25",0.286036819219589,0.298184209818824,0.285578432792173,0.292912697597763,690968000,"NVDA",-0.0429445326211743,0.674959385922033,"Technology"
"NVDA","2011-08-26",0.298184275627136,0.301163829046385,0.279848568583064,0.284890902364401,732660000,"NVDA",0.042468156514569,0.703623666764347,"Technology"
"NVDA","2011-08-29",0.306206107139587,0.307352087016038,0.299559434785102,0.30666452094802,601528000,"NVDA",0.0269022620176057,0.72255273500943,"Technology"
"NVDA","2011-08-30",0.313540369272232,0.316061508358293,0.302080544316062,0.304143324283544,684760000,"NVDA",0.0239520439391539,0.739859349866732,"Technology"
"NVDA","2011-08-31",0.305060088634491,0.319041052285752,0.302538949618932,0.315832319966927,705808000,"NVDA",-0.0270468541496743,0.719848481939613,"Technology"
"NVDA","2011-09-01",0.304372489452362,0.315832313866721,0.304143309903908,0.309185615159947,762312000,"NVDA",-0.00225397948714542,0.718225958227469,"Technology"
"NVDA","2011-09-02",0.296121537685394,0.301622230953451,0.293829550280998,0.297496697341249,471356000,"NVDA",-0.0271080733407056,0.69875623627664,"Technology"
"NVDA","2011-09-06",0.302080571651459,0.302768165036173,0.283744893778084,0.286495239994627,696248000,"NVDA",0.0201236087474173,0.712817733385289,"Technology"
"NVDA","2011-09-07",0.326604515314102,0.335543173374842,0.317665884575673,0.326604515314102,1606620000,"NVDA",0.0811834522444536,0.770686737802573,"Technology"
"NVDA","2011-09-08",0.325000286102295,0.331188600952037,0.319728771792892,0.323395919309604,880164000,"NVDA",-0.00491184027344028,0.766901247645628,"Technology"
"NVDA","2011-09-09",0.318124324083328,0.330959309804841,0.315373977806523,0.322249857159694,869828000,"NVDA",-0.0211567875875729,0.750676080848545,"Technology"
"NVDA","2011-09-12",0.325687795877457,0.328438142146165,0.313769583175861,0.313769583175861,916480000,"NVDA",0.0237752074316306,0.768523560384683,"Technology"
"NVDA","2011-09-13",0.333022087812424,0.334626481640421,0.323395861456031,0.328438167897731,853836000,"NVDA",0.0225193944255948,0.785830245566348,"Technology"
"NVDA","2011-09-14",0.350211769342422,0.354566509089341,0.3415023171709,0.341731524065801,1547192000,"NVDA",0.051617241495648,0.82639263512633,"Technology"
"NVDA","2011-09-15",0.355254173278809,0.359838121187078,0.352045439797574,0.358004547488235,752908000,"NVDA",0.0143981567091649,0.838291165790179,"Technology"
"NVDA","2011-09-16",0.354337334632874,0.369005894191537,0.352503761272751,0.355941701077112,1391588000,"NVDA",-0.00258079627178795,0.836127707074835,"Technology"
"NVDA","2011-09-19",0.347003161907196,0.350899489269667,0.338064499616714,0.348378321805661,968204000,"NVDA",-0.0206982781909684,0.818821303190623,"Technology"
"NVDA","2011-09-20",0.338064402341843,0.352732961627666,0.336460035927446,0.351357774802574,792436000,"NVDA",-0.0257598792939645,0.797728565257106,"Technology"
"NVDA","2011-09-21",0.331646889448166,0.345857034057498,0.331417682550308,0.33989795525865,715252000,"NVDA",-0.0189831075062068,0.782585198142058,"Technology"
"NVDA","2011-09-22",0.30964407324791,0.319041119967309,0.303684993774171,0.318582733441993,1314632000,"NVDA",-0.066344105433545,0.73066528324579,"Technology"
"NVDA","2011-09-23",0.316061466932297,0.325000124308508,0.305976857265212,0.307810430110766,1011440000,"NVDA",0.0207250654503865,0.745808369063384,"Technology"
"NVDA","2011-09-26",0.316749185323715,0.320874719025783,0.302539037969768,0.31995794590191,972124000,"NVDA",0.00217590077681242,0.747431174072982,"Technology"
"NVDA","2011-09-27",0.317207634449005,0.32752148439955,0.314686494199947,0.324771137163157,781388000,"NVDA",0.00144735692002297,0.748512973755018,"Technology"
"NVDA","2011-09-28",0.307581275701523,0.325916979960977,0.302538970008272,0.317895093978664,1236532000,"NVDA",-0.0303471849415082,0.725797712109356,"Technology"
"NVDA","2011-09-29",0.300017774105072,0.318353476568014,0.292225095776917,0.31308196450062,866416000,"NVDA",-0.0245902536791298,0.707950162248855,"Technology"
"NVDA","2011-09-30",0.286724448204041,0.296809060151442,0.286266034397264,0.295204693794671,677784000,"NVDA",-0.0443084611926223,0.676581979958541,"Technology"
"NVDA","2011-10-03",0.270680695772171,0.291995953640781,0.270680695772171,0.28305729447114,949896000,"NVDA",-0.0559552997045175,0.638723632495285,"Technology"
"NVDA","2011-10-04",0.295662999153137,0.295662999153137,0.26288795101133,0.264033930569199,1361548000,"NVDA",0.09229436665108,0.697674225621514,"Technology"
"NVDA","2011-10-05",0.306206107139587,0.30895648070092,0.289016408992834,0.294975487956986,856708000,"NVDA",0.0356592066530092,0.72255273500943,"Technology"
"NVDA","2011-10-06",0.318353563547134,0.319270336625718,0.307352122670219,0.307810536531829,773192000,"NVDA",0.0396708495497428,0.751217015851744,"Technology"
"NVDA","2011-10-07",0.324312627315521,0.329125754048102,0.313082034702588,0.319728707502517,806976000,"NVDA",0.0187183824864098,0.765278583284757,"Technology"
"NVDA","2011-10-10",0.338751912117004,0.338751912117004,0.3291256613627,0.32981325460548,534376000,"NVDA",0.0445227338849045,0.799350877996161,"Technology"
"NVDA","2011-10-11",0.335084825754166,0.341502318286908,0.333938845920544,0.336001598692137,816080000,"NVDA",-0.0108252860918823,0.790697676054055,"Technology"
"NVDA","2011-10-12",0.334855616092682,0.34173152235993,0.334626436521239,0.341502315466174,612064000,"NVDA",-0.000684034739466012,0.790156811375219,"Technology"
"NVDA","2011-10-13",0.354337334632874,0.355024928058209,0.332334508956036,0.333251281974939,854832000,"NVDA",0.0581794588590668,0.836127707074835,"Technology"
"NVDA","2011-10-14",0.36029639840126,0.364192724251992,0.351586946467539,0.36052557796759,702452000,"NVDA",0.0168174877043679,0.850189274507847,"Technology"
"NVDA","2011-10-17",0.34241908788681,0.356170873078521,0.340585514706428,0.356170873078521,611780000,"NVDA",-0.0496183436575466,0.808004290911357,"Technology"
"NVDA","2011-10-18",0.354795664548874,0.355712464743855,0.338522741141665,0.340585493766326,590916000,"NVDA",0.0361445290285768,0.837209225459417,"Technology"
"NVDA","2011-10-19",0.34769070148468,0.361442490669149,0.346773928289466,0.355254175973325,557568000,"NVDA",-0.0200255070005654,0.820443686254041,"Technology"
"NVDA","2011-10-20",0.330271780490875,0.339668828359202,0.317207585327026,0.338293641292801,990308000,"NVDA",-0.0500988980131597,0.779340361690859,"Technology"
"NVDA","2011-10-21",0.331876069307327,0.339897955549123,0.32637537697718,0.334397235896662,628428000,"NVDA",0.00485748075136062,0.783125992496531,"Technology"
"NVDA","2011-10-24",0.344252824783325,0.349524339938028,0.332563814106476,0.333251407791407,535256000,"NVDA",0.0372933050033706,0.812331348990772,"Technology"
"NVDA","2011-10-25",0.331188589334488,0.34219000417639,0.330500995783934,0.339439629974173,577996000,"NVDA",-0.0379495373990322,0.78150375008184,"Technology"
"NVDA","2011-10-26",0.335084825754166,0.339439538193001,0.325458573293896,0.337605992317058,503116000,"NVDA",0.0117644041647301,0.790697676054055,"Technology"
"NVDA","2011-10-27",0.349524259567261,0.352962199879058,0.339668825208977,0.347461506309111,577732000,"NVDA",0.0430918761558262,0.824770322387276,"Technology"
"NVDA","2011-10-28",0.35754606127739,0.360754821432147,0.3456278756282,0.346544648631093,490156000,"NVDA",0.0229506292926861,0.843699320307995,"Technology"
"NVDA","2011-10-31",0.339210391044617,0.348149050994693,0.339210391044617,0.346086270703606,519984000,"NVDA",-0.0512819807530973,0.800432748002559,"Technology"
"NVDA","2011-11-01",0.322249859571457,0.327750552166236,0.319041099455906,0.326833779174544,790824000,"NVDA",-0.0500000351431715,0.760411082472686,"Technology"
"NVDA","2011-11-02",0.316749185323715,0.327063033240044,0.310102511869838,0.325458639289786,961608000,"NVDA",-0.0170695939326607,0.747431174072982,"Technology"
"NVDA","2011-11-03",0.335772484540939,0.336460078039546,0.311706876023619,0.320187122980251,749372000,"NVDA",0.0600579262667478,0.792320340414926,"Technology"
"NVDA","2011-11-04",0.339668840169907,0.340814820324315,0.327521445068718,0.332792959243459,654840000,"NVDA",0.0116041540279701,0.801514547684595,"Technology"
"NVDA","2011-11-07",0.337835192680359,0.342877526116443,0.33004254026111,0.33714759927341,613536000,"NVDA",-0.00539833883093461,0.79718770057827,"Technology"
"NVDA","2011-11-08",0.345627933740616,0.347690687005106,0.336689272509078,0.342189993418252,549728000,"NVDA",0.0230666941428746,0.81557618544197,"Technology"
"NVDA","2011-11-09",0.328208953142166,0.341960711413347,0.326833766386122,0.337605998889732,532244000,"NVDA",-0.0503980694208651,0.774472720230062,"Technology"
"NVDA","2011-11-10",0.331646889448166,0.339668748360792,0.323395823637682,0.336230808826809,990484000,"NVDA",0.0104748401074561,0.782585198142058,"Technology"
"NVDA","2011-11-11",0.343335926532745,0.346086272949728,0.322479053180538,0.341043966631541,1751560000,"NVDA",0.0352454295712802,0.8101677496267,"Technology"
"NVDA","2011-11-14",0.336689233779907,0.34677387395887,0.335772460728328,0.34333593403197,500292000,"NVDA",-0.0193591530602732,0.79448358815718,"Technology"
"NVDA","2011-11-15",0.341043949127197,0.343565088495733,0.332563676070142,0.333480476376959,505660000,"NVDA",0.0129339310865423,0.804759384135794,"Technology"
"NVDA","2011-11-16",0.334168136119843,0.343565184795344,0.333022155906846,0.3346265500629,512420000,"NVDA",-0.0201610760869717,0.788534568960527,"Technology"
"NVDA","2011-11-17",0.322249859571457,0.334397251984102,0.316290753158517,0.333480478992411,657504000,"NVDA",-0.0356655086471541,0.760411082472686,"Technology"
"NVDA","2011-11-18",0.319270223379135,0.324083348640259,0.315832284570421,0.324083348640259,501352000,"NVDA",-0.00924635373397598,0.753380052620908,"Technology"
"NVDA","2011-11-21",0.335314184427261,0.338522918484884,0.309414995677571,0.314228124086332,1330788000,"NVDA",0.0502519805270845,0.791238892354707,"Technology"
"NVDA","2011-11-22",0.345627933740616,0.347461507377007,0.337147659087595,0.338981232723987,1287480000,"NVDA",0.0307584641281163,0.81557618544197,"Technology"
"NVDA","2011-11-23",0.330959439277649,0.344482023689037,0.330730232280617,0.341960856010989,825340000,"NVDA",-0.042440130067656,0.78096302605173,"Technology"
"NVDA","2011-11-25",0.321791410446167,0.334167980036757,0.320874610310594,0.326604508699258,406620000,"NVDA",-0.0277013668245633,0.75932928279065,"Technology"
"NVDA","2011-11-28",0.339897811412811,0.344940115130937,0.332334342174471,0.332334342174471,690616000,"NVDA",0.0562675086371621,0.802054849768523,"Technology"
"NVDA","2011-11-29",0.341731548309326,0.346086261042867,0.336230828342293,0.339439561164658,623440000,"NVDA",0.00539496529528338,0.806381907847938,"Technology"
"NVDA","2011-11-30",0.358233749866486,0.359150550435271,0.349065908112573,0.352045462147059,730324000,"NVDA",0.0482899563672186,0.84532205499323,"Technology"
"NVDA","2011-12-01",0.362588375806808,0.363505148761779,0.353649716545426,0.355254082877782,529760000,"NVDA",0.0121558226770812,0.855597639998753,"Technology"
"NVDA","2011-12-02",0.36029639840126,0.367859870536395,0.3568584590055,0.366484683849166,546464000,"NVDA",-0.0063211552230491,0.850189274507847,"Technology"
"NVDA","2011-12-05",0.354795664548874,0.366713875827439,0.351816111729233,0.366255489391104,644696000,"NVDA",-0.0152672462916499,0.837209225459416,"Technology"
"NVDA","2011-12-06",0.349753379821777,0.357546031667985,0.34608623346926,0.356858465633912,573832000,"NVDA",-0.0142117991591241,0.825310976093021,"Technology"
"NVDA","2011-12-07",0.34769070148468,0.350211868755003,0.340356433956,0.347461521847038,510016000,"NVDA",-0.00589752224309666,0.820443686254041,"Technology"
"NVDA","2011-12-08",0.336689233779907,0.349982606961715,0.335543253804274,0.34425270708355,491488000,"NVDA",-0.0316415355883703,0.79448358815718,"Technology"
"NVDA","2011-12-09",0.34150230884552,0.34425265490571,0.329584097047506,0.334168016255261,555840000,"NVDA",0.0142953043421611,0.805840972844739,"Technology"
"NVDA","2011-12-12",0.333022087812424,0.335543254694432,0.326833801392051,0.334168067791097,573208000,"NVDA",-0.0248321045376369,0.785830245566347,"Technology"
"NVDA","2011-12-13",0.323854207992554,0.341502319342736,0.321791455214584,0.337376786464481,516596000,"NVDA",-0.0275293446152252,0.764196853927084,"Technology"
"NVDA","2011-12-14",0.311248511075974,0.322937519396923,0.307810570666556,0.321103945714103,636020000,"NVDA",-0.0389239867986216,0.734451265673278,"Technology"
"NVDA","2011-12-15",0.308498084545135,0.318582724428343,0.307810518437774,0.316519971461625,435148000,"NVDA",-0.00883675401797072,0.727961100500336,"Technology"
"NVDA","2011-12-16",0.30964407324791,0.31697836694223,0.308268913671963,0.311019260146174,619116000,"NVDA",0.00371473522911414,0.73066528324579,"Technology"
"NVDA","2011-12-19",0.301622211933136,0.314686405435001,0.300476231964363,0.311019258606001,463276000,"NVDA",-0.0259067168011029,0.711736144676343,"Technology"
"NVDA","2011-12-20",0.318582683801651,0.319728663597537,0.308498045204469,0.308498045204469,445208000,"NVDA",0.0562308450687804,0.75175766955749,"Technology"
"NVDA","2011-12-21",0.314457148313522,0.320187047242687,0.308268862934488,0.316749107885188,548424000,"NVDA",-0.0129496538823096,0.742022667933349,"Technology"
"NVDA","2011-12-22",0.327979743480682,0.328896516428783,0.315373965171566,0.315373965171566,576560000,"NVDA",0.0430029822495167,0.773931855551225,"Technology"
"NVDA","2011-12-23",0.324771046638489,0.330042559976917,0.322020672846392,0.329584146130023,248948000,"NVDA",-0.00978321651252402,0.766360312642428,"Technology"
"NVDA","2011-12-27",0.322249859571457,0.32729216567039,0.32133305925745,0.323395839472229,195712000,"NVDA",-0.00776296746008353,0.760411082472686,"Technology"
"NVDA","2011-12-28",0.314228057861328,0.322937512168025,0.313998850910236,0.322249918637069,233960000,"NVDA",-0.0248931115774466,0.741482084551966,"Technology"
"NVDA","2011-12-29",0.320187151432037,0.320874744991744,0.312852883880589,0.317436804515534,211112000,"NVDA",0.0189642313015187,0.755543722309342,"Technology"
"NVDA","2011-12-30",0.317665904760361,0.322479003416761,0.317207490993007,0.319041064095484,186956000,"NVDA",-0.00787429058411731,0.749594351490873,"Technology"
"NVDA","2012-01-03",0.321791410446167,0.330042475054767,0.321103817175065,0.327750488376991,468044000,"NVDA",0.0129869325728188,0.75932928279065,"Technology"
"NVDA","2012-01-04",0.325458586215973,0.326833772999845,0.319041093428429,0.322020646578608,347372000,"NVDA",0.0113961269653573,0.767982695705846,"Technology"
"NVDA","2012-01-05",0.337147563695908,0.338751957250258,0.322479006077381,0.323854192746163,563548000,"NVDA",0.035915406675361,0.795565106541761,"Technology"
"NVDA","2012-01-06",0.333251237869263,0.337147563667398,0.329354912071127,0.336918384104162,533252000,"NVDA",-0.0115567373049719,0.786370969596456,"Technology"
"NVDA","2012-01-09",0.333251237869263,0.339668730119181,0.330959278303029,0.333480444754811,508244000,"NVDA",0,0.786370969596456,"Technology"
"NVDA","2012-01-10",0.331876069307327,0.338522768805429,0.329584109616047,0.338293561907375,546328000,"NVDA",-0.00412652199202007,0.78312599249653,"Technology"
"NVDA","2012-01-11",0.325229406356812,0.331876078721135,0.32385421957411,0.328896525573491,484272000,"NVDA",-0.0200275451146215,0.767441901351373,"Technology"
"NVDA","2012-01-12",0.323166877031326,0.32614643249176,0.316061785342779,0.325917252731627,652364000,"NVDA",-0.00634176764207605,0.76257496313421,"Technology"
"NVDA","2012-01-13",0.314686447381973,0.32156232811115,0.313082080676296,0.320874734573768,504300000,"NVDA",-0.0262416424828432,0.742563743585275,"Technology"
"NVDA","2012-01-17",0.309873342514038,0.319499598093926,0.309414955896501,0.319499598093926,627176000,"NVDA",-0.0152949226380027,0.731206288573352,"Technology"
"NVDA","2012-01-18",0.320416331291199,0.322937498356102,0.314228044421905,0.315832411043971,632676000,"NVDA",0.0340235423015874,0.756084516663814,"Technology"
"NVDA","2012-01-19",0.328896462917328,0.329354876639109,0.319728625638668,0.323166564618166,608312000,"NVDA",0.0264659781602152,0.776095032969116,"Technology"
"NVDA","2012-01-20",0.325916945934296,0.332334437656753,0.324770966245368,0.32843808485655,546272000,"NVDA",-0.00905913355407888,0.769064284414791,"Technology"
"NVDA","2012-01-23",0.334855616092682,0.335084822986439,0.322020631133212,0.326146163964636,562792000,"NVDA",0.0274262209126992,0.790156811375218,"Technology"
"NVDA","2012-01-24",0.34241908788681,0.343794274602676,0.332334476378179,0.33256365594928,730920000,"NVDA",0.0225872627802515,0.808004290911356,"Technology"
"NVDA","2012-01-25",0.340356439352036,0.341273212561784,0.323625096034377,0.333251351348353,1274152000,"NVDA",-0.00602375453863894,0.803137071396739,"Technology"
"NVDA","2012-01-26",0.337147563695908,0.349294982184751,0.335314017900616,0.345398629063973,799672000,"NVDA",-0.00942798573823645,0.795565106541761,"Technology"
"NVDA","2012-01-27",0.341731548309326,0.343565094309354,0.332334502108759,0.335084848431117,449996000,"NVDA",0.0135963747243718,0.806381907847938,"Technology"
"NVDA","2012-01-30",0.339210391044617,0.340814757500584,0.330730117607343,0.335772451215122,399076000,"NVDA",-0.0073775958853743,0.800432748002559,"Technology"
"NVDA","2012-01-31",0.338522791862488,0.340356365204861,0.332563685330353,0.340127158291196,357900000,"NVDA",-0.0020270581334829,0.798810224290414,"Technology"
"NVDA","2012-02-01",0.342190086841583,0.346086414806224,0.337606165160281,0.342419266532251,428020000,"NVDA",0.010833229156946,0.807463918503064,"Technology"
"NVDA","2012-02-02",0.355024874210358,0.356400033530137,0.340585496435331,0.344023463040561,696236000,"NVDA",0.0375077708627961,0.837750090138252,"Technology"
"NVDA","2012-02-03",0.362588375806808,0.365567928893936,0.359608822719681,0.360296416097067,495232000,"NVDA",0.0213041455567683,0.855597639998753,"Technology"
"NVDA","2012-02-06",0.359838038682938,0.36121319815003,0.35662927861509,0.360754811660999,278868000,"NVDA",-0.00758528763574115,0.849107685798901,"Technology"
"NVDA","2012-02-07",0.360754817724228,0.362817570620694,0.354337324802989,0.360296431227493,410296000,"NVDA",0.00254775466386443,0.851271003865518,"Technology"
"NVDA","2012-02-08",0.373819023370743,0.380924082621008,0.358921256795599,0.360754830168103,847612000,"NVDA",0.0362135306436893,0.882098532450087,"Technology"
"NVDA","2012-02-09",0.373589783906937,0.380465662963075,0.37290219053686,0.378402910175159,561944000,"NVDA",-0.000613236484700778,0.881557597446887,"Technology"
"NVDA","2012-02-10",0.364421904087067,0.371297782368142,0.362359124209357,0.369922595783003,440268000,"NVDA",-0.0245399639251211,0.859924205807624,"Technology"
"NVDA","2012-02-13",0.370151907205582,0.374965034290747,0.362588433495601,0.37358984731718,610668000,"NVDA",0.0157235420106526,0.873445260183618,"Technology"
"NVDA","2012-02-14",0.372214555740356,0.375423315336151,0.366943043586225,0.370151803182019,453756000,"NVDA",0.00557243794945298,0.878312479698235,"Technology"
"NVDA","2012-02-15",0.370610415935516,0.387341762781252,0.369693642532451,0.375652751619361,1110856000,"NVDA",-0.00430971809162423,0.87452720051438,"Technology"
"NVDA","2012-02-16",0.377027809619904,0.380007363356457,0.343794359262743,0.345169546317251,1888588000,"NVDA",0.0173157402178998,0.889670286331974,"Technology"
"NVDA","2012-02-17",0.36327600479126,0.379778110854419,0.359838064889672,0.377256971319978,1020360000,"NVDA",-0.0364742453414976,0.857220234035261,"Technology"
"NVDA","2012-02-21",0.365109533071518,0.374048164781802,0.362359159632371,0.363046752992158,518176000,"NVDA",0.0050472044838517,0.861546799844132,"Technology"
"NVDA","2012-02-22",0.362588375806808,0.372214601123262,0.362129989329323,0.363275969184194,492432000,"NVDA",-0.00690520798922998,0.855597639998753,"Technology"
"NVDA","2012-02-23",0.364651203155518,0.36671398370933,0.357546115674031,0.363276043441963,323968000,"NVDA",0.00568917120996787,0.86046528145955,"Technology"
"NVDA","2012-02-24",0.361900806427002,0.366255546557663,0.36029643998826,0.365797132727465,366668000,"NVDA",-0.00754254121394638,0.853975186610972,"Technology"
"NVDA","2012-02-27",0.354566484689713,0.358921196814645,0.349524151927396,0.357316830627687,745268000,"NVDA",-0.0202661105116073,0.836668431104943,"Technology"
"NVDA","2012-02-28",0.351357728242874,0.35869202057505,0.347690582076786,0.354566487968779,699884000,"NVDA",-0.00904980190004822,0.829096747547419,"Technology"
"NVDA","2012-02-29",0.347232282161713,0.358462903017415,0.347003102545669,0.352503795843179,689196000,"NVDA",-0.0117414411283699,0.819361956896368,"Technology"
"NVDA","2012-03-01",0.349524259567261,0.353649793405882,0.347232299359396,0.348607486413043,449944000,"NVDA",0.00660070368826098,0.824770322387275,"Technology"
"NVDA","2012-03-02",0.352503806352615,0.357546113246049,0.348378272595326,0.348378272595326,684076000,"NVDA",0.00852457791926527,0.831801141265963,"Technology"
"NVDA","2012-03-05",0.34058541059494,0.350670046343175,0.338064272149611,0.349982453195428,514848000,"NVDA",-0.0338106867015019,0.803677373480668,"Technology"
"NVDA","2012-03-06",0.337376862764359,0.339439616008833,0.331417755334489,0.336689269242093,471400000,"NVDA",-0.00942068488775524,0.796106182193688,"Technology"
"NVDA","2012-03-07",0.339439660310745,0.340814847534758,0.33462655967135,0.339210480654959,441984000,"NVDA",0.00611422351101618,0.800973753330121,"Technology"
"NVDA","2012-03-08",0.34058541059494,0.344023376333673,0.338522658474007,0.340356231093895,430852000,"NVDA",0.0033754166591672,0.803677373480668,"Technology"
"NVDA","2012-03-09",0.339668840169907,0.34402358115005,0.33783526645839,0.341502413881424,367836000,"NVDA",-0.00269116173658904,0.801514547684594,"Technology"
"NVDA","2012-03-12",0.334397315979004,0.34333597730904,0.333480542811866,0.341044017068875,299948000,"NVDA",-0.0155195989960864,0.789075363315,"Technology"
"NVDA","2012-03-13",0.338981181383133,0.340814754741818,0.334168054731874,0.335772448497171,553288000,"NVDA",0.013707841496003,0.799891883323723,"Technology"
"NVDA","2012-03-14",0.329354882240295,0.33966869935419,0.328208902560974,0.338981106082135,735708000,"NVDA",-0.028397739082623,0.777176762326788,"Technology"
"NVDA","2012-03-15",0.334168136119843,0.336001709925102,0.329125828647122,0.330271808860119,382380000,"NVDA",0.0146141871248637,0.788534568960527,"Technology"
"NVDA","2012-03-16",0.334626466035843,0.336001625552733,0.332563685777033,0.33439725912187,428340000,"NVDA",0.00137155481465772,0.789616087345109,"Technology"
"NVDA","2012-03-19",0.335543155670166,0.338064321808137,0.333938789637962,0.336459955775933,405400000,"NVDA",0.00273944151872593,0.791779194438636,"Technology"
"NVDA","2012-03-20",0.330042600631714,0.333709720602364,0.327063046871465,0.333709720602364,449616000,"NVDA",-0.0163929883399532,0.778799567336386,"Technology"
"NVDA","2012-03-21",0.331417709589005,0.334397262892672,0.326375403325583,0.330042550056608,467840000,"NVDA",0.00416645898032145,0.782044403787585,"Technology"
"NVDA","2012-03-22",0.330959439277649,0.333709786630402,0.327979884927863,0.328896658271339,425372000,"NVDA",-0.00138275746315397,0.78096302605173,"Technology"
"NVDA","2012-03-23",0.333480447530746,0.334397220435946,0.327750521245151,0.330042508152778,315456000,"NVDA",0.00761727255339772,0.786911834275292,"Technology"
"NVDA","2012-03-26",0.337376862764359,0.338981229434763,0.333480535901284,0.336689269242093,288600000,"NVDA",0.0116840890147025,0.796106182193688,"Technology"
"NVDA","2012-03-27",0.339668840169907,0.34379437419024,0.3380644734182,0.338752066975309,419968000,"NVDA",0.00679352278863572,0.801514547684594,"Technology"
"NVDA","2012-03-28",0.347461462020874,0.352045381852327,0.341502355311058,0.344023522147284,892448000,"NVDA",0.022941821354792,0.819902751250841,"Technology"
"NVDA","2012-03-29",0.349065840244293,0.351816186771257,0.342648346799832,0.34700308717965,372700000,"NVDA",0.00461742782663709,0.823688593029603,"Technology"
"NVDA","2012-03-30",0.352962166070938,0.355024946453828,0.347003086494666,0.352045393004533,527240000,"NVDA",0.0111621515984436,0.832882729974908,"Technology"
"NVDA","2012-04-02",0.351357728242874,0.355024874408962,0.346315422756238,0.352045321564305,407776000,"NVDA",-0.00454563684806237,0.82909674754742,"Technology"
"NVDA","2012-04-03",0.345627933740616,0.354337388021735,0.343794360104224,0.353879001443217,430476000,"NVDA",-0.0163075806839735,0.81557618544197,"Technology"
"NVDA","2012-04-04",0.335772484540939,0.344711118055869,0.333709704045119,0.340356404768558,495896000,"NVDA",-0.0285146200222137,0.792320340414926,"Technology"
"NVDA","2012-04-05",0.335314184427261,0.340356492513095,0.334168176752594,0.336230957780203,369424000,"NVDA",-0.00136491265597464,0.791238892354707,"Technology"
"NVDA","2012-04-09",0.330959439277649,0.332105419618157,0.32454194390634,0.330042665934173,365504000,"NVDA",-0.0129870591578183,0.78096302605173,"Technology"
"NVDA","2012-04-10",0.324541866779327,0.334168093887466,0.322937500148358,0.329584173614798,470360000,"NVDA",-0.0193908126999747,0.765819518287955,"Technology"
"NVDA","2012-04-11",0.328667342662811,0.335772428764291,0.327750542376189,0.32889652224273,372960000,"NVDA",0.0127116908657243,0.77555437926337,"Technology"
"NVDA","2012-04-12",0.336459964513779,0.338293510128309,0.327750486233205,0.329125672766413,384868000,"NVDA",0.0237097540261615,0.793942582829617,"Technology"
"NVDA","2012-04-13",0.324541866779327,0.335314101277953,0.324312659836766,0.333480527704422,311324000,"NVDA",-0.0354220382555002,0.765819518287955,"Technology"
"NVDA","2012-04-16",0.32064551115036,0.327750570540069,0.315373997846823,0.326833797496983,463468000,"NVDA",-0.0120057102882711,0.756625311018287,"Technology"
"NVDA","2012-04-17",0.321333020925522,0.325458553540628,0.320187041161454,0.32156222780726,460696000,"NVDA",0.002144142834544,0.758247623757341,"Technology"
"NVDA","2012-04-18",0.3178950548172,0.320874607416897,0.313998729412508,0.319270241347002,400764000,"NVDA",-0.0106990750543468,0.750135075520981,"Technology"
"NVDA","2012-04-19",0.313082069158554,0.325687850031633,0.311477675189579,0.31376963534832,667188000,"NVDA",-0.0151401715305488,0.738777901806513,"Technology"
"NVDA","2012-04-20",0.306893765926361,0.315832427260815,0.306206172389508,0.314915626770903,509592000,"NVDA",-0.0197657542280361,0.724175399370301,"Technology"
"NVDA","2012-04-23",0.3032266497612,0.304601836976177,0.295892381700078,0.301622282891943,706244000,"NVDA",-0.0119491386672255,0.715522127103832,"Technology"
"NVDA","2012-04-24",0.293829560279846,0.306664575427492,0.292225193632261,0.304143408322486,730440000,"NVDA",-0.0309903152930465,0.693347870785733,"Technology"
"NVDA","2012-04-25",0.299788594245911,0.30208055384498,0.292683508559869,0.298184227991025,727112000,"NVDA",0.0202805802125185,0.707409367894382,"Technology"
"NVDA","2012-04-26",0.300017774105072,0.302538940365833,0.297496607844311,0.299559387691018,539208000,"NVDA",0.000764471576171391,0.707950162248854,"Technology"
"NVDA","2012-04-27",0.297496736049652,0.301393090554008,0.294288002446172,0.299559516785309,475356000,"NVDA",-0.00840296233428159,0.702001283700929,"Technology"
"NVDA","2012-04-30",0.297955065965652,0.299559459784428,0.293829532601678,0.295892312944824,262268000,"NVDA",0.00154062166222849,0.703082802085511,"Technology"
"NVDA","2012-05-01",0.3032266497612,0.306435410822039,0.296350768330962,0.296350768330962,408680000,"NVDA",0.0176925462853355,0.715522127103832,"Technology"
"NVDA","2012-05-02",0.294517129659653,0.303226583018736,0.292912763143529,0.302080603032602,684008000,"NVDA",-0.0287228055594924,0.694970324173514,"Technology"
"NVDA","2012-05-03",0.289474785327911,0.297038257711717,0.287641212125426,0.295204684509232,419536000,"NVDA",-0.0171207166712793,0.683071934158392,"Technology"
"NVDA","2012-05-04",0.280994534492493,0.289245600882967,0.280994534492493,0.28764123445213,545092000,"NVDA",-0.0292953005416774,0.663061136555637,"Technology"
"NVDA","2012-05-07",0.285807698965073,0.290850033161774,0.283515738811052,0.286036905909403,604440000,"NVDA",0.0171290323538608,0.674418732216287,"Technology"
"NVDA","2012-05-08",0.285578578710556,0.287412125357083,0.278244282835145,0.283286590757746,462312000,"NVDA",-0.000801658791370072,0.673878078510541,"Technology"
"NVDA","2012-05-09",0.286724448204041,0.289016407948661,0.277785788806633,0.280536135035714,520608000,"NVDA",0.00401244903822382,0.676581979958541,"Technology"
"NVDA","2012-05-10",0.284661740064621,0.28993325427549,0.280077819415573,0.28947486767505,597092000,"NVDA",-0.00719404345300781,0.671714619795197,"Technology"
"NVDA","2012-05-11",0.302768170833588,0.313540403648314,0.301622190944558,0.308268890694317,1435140000,"NVDA",0.0636068295123059,0.714440257097433,"Technology"
"NVDA","2012-05-14",0.30093452334404,0.305518441769881,0.294058645705278,0.300246930115702,437472000,"NVDA",-0.00605627561344805,0.710113409991108,"Technology"
"NVDA","2012-05-15",0.297955065965652,0.307581319589033,0.296579906392539,0.300934619357541,599940000,"NVDA",-0.00990068319606262,0.703082802085511,"Technology"
"NVDA","2012-05-16",0.291996031999588,0.301851466759553,0.291079231485683,0.298413526307634,470484000,"NVDA",-0.019999773948302,0.689021304976862,"Technology"
"NVDA","2012-05-17",0.289933204650879,0.295892311403616,0.289933204650879,0.293141964949398,335364000,"NVDA",-0.00706457322239234,0.684153663516064,"Technology"
"NVDA","2012-05-18",0.276868999004364,0.291995972143171,0.275493839498884,0.290620785315375,567288000,"NVDA",-0.0450593634566488,0.653326134931496,"Technology"
"NVDA","2012-05-21",0.281682014465332,0.283057200750664,0.275493730825951,0.277327303432291,416260000,"NVDA",0.0173837283273891,0.664683378970328,"Technology"
"NVDA","2012-05-22",0.278244197368622,0.281911344179913,0.274118664036499,0.281452957659081,410140000,"NVDA",-0.0122046027796117,0.656571182355785,"Technology"
"NVDA","2012-05-23",0.285120189189911,0.2855786032132,0.271139217215458,0.275264752168766,4.96e+08,"NVDA",0.0247120762492655,0.672796419477232,"Technology"
"NVDA","2012-05-24",0.277556598186493,0.287182851536487,0.275493845224247,0.286724465025134,520420000,"NVDA",-0.026527728621771,0.654948658643641,"Technology"
"NVDA","2012-05-25",0.284203201532364,0.286495160631632,0.277327324234559,0.277327324234559,391752000,"NVDA",0.0239468396330649,0.670632609140071,"Technology"
"NVDA","2012-05-29",0.291537523269653,0.293371096378839,0.287641197489079,0.288787177267031,3.1e+08,"NVDA",0.0258066119513936,0.687939364646099,"Technology"
"NVDA","2012-05-30",0.288099586963654,0.290391546543645,0.283057281352134,0.288328793850578,379792000,"NVDA",-0.0117924316137511,0.679826886734103,"Technology"
"NVDA","2012-05-31",0.284890800714493,0.289245512165708,0.281223655149663,0.288099532591987,358192000,"NVDA",-0.0111377676135495,0.672255132852216,"Technology"
"NVDA","2012-06-01",0.274577081203461,0.281682168697482,0.274118694631467,0.2789318219432,440984000,"NVDA",-0.0362023606419224,0.647917910089316,"Technology"
"NVDA","2012-06-04",0.26884713768959,0.277556590451857,0.266555177874379,0.275952224045672,432856000,"NVDA",-0.020868251234794,0.63439699636205,"Technology"
"NVDA","2012-06-05",0.276639848947525,0.277327442434828,0.267472008643008,0.267472008643008,365224000,"NVDA",0.0289856582625477,0.652785410901387,"Technology"
"NVDA","2012-06-06",0.283974140882492,0.284661734430705,0.276639873453637,0.278702626775955,368968000,"NVDA",0.0265120587755897,0.670092096083052,"Technology"
"NVDA","2012-06-07",0.272514283657074,0.289704009551478,0.272285076747186,0.288099615826897,526780000,"NVDA",-0.0403552844276767,0.643050338952882,"Technology"
"NVDA","2012-06-08",0.277785807847977,0.27870258087974,0.272972681125424,0.273431067641306,370308000,"NVDA",0.0193440289446856,0.655489523322477,"Technology"
"NVDA","2012-06-11",0.280994534492493,0.291766767647367,0.280306968395217,0.286724461440884,839080000,"NVDA",0.01155108199866,0.663061136555637,"Technology"
"NVDA","2012-06-12",0.286724448204041,0.289474794433121,0.283744895071571,0.284203281556032,496128000,"NVDA",0.0203915486181847,0.67658197995854,"Technology"
"NVDA","2012-06-13",0.279161065816879,0.287182927515993,0.277785878596673,0.28649533390589,494276000,"NVDA",-0.0263785750902517,0.658734711395493,"Technology"
"NVDA","2012-06-14",0.27572301030159,0.280994523210388,0.272972664055965,0.278702563451981,589884000,"NVDA",-0.0123156698274843,0.650621952186043,"Technology"
"NVDA","2012-06-15",0.281682014465332,0.281911221286989,0.275264524004294,0.2777856897533,385288000,"NVDA",0.0216122845794554,0.664683378970328,"Technology"
"NVDA","2012-06-18",0.284203201532364,0.286495160631632,0.277327324234559,0.279619283333827,304424000,"NVDA",0.00895047229698847,0.670632609140071,"Technology"
"NVDA","2012-06-19",0.303455770015717,0.307810510070424,0.294517110317518,0.295892297139492,960476000,"NVDA",0.0677422646175232,0.716062780809577,"Technology"
"NVDA","2012-06-20",0.308268934488297,0.313998834747456,0.304601787393507,0.306435360940902,972720000,"NVDA",0.015861173021461,0.727420376470227,"Technology"
"NVDA","2012-06-21",0.294287860393524,0.308039616037311,0.293600267146873,0.308039616037311,516376000,"NVDA",-0.045353496673221,0.694429318845951,"Technology"
"NVDA","2012-06-22",0.297955065965652,0.301393033204229,0.293829532601678,0.297955065965652,865360000,"NVDA",0.0124612872825419,0.70308280208551,"Technology"
"NVDA","2012-06-25",0.288558006286621,0.299101032484531,0.287412026366079,0.298184259477024,494616000,"NVDA",-0.0315385128578906,0.680908616091775,"Technology"
"NVDA","2012-06-26",0.291766703128815,0.293829455609137,0.286036804769796,0.290162337052751,437152000,"NVDA",0.0111197636949517,0.688480159000572,"Technology"
"NVDA","2012-06-27",0.301163762807846,0.30322651539393,0.291995924963361,0.291995924963361,506064000,"NVDA",0.0322074437496131,0.710654344994307,"Technology"
"NVDA","2012-06-28",0.303455770015717,0.305289343337577,0.295892297139492,0.298413463872339,545896000,"NVDA",0.00761050129836793,0.716062780809577,"Technology"
"NVDA","2012-06-29",0.316749185323715,0.31743677882778,0.310331691489646,0.310560898431774,616508000,"NVDA",0.0438067640213602,0.747431174072982,"Technology"
"NVDA","2012-07-02",0.308268934488297,0.318582754954784,0.305747767445338,0.318353575337809,581684000,"NVDA",-0.0267727628936187,0.727420376470227,"Technology"
"NVDA","2012-07-03",0.31629091501236,0.316978508769145,0.3080398445756,0.308269051601972,219284000,"NVDA",0.0260226692559177,0.746349796337127,"Technology"
"NVDA","2012-07-05",0.313082069158554,0.315603208939778,0.308268941896269,0.314228049237925,280076000,"NVDA",-0.0101452356090599,0.738777901806512,"Technology"
"NVDA","2012-07-06",0.307123005390167,0.311706926357997,0.303685064664295,0.310790125771037,382760000,"NVDA",-0.0190335517597751,0.7247163343735,"Technology"
"NVDA","2012-07-09",0.302997291088104,0.306664436613181,0.300476125124326,0.3052892502107,306336000,"NVDA",-0.0134334264436547,0.714980910803179,"Technology"
"NVDA","2012-07-10",0.293829560279846,0.308727328642628,0.291537600119775,0.299788667624959,512028000,"NVDA",-0.0302568078260221,0.693347870785733,"Technology"
"NVDA","2012-07-11",0.289016336202621,0.298413379751747,0.287641149768303,0.294746234141769,485216000,"NVDA",-0.0163810069777887,0.681990134476357,"Technology"
"NVDA","2012-07-12",0.284203201532364,0.286265953792782,0.281682035594246,0.28580756743739,472160000,"NVDA",-0.0166535038589764,0.670632609140071,"Technology"
"NVDA","2012-07-13",0.287870407104492,0.289245566457692,0.282598894611442,0.284432467738022,324260000,"NVDA",0.0129034632697855,0.67928609237963,"Technology"
"NVDA","2012-07-16",0.288787186145782,0.291079145772153,0.283286466649106,0.286036840058601,334460000,"NVDA",0.0031846935935916,0.681449410446247,"Technology"
"NVDA","2012-07-17",0.28351566195488,0.291308340759481,0.278702536007264,0.289703974551047,447476000,"NVDA",-0.0182540100246747,0.669010226076653,"Technology"
"NVDA","2012-07-18",0.29933026432991,0.303455797851955,0.28145297061593,0.282828130241733,616008000,"NVDA",0.0557803483094607,0.7063278495098,"Technology"
"NVDA","2012-07-19",0.302309840917587,0.306206167804993,0.299330287184046,0.301393067763723,403036000,"NVDA",0.009954144110176,0.713358738712851,"Technology"
"NVDA","2012-07-20",0.293600261211395,0.302538918592537,0.290391501899328,0.300476138894285,4.51e+08,"NVDA",-0.0288101097858946,0.692806795133806,"Technology"
"NVDA","2012-07-23",0.297496736049652,0.299559516785309,0.282598993577751,0.285807727181231,451584000,"NVDA",0.0132713602575828,0.702001283700929,"Technology"
"NVDA","2012-07-24",0.294287860393524,0.299788551722115,0.290849921482577,0.297954978838482,351164000,"NVDA",-0.0107862549980796,0.694429318845951,"Technology"
"NVDA","2012-07-25",0.300017774105072,0.302997326779887,0.291995916231046,0.293371075473207,415044000,"NVDA",0.019470438583113,0.707950162248854,"Technology"
"NVDA","2012-07-26",0.301393061876297,0.308956535876058,0.299101074391765,0.305518568310421,338440000,"NVDA",0.00458402098118135,0.711195420646234,"Technology"
"NVDA","2012-07-27",0.308956444263458,0.309873217127571,0.300246965442829,0.302538952247735,376516000,"NVDA",0.0250947461765578,0.729042689209281,"Technology"
"NVDA","2012-07-30",0.305518716573715,0.312853014509864,0.302997575565206,0.308956685807743,363552000,"NVDA",-0.0111269007446615,0.720930703567828,"Technology"
"NVDA","2012-07-31",0.310331642627716,0.314686382586255,0.305060129689651,0.305518516179414,387788000,"NVDA",0.0157532936377061,0.73228773663357,"Technology"
"NVDA","2012-08-01",0.306893765926361,0.315144833723961,0.305518578852654,0.31216527994581,335912000,"NVDA",-0.0110780733548308,0.724175399370301,"Technology"
"NVDA","2012-08-02",0.30803969502449,0.312623614747823,0.300247015101435,0.305289348654954,367912000,"NVDA",0.00373396016914934,0.726879441467027,"Technology"
"NVDA","2012-08-03",0.314457148313522,0.317665908107242,0.305518489590638,0.312852782077819,326548000,"NVDA",0.020833202319986,0.742022667933348,"Technology"
"NVDA","2012-08-06",0.321103870868683,0.322708237221322,0.316978337874529,0.317436724357809,360324000,"NVDA",0.0211371329632919,0.757706899727232,"Technology"
"NVDA","2012-08-07",0.324312627315521,0.327750567175274,0.322479053925856,0.325000220751935,407340000,"NVDA",0.00999289244990328,0.765278583284756,"Technology"
"NVDA","2012-08-08",0.326146245002747,0.329584185329445,0.323166691255144,0.324083491735656,517064000,"NVDA",0.0056538584464102,0.769605360066717,"Technology"
"NVDA","2012-08-09",0.337147563695908,0.337835157030299,0.326146152312591,0.326604538761414,822300000,"NVDA",0.0337312443780193,0.795565106541761,"Technology"
"NVDA","2012-08-10",0.335084825754166,0.348836583757621,0.330730085993016,0.346086237621393,1278744000,"NVDA",-0.00611820509432019,0.790697676054054,"Technology"
"NVDA","2012-08-13",0.339439660310745,0.339668867288855,0.33416814571513,0.335543332939142,447244000,"NVDA",0.0129962153516749,0.800973753330121,"Technology"
"NVDA","2012-08-14",0.334397315979004,0.341044017068875,0.333022128905976,0.340585603162985,388828000,"NVDA",-0.0148549062508643,0.789075363315,"Technology"
"NVDA","2012-08-15",0.331876069307327,0.338293561907375,0.330271702987894,0.335543215742302,594404000,"NVDA",-0.00753967376889753,0.78312599249653,"Technology"
"NVDA","2012-08-16",0.338751912117004,0.339897891747535,0.333709579884822,0.334855559515353,371008000,"NVDA",0.0207181036705298,0.79935087799616,"Technology"
"NVDA","2012-08-17",0.335772484540939,0.338752038153356,0.332792930928523,0.338752038153356,309864000,"NVDA",-0.00879530851189992,0.792320340414925,"Technology"
"NVDA","2012-08-20",0.335772484540939,0.336230871099237,0.330730150432702,0.334626504484035,314392000,"NVDA",0,0.792320340414925,"Technology"
"NVDA","2012-08-21",0.334855616092682,0.338981148924105,0.331417676620215,0.336918396169551,340248000,"NVDA",-0.00273062412934451,0.790156811375218,"Technology"
"NVDA","2012-08-22",0.335543155670166,0.336918342167661,0.33164683035701,0.332792809997486,313556000,"NVDA",0.00205324188827053,0.791779194438636,"Technology"
"NVDA","2012-08-23",0.327979743480682,0.335084829456565,0.326604556736216,0.334855622558382,379040000,"NVDA",-0.0225408030581865,0.773931855551225,"Technology"
"NVDA","2012-08-24",0.334626466035843,0.336230832466706,0.327292172656498,0.327979766076101,347724000,"NVDA",0.0202656495935457,0.789616087345109,"Technology"
"NVDA","2012-08-27",0.328896462917328,0.335313981799162,0.328667283378748,0.33439718167791,340944000,"NVDA",-0.0171235801710354,0.776095032969116,"Technology"
"NVDA","2012-08-28",0.327521413564682,0.33073014675945,0.325687840029535,0.326375433520505,310764000,"NVDA",-0.00418079702180169,0.772850337166643,"Technology"
"NVDA","2012-08-29",0.328208953142166,0.330271705953917,0.32660455948601,0.327292152864032,250412000,"NVDA",0.00209922023113261,0.774472720230061,"Technology"
"NVDA","2012-08-30",0.322020679712296,0.328667380088489,0.32041631318091,0.327521400091454,307488000,"NVDA",-0.0188546758722639,0.759870288118213,"Technology"
"NVDA","2012-08-31",0.321562260389328,0.326604566397671,0.318353527653741,0.324312606637304,485064000,"NVDA",-0.00142357106809754,0.758788558760541,"Technology"
"NVDA","2012-09-04",0.304372489452362,0.317436679995146,0.301392964066279,0.316290700285941,694452000,"NVDA",-0.0534570534370346,0.718225958227468,"Technology"
"NVDA","2012-09-05",0.305289387702942,0.30987330801258,0.302080627092803,0.305518567325032,480256000,"NVDA",0.00301242156355704,0.720389557591539,"Technology"
"NVDA","2012-09-06",0.314686447381973,0.322937515185914,0.307352152746328,0.307581359699562,657296000,"NVDA",0.0307808265126303,0.742563743585274,"Technology"
"NVDA","2012-09-07",0.307123005390167,0.309185758896761,0.296809155890226,0.306664618757849,781064000,"NVDA",-0.0240348513726279,0.7247163343735,"Technology"
"NVDA","2012-09-10",0.304372489452362,0.310789981288371,0.303684923484688,0.306435269322318,371108000,"NVDA",-0.0089557470118884,0.718225958227468,"Technology"
"NVDA","2012-09-11",0.30803969502449,0.312852821662916,0.302997388793288,0.304143368724121,382808000,"NVDA",0.012048413372465,0.726879441467027,"Technology"
"NVDA","2012-09-12",0.311477690935135,0.313082084985214,0.307581363932774,0.310560917754222,322608000,"NVDA",0.0111608859707876,0.734992060027751,"Technology"
"NVDA","2012-09-13",0.313540369272232,0.315373942358112,0.307581263573701,0.314227962594726,433836000,"NVDA",0.00662223458413502,0.739859349866731,"Technology"
"NVDA","2012-09-14",0.317207634449005,0.322708356244117,0.313311306920587,0.313311306920587,339468000,"NVDA",0.0116963094267104,0.748512973755017,"Technology"
"NVDA","2012-09-17",0.308498084545135,0.317895130998665,0.305060144719062,0.317895130998665,493348000,"NVDA",-0.0274569365866564,0.727961100500336,"Technology"
"NVDA","2012-09-18",0.3105608522892,0.314227998884473,0.304830952810533,0.30506013239629,359952000,"NVDA",0.00668648477058059,0.732828601312406,"Technology"
"NVDA","2012-09-19",0.314228057861328,0.318582771353516,0.307581356825179,0.311248504108732,451936000,"NVDA",0.0118083317491457,0.741482084551966,"Technology"
"NVDA","2012-09-20",0.31193596124649,0.315144720828211,0.309414822277615,0.313540354698507,320596000,"NVDA",-0.00729437285275515,0.736073437763606,"Technology"
"NVDA","2012-09-21",0.313311189413071,0.315144762657092,0.311248436589993,0.312394416452217,340136000,"NVDA",0.0044086874789454,0.739318555512258,"Technology"
"NVDA","2012-09-24",0.313082069158554,0.313540455725838,0.307810555328984,0.308268941896269,357832000,"NVDA",-0.000731286536385167,0.738777901806512,"Technology"
"NVDA","2012-09-25",0.307352155447006,0.31858277713007,0.306893768858831,0.317207590043222,481544000,"NVDA",-0.0183016348618996,0.725257058403609,"Technology"
"NVDA","2012-09-26",0.302080571651459,0.306435311539774,0.298413452470173,0.306206104637431,436812000,"NVDA",-0.0171516083493236,0.712817733385288,"Technology"
"NVDA","2012-09-27",0.304372489452362,0.304830903193893,0.300246957034763,0.302768123323938,558888000,"NVDA",0.00758710759971595,0.718225958227468,"Technology"
"NVDA","2012-09-28",0.305747747421265,0.310102487726416,0.299101047162554,0.302997400941458,485508000,"NVDA",0.00451833860339021,0.721471146300484,"Technology"
"NVDA","2012-10-01",0.300705462694168,0.308956530051505,0.299559482634667,0.307122956491839,504236000,"NVDA",-0.0164916496347861,0.709572896934089,"Technology"
"NVDA","2012-10-02",0.301851391792297,0.302768164756192,0.298413452194219,0.302768164756192,295492000,"NVDA",0.00381080239734367,0.712276939030816,"Technology"
"NVDA","2012-10-03",0.298871725797653,0.303455643530494,0.29726736005562,0.302538870912848,430872000,"NVDA",-0.0098713011623099,0.705245838854674,"Technology"
"NVDA","2012-10-04",0.312165230512619,0.313998803879764,0.297955057408981,0.299559451181681,502608000,"NVDA",0.0444789639417614,0.736614443091168,"Technology"
"NVDA","2012-10-05",0.304830968379974,0.316290767922624,0.303684988425709,0.313082034979609,483068000,"NVDA",-0.0234948079278425,0.719307828233867,"Technology"
"NVDA","2012-10-08",0.301851391792297,0.305060124488245,0.299559432060245,0.303684965042402,240596000,"NVDA",-0.00977452062535502,0.712276939030816,"Technology"
"NVDA","2012-10-09",0.295433908700943,0.302309788121061,0.294517108384871,0.301393015127305,366360000,"NVDA",-0.0212604058349687,0.697133642240131,"Technology"
"NVDA","2012-10-10",0.290391564369202,0.295433897612556,0.28924558450886,0.29405871085122,326568000,"NVDA",-0.0170675883276673,0.685235252225009,"Technology"
"NVDA","2012-10-11",0.291996031999588,0.294058785341811,0.289704071698309,0.293142012150228,320516000,"NVDA",0.00552518677280324,0.689021304976861,"Technology"
"NVDA","2012-10-12",0.289474785327911,0.292225131470482,0.287641212125426,0.289933171797954,260696000,"NVDA",-0.00863452374476169,0.683071934158392,"Technology"
"NVDA","2012-10-15",0.293141901493073,0.293371081043295,0.28649520273501,0.289933141889152,249580000,"NVDA",0.0126681712916968,0.691725206424861,"Technology"
"NVDA","2012-10-16",0.301622211933136,0.302539012301545,0.292912758705998,0.29566310516659,367696000,"NVDA",0.028929028558764,0.711736144676343,"Technology"
"NVDA","2012-10-17",0.29933026432991,0.300705451278031,0.294975523875739,0.297955077381789,391752000,"NVDA",-0.0075987361425948,0.7063278495098,"Technology"
"NVDA","2012-10-18",0.294746309518814,0.298642635649401,0.293600329637917,0.298642635649401,254772000,"NVDA",-0.0153140372269338,0.695511118527987,"Technology"
"NVDA","2012-10-19",0.277556598186493,0.292454364722837,0.2759522317356,0.290391584438274,709412000,"NVDA",-0.058320361535261,0.654948658643641,"Technology"
"NVDA","2012-10-22",0.274347841739655,0.28030694784277,0.272055882057274,0.278702554207252,480840000,"NVDA",-0.0115607283984738,0.647376975086117,"Technology"
"NVDA","2012-10-23",0.282599061727524,0.284432635938395,0.271139229740159,0.271826823484527,573948000,"NVDA",0.0300757605219266,0.666847329956216,"Technology"
"NVDA","2012-10-24",0.278931796550751,0.285578496867699,0.276181450046846,0.284432516880879,332916000,"NVDA",-0.0129769191530755,0.65819370606793,"Technology"
"NVDA","2012-10-25",0.279161065816879,0.284203373420429,0.278015085574149,0.281223819324865,307356000,"NVDA",0.000821954574428825,0.658734711395493,"Technology"
"NVDA","2012-10-26",0.27618145942688,0.281223766075679,0.27618145942688,0.279619399504104,389376000,"NVDA",-0.0106734310577318,0.651703751868078,"Technology"
"NVDA","2012-10-31",0.274577081203461,0.279619415462351,0.273889515006631,0.277327455280063,347112000,"NVDA",-0.00580914528711858,0.647917910089316,"Technology"
"NVDA","2012-11-01",0.287641227245331,0.287870434153558,0.27572301446385,0.275952221372077,473220000,"NVDA",0.0475791569515215,0.678745298025157,"Technology"
"NVDA","2012-11-02",0.286266058683395,0.291079185484358,0.284432512589998,0.290620798961008,256700000,"NVDA",-0.00478084652573998,0.675500320925232,"Technology"
"NVDA","2012-11-05",0.298413515090942,0.299559495198507,0.285578526957288,0.285578526957288,444840000,"NVDA",0.0424341483702818,0.704164601767546,"Technology"
"NVDA","2012-11-06",0.298184275627136,0.299101048684297,0.293141969168117,0.299101048684297,350804000,"NVDA",-0.000768193973172733,0.703623666764346,"Technology"
"NVDA","2012-11-07",0.289016336202621,0.297725786534588,0.287641149768303,0.295892213729599,324620000,"NVDA",-0.0307458849237872,0.681990134476357,"Technology"
"NVDA","2012-11-08",0.290620684623718,0.299788520773125,0.289933091448051,0.292225050485403,839024000,"NVDA",0.00555106483659815,0.685775905930755,"Technology"
"NVDA","2012-11-09",0.279390215873718,0.295663144525485,0.278473442705585,0.292225204161505,846280000,"NVDA",-0.0386430469136795,0.659275435425602,"Technology"
"NVDA","2012-11-12",0.27320185303688,0.280994504775286,0.270451479649383,0.279848524971267,643624000,"NVDA",-0.0221495331090436,0.644672792340663,"Technology"
"NVDA","2012-11-13",0.271139055490494,0.278014961192989,0.270909875937875,0.271826648792974,492120000,"NVDA",-0.00755045225153819,0.639805221204229,"Technology"
"NVDA","2012-11-14",0.264492452144623,0.275493865852429,0.264263245210626,0.272743519256057,619300000,"NVDA",-0.0245136331755939,0.624121270707799,"Technology"
"NVDA","2012-11-15",0.265638500452042,0.272972769035072,0.263804926475703,0.266096887115545,466688000,"NVDA",0.00433300949847964,0.626825594101979,"Technology"
"NVDA","2012-11-16",0.260825246572495,0.266555145412723,0.255553734175021,0.265638372527212,624552000,"NVDA",-0.018119564262546,0.61546778746824,"Technology"
"NVDA","2012-11-19",0.268159538507462,0.269076338807198,0.26242963909279,0.265638399158395,404092000,"NVDA",0.0281195629309164,0.632774472649905,"Technology"
"NVDA","2012-11-20",0.265045464038849,0.26827489847086,0.262277345955879,0.267121525102486,336976000,"NVDA",-0.0116127678543347,0.625426209594873,"Technology"
"NVDA","2012-11-21",0.272657662630081,0.273349664471682,0.264814709272306,0.265045394885228,422312000,"NVDA",0.0287203503702163,0.643388669465154,"Technology"
"NVDA","2012-11-23",0.274503082036972,0.277732515826375,0.272426993887855,0.273811052653933,276932000,"NVDA",0.00676826533716229,0.647743294695018,"Technology"
"NVDA","2012-11-26",0.27934718132019,0.280039210575894,0.274503031527427,0.274964375198369,364600000,"NVDA",0.017646793789244,0.659173887044866,"Technology"
"NVDA","2012-11-27",0.280500590801239,0.28465273937798,0.275887098493434,0.278193844647336,451404000,"NVDA",0.00412894619375642,0.661895580556804,"Technology"
"NVDA","2012-11-28",0.282807379961014,0.284191438863259,0.275887140446961,0.279347260203987,398332000,"NVDA",0.00822382995053781,0.667338897256315,"Technology"
"NVDA","2012-11-29",0.277732610702515,0.284652851899757,0.276809922875653,0.283268820159465,488688000,"NVDA",-0.0179442603626494,0.655363994333825,"Technology"
"NVDA","2012-11-30",0.276117920875549,0.279578041820277,0.274503203267729,0.277501952754282,460504000,"NVDA",-0.00581382871417596,0.651553820325329,"Technology"
"NVDA","2012-12-03",0.271042972803116,0.279577957216187,0.270350970822457,0.279577957216187,391380000,"NVDA",-0.0183796403230228,0.639578495456658,"Technology"
"NVDA","2012-12-04",0.279116541147232,0.279577884847783,0.269889529643314,0.271504273843113,528068000,"NVDA",0.0297870417396167,0.658629646796587,"Technology"
"NVDA","2012-12-05",0.275887072086334,0.278655161706347,0.271965609499767,0.276809786958726,633024000,"NVDA",-0.0115703248815852,0.651009087806507,"Technology"
"NVDA","2012-12-06",0.276348471641541,0.278193874260821,0.274272410881467,0.275195098441814,412896000,"NVDA",0.00167242180547667,0.652097849600518,"Technology"
"NVDA","2012-12-07",0.275887072086334,0.277963159925279,0.272657638779416,0.276579101365983,338288000,"NVDA",-0.00166962948072604,0.651009087806507,"Technology"
"NVDA","2012-12-10",0.285114169120789,0.287190257784754,0.275195152166974,0.275887181721629,513644000,"NVDA",0.0334451954006996,0.672782213955827,"Technology"
"NVDA","2012-12-11",0.291803747415543,0.29549455332318,0.285344850826473,0.286036880371479,816724000,"NVDA",0.0234628054978214,0.688567572184266,"Technology"
"NVDA","2012-12-12",0.288804918527603,0.294341126382182,0.287651545328556,0.292726409403233,399404000,"NVDA",-0.0102768690069939,0.681491253442464,"Technology"
"NVDA","2012-12-13",0.289035588502884,0.29457176855885,0.286267498474901,0.288343559121242,377556000,"NVDA",0.00079870514829447,0.682035564015107,"Technology"
"NVDA","2012-12-14",0.290419638156891,0.293418414001498,0.288112891737745,0.290188980014128,338660000,"NVDA",0.00478850947447653,0.685301497775323,"Technology"
"NVDA","2012-12-17",0.289266318082809,0.29134240674055,0.284883510080786,0.289727689450257,445232000,"NVDA",-0.0039712193066585,0.682580015236476,"Technology"
"NVDA","2012-12-18",0.289727658033371,0.292957092263771,0.288343599078292,0.289266286715952,416436000,"NVDA",0.00159486231794693,0.68366863638176,"Technology"
"NVDA","2012-12-19",0.291803747415543,0.295263867641981,0.29065037400673,0.291803747415543,458544000,"NVDA",0.0071656582470028,0.688567572184266,"Technology"
"NVDA","2012-12-20",0.291573107242584,0.29318782461494,0.288343644999279,0.292957138919493,334332000,"NVDA",-0.000790394828720041,0.688023331935987,"Technology"
"NVDA","2012-12-21",0.284883469343185,0.287651559659086,0.281654007725812,0.287651559659086,462172000,"NVDA",-0.0229432609977748,0.672237833058821,"Technology"
"NVDA","2012-12-24",0.2825767993927,0.285575576171838,0.281654084038338,0.284652860817475,127376000,"NVDA",-0.00809688942571285,0.666794797656763,"Technology"
"NVDA","2012-12-26",0.282346040010452,0.286498189275229,0.28119266674238,0.281884696202941,196740000,"NVDA",-0.00081662536607344,0.666250276111031,"Technology"
"NVDA","2012-12-27",0.280500590801239,0.283268708184789,0.277271157185209,0.282807336955142,299804000,"NVDA",-0.00653612570286071,0.661895580556804,"Technology"
"NVDA","2012-12-28",0.279116541147232,0.283499347550334,0.277501796947433,0.277963168146565,220600000,"NVDA",-0.0049342129727908,0.658629646796587,"Technology"
"NVDA","2012-12-31",0.282807379961014,0.283960753213356,0.277501857500522,0.278193886951645,326460000,"NVDA",0.0132232894496742,0.667338897256315,"Technology"
"NVDA","2013-01-02",0.29341846704483,0.293649152727882,0.288574315188064,0.289727688606141,478836000,"NVDA",0.0375205452038745,0.692377816517124,"Technology"
"NVDA","2013-01-03",0.293649137020111,0.296878571418541,0.290189016950969,0.293418451349399,298888000,"NVDA",0.000786146753488145,0.692922127089767,"Technology"
"NVDA","2013-01-04",0.303337424993515,0.304260112465592,0.293187725307749,0.294110412779826,524968000,"NVDA",0.0329927343622345,0.715783522762554,"Technology"
"NVDA","2013-01-07",0.294571846723557,0.304029519952227,0.292495785526332,0.303106832197592,610732000,"NVDA",-0.0288971209871182,0.695099439704699,"Technology"
"NVDA","2013-01-08",0.288112848997116,0.296186487765014,0.286036788527296,0.295263772835086,466424000,"NVDA",-0.0219267312823073,0.679858181075811,"Technology"
"NVDA","2013-01-09",0.281653970479965,0.291803670294189,0.279808595512455,0.290419611569972,695020000,"NVDA",-0.022417877368654,0.664617203744378,"Technology"
"NVDA","2013-01-10",0.282115340232849,0.285575459526561,0.280500595896917,0.284191400809643,506368000,"NVDA",0.00163807295916224,0.665705895214025,"Technology"
"NVDA","2013-01-11",0.281653970479965,0.283499372946059,0.278885880530117,0.283268714824412,513172000,"NVDA",-0.00163539406436783,0.664617203744378,"Technology"
"NVDA","2013-01-14",0.281423330307007,0.283499391027155,0.278193868910728,0.283499391027155,305684000,"NVDA",-0.000818877761834286,0.664072963496099,"Technology"
"NVDA","2013-01-15",0.276348471641541,0.280039276880101,0.27473375466164,0.280039276880101,375888000,"NVDA",-0.0180328285502489,0.652097849600518,"Technology"
"NVDA","2013-01-16",0.278885900974274,0.281192647351344,0.275887125184365,0.275887125184365,337376000,"NVDA",0.00918199155457797,0.658085406548308,"Technology"
"NVDA","2013-01-17",0.2825767993927,0.283730172961707,0.279116678685679,0.279808708326802,580736000,"NVDA",0.0132344389068524,0.666794797656763,"Technology"
"NVDA","2013-01-18",0.280731320381165,0.28257672309301,0.277271200608424,0.28257672309301,397088000,"NVDA",-0.00653089360309075,0.662440031778172,"Technology"
"NVDA","2013-01-22",0.27934718132019,0.283037985684888,0.277963150307364,0.280500554246836,308224000,"NVDA",-0.00493047608330555,0.659173887044866,"Technology"
"NVDA","2013-01-23",0.279808610677719,0.280500612578749,0.27680983494511,0.280269954444601,421808000,"NVDA",0.0016518131858284,0.66026271916324,"Technology"
"NVDA","2013-01-24",0.281192660331726,0.282346033573503,0.277501854958604,0.278885913848172,396980000,"NVDA",0.0049464155182883,0.663528652923457,"Technology"
"NVDA","2013-01-25",0.286267638206482,0.286498296447227,0.280270083969535,0.281654115909801,393920000,"NVDA",0.018048045310887,0.675504048116491,"Technology"
"NVDA","2013-01-28",0.29088106751442,0.292726470517891,0.286959575820071,0.287651605383697,422492000,"NVDA",0.0161157905826924,0.686390329893698,"Technology"
"NVDA","2013-01-29",0.284652858972549,0.290419726780208,0.283499485411018,0.289727724642165,388872000,"NVDA",-0.0214115294442852,0.671693663134906,"Technology"
"NVDA","2013-01-30",0.284191459417343,0.288804952760382,0.283268771748171,0.284883488918517,287592000,"NVDA",-0.00162092015120352,0.670604901340895,"Technology"
"NVDA","2013-01-31",0.282807379961014,0.28742090046897,0.280962004756136,0.284191438863259,470544000,"NVDA",-0.00487023592885945,0.667338897256315,"Technology"
"NVDA","2013-02-01",0.285344868898392,0.286267584183035,0.282807436238862,0.285114183202583,288816000,"NVDA",0.00897249901232328,0.673326594852832,"Technology"
"NVDA","2013-02-04",0.280500590801239,0.289496917300609,0.280269932684999,0.283730051915853,511744000,"NVDA",-0.0169769238040082,0.661895580556804,"Technology"
"NVDA","2013-02-05",0.286959558725357,0.288574303443821,0.280962033694599,0.281884721392072,367296000,"NVDA",0.0230265751158251,0.677136768861327,"Technology"
"NVDA","2013-02-06",0.284652858972549,0.286959606095613,0.278424647239997,0.280039364726422,530688000,"NVDA",-0.00803841406452437,0.671693663134906,"Technology"
"NVDA","2013-02-07",0.283499360084534,0.28603679179762,0.280731270260265,0.283730045694299,4.4e+08,"NVDA",-0.0040523003780088,0.668971758649878,"Technology"
"NVDA","2013-02-08",0.285344868898392,0.287651615862112,0.283499465827697,0.285344868898392,307232000,"NVDA",0.0065097459595949,0.673326594852833,"Technology"
"NVDA","2013-02-11",0.288574278354645,0.2915730543586,0.284883472888456,0.287651563238804,408308000,"NVDA",0.0113175662443855,0.680947013194186,"Technology"
"NVDA","2013-02-12",0.286728858947754,0.289958292918931,0.285575485743964,0.286036829525763,277804000,"NVDA",-0.00639495459336446,0.676592387964322,"Technology"
"NVDA","2013-02-13",0.285344868898392,0.292265109789552,0.284422181112341,0.286959586273277,856396000,"NVDA",-0.00482682508639413,0.673326594852833,"Technology"
"NVDA","2013-02-14",0.293649137020111,0.293879822690823,0.277963253873617,0.281423373942759,882096000,"NVDA",0.0291025668475448,0.692922127089767,"Technology"
"NVDA","2013-02-15",0.293649137020111,0.295033196047204,0.287190240724662,0.292957107506565,733860000,"NVDA",0,0.692922127089767,"Technology"
"NVDA","2013-02-19",0.289727658033371,0.29411046556014,0.287882255259462,0.293879807400019,433552000,"NVDA",-0.0133543010769057,0.68366863638176,"Technology"
"NVDA","2013-02-20",0.285575568675995,0.295263900901635,0.284652853345852,0.290650406746702,713012000,"NVDA",-0.0143310079043191,0.673870975749838,"Technology"
"NVDA","2013-02-21",0.283499360084534,0.288343537900941,0.282807330753821,0.285114076857142,580408000,"NVDA",-0.00727025985131376,0.668971758649878,"Technology"
"NVDA","2013-02-22",0.288804918527603,0.289035604166847,0.283730081951512,0.285344798930461,370148000,"NVDA",0.0187145341050768,0.681491253442465,"Technology"
"NVDA","2013-02-25",0.283730059862137,0.29180367162691,0.283268716118152,0.289496925408403,644444000,"NVDA",-0.0175719260299968,0.669516139546884,"Technology"
"NVDA","2013-02-26",0.2870953977108,0.288720021026169,0.283381949275136,0.284310325217697,487504000,"NVDA",0.0118610550122836,0.677457307309661,"Technology"
"NVDA","2013-02-27",0.292433559894562,0.29452238566081,0.286399211237356,0.287095486492772,476980000,"NVDA",0.0185936877648554,0.690053736955797,"Technology"
"NVDA","2013-02-28",0.293826013803482,0.298235709525831,0.290344666338273,0.291505115493343,591392000,"NVDA",0.00476160776287901,0.693339502186489,"Technology"
"NVDA","2013-03-01",0.294986486434937,0.295914834765958,0.289184240197818,0.291737211941775,389396000,"NVDA",0.0039495231087014,0.69607786257255,"Technology"
"NVDA","2013-03-04",0.293826013803482,0.296611086242191,0.290576739568913,0.292897637879052,353680000,"NVDA",-0.00393398574110759,0.693339502186489,"Technology"
"NVDA","2013-03-05",0.297075271606445,0.297539445752571,0.294058098155693,0.295450648261361,366168000,"NVDA",0.0110584415617347,0.701006756553861,"Technology"
"NVDA","2013-03-06",0.296843200922012,0.301717070999216,0.295450650804359,0.298931998431201,342928000,"NVDA",-0.000781184792588265,0.700459140736139,"Technology"
"NVDA","2013-03-07",0.296146929264069,0.301485001219986,0.294522305886344,0.298467827708616,314824000,"NVDA",-0.0023455873531247,0.698816152634248,"Technology"
"NVDA","2013-03-08",0.297539532184601,0.298932082694789,0.295450734086618,0.296843284596806,246464000,"NVDA",0.00470240540394214,0.702102269486757,"Technology"
"NVDA","2013-03-11",0.294754415750504,0.295914865116951,0.292201416077402,0.294522342477591,299748000,"NVDA",-0.00936049207864364,0.695530246754829,"Technology"
"NVDA","2013-03-12",0.295682787895203,0.296611136309044,0.291505164698326,0.294290237607146,310856000,"NVDA",0.00314964626512982,0.697720920998805,"Technology"
"NVDA","2013-03-13",0.295682787895203,0.30078875950592,0.292897687319088,0.295682787895203,485840000,"NVDA",0,0.697720920998805,"Technology"
"NVDA","2013-03-14",0.295914828777313,0.298467828136895,0.294058104485553,0.297539452157369,383304000,"NVDA",0.00078476290000633,0.698268466492163,"Technology"
"NVDA","2013-03-15",0.293361902236938,0.295914874322162,0.292201425167096,0.295914874322162,355776000,"NVDA",-0.0086272342312927,0.69224434087541,"Technology"
"NVDA","2013-03-18",0.291273057460785,0.294058130309361,0.289184259741176,0.291505158392872,298312000,"NVDA",-0.00712036825581556,0.687315306245372,"Technology"
"NVDA","2013-03-19",0.289416402578354,0.292897751392774,0.287327604356622,0.291505228467387,355480000,"NVDA",-0.0063742760783187,0.68293416873051,"Technology"
"NVDA","2013-03-20",0.292897671461105,0.293826047491978,0.289648424521285,0.292201396354774,340588000,"NVDA",0.0120285818348149,0.691148898266877,"Technology"
"NVDA","2013-03-21",0.288255989551544,0.291737338807727,0.287791815184181,0.291273164440364,339032000,"NVDA",-0.0158474524102782,0.680195948993176,"Technology"
"NVDA","2013-03-22",0.289648354053497,0.290808803059295,0.288023730978837,0.289184179984635,232476000,"NVDA",0.00483030553543503,0.683481503250778,"Technology"
"NVDA","2013-03-25",0.288023710250854,0.291505057017709,0.285934885590371,0.291272956166338,362076000,"NVDA",-0.00560902135263905,0.679647840904911,"Technology"
"NVDA","2013-03-26",0.290112614631653,0.290344715568938,0.287559614990698,0.288720064342533,232540000,"NVDA",0.00725254312910214,0.684577016183675,"Technology"
"NVDA","2013-03-27",0.29359382390976,0.295218446700934,0.288255753881086,0.288952028696527,254944000,"NVDA",0.0119995101989159,0.692791605071314,"Technology"
"NVDA","2013-03-28",0.297771513462067,0.298003614342899,0.290808819044552,0.292897616302891,349276000,"NVDA",0.0142294871761036,0.702649674331389,"Technology"
"NVDA","2013-04-01",0.288023710250854,0.297075200777762,0.285934885590371,0.297075200777762,442828000,"NVDA",-0.0327358486978102,0.679647840904911,"Technology"
"NVDA","2013-04-02",0.285006672143936,0.288952194809937,0.283149947457789,0.28825591959422,371524000,"NVDA",-0.0104749643850176,0.672528553977078,"Technology"
"NVDA","2013-04-03",0.281525254249573,0.286167050985652,0.279436429117963,0.284542399994192,353156000,"NVDA",-0.0122152154129402,0.664313472818894,"Technology"
"NVDA","2013-04-04",0.28431037068367,0.285238719107399,0.279668573230434,0.280596921654163,294676000,"NVDA",0.00989295415617768,0.670885495550823,"Technology"
"NVDA","2013-04-05",0.289184182882309,0.289184182882309,0.279436389002102,0.280132663946015,551352000,"NVDA",0.0171425762166855,0.682386201290972,"Technology"
"NVDA","2013-04-08",0.288487941026688,0.289416289280191,0.283149869400818,0.289416289280191,326660000,"NVDA",-0.00240760697449588,0.680743283513444,"Technology"
"NVDA","2013-04-09",0.293129652738571,0.295218449537684,0.286631133844145,0.288719930643258,380584000,"NVDA",0.0160897945867836,0.691696303111508,"Technology"
"NVDA","2013-04-10",0.297771513462067,0.298235687556443,0.292665543089347,0.293361818064556,384688000,"NVDA",0.0158355208356738,0.702649674331388,"Technology"
"NVDA","2013-04-11",0.296379089355469,0.298235814188637,0.285470869003143,0.293594015939366,969220000,"NVDA",-0.0046761494758473,0.699363979425059,"Technology"
"NVDA","2013-04-12",0.303805977106094,0.307055224689792,0.295218628538481,0.297771628545171,770548000,"NVDA",0.0250587440793369,0.716889162403779,"Technology"
"NVDA","2013-04-15",0.297539532184601,0.303805981813149,0.295682835060749,0.302877605583924,430420000,"NVDA",-0.0206264701609382,0.702102269486757,"Technology"
"NVDA","2013-04-16",0.300788700580597,0.302877497936187,0.298699875557718,0.300324526464609,468844000,"NVDA",0.0109201233602136,0.709769312881038,"Technology"
"NVDA","2013-04-17",0.296843200922012,0.301252896849096,0.294986476654238,0.29846782428108,532948000,"NVDA",-0.0131171804358634,0.700459140736139,"Technology"
"NVDA","2013-04-18",0.291040867567062,0.299396111226162,0.291040867567062,0.297539387338886,402548000,"NVDA",-0.0195467955369285,0.686767409130197,"Technology"
"NVDA","2013-04-19",0.291737198829651,0.292665574786239,0.287095402048582,0.290808850540354,303028000,"NVDA",0.00239255493020426,0.688410537880815,"Technology"
"NVDA","2013-04-22",0.292201340198517,0.294754339208655,0.289184194763083,0.291505092893286,245568000,"NVDA",0.00159095710361223,0.689505769516258,"Technology"
"NVDA","2013-04-23",0.299860417842865,0.302877564089422,0.29429024423253,0.2947544184499,376948000,"NVDA",0.0262116444748155,0.707578849610152,"Technology"
"NVDA","2013-04-24",0.310072332620621,0.312625332081017,0.300556637541644,0.300788738462514,556556000,"NVDA",0.0340555610881162,0.73167584434771,"Technology"
"NVDA","2013-04-25",0.312625348567963,0.313321623699999,0.308911899641966,0.311697000170111,353224000,"NVDA",0.0082336141562994,0.737700180937553,"Technology"
"NVDA","2013-04-26",0.311232835054398,0.312625385482903,0.309608211332673,0.312161211229167,324332000,"NVDA",-0.00445425657242359,0.734414275058134,"Technology"
"NVDA","2013-04-29",0.314946204423904,0.316106653597144,0.310304407730947,0.31169695780575,269712000,"NVDA",0.011931161983143,0.743176690736585,"Technology"
"NVDA","2013-04-30",0.319587916135788,0.319587916135788,0.313553570972609,0.315642395529379,276712000,"NVDA",0.0147381097047164,0.754129710334649,"Technology"
"NVDA","2013-05-01",0.316803008317947,0.321676907138369,0.315642558852828,0.319588081500775,341316000,"NVDA",-0.00871405856489678,0.747558179873264,"Technology"
"NVDA","2013-05-02",0.320516437292099,0.321444785738243,0.314714162668161,0.316570887227745,323480000,"NVDA",0.0117215710604136,0.756320736200442,"Technology"
"NVDA","2013-05-03",0.321908950805664,0.324229849522311,0.320748501447341,0.322605225954117,293864000,"NVDA",0.00434459313640758,0.759606642079861,"Technology"
"NVDA","2013-05-06",0.320980578660965,0.323765651381626,0.319123854291427,0.321908927012088,217116000,"NVDA",-0.00288395877895161,0.757415967835885,"Technology"
"NVDA","2013-05-07",0.316803008317947,0.321676907138369,0.313785834175177,0.320980631925838,448068000,"NVDA",-0.013015025271763,0.747558179873264,"Technology"
"NVDA","2013-05-08",0.322605192661285,0.324461916976448,0.316106671391863,0.317267120630428,334032000,"NVDA",0.0183148019147434,0.761249559857389,"Technology"
"NVDA","2013-05-09",0.322837263345718,0.324229785701227,0.316338742684812,0.316802916803314,566800000,"NVDA",0.000719364380091187,0.761797175675111,"Technology"
"NVDA","2013-05-10",0.337459027767181,0.338851578202023,0.329567954748576,0.329567954748576,861136000,"NVDA",0.0452914396248147,0.796300066463554,"Technology"
"NVDA","2013-05-13",0.330496251583099,0.336530598462309,0.329103701482577,0.335138048361786,289812000,"NVDA",-0.0206329527769687,0.779870044795915,"Technology"
"NVDA","2013-05-14",0.335370242595673,0.338155315904467,0.331192618798832,0.334441866381209,454140000,"NVDA",0.0147474925637628,0.791371172482244,"Technology"
"NVDA","2013-05-15",0.341172426939011,0.342332876241499,0.333745529269252,0.333745529269252,313172000,"NVDA",0.0173008323530159,0.805062552466369,"Technology"
"NVDA","2013-05-16",0.339547693729401,0.344189489439428,0.338387217134609,0.340708142656908,308368000,"NVDA",-0.00476220550466826,0.801228679147411,"Technology"
"NVDA","2013-05-17",0.345117956399918,0.347438855054429,0.338619434633827,0.341172434220707,312116000,"NVDA",0.0164049492115124,0.814372794935632,"Technology"
"NVDA","2013-05-20",0.344421565532684,0.345814115324365,0.342564841699539,0.343725290636844,236380000,"NVDA",-0.00201783435002237,0.812729525536287,"Technology"
"NVDA","2013-05-21",0.348037302494049,0.349436926114613,0.342438863627448,0.34640442680861,357784000,"NVDA",0.0104979981604016,0.821261558600271,"Technology"
"NVDA","2013-05-22",0.335907310247421,0.349436902364614,0.334507686721984,0.349436902364614,480404000,"NVDA",-0.0348525636755135,0.792638487834904,"Technology"
"NVDA","2013-05-23",0.341272473335266,0.342438816924056,0.331008633069224,0.331941696817126,393884000,"NVDA",0.0159721534011659,0.805298631354271,"Technology"
"NVDA","2013-05-24",0.33917310833931,0.342205607858916,0.335440796960128,0.339406388228445,283304000,"NVDA",-0.00615158021811506,0.800344772223957,"Technology"
"NVDA","2013-05-28",0.338939756155014,0.342672066738101,0.335674005250681,0.341739002996242,279300000,"NVDA",-0.000688003201191906,0.799794132458609,"Technology"
"NVDA","2013-05-29",0.336840391159058,0.338939798745964,0.335440767562568,0.336840391159058,335052000,"NVDA",-0.00619391782118435,0.794840273328295,"Technology"
"NVDA","2013-05-30",0.341272473335266,0.344771504101635,0.335440727583494,0.33637381913922,284504000,"NVDA",0.0131578109173839,0.805298631354271,"Technology"
"NVDA","2013-05-31",0.337540179491043,0.344304961518847,0.337540179491043,0.339406334887349,577508000,"NVDA",-0.0109364045911679,0.796491559705067,"Technology"
"NVDA","2013-06-03",0.337073683738708,0.340572715054052,0.330075593300192,0.338006747633002,444468000,"NVDA",-0.00138204510360217,0.795390772444916,"Technology"
"NVDA","2013-06-04",0.337540179491043,0.345238053120913,0.335440744242264,0.339173055034876,363676000,"NVDA",0.00138395779569731,0.796491559705067,"Technology"
"NVDA","2013-06-05",0.330308973789215,0.339639726805596,0.329375881802875,0.337073786410793,464520000,"NVDA",-0.0214232442274917,0.779428126496369,"Technology"
"NVDA","2013-06-06",0.332408308982849,0.334974276621114,0.33007562124182,0.330308901139055,341044000,"NVDA",0.00635567108441236,0.78438191530232,"Technology"
"NVDA","2013-06-07",0.337073683738708,0.339173091404783,0.333341372545877,0.334740968387317,274584000,"NVDA",0.0140350726193793,0.795390772444916,"Technology"
"NVDA","2013-06-10",0.336840391159058,0.338939798745964,0.334274423834769,0.336140579360813,224148000,"NVDA",-0.000692111520137899,0.794840273328295,"Technology"
"NVDA","2013-06-11",0.330542236566544,0.337073768900273,0.330542236566544,0.332408364826607,296336000,"NVDA",-0.018697741594594,0.779978555288626,"Technology"
"NVDA","2013-06-12",0.327743113040924,0.334974460122634,0.32587695626424,0.332175238861531,312588000,"NVDA",-0.00846827792627947,0.773373480105904,"Technology"
"NVDA","2013-06-13",0.335207670927048,0.336840547341514,0.326343448924149,0.326576701093164,236256000,"NVDA",0.0227756361281391,0.790987553079949,"Technology"
"NVDA","2013-06-14",0.334741026163101,0.336840461999364,0.332408338216921,0.336373929971695,236012000,"NVDA",-0.00139210645942554,0.789886414197981,"Technology"
"NVDA","2013-06-17",0.3380067050457,0.341039204031816,0.33544073794795,0.337306893309239,255336000,"NVDA",0.00975583698249072,0.797592417289581,"Technology"
"NVDA","2013-06-18",0.335907310247421,0.343371904164823,0.333108063196548,0.339639593302209,486772000,"NVDA",-0.00621110400160541,0.792638487834903,"Technology"
"NVDA","2013-06-19",0.346171170473099,0.361100388145496,0.337773483794386,0.33893982762155,1159588000,"NVDA",0.0305556322013873,0.816858057937851,"Technology"
"NVDA","2013-06-20",0.336840391159058,0.34383845352585,0.33450770370346,0.343371921596296,628696000,"NVDA",-0.0269542356785203,0.794840273328295,"Technology"
"NVDA","2013-06-21",0.336373925209045,0.339872957078774,0.330775457532779,0.338706613122198,714228000,"NVDA",-0.00138482783613661,0.793739556392508,"Technology"
"NVDA","2013-06-24",0.329375773668289,0.335674052132881,0.324477146627619,0.331475209092429,580772000,"NVDA",-0.0208046790083598,0.777226059705524,"Technology"
"NVDA","2013-06-25",0.331708490848541,0.333574618603495,0.328209431788433,0.332874834599301,457360000,"NVDA",0.00708223666322627,0.782730558601185,"Technology"
"NVDA","2013-06-26",0.329842388629913,0.335907388237866,0.328442764779514,0.335440828415845,579752000,"NVDA",-0.00562572942843358,0.778327128263128,"Technology"
"NVDA","2013-06-27",0.326809912919998,0.331242009093297,0.323310880843867,0.330775477044713,808036000,"NVDA",-0.00919371134350361,0.771171413315059,"Technology"
"NVDA","2013-06-28",0.327509701251984,0.330775453164132,0.322611045575928,0.326809889325714,431536000,"NVDA",0.00214127021341846,0.77282269969183,"Technology"
"NVDA","2013-07-01",0.328909397125244,0.330542301384761,0.326809988517068,0.329842489246088,199524000,"NVDA",0.00427375393128762,0.776125553742827,"Technology"
"NVDA","2013-07-02",0.328676044940948,0.333574672805412,0.325643545134661,0.327043141178294,256392000,"NVDA",-0.000709472536617119,0.775574913977479,"Technology"
"NVDA","2013-07-03",0.329609155654907,0.333574720051954,0.325876843394254,0.325876843394254,140388000,"NVDA",0.00283899824255944,0.777776769795234,"Technology"
"NVDA","2013-07-05",0.332175046205521,0.332874858066879,0.32844273481683,0.330542170400905,184684000,"NVDA",0.00778464586493413,0.783831486510063,"Technology"
"NVDA","2013-07-08",0.330542236566544,0.334741052959522,0.328676080498644,0.333108176828049,262084000,"NVDA",-0.00491550963152967,0.779978555288626,"Technology"
"NVDA","2013-07-09",0.332175046205521,0.334274453981765,0.330308890511175,0.331241954454433,157364000,"NVDA",0.0049397912228634,0.783831486510063,"Technology"
"NVDA","2013-07-10",0.336607098579407,0.337540190211107,0.331241912072568,0.332175003704268,208468000,"NVDA",0.0133425205310093,0.794289774211675,"Technology"
"NVDA","2013-07-11",0.341272473335266,0.341739005209217,0.337773414761073,0.338473226475912,239832000,"NVDA",0.0138600010978639,0.805298631354271,"Technology"
"NVDA","2013-07-12",0.341505795717239,0.344771575123283,0.339406387948078,0.34057273177713,216360000,"NVDA",0.000683683567247601,0.805849200795255,"Technology"
"NVDA","2013-07-15",0.340805858373642,0.342205481576296,0.335440673173896,0.342205481576296,201332000,"NVDA",-0.00204956212273758,0.804197562796667,"Technology"
"NVDA","2013-07-16",0.342672288417816,0.344538444916604,0.340572879736582,0.34220575624508,162560000,"NVDA",0.00547651983766059,0.808601766702721,"Technology"
"NVDA","2013-07-17",0.340805858373642,0.343838356774178,0.339872794777086,0.342672013374573,166100000,"NVDA",-0.00544669092675063,0.804197562796666,"Technology"
"NVDA","2013-07-18",0.339406400918961,0.341505808768354,0.334974277514485,0.340339464894728,344488000,"NVDA",-0.00410631865707867,0.800895271340577,"Technology"
"NVDA","2013-07-19",0.332175046205521,0.338939829313713,0.32867601470656,0.337306953509097,480532000,"NVDA",-0.0213058878496713,0.783831486510063,"Technology"
"NVDA","2013-07-22",0.331941783428192,0.337773502893766,0.330542187441153,0.334741003210101,292384000,"NVDA",-0.00070222847860814,0.783281057717806,"Technology"
"NVDA","2013-07-23",0.331475347280502,0.336140724201982,0.329842470919552,0.336140724201982,246792000,"NVDA",-0.00140517455462404,0.782180411106382,"Technology"
"NVDA","2013-07-24",0.331475347280502,0.335440912102192,0.331008815149922,0.334507847841032,284252000,"NVDA",0,0.782180411106382,"Technology"
"NVDA","2013-07-25",0.332641631364822,0.337073755323545,0.328909319379355,0.331242007418313,243320000,"NVDA",0.00351846402421333,0.784932484743304,"Technology"
"NVDA","2013-07-26",0.33124190568924,0.333341340964237,0.328675966319122,0.328675966319122,227360000,"NVDA",-0.00420790888332238,0.781629560367944,"Technology"
"NVDA","2013-07-29",0.330542236566544,0.334741052959522,0.329609144628676,0.330542236566544,179540000,"NVDA",-0.00211226028675348,0.779978555288627,"Technology"
"NVDA","2013-07-30",0.33614057302475,0.340572695791538,0.331475198201495,0.331708478065789,266076000,"NVDA",0.0169368263383162,0.793188916627161,"Technology"
"NVDA","2013-07-31",0.336840391159058,0.340106142473763,0.334274423834769,0.33450770370346,270160000,"NVDA",0.00208192104871653,0.794840273328296,"Technology"
"NVDA","2013-08-01",0.341505795717239,0.342205607576237,0.334041200772873,0.338006764230084,277648000,"NVDA",0.0138504902637366,0.805849200795255,"Technology"
"NVDA","2013-08-02",0.344305008649826,0.345004820495214,0.338473289617974,0.340805977230715,209628000,"NVDA",0.00819667767777613,0.812454486951067,"Technology"
"NVDA","2013-08-05",0.34593790769577,0.34710425148687,0.341505784604893,0.343371940232219,185188000,"NVDA",0.00474259451626202,0.816307629145594,"Technology"
"NVDA","2013-08-06",0.340805858373642,0.346870855174714,0.340106046772315,0.346171043573388,206608000,"NVDA",-0.0148351747754733,0.804197562796667,"Technology"
"NVDA","2013-08-07",0.340572625398636,0.344071655792863,0.338706470293484,0.338939722301739,244380000,"NVDA",-0.000684357293971159,0.803647204328773,"Technology"
"NVDA","2013-08-08",0.342905461788177,0.344538337788964,0.338473338005661,0.3424389297605,345696000,"NVDA",0.00684974720681403,0.809151984521888,"Technology"
"NVDA","2013-08-09",0.3380067050457,0.343138611433375,0.329142487935448,0.329375739975718,906224000,"NVDA",-0.0142860271660051,0.797592417289581,"Technology"
"NVDA","2013-08-12",0.335207670927048,0.340106300170447,0.305815756427448,0.324244012555972,257568000,"NVDA",-0.00828100175786129,0.79098755307995,"Technology"
"NVDA","2013-08-13",0.336373925209045,0.337773521272237,0.333574677466995,0.335674113273533,197468000,"NVDA",0.00347919926406307,0.793739556392508,"Technology"
"NVDA","2013-08-14",0.350603312253952,0.35270272013081,0.335440813890634,0.335674093791543,828508000,"NVDA",0.0423022891446283,0.827316556612553,"Technology"
"NVDA","2013-08-15",0.352935969829559,0.355735189361773,0.345471347333217,0.346870971003238,723616000,"NVDA",0.00665326736536273,0.832820914859488,"Technology"
"NVDA","2013-08-16",0.354335755109787,0.359234384573436,0.351536506493025,0.352236318647216,660456000,"NVDA",0.00396611680272671,0.836123979883574,"Technology"
"NVDA","2013-08-19",0.348737180233002,0.353402556106433,0.348503900316197,0.352236212138075,393432000,"NVDA",-0.0158001974004871,0.822913055950133,"Technology"
"NVDA","2013-08-20",0.350495457649231,0.352839906627644,0.348151008670818,0.348619892876893,234192000,"NVDA",0.00504184100775974,0.827062052741443,"Technology"
"NVDA","2013-08-21",0.34885436296463,0.352839920798393,0.347447682341873,0.348385450791686,261540000,"NVDA",-0.00468221384553065,0.823189571346984,"Technology"
"NVDA","2013-08-22",0.350729942321777,0.354012159979945,0.348619921300351,0.348619921300351,129016000,"NVDA",0.00537639644580675,0.827615364832599,"Technology"
"NVDA","2013-08-23",0.350729942321777,0.354012159979945,0.350026601981302,0.351198826566081,245120000,"NVDA",0,0.827615364832599,"Technology"
"NVDA","2013-08-26",0.351433247327805,0.352371043744741,0.350026594624457,0.350964363093355,300152000,"NVDA",0.0020052608037154,0.829274949484251,"Technology"
"NVDA","2013-08-27",0.346978813409805,0.350495487173657,0.345806588821855,0.348151037997756,277464000,"NVDA",-0.0126750498191889,0.818763848185732,"Technology"
"NVDA","2013-08-28",0.346978813409805,0.350261031076851,0.345572132725049,0.347682153752183,318824000,"NVDA",0,0.818763848185732,"Technology"
"NVDA","2013-08-29",0.346275508403778,0.349557754353806,0.344868827575475,0.345806624110357,276216000,"NVDA",-0.0020269393370614,0.817104263534081,"Technology"
"NVDA","2013-08-30",0.345806509256363,0.347447617712289,0.344165400800437,0.346509849436912,378120000,"NVDA",-0.0013544103929761,0.815997569027405,"Technology"
"NVDA","2013-09-03",0.346040993928909,0.350964348049687,0.343931000990311,0.346744334224454,284680000,"NVDA",0.000678080563175727,0.816550881118561,"Technology"
"NVDA","2013-09-04",0.349323391914368,0.351433385774638,0.345572260664944,0.346041145084109,222080000,"NVDA",0.00948557553309048,0.824296336178023,"Technology"
"NVDA","2013-09-05",0.350261062383652,0.351667743194139,0.34768218482848,0.347916612998201,174904000,"NVDA",0.00268424757971523,0.826508951623377,"Technology"
"NVDA","2013-09-06",0.34885436296463,0.352371036573487,0.346275457805587,0.350495471725822,226756000,"NVDA",-0.00401614558423512,0.823189571346984,"Technology"
"NVDA","2013-09-09",0.354715526103973,0.354715526103973,0.350729967815628,0.351667736372401,246408000,"NVDA",0.0168011748213036,0.837020123246259,"Technology"
"NVDA","2013-09-10",0.362217754125595,0.36245221023604,0.35565329046157,0.357294427338606,292132000,"NVDA",0.0211499849020498,0.854723086215629,"Technology"
"NVDA","2013-09-11",0.36831322312355,0.369251019336209,0.359169856777296,0.361748761427068,396164000,"NVDA",0.0168281894758858,0.869106528259879,"Technology"
"NVDA","2013-09-12",0.368078857660294,0.37276775567731,0.366437720995908,0.366437720995908,303808000,"NVDA",-0.000636321067349293,0.868553497466177,"Technology"
"NVDA","2013-09-13",0.370423346757889,0.372064455651846,0.366672216759094,0.369251122126771,159696000,"NVDA",0.00636952937883486,0.874085774485377,"Technology"
"NVDA","2013-09-16",0.370657742023468,0.376049980437718,0.369251089359775,0.373471103246929,231412000,"NVDA",0.00063277670705898,0.874638875603443,"Technology"
"NVDA","2013-09-17",0.371829926967621,0.374877716003228,0.370423274453672,0.372064383027296,168608000,"NVDA",0.00316244559672145,0.877404873464317,"Technology"
"NVDA","2013-09-18",0.375112175941467,0.376049944293796,0.370188822221655,0.372064386874347,268168000,"NVDA",0.00882728563731842,0.885149976901962,"Technology"
"NVDA","2013-09-19",0.373471140861511,0.377456699065441,0.371830003999858,0.376753358688738,227572000,"NVDA",-0.004374784891579,0.881277636156229,"Technology"
"NVDA","2013-09-20",0.37018883228302,0.37675329477184,0.36948549202564,0.374408845879264,356036000,"NVDA",-0.0087886538459697,0.873532392069858,"Technology"
"NVDA","2013-09-23",0.366672158241272,0.373002164649486,0.364562137473177,0.369954375505373,271244000,"NVDA",-0.00949967620595169,0.865234117189784,"Technology"
"NVDA","2013-09-24",0.368078857660294,0.369485510296577,0.36479661227956,0.366906633156039,229732000,"NVDA",0.00383639550318951,0.868553497466177,"Technology"
"NVDA","2013-09-25",0.368547827005386,0.371361160875857,0.365734465186872,0.367375602230353,233156000,"NVDA",0.00127410019709851,0.869660121648489,"Technology"
"NVDA","2013-09-26",0.367375582456589,0.370188916175634,0.365265561206274,0.369485575758862,148816000,"NVDA",-0.00318071214344855,0.866893983138889,"Technology"
"NVDA","2013-09-27",0.365265488624573,0.367609937582586,0.363155495741575,0.364562148347561,151920000,"NVDA",-0.00574369645882857,0.861914807237754,"Technology"
"NVDA","2013-09-30",0.364796668291092,0.367375573775636,0.359404429153981,0.361514450354437,226640000,"NVDA",-0.00128350569128828,0.860808534677259,"Technology"
"NVDA","2013-10-01",0.364562153816223,0.366906630757442,0.362452160901574,0.365265494103785,226976000,"NVDA",-0.000642863532628653,0.860255152261739,"Technology"
"NVDA","2013-10-02",0.364327758550644,0.365734411304621,0.360811084743642,0.360811084743642,162036000,"NVDA",-0.000642950078952471,0.859702051143673,"Technology"
"NVDA","2013-10-03",0.360576659440994,0.367844463775426,0.358935550447167,0.36456221783973,436768000,"NVDA",-0.0102959464976596,0.85085060482117,"Technology"
"NVDA","2013-10-04",0.365500032901764,0.368547822872279,0.359169996829139,0.360107793407474,246228000,"NVDA",0.0136541657144487,0.862468259977637,"Technology"
"NVDA","2013-10-07",0.365500032901764,0.368078938557133,0.362217786799654,0.364093352008282,169952000,"NVDA",0,0.862468259977637,"Technology"
"NVDA","2013-10-08",0.362452149391174,0.369719952218449,0.359638816278306,0.364562142238816,290712000,"NVDA",-0.00833894182277347,0.855276187333695,"Technology"
"NVDA","2013-10-09",0.356825530529022,0.365031131424485,0.354949993356616,0.364796675303913,275860000,"NVDA",-0.0155237563678498,0.841999088174303,"Technology"
"NVDA","2013-10-10",0.360811173915863,0.361748942650278,0.356825586924484,0.359404492866194,223484000,"NVDA",0.0111697259468284,0.851403987236689,"Technology"
"NVDA","2013-10-11",0.357763200998306,0.359638765457861,0.354012072079196,0.355184296372914,213704000,"NVDA",-0.00844755688821188,0.844211703619657,"Technology"
"NVDA","2013-10-14",0.363155543804169,0.363155543804169,0.356825508421341,0.356825508421341,166628000,"NVDA",0.0150723796936509,0.856935982958437,"Technology"
"NVDA","2013-10-15",0.361279845237732,0.365265401930798,0.361045389218363,0.363155409548595,208820000,"NVDA",-0.00516500050305782,0.852509908175368,"Technology"
"NVDA","2013-10-16",0.365734487771988,0.367141168768111,0.362921153727786,0.363390038077145,210072000,"NVDA",0.012330171729687,0.86302150174443,"Technology"
"NVDA","2013-10-17",0.366437762975693,0.367375559455354,0.362921089060054,0.362921089060054,213324000,"NVDA",0.00192291191347336,0.864681016071718,"Technology"
"NVDA","2013-10-18",0.370657742023468,0.371829966550564,0.364327735166756,0.365734387830449,255068000,"NVDA",0.0115162231466171,0.874638875603443,"Technology"
"NVDA","2013-10-21",0.371595650911331,0.37534675376483,0.370423426029354,0.375112325557262,195008000,"NVDA",0.00253039065835505,0.876852053643705,"Technology"
"NVDA","2013-10-22",0.369720011949539,0.371830005138067,0.366437766164225,0.371595576977142,179452000,"NVDA",-0.00504752667904488,0.872426119509363,"Technology"
"NVDA","2013-10-23",0.363389909267426,0.369016603309398,0.362217684835519,0.369016603309398,252216000,"NVDA",-0.0171213417654482,0.857489013752139,"Technology"
"NVDA","2013-10-24",0.360811173915863,0.366672298376072,0.360107833391029,0.364327848591989,236436000,"NVDA",-0.00709633175219722,0.85140398723669,"Technology"
"NVDA","2013-10-25",0.35729444026947,0.36292110764339,0.3561222155709,0.362686679472501,330492000,"NVDA",-0.00974674261948684,0.843105571707889,"Technology"
"NVDA","2013-10-28",0.356591075658798,0.358466640638823,0.351667721079737,0.356825503813777,394024000,"NVDA",-0.0019685853777672,0.841445846407511,"Technology"
"NVDA","2013-10-29",0.357059895992279,0.357763236227374,0.352839882529742,0.356122127644175,387952000,"NVDA",0.00131472817320146,0.842552118968006,"Technology"
"NVDA","2013-10-30",0.356825530529022,0.359873320356244,0.3537777407018,0.358232211356368,204032000,"NVDA",-0.000656375767448002,0.841999088174303,"Technology"
"NVDA","2013-10-31",0.356122195720673,0.359873297778186,0.355418855351126,0.357294420353903,293368000,"NVDA",-0.00197108880439934,0.840339433198289,"Technology"
"NVDA","2013-11-01",0.357763200998306,0.359404309419905,0.355184296372914,0.357997629088231,206136000,"NVDA",0.00460798371276134,0.844211703619657,"Technology"
"NVDA","2013-11-04",0.347447693347931,0.35893551093625,0.346744353014272,0.35893551093625,410264000,"NVDA",-0.0288333389839728,0.819870261394954,"Technology"
"NVDA","2013-11-05",0.346978813409805,0.348619922243328,0.341586574715625,0.345337704576282,422368000,"NVDA",-0.00134949791609662,0.818763848185732,"Technology"
"NVDA","2013-11-06",0.349323391914368,0.349557848097975,0.343462266804673,0.34697894187049,198044000,"NVDA",0.00675712295376742,0.824296336178023,"Technology"
"NVDA","2013-11-07",0.341117739677429,0.349088856846137,0.340414399233592,0.348151088219716,553076000,"NVDA",-0.0234901309985848,0.804933507259548,"Technology"
"NVDA","2013-11-08",0.364796668291092,0.365968892975332,0.350261059848087,0.351667740648391,734532000,"NVDA",0.0694157056623739,0.860808534677259,"Technology"
"NVDA","2013-11-11",0.367844372987747,0.368782141339043,0.36268659115955,0.363389903449004,297624000,"NVDA",0.00835452996578175,0.868000185375021,"Technology"
"NVDA","2013-11-12",0.368547827005386,0.371595617010081,0.364327812225658,0.369485595646196,316032000,"NVDA",0.00191236857023389,0.869660121648489,"Technology"
"NVDA","2013-11-13",0.378628849983215,0.378628849983215,0.366906605814213,0.367609918105926,332792000,"NVDA",0.0273533643102491,0.893448251782036,"Technology"
"NVDA","2013-11-14",0.380270004272461,0.382614453387982,0.377222214832675,0.377456670923443,307980000,"NVDA",0.0043344670891253,0.897320873825222,"Technology"
"NVDA","2013-11-15",0.379097789525986,0.38214557904465,0.375346659664855,0.381676694799018,450332000,"NVDA",-0.00308258535594445,0.894554805639985,"Technology"
"NVDA","2013-11-18",0.369954437017441,0.374174451307254,0.3690166684855,0.370892233497422,316948000,"NVDA",-0.024118717547727,0.872979290951792,"Technology"
"NVDA","2013-11-19",0.363943845033646,0.371486709693165,0.363472421261065,0.36818671518569,206716000,"NVDA",-0.0162468438877294,0.858796132694478,"Technology"
"NVDA","2013-11-20",0.358522355556488,0.365122371826907,0.357815205938335,0.364179496302902,204776000,"NVDA",-0.0148964999714623,0.846003076128302,"Technology"
"NVDA","2013-11-21",0.361350804567337,0.362057953947989,0.357343662209506,0.358993658698096,213568000,"NVDA",0.00788918450136467,0.852677350484601,"Technology"
"NVDA","2013-11-22",0.357815116643906,0.361822259347565,0.357107967202225,0.361822259347565,158668000,"NVDA",-0.00978464107106347,0.844334208660683,"Technology"
"NVDA","2013-11-25",0.365593761205673,0.366065184873701,0.357815172335302,0.357815172335302,248208000,"NVDA",0.0217392843397078,0.8626894301005,"Technology"
"NVDA","2013-11-26",0.368657946586609,0.372665088711668,0.367243647907462,0.369600793639778,753176000,"NVDA",0.00838139406654656,0.869919970171217,"Technology"
"NVDA","2013-11-27",0.370072394609451,0.371250967951226,0.366065222767894,0.368422369451443,181272000,"NVDA",0.00383674904050959,0.873257634782091,"Technology"
"NVDA","2013-11-29",0.367715209722519,0.371015231848453,0.365358063103739,0.370072384440703,116964000,"NVDA",-0.00636952369662693,0.867695399584086,"Technology"
"NVDA","2013-12-02",0.371250838041306,0.373843681626266,0.365593671120729,0.366300820498225,373872000,"NVDA",0.00961512666678824,0.876038400759277,"Technology"
"NVDA","2013-12-03",0.371015191078186,0.376200907449771,0.368658044718429,0.371250916953922,290560000,"NVDA",-0.000634737861772284,0.875482346017948,"Technology"
"NVDA","2013-12-04",0.376200914382935,0.376908063923774,0.369129475173341,0.370072350594261,493176000,"NVDA",0.0139771185370567,0.887719066545342,"Technology"
"NVDA","2013-12-05",0.370072394609451,0.376908108751981,0.369600942793218,0.376908108751981,271812000,"NVDA",-0.0162905499140947,0.873257634782091,"Technology"
"NVDA","2013-12-06",0.364650934934616,0.374550944932715,0.36370805944469,0.374550944932715,2.81e+08,"NVDA",-0.0146497273339089,0.86046464854028,"Technology"
"NVDA","2013-12-09",0.358522355556488,0.36582952144506,0.357815205938335,0.364650948114607,385220000,"NVDA",-0.0168067013984948,0.846003076128302,"Technology"
"NVDA","2013-12-10",0.366772353649139,0.36842235062342,0.358050916985593,0.35852234067833,524268000,"NVDA",0.0230111120402686,0.865470547699502,"Technology"
"NVDA","2013-12-11",0.363236546516418,0.36795083850972,0.362529397097544,0.367479414930269,414156000,"NVDA",-0.00964033165952132,0.857127124578132,"Technology"
"NVDA","2013-12-12",0.356165140867233,0.363943728982378,0.355457991384148,0.362058006393949,258724000,"NVDA",-0.0194677702918463,0.840440770605934,"Technology"
"NVDA","2013-12-13",0.354043692350388,0.359465134253811,0.35357226872822,0.35687229028219,184588000,"NVDA",-0.00595636201701309,0.835434801122348,"Technology"
"NVDA","2013-12-16",0.354515045881271,0.357579340968615,0.354043622352309,0.354279348166487,237620000,"NVDA",0.00133134282877522,0.836547051253731,"Technology"
"NVDA","2013-12-17",0.356165140867233,0.357107988111748,0.351215122585033,0.354279418278804,274104000,"NVDA",0.00465451327139029,0.840440770605934,"Technology"
"NVDA","2013-12-18",0.361115217208862,0.361822366860668,0.352393779768347,0.356872375496843,426232000,"NVDA",0.0138982617152706,0.852121436391999,"Technology"
"NVDA","2013-12-19",0.362529426813126,0.363000850431218,0.358286558051498,0.360643704241358,258544000,"NVDA",0.00391622821988516,0.855458538407966,"Technology"
"NVDA","2013-12-20",0.36983647942543,0.370072205212907,0.362293591418869,0.363236466469385,382080000,"NVDA",0.0201557503249834,0.872700947121492,"Technology"
"NVDA","2013-12-23",0.371958047151566,0.375022343111373,0.36889377929116,0.371958047151566,168568000,"NVDA",0.00573650206013013,0.877707197902532,"Technology"
"NVDA","2013-12-24",0.372900873422623,0.374079446474931,0.369129428415477,0.374079446474931,79600000,"NVDA",0.0025347650851413,0.879931979462753,"Technology"
"NVDA","2013-12-26",0.369365274906158,0.375493868019615,0.368422399296715,0.374315294582366,168920000,"NVDA",-0.00948133610954889,0.871589048611926,"Technology"
"NVDA","2013-12-27",0.371486604213715,0.372193753721503,0.369129457920687,0.371250906444052,210976000,"NVDA",0.00574317471531427,0.876594736798059,"Technology"
"NVDA","2013-12-30",0.376436620950699,0.376672346818686,0.371250904749587,0.371722328386161,248180000,"NVDA",0.0133248862296432,0.888275261935397,"Technology"
"NVDA","2013-12-31",0.377615183591843,0.379500906185103,0.374786613751651,0.377143759968377,235776000,"NVDA",0.00313083949740945,0.891056309210036,"Technology"
"NVDA","2014-01-02",0.373843669891357,0.376672267312554,0.370543677032487,0.375257968601956,260092000,"NVDA",-0.00998771729624567,0.88215669069861,"Technology"
"NVDA","2014-01-03",0.369365274906158,0.375258142092402,0.36818670146891,0.374550992410171,259332000,"NVDA",-0.0119793254396963,0.871589048611926,"Technology"
"NVDA","2014-01-06",0.374315291643143,0.377143862250447,0.369600969831759,0.373136690115741,409492000,"NVDA",0.0134014133793218,0.883269573749264,"Technology"
"NVDA","2014-01-07",0.380443751811981,0.381858050775754,0.375493761637575,0.378086605605293,333288000,"NVDA",0.0163724547344465,0.897730864863788,"Technology"
"NVDA","2014-01-08",0.38562947511673,0.387515197600105,0.380443731262599,0.38185803014998,308192000,"NVDA",0.0136307227548091,0.909967585391181,"Technology"
"NVDA","2014-01-09",0.371250838041306,0.380443695650575,0.370072265111943,0.379736546273078,292172000,"NVDA",-0.0372861464261045,0.876038400759277,"Technology"
"NVDA","2014-01-10",0.370779275894165,0.375022142795333,0.367479283915138,0.372429299983065,218492000,"NVDA",-0.00127019820245641,0.874925658357349,"Technology"
"NVDA","2014-01-13",0.362058013677597,0.373136595470814,0.361350864180285,0.370779449212708,243332000,"NVDA",-0.0235214392593436,0.854346147627856,"Technology"
"NVDA","2014-01-14",0.373372226953506,0.374079376272061,0.362293619861395,0.363943644304487,241828000,"NVDA",0.0312497247636795,0.881044229594136,"Technology"
"NVDA","2014-01-15",0.377379566431046,0.378793865808217,0.373372422328271,0.375022419535365,175044000,"NVDA",0.0107328268903034,0.890500324793071,"Technology"
"NVDA","2014-01-16",0.3785580098629,0.379265159308614,0.375729440179439,0.377379436819841,220652000,"NVDA",0.00312270068832562,0.893281090770256,"Technology"
"NVDA","2014-01-17",0.376908093690872,0.383036686062965,0.374550947101514,0.378558090683542,340400000,"NVDA",-0.00435842362079494,0.889387793364234,"Technology"
"NVDA","2014-01-21",0.378322303295135,0.380679449326307,0.374315160662024,0.377379428023029,246076000,"NVDA",0.00375213381706574,0.892724895380201,"Technology"
"NVDA","2014-01-22",0.377850830554962,0.379500826942258,0.373372236818709,0.37902940341723,337940000,"NVDA",-0.00124621978685073,0.891612363951364,"Technology"
"NVDA","2014-01-23",0.376436620950699,0.380679489878663,0.373608051031856,0.376672346818686,185028000,"NVDA",-0.00374277225270673,0.888275261935397,"Technology"
"NVDA","2014-01-24",0.366772353649139,0.374786668823282,0.366772353649139,0.373372369645667,246696000,"NVDA",-0.025673026383969,0.865470547699502,"Technology"
"NVDA","2014-01-27",0.364415049552917,0.371957909674213,0.362293601703577,0.366772195097034,233812000,"NVDA",-0.00642715862514807,0.859908031204044,"Technology"
"NVDA","2014-01-28",0.367950886487961,0.368186612358122,0.362293718498705,0.363708017520869,167996000,"NVDA",0.00970277418394568,0.868251524649778,"Technology"
"NVDA","2014-01-29",0.364415049552917,0.368657917152206,0.364179323758749,0.366536469302866,162944000,"NVDA",-0.00960953503548367,0.859908031204044,"Technology"
"NVDA","2014-01-30",0.370543777942657,0.371250927490535,0.365358033324493,0.366536606537821,202896000,"NVDA",0.0168179892604848,0.874369955237838,"Technology"
"NVDA","2014-01-31",0.370072394609451,0.372193815384883,0.365122375334237,0.365358073142948,335348000,"NVDA",-0.00127213938343103,0.873257634782091,"Technology"
"NVDA","2014-02-03",0.3651222884655,0.373136574043071,0.363707989552094,0.372665150438402,431728000,"NVDA",-0.0133760480815528,0.861576898671663,"Technology"
"NVDA","2014-02-04",0.367243677377701,0.367950826774021,0.363000809099175,0.364886531456231,280692000,"NVDA",0.00581007782657283,0.866582727506522,"Technology"
"NVDA","2014-02-05",0.363943845033646,0.365829568223378,0.361115246199344,0.364650994742221,214676000,"NVDA",-0.00898540273754361,0.858796132694477,"Technology"
"NVDA","2014-02-06",0.368657946586609,0.369600793639778,0.363943655121977,0.364415078648561,168380000,"NVDA",0.0129528266992053,0.869919970171217,"Technology"
"NVDA","2014-02-07",0.374079465866089,0.37455088949157,0.366300877697756,0.369600871175522,157248000,"NVDA",0.0147060963412769,0.882713097061755,"Technology"
"NVDA","2014-02-10",0.375257968902588,0.380207986294253,0.373372246653411,0.373607972471831,324372000,"NVDA",0.00315040825288416,0.885494003687668,"Technology"
"NVDA","2014-02-11",0.383036583662033,0.383979430805954,0.375493722212475,0.377379416500317,235384000,"NVDA",0.0207287130562294,0.903849154803121,"Technology"
"NVDA","2014-02-12",0.396708101034164,0.399536699129529,0.384215219777641,0.384215219777641,744528000,"NVDA",0.0356924585151225,0.93610975326486,"Technology"
"NVDA","2014-02-13",0.40920090675354,0.411558080764351,0.399536625376376,0.406608063110621,902836000,"NVDA",0.0314911787453005,0.965588952830143,"Technology"
"NVDA","2014-02-14",0.422165274620056,0.423108121828066,0.405193800080689,0.405429525932391,817536000,"NVDA",0.0316821582077395,0.996180894797353,"Technology"
"NVDA","2014-02-18",0.421929478645325,0.423815200847343,0.418393760053812,0.422400930270375,428988000,"NVDA",-0.000558539484195281,0.995624488434208,"Technology"
"NVDA","2014-02-19",0.427586764097214,0.431358209549508,0.420043873192626,0.421929595918773,450340000,"NVDA",0.013408130358781,1.00897395136353,"Technology"
"NVDA","2014-02-20",0.442672461271286,0.443615308464243,0.42782243533612,0.428529556681139,398088000,"NVDA",0.0352810199958445,1.04457158151687,"Technology"
"NVDA","2014-02-21",0.439372450113297,0.447622489690792,0.436543880369257,0.441965322103315,451052000,"NVDA",-0.00745474689912353,1.03678456475865,"Technology"
"NVDA","2014-02-24",0.445736885070801,0.449036879295216,0.434422575002312,0.438429718874646,403112000,"NVDA",0.0144852845367595,1.0518026841825,"Technology"
"NVDA","2014-02-25",0.443724036216736,0.447038957494859,0.438988458584791,0.445144720796827,242184000,"NVDA",-0.00451577807778959,1.0470529766791,"Technology"
"NVDA","2014-02-26",0.443013787269592,0.449406812367146,0.441593102480681,0.442776997062683,360884000,"NVDA",-0.00160065466184625,1.04537700645078,"Technology"
"NVDA","2014-02-27",0.438041418790817,0.447512575448044,0.436857524208664,0.44301378732637,388848000,"NVDA",-0.0112239587607894,1.0336437380409,"Technology"
"NVDA","2014-02-28",0.43520000576973,0.439935583318483,0.428806953497897,0.435673557879351,321692000,"NVDA",-0.00648663094218617,1.02693887258653,"Technology"
"NVDA","2014-03-03",0.433069169521332,0.433069169521332,0.421703772757406,0.425492247754142,375948000,"NVDA",-0.00489622293232524,1.02191075092847,"Technology"
"NVDA","2014-03-04",0.437567889690399,0.440409231192229,0.434489757969136,0.435200100401162,260344000,"NVDA",0.0103879945414719,1.03252635423099,"Technology"
"NVDA","2014-03-05",0.441356360912323,0.441593151145327,0.435200125343247,0.437094334302177,241472000,"NVDA",0.00865801927240218,1.04146598730519,"Technology"
"NVDA","2014-03-06",0.43520000576973,0.444434370699291,0.434489663492163,0.442066581924915,290144000,"NVDA",-0.0139487173808205,1.02693887258653,"Technology"
"NVDA","2014-03-07",0.434726506471634,0.437804638097375,0.431411612860081,0.437094295687393,268452000,"NVDA",-0.00108800388744994,1.02582155910098,"Technology"
"NVDA","2014-03-10",0.428333520889282,0.435200127186454,0.426439283696053,0.433305889993225,300888000,"NVDA",-0.0147057643994129,1.010736068937,"Technology"
"NVDA","2014-03-11",0.432595491409302,0.436383965304391,0.429043807717508,0.430464464258462,297220000,"NVDA",0.0099501213707745,1.02079301549675,"Technology"
"NVDA","2014-03-12",0.433779358863831,0.436383938032213,0.428806990715563,0.430464437356228,239428000,"NVDA",0.00273666156499234,1.02358658050807,"Technology"
"NVDA","2014-03-13",0.420046180486679,0.436383941514006,0.417915153452017,0.434726466633845,385172000,"NVDA",-0.0316593634448672,0.991180480938475,"Technology"
"NVDA","2014-03-14",0.421940445899963,0.425728920098463,0.415784210610245,0.415784210610245,460048000,"NVDA",0.00450965989284689,0.995650367799936,"Technology"
"NVDA","2014-03-17",0.421940445899963,0.426202472316707,0.42146689368172,0.42312434055871,299656000,"NVDA",0,0.995650367799936,"Technology"
"NVDA","2014-03-18",0.431885242462158,0.43472658438505,0.421703741364372,0.423597978721727,293904000,"NVDA",0.0235691947971079,1.01911704526842,"Technology"
"NVDA","2014-03-19",0.439462095499039,0.447749386180283,0.434016174526232,0.435200097388931,366168000,"NVDA",0.0175436720034359,1.03699610044372,"Technology"
"NVDA","2014-03-20",0.439699023962021,0.443487499280218,0.43520023421966,0.437094443652475,191800000,"NVDA",0.000539132874959624,1.03755517913268,"Technology"
"NVDA","2014-03-21",0.438988506793976,0.447039006588139,0.436620717717976,0.443487322974139,566116000,"NVDA",-0.00161591709174777,1.03587857598509,"Technology"
"NVDA","2014-03-24",0.436857581138611,0.442777054820785,0.430464526980841,0.439225370611481,306096000,"NVDA",-0.00485417185731714,1.03085024335394,"Technology"
"NVDA","2014-03-25",0.436857581138611,0.442066712333669,0.433542658940827,0.44159316008435,304424000,"NVDA",0,1.03085024335394,"Technology"
"NVDA","2014-03-26",0.426912784576416,0.449170019523136,0.423124310645744,0.44088275749778,557756000,"NVDA",-0.0227643904823056,1.00738356588545,"Technology"
"NVDA","2014-03-27",0.421230107545853,0.429517369682153,0.416494500955979,0.425965685909453,540728000,"NVDA",-0.0133110959330996,0.993974186598524,"Technology"
"NVDA","2014-03-28",0.423834592103958,0.426439171085135,0.419335804656037,0.420519699060887,398820000,"NVDA",0.00618304463866453,1.00011997336394,"Technology"
"NVDA","2014-03-31",0.424071550369263,0.428333577561361,0.421703760621017,0.424545102673656,273404000,"NVDA",0.000559081938376668,1.00067912237726,"Technology"
"NVDA","2014-04-01",0.441593110561371,0.446802241172245,0.432358715717015,0.437567874554163,656272000,"NVDA",0.0413174620576437,1.04202464404796,"Technology"
"NVDA","2014-04-02",0.43875178694725,0.44254023289682,0.436857549859328,0.441593128465997,239948000,"NVDA",-0.00643425711625908,1.03531998956668,"Technology"
"NVDA","2014-04-03",0.4434874355793,0.454142489126707,0.439462170547034,0.439698960805266,599548000,"NVDA",0.0107934571959223,1.04649467155815,"Technology"
"NVDA","2014-04-04",0.429754167795181,0.448459719611213,0.427859930769646,0.445855140172818,368032000,"NVDA",-0.0309665318165773,1.01408836101546,"Technology"
"NVDA","2014-04-07",0.431174844503403,0.439462107178623,0.427623160499737,0.429990949835514,428576000,"NVDA",0.00330578925042217,1.01744072341829,"Technology"
"NVDA","2014-04-08",0.446565479040146,0.447749373643421,0.43046447856407,0.43117482097129,470692000,"NVDA",0.0356946485467375,1.05375791245784,"Technology"
"NVDA","2014-04-09",0.44609197974205,0.452485034343369,0.442540295286331,0.448696559633423,421968000,"NVDA",-0.00106031325823359,1.05264059897229,"Technology"
"NVDA","2014-04-10",0.43520000576973,0.450353842635233,0.433779321214596,0.444197608757615,372748000,"NVDA",-0.0244164308415022,1.02693887258653,"Technology"
"NVDA","2014-04-11",0.429043889045715,0.438515047352488,0.423361177125885,0.431885230892491,353112000,"NVDA",-0.0141454886084528,1.01241232046278,"Technology"
"NVDA","2014-04-14",0.433779358863831,0.435436805504496,0.42904378090406,0.431885122034668,290184000,"NVDA",0.0110372620121637,1.02358658050807,"Technology"
"NVDA","2014-04-15",0.436857581138611,0.439225370611481,0.429990974731523,0.434253001427943,304636000,"NVDA",0.00709628573116724,1.03085024335394,"Technology"
"NVDA","2014-04-16",0.437804609537125,0.439462056234777,0.43235868905089,0.438988504067772,235136000,"NVDA",0.00216781953524874,1.0330849406494,"Technology"
"NVDA","2014-04-17",0.439462095499039,0.443487359843901,0.435200097388931,0.436147201807561,153532000,"NVDA",0.00378590340486927,1.03699610044372,"Technology"
"NVDA","2014-04-21",0.443013787269592,0.444197681851594,0.436857524152675,0.439698865504224,117004000,"NVDA",0.00808190696519663,1.04537700645078,"Technology"
"NVDA","2014-04-22",0.446802288293839,0.449643658223317,0.441356366897373,0.443724156354421,255120000,"NVDA",0.00855165489903987,1.05431670984934,"Technology"
"NVDA","2014-04-23",0.452011406421661,0.453195301042122,0.446802247510616,0.447512589928147,261580000,"NVDA",0.0116586648374484,1.066608635002,"Technology"
"NVDA","2014-04-24",0.456036657094955,0.4607722357285,0.455089552658757,0.455089552658757,391492000,"NVDA",0.00890519711694861,1.07610699514333,"Technology"
"NVDA","2014-04-25",0.4434874355793,0.459351648997574,0.442540302772652,0.455089621933355,313600000,"NVDA",-0.0275180104941488,1.04649467155815,"Technology"
"NVDA","2014-04-28",0.441593110561371,0.449406820590818,0.436147189739254,0.447039031383487,226788000,"NVDA",-0.00427142882966828,1.04202464404796,"Technology"
"NVDA","2014-04-29",0.442540228366852,0.444197703443239,0.437567887816513,0.443250570795836,171300000,"NVDA",0.00214477486815169,1.04425955231651,"Technology"
"NVDA","2014-04-30",0.437330991029739,0.442303358594692,0.4363838868394,0.441829806499522,305740000,"NVDA",-0.0117712176276868,1.0319673458664,"Technology"
"NVDA","2014-05-01",0.439699023962021,0.444908156354829,0.436147338936068,0.443961051638422,198104000,"NVDA",0.00541473844948817,1.03755517913268,"Technology"
"NVDA","2014-05-02",0.43638402223587,0.441829943585694,0.433779442564914,0.441829943585694,156376000,"NVDA",-0.00753925195530306,1.02973278921967,"Technology"
"NVDA","2014-05-05",0.44111955165863,0.444434445207987,0.435436840711668,0.43591039290068,239260000,"NVDA",0.0108517479592789,1.04090718991369,"Technology"
"NVDA","2014-05-06",0.432121962308884,0.449170039294787,0.43093806768172,0.445381593423627,416188000,"NVDA",-0.0203971674252827,1.01967563168684,"Technology"
"NVDA","2014-05-07",0.432595491409302,0.436147175101095,0.427859913153577,0.432121939228984,293900000,"NVDA",0.00109582280402496,1.02079301549675,"Technology"
"NVDA","2014-05-08",0.438041418790817,0.444907996076797,0.428807024114258,0.430938051297898,432728000,"NVDA",0.0125889601016734,1.0336437380409,"Technology"
"NVDA","2014-05-09",0.427386254072189,0.428806938577891,0.419335783809926,0.424781703446759,539532000,"NVDA",-0.0243245598739059,1.00850080904664,"Technology"
"NVDA","2014-05-12",0.439935743808746,0.440882848373497,0.428096767391689,0.428333557646017,299856000,"NVDA",0.0293633443214046,1.03811376555109,"Technology"
"NVDA","2014-05-13",0.432832300662994,0.441119591741976,0.431411643966868,0.434016195356238,221104000,"NVDA",-0.0161465469576394,1.02135181288825,"Technology"
"NVDA","2014-05-14",0.42857027053833,0.434726534182228,0.428333508537427,0.433069087270802,214320000,"NVDA",-0.00984683933739674,1.01129472567978,"Technology"
"NVDA","2014-05-15",0.426202476024628,0.429990950256087,0.421940449570805,0.427623160917994,325896000,"NVDA",-0.00552486879392775,1.00570745500841,"Technology"
"NVDA","2014-05-16",0.425255298614502,0.428333429871132,0.422887509682675,0.422887509682675,283960000,"NVDA",-0.00222236486976908,1.00347240609113,"Technology"
"NVDA","2014-05-19",0.438988506793976,0.441356295869976,0.42785990378203,0.429754140688085,360076000,"NVDA",0.0322940319008774,1.03587857598509,"Technology"
"NVDA","2014-05-20",0.433874398469925,0.440296869542441,0.43173358423118,0.439107521997298,256200000,"NVDA",-0.0116497544808184,1.02381084490292,"Technology"
"NVDA","2014-05-21",0.433874398469925,0.43934540284884,0.431257822528097,0.435539479361869,216712000,"NVDA",0,1.02381084490292,"Technology"
"NVDA","2014-05-22",0.435777276754379,0.438155971389104,0.432922848863966,0.432922848863966,130364000,"NVDA",0.00438578144081541,1.0283010555054,"Technology"
"NVDA","2014-05-23",0.439821004867554,0.441961846823337,0.43553934931226,0.438155924472793,182656000,"NVDA",0.00927934596152346,1.03784301675204,"Technology"
"NVDA","2014-05-27",0.447670936584473,0.447670936584473,0.441010583158954,0.442437811877382,209680000,"NVDA",0.0178480146014919,1.05636645406908,"Technology"
"NVDA","2014-05-28",0.451476722955704,0.454331151163944,0.445054252398094,0.449335908888594,224676000,"NVDA",0.00850130321228247,1.06534694559841,"Technology"
"NVDA","2014-05-29",0.450763165950775,0.455044822983994,0.449811699212853,0.451238899319736,171884000,"NVDA",-0.00158049566820879,1.06366316936575,"Technology"
"NVDA","2014-05-30",0.451952487230301,0.45314183476158,0.448384444636463,0.450763139699022,239128000,"NVDA",0.00263846154558164,1.06646960373557,"Technology"
"NVDA","2014-06-02",0.450525283813477,0.456234140578108,0.446719360399534,0.453379712195792,181500000,"NVDA",-0.00315786162738182,1.06310184029717,"Technology"
"NVDA","2014-06-03",0.448622286319733,0.451952447774073,0.442675520826218,0.45147671447435,243212000,"NVDA",-0.00422395271056921,1.05861134839723,"Technology"
"NVDA","2014-06-04",0.449098110198975,0.452428272324982,0.447195148259991,0.447433029135971,161236000,"NVDA",0.00106063361930893,1.05973414718312,"Technology"
"NVDA","2014-06-05",0.451000899076462,0.45242809871583,0.447194976658932,0.449811551865518,188696000,"NVDA",0.0042369113435907,1.06422414681252,"Technology"
"NVDA","2014-06-06",0.452666103839874,0.456709879796581,0.451476756302238,0.453141837183672,161052000,"NVDA",0.00369224266918847,1.06815352061696,"Technology"
"NVDA","2014-06-09",0.453141778707504,0.45742343496172,0.44909800327263,0.452190312142691,247456000,"NVDA",0.00105082943828785,1.06927596778103,"Technology"
"NVDA","2014-06-10",0.455520480871201,0.457661323211205,0.449573743853877,0.451476705370676,217608000,"NVDA",0.00524935522493878,1.07488897716941,"Technology"
"NVDA","2014-06-11",0.461467236280441,0.462656583658225,0.453855390377604,0.453855390377604,266228000,"NVDA",0.0130548584728119,1.08892150064034,"Technology"
"NVDA","2014-06-12",0.464321613311768,0.466462427014106,0.457423382264603,0.461467185589892,337148000,"NVDA",0.00618543811329574,1.09565695719279,"Technology"
"NVDA","2014-06-13",0.464797496795654,0.469317034809586,0.460277958781723,0.469079153940748,227852000,"NVDA",0.00102490056513305,1.0967798966274,"Technology"
"NVDA","2014-06-16",0.46337017416954,0.466462483054864,0.459326398714708,0.462656588420548,198620000,"NVDA",-0.00307084834998887,1.09341185189154,"Technology"
"NVDA","2014-06-17",0.46646249294281,0.468365454478446,0.46146725081258,0.463845945643055,157608000,"NVDA",0.006673538664442,1.1007087781613,"Technology"
"NVDA","2014-06-18",0.465986788272858,0.468127630765561,0.460991517479497,0.465273174108623,215536000,"NVDA",-0.00101981333365364,1.09958626067286,"Technology"
"NVDA","2014-06-19",0.455282598733902,0.459802107230024,0.451952409207459,0.457423412578112,474592000,"NVDA",-0.0229710150766933,1.07432764810082,"Technology"
"NVDA","2014-06-20",0.450287312269211,0.458137010006697,0.446719270420924,0.456471929482085,353148000,"NVDA",-0.0109718370053733,1.06254030025549,"Technology"
"NVDA","2014-06-23",0.445054203271866,0.445292055721801,0.439107438323056,0.444340589209506,414200000,"NVDA",-0.0116217109715414,1.05019176399031,"Technology"
"NVDA","2014-06-24",0.43815603852272,0.447908699361889,0.436253076852117,0.444340656863112,275780000,"NVDA",-0.0154996058871771,1.0339142055425,"Technology"
"NVDA","2014-06-25",0.442675441503525,0.4429133222889,0.435301505788451,0.439345280645914,215420000,"NVDA",0.0103145970463901,1.04457861395321,"Technology"
"NVDA","2014-06-26",0.436728775501251,0.442913393350539,0.435301575628839,0.442675512526998,256908000,"NVDA",-0.013433467151636,1.03054630145537,"Technology"
"NVDA","2014-06-27",0.437204480171204,0.439821027107773,0.433636410064473,0.436252985357317,302820000,"NVDA",0.00108924507987001,1.03166881894381,"Technology"
"NVDA","2014-06-30",0.441010355949402,0.442199703149908,0.435539353155817,0.435539353155817,180512000,"NVDA",0.00870502465278469,1.04064952144622,"Technology"
"NVDA","2014-07-01",0.446005672216415,0.44862224767391,0.439107440717692,0.440534668850194,321180000,"NVDA",0.0113269817808693,1.05243693961591,"Technology"
"NVDA","2014-07-02",0.44434055685997,0.446243518102294,0.44172398160724,0.44434055685997,179284000,"NVDA",-0.00373339502201969,1.04850777678456,"Technology"
"NVDA","2014-07-03",0.448384404182434,0.449573751606408,0.440296824685642,0.440296824685642,136892000,"NVDA",0.009100783757037,1.05805001932865,"Technology"
"NVDA","2014-07-07",0.44481635093689,0.449335888050262,0.444102736828854,0.449098007228824,127496000,"NVDA",-0.00795757660672939,1.04963050524609,"Technology"
"NVDA","2014-07-08",0.441248297691345,0.445529953875943,0.436966641506748,0.44362699242098,221940000,"NVDA",-0.0080214075719772,1.04121099116353,"Technology"
"NVDA","2014-07-09",0.454569101333618,0.456472063214804,0.441724129902825,0.445054320283972,387668000,"NVDA",0.0301889065906174,1.07264401251689,"Technology"
"NVDA","2014-07-10",0.452190339565277,0.454093301166585,0.44243767908125,0.446005721450097,266308000,"NVDA",-0.00523300365414683,1.06703086247979,"Technology"
"NVDA","2014-07-11",0.453141778707504,0.454569006911002,0.451000964758535,0.452666045425098,191188000,"NVDA",0.00210406782051527,1.06927596778103,"Technology"
"NVDA","2014-07-14",0.458850681781769,0.460040029214179,0.453379677921427,0.455044758655545,272636000,"NVDA",0.0125984920007774,1.08274723250775,"Technology"
"NVDA","2014-07-15",0.460753470659256,0.461942817645911,0.456471815836044,0.459564123672601,395440000,"NVDA",0.0041468585599534,1.08723723213714,"Technology"
"NVDA","2014-07-16",0.460277855396271,0.466224620574927,0.457661308208191,0.4626565784815,319728000,"NVDA",-0.00103225541047951,1.08611492562179,"Technology"
"NVDA","2014-07-17",0.459088623523712,0.463846042534706,0.455044847138466,0.455044847138466,324832000,"NVDA",-0.00258372602247992,1.08330870222505,"Technology"
"NVDA","2014-07-18",0.438631743192673,0.453141793082175,0.437918129068286,0.449573750816522,567816000,"NVDA",-0.0445597631542765,1.03503672303094,"Technology"
"NVDA","2014-07-21",0.441248297691345,0.444340606511125,0.436966641506748,0.436966641506748,243364000,"NVDA",0.00596526480192096,1.04121099116353,"Technology"
"NVDA","2014-07-22",0.439345270395279,0.446957086718132,0.438393803988525,0.444578392344974,298816000,"NVDA",-0.0043128263746809,1.03672042893923,"Technology"
"NVDA","2014-07-23",0.430068463087082,0.439821124030006,0.42959272975344,0.439583271541325,297352000,"NVDA",-0.0211150726622155,1.01483000175178,"Technology"
"NVDA","2014-07-24",0.4307821393013,0.43363656807049,0.427689829652892,0.43244722038697,254576000,"NVDA",0.00165944791463035,1.01651405928189,"Technology"
"NVDA","2014-07-25",0.423170268535614,0.430306353772273,0.422456654340692,0.429354858726949,266132000,"NVDA",-0.0176698847775629,0.998552372979607,"Technology"
"NVDA","2014-07-28",0.421505182981491,0.425073225800324,0.414369097343826,0.425073225800324,330352000,"NVDA",-0.00393478861330446,0.994623280472618,"Technology"
"NVDA","2014-07-29",0.422932356595993,0.428641241379437,0.421505128311062,0.421743009143977,217972000,"NVDA",0.00338589813868225,0.997990973586661,"Technology"
"NVDA","2014-07-30",0.430068463087082,0.431257810599327,0.424359606370817,0.425548953883063,246184000,"NVDA",0.0168729263197652,1.01483000175178,"Technology"
"NVDA","2014-07-31",0.416272014379501,0.428165489162118,0.415558400221288,0.424835327565497,401880000,"NVDA",-0.0320796568261435,0.982274603558707,"Technology"
"NVDA","2014-08-01",0.420791417360306,0.423170111556794,0.414844653512814,0.416271881373216,219884000,"NVDA",0.0108568503879395,0.992939011969417,"Technology"
"NVDA","2014-08-04",0.419840067625046,0.423883843484005,0.417699253451562,0.420315800957344,241724000,"NVDA",-0.00226085822098745,0.990694117641267,"Technology"
"NVDA","2014-08-05",0.420077919960022,0.426262537929017,0.415082649419197,0.418650691703706,298136000,"NVDA",0.000566530813320608,0.991255376385486,"Technology"
"NVDA","2014-08-06",0.419602155685425,0.424835278311813,0.414131152248451,0.4172234326484,223456000,"NVDA",-0.00113256196527169,0.990132718248321,"Technology"
"NVDA","2014-08-07",0.415320545434952,0.426976139314731,0.412466088817938,0.42317024441918,407696000,"NVDA",-0.0102039758196165,0.980029427933104,"Technology"
"NVDA","2014-08-08",0.451952487230301,0.454331182292859,0.43339866007109,0.43339866007109,894348000,"NVDA",0.0882016124605289,1.06646960373557,"Technology"
"NVDA","2014-08-11",0.449573814868927,0.454331205234268,0.448384467277592,0.452428243416875,344624000,"NVDA",-0.00526310271230304,1.06085666467156,"Technology"
"NVDA","2014-08-12",0.449573814868927,0.451952510051597,0.444578543642806,0.44933596236443,296152000,"NVDA",0,1.06085666467156,"Technology"
"NVDA","2014-08-13",0.452190339565277,0.455996262767893,0.447432949740148,0.450287377963969,256596000,"NVDA",0.00582001133031501,1.06703086247979,"Technology"
"NVDA","2014-08-14",0.447195112705231,0.453855464783991,0.445292150917544,0.453855464783991,255992000,"NVDA",-0.0110467350205859,1.05524365528319,"Technology"
"NVDA","2014-08-15",0.452903926372528,0.455520473604644,0.444340613861674,0.448622270117101,369796000,"NVDA",0.0127658230269174,1.06871470903681,"Technology"
"NVDA","2014-08-18",0.459088623523712,0.459564385274211,0.450287456483757,0.454806966263217,284076000,"NVDA",0.0136556492250345,1.08330870222506,"Technology"
"NVDA","2014-08-19",0.462791740894318,0.465180957677401,0.457535441186165,0.459207915719692,248260000,"NVDA",0.00806623641026513,1.0920469263225,"Technology"
"NVDA","2014-08-20",0.459924668073654,0.463269588732484,0.458730059655867,0.461119276491441,221468000,"NVDA",-0.00619516851170033,1.08528151159125,"Technology"
"NVDA","2014-08-21",0.455624163150787,0.46111936866742,0.45490742074221,0.458730151354251,272796000,"NVDA",-0.00935045502316506,1.07513363562964,"Technology"
"NVDA","2014-08-22",0.455863118171692,0.459685877449072,0.452279292029793,0.455146347246968,251224000,"NVDA",0.000524456427534682,1.07569749637531,"Technology"
"NVDA","2014-08-25",0.456579834222794,0.460880430772553,0.45562413027745,0.457774442793187,153380000,"NVDA",0.00157221767353363,1.07738872699048,"Technology"
"NVDA","2014-08-26",0.464703261852264,0.465658937464502,0.456102067415252,0.457774513977527,269636000,"NVDA",0.0177919106815105,1.09655753099036,"Technology"
"NVDA","2014-08-27",0.459447026252747,0.465420070887829,0.458730255200192,0.46183624410678,182972000,"NVDA",-0.0113109505161788,1.08415442301919,"Technology"
"NVDA","2014-08-28",0.463269650936127,0.464225326405991,0.457057674936862,0.458491216623374,179704000,"NVDA",0.0083200553381692,1.09317464781383,"Technology"
"NVDA","2014-08-29",0.464703261852264,0.465658937464502,0.45992479834592,0.464942166514464,207932000,"NVDA",0.00309454960678042,1.09655753099036,"Technology"
"NVDA","2014-09-02",0.465897798538208,0.465897798538208,0.461597201984966,0.465897798538208,192636000,"NVDA",0.00257053647779938,1.09937627212378,"Technology"
"NVDA","2014-09-03",0.470198273658752,0.471870719530391,0.465180907562128,0.468286894741862,259456000,"NVDA",0.00923051178614177,1.10952407776102,"Technology"
"NVDA","2014-09-04",0.47856068611145,0.481427769653934,0.469242721561812,0.469481654684258,491832000,"NVDA",0.0177848642182953,1.12925681283093,"Technology"
"NVDA","2014-09-05",0.477127134799957,0.480233122921065,0.474021146678849,0.478082810307198,253792000,"NVDA",-0.00299554759322429,1.12587407030312,"Technology"
"NVDA","2014-09-08",0.472826510667801,0.477604944890672,0.47091513128231,0.476649269438783,319288000,"NVDA",-0.00901358111598384,1.11572591304406,"Technology"
"NVDA","2014-09-09",0.466853499412537,0.473782246592577,0.466375661654327,0.470676258441643,198588000,"NVDA",-0.0126325642080184,1.10163143380899,"Technology"
"NVDA","2014-09-10",0.468525946140289,0.470198421017785,0.464225349349916,0.469481650139104,172376000,"NVDA",0.00358238018962523,1.10557789643373,"Technology"
"NVDA","2014-09-11",0.463747501373291,0.466853489457998,0.458730133814787,0.465181043099068,250720000,"NVDA",-0.0101988903845413,1.09430222865643,"Technology"
"NVDA","2014-09-12",0.456818789243698,0.466614591994275,0.456340951459169,0.466614591994275,262536000,"NVDA",-0.0149406996459818,1.07795258773615,"Technology"
"NVDA","2014-09-15",0.450606822967529,0.458969083546648,0.44869544342453,0.458252312657809,294152000,"NVDA",-0.0135983160553734,1.0632942477554,"Technology"
"NVDA","2014-09-16",0.45729660987854,0.459685827044495,0.447978645842286,0.449412187534546,219936000,"NVDA",0.0148461731381569,1.07908009825439,"Technology"
"NVDA","2014-09-17",0.457535535097122,0.461836131885729,0.453951709186903,0.456102021822064,173584000,"NVDA",0.000522473190093434,1.07964388867569,"Technology"
"NVDA","2014-09-18",0.464464277029037,0.464942114781989,0.458969071665807,0.460402613406377,219604000,"NVDA",0.0151436148679567,1.09599359992034,"Technology"
"NVDA","2014-09-19",0.455863118171692,0.466375691943627,0.455146347246968,0.465897854154384,601316000,"NVDA",-0.0185184507888598,1.07569749637531,"Technology"
"NVDA","2014-09-22",0.451323628425598,0.465181095571611,0.450845762141958,0.465181095571611,221464000,"NVDA",-0.00995801056312707,1.06498568934367,"Technology"
"NVDA","2014-09-23",0.449412107467651,0.454429445533243,0.447261795312361,0.448934241334224,196144000,"NVDA",-0.00423536645890876,1.06047508467581,"Technology"
"NVDA","2014-09-24",0.4520403444767,0.453473886280425,0.448695451576965,0.449173289350968,159592000,"NVDA",0.00584816689487531,1.06667691995885,"Technology"
"NVDA","2014-09-25",0.442244440317154,0.452757011338078,0.441288764988757,0.451562402936726,298440000,"NVDA",-0.0216704200836012,1.04356158300986,"Technology"
"NVDA","2014-09-26",0.443200200796127,0.446545093354916,0.441766659138524,0.443678038521424,241188000,"NVDA",0.00216115883398776,1.04581688534379,"Technology"
"NVDA","2014-09-29",0.44248354434967,0.445589533089569,0.435315891172238,0.439616488775042,208540000,"NVDA",-0.00161700388485738,1.04412579537734,"Technology"
"NVDA","2014-09-30",0.440811038017273,0.44391702633708,0.435554736946038,0.440572104884319,277204000,"NVDA",-0.00377981589090638,1.04017919210387,"Technology"
"NVDA","2014-10-01",0.436510443687439,0.444633771513894,0.435315834978742,0.441527811656655,350976000,"NVDA",-0.00975609492261731,1.03003110516917,"Technology"
"NVDA","2014-10-02",0.434598982334137,0.437943874696821,0.42456424828266,0.435793590818197,288996000,"NVDA",-0.00437895903968496,1.02552064115003,"Technology"
"NVDA","2014-10-03",0.435554772615433,0.443200291715455,0.435554772615433,0.437227247719638,239140000,"NVDA",0.00219924647812665,1.02777601380833,"Technology"
"NVDA","2014-10-06",0.432926654815674,0.440811078667893,0.430059570882706,0.437227252233404,199032000,"NVDA",-0.00603395477445353,1.02157445982274,"Technology"
"NVDA","2014-10-07",0.428387016057968,0.435315762503891,0.427909178350387,0.431015166172234,301896000,"NVDA",-0.0104859303699804,1.01086230116929,"Technology"
"NVDA","2014-10-08",0.436271458864212,0.438421771374132,0.424564277816997,0.427909198894079,260172000,"NVDA",0.0184049527896452,1.02946717409914,"Technology"
"NVDA","2014-10-09",0.427909195423126,0.434837942145492,0.424325369750711,0.434360075937132,306956000,"NVDA",-0.0191675693451415,1.00973479065105,"Technology"
"NVDA","2014-10-10",0.402583450078964,0.425997811747843,0.402344545458903,0.424564270100617,691376000,"NVDA",-0.0591848588790417,0.949973779561109,"Technology"
"NVDA","2014-10-13",0.401149988174438,0.413335008287779,0.400672150391541,0.405211652051646,397628000,"NVDA",-0.00356065780708221,0.946591248006392,"Technology"
"NVDA","2014-10-14",0.410468012094498,0.421697329774021,0.404256034578989,0.406645252318535,376620000,"NVDA",0.023228279184212,0.968578933788416,"Technology"
"NVDA","2014-10-15",0.416680008172989,0.418830321470392,0.401866862211688,0.40449498493288,404428000,"NVDA",0.0151339346683636,0.983237344093523,"Technology"
"NVDA","2014-10-16",0.416918754577637,0.421697188455386,0.408317562205002,0.40927326606958,351116000,"NVDA",0.000572973024779027,0.983800712568644,"Technology"
"NVDA","2014-10-17",0.416201949119568,0.426714519863684,0.414529503098055,0.421936086384098,290716000,"NVDA",-0.00171929290826702,0.982109270980377,"Technology"
"NVDA","2014-10-20",0.4197858273983,0.423608586058835,0.413334947080148,0.416202001834692,200336000,"NVDA",0.00861091180931186,0.990566127299896,"Technology"
"NVDA","2014-10-21",0.437704980373383,0.438182818081891,0.421697203525485,0.422891812037614,351092000,"NVDA",0.0426864172288513,1.03284984630259,"Technology"
"NVDA","2014-10-22",0.427431374788284,0.438421785349188,0.427431374788284,0.436988243630212,239512000,"NVDA",-0.0234715300162553,1.00860728013281,"Technology"
"NVDA","2014-10-23",0.436988323926926,0.440094312567622,0.431732050794367,0.434838039435063,214476000,"NVDA",0.0223590258047274,1.03115875633614,"Technology"
"NVDA","2014-10-24",0.441527724266052,0.444155845815977,0.43698819498247,0.439616345014108,210156000,"NVDA",0.0103879213484104,1.04187035239468,"Technology"
"NVDA","2014-10-27",0.441766798496246,0.443439245303223,0.436510524896438,0.441288960620213,145092000,"NVDA",0.000541470483176346,1.0424344944378,"Technology"
"NVDA","2014-10-28",0.452279299497604,0.452757137294737,0.440094279021267,0.4405721168184,192580000,"NVDA",0.0237964940714017,1.06724078070451,"Technology"
"NVDA","2014-10-29",0.449412107467651,0.452995932578092,0.445350416223783,0.450367782771085,168340000,"NVDA",-0.0063394279444978,1.06047508467581,"Technology"
"NVDA","2014-10-30",0.446545153856277,0.450128980004136,0.440811043412391,0.448217628843986,170260000,"NVDA",-0.00637934217555602,1.05370995124201,"Technology"
"NVDA","2014-10-31",0.466853499412537,0.467092432532499,0.454429546808799,0.456818764081562,256316000,"NVDA",0.0454788174966859,1.10163143380899,"Technology"
"NVDA","2014-11-03",0.474737882614136,0.479277412143757,0.47234866554014,0.477604937406588,308732000,"NVDA",0.0168883455120726,1.12023616609011,"Technology"
"NVDA","2014-11-04",0.48094978928566,0.48262223530078,0.469959380931938,0.477843801839459,360196000,"NVDA",0.0130849188552603,1.13489436542213,"Technology"
"NVDA","2014-11-05",0.48094978928566,0.48405577673186,0.477365964189669,0.48381687214782,335652000,"NVDA",0,1.13489436542213,"Technology"
"NVDA","2014-11-06",0.483100295066833,0.483817066069667,0.47449907151455,0.481905657740963,394088000,"NVDA",0.00447137274842721,1.13996890116002,"Technology"
"NVDA","2014-11-07",0.472826510667801,0.494329493152434,0.46804807644493,0.488595383477675,450800000,"NVDA",-0.0212663591886469,1.11572591304406,"Technology"
"NVDA","2014-11-10",0.478321760892868,0.481427748942458,0.471154080826736,0.472348689424139,293388000,"NVDA",0.0116221279921591,1.12869302240963,"Technology"
"NVDA","2014-11-11",0.472587615251541,0.478082791929515,0.468525923297609,0.47545467014477,212992000,"NVDA",-0.0119880509526122,1.11516219294713,"Technology"
"NVDA","2014-11-12",0.469481647014618,0.472109768910005,0.463030737631131,0.470915160280724,204584000,"NVDA",-0.0065722590619943,1.10783305811894,"Technology"
"NVDA","2014-11-13",0.467092543840408,0.471870979524632,0.46326978390034,0.471154208475654,225328000,"NVDA",-0.00508881058376113,1.10219550552774,"Technology"
"NVDA","2014-11-14",0.472826510667801,0.472826510667801,0.46303070911823,0.467570238718986,160248000,"NVDA",0.0122758688893816,1.11572591304406,"Technology"
"NVDA","2014-11-17",0.470676213502884,0.475693580689328,0.4675702256485,0.470676213502884,158732000,"NVDA",-0.00454775084814936,1.11065186957672,"Technology"
"NVDA","2014-11-18",0.481905549764633,0.483100186822832,0.469720530891813,0.470915139468297,207772000,"NVDA",0.0238578792375716,1.13714966775606,"Technology"
"NVDA","2014-11-19",0.480106025934219,0.483705046931218,0.475067453742919,0.482265438532418,240300000,"NVDA",-0.00373418366170035,1.13290334204582,"Technology"
"NVDA","2014-11-20",0.48802387714386,0.488503765739476,0.475307430007341,0.476747038589684,220968000,"NVDA",0.0164918805054227,1.15158704858703,"Technology"
"NVDA","2014-11-21",0.490663349628448,0.493062679033778,0.48658449535984,0.492342874491727,198976000,"NVDA",0.00540849046164714,1.15781539615507,"Technology"
"NVDA","2014-11-24",0.493782341480255,0.495941697280487,0.489943404095552,0.491862844185649,136004000,"NVDA",0.00635668397521127,1.16517526273006,"Technology"
"NVDA","2014-11-25",0.493542224168777,0.497141244790372,0.491862700280197,0.492822420044459,190240000,"NVDA",-0.000486281689940228,1.16460865933423,"Technology"
"NVDA","2014-11-26",0.501939833164215,0.502419721583912,0.490423025931852,0.490662998743943,219264000,"NVDA",0.0170149757897227,1.1844244474773,"Technology"
"NVDA","2014-11-28",0.503139495849609,0.506018712115863,0.499060644275408,0.503619384295481,124832000,"NVDA",0.00239005276355862,1.18725528440122,"Technology"
"NVDA","2014-12-01",0.493782341480255,0.503859487760029,0.493062537145341,0.500980327624883,190060000,"NVDA",-0.0185975349709997,1.16517526273006,"Technology"
"NVDA","2014-12-02",0.494501888751984,0.496661243429691,0.488743457066153,0.493302196415942,245952000,"NVDA",0.001457215479945,1.16687317415976,"Technology"
"NVDA","2014-12-03",0.507218599319458,0.507458515032239,0.495461871325528,0.496901480011235,284424000,"NVDA",0.0257162022162718,1.1968807206672,"Technology"
"NVDA","2014-12-04",0.502659916877747,0.508418295095719,0.499300867684306,0.5064988547579,185332000,"NVDA",-0.00898760898718594,1.18612362474554,"Technology"
"NVDA","2014-12-05",0.505539119243622,0.508178363929139,0.502659901619775,0.50289981735359,165680000,"NVDA",0.00572793308000229,1.19291766149269,"Technology"
"NVDA","2014-12-08",0.499060928821564,0.509857938771585,0.49498207492175,0.504819364637319,226944000,"NVDA",-0.012814419647189,1.17763111397378,"Technology"
"NVDA","2014-12-09",0.497381448745728,0.498581142049845,0.488503935672453,0.495941839662597,239448000,"NVDA",-0.00336528062776213,1.17366805479927,"Technology"
"NVDA","2014-12-10",0.486344307661057,0.497861118044824,0.485864476314545,0.49594162104528,204364000,"NVDA",-0.0221904960719865,1.14762377843944,"Technology"
"NVDA","2014-12-11",0.486104369163513,0.492582549673241,0.485144649311053,0.489223501587382,135652000,"NVDA",-0.000493351096669056,1.14705759698978,"Technology"
"NVDA","2014-12-12",0.470988661050797,0.483945023871481,0.470508772455602,0.479626226730502,323964000,"NVDA",-0.0310956022442829,1.1113891502025,"Technology"
"NVDA","2014-12-15",0.469549000263214,0.485144662816715,0.468109391842199,0.476507040892873,254696000,"NVDA",-0.00305667823163821,1.1079919911802,"Technology"
"NVDA","2014-12-16",0.46427047252655,0.476507058757183,0.464030556848886,0.469069157909088,185308000,"NVDA",-0.0112416973174362,1.09553628058521,"Technology"
"NVDA","2014-12-17",0.483225077390671,0.483944881469405,0.458272050475427,0.473627765946864,345596000,"NVDA",0.0408266430578062,1.14026334926954,"Technology"
"NVDA","2014-12-18",0.485144764184952,0.494981995109825,0.480586022300713,0.489223617427082,226156000,"NVDA",0.0039726555679746,1.14479322281297,"Technology"
"NVDA","2014-12-19",0.489943295717239,0.491862735382745,0.483944946654665,0.488503687365862,325528000,"NVDA",0.00989092717582798,1.15611628921119,"Technology"
"NVDA","2014-12-22",0.498580724000931,0.498580724000931,0.487783722135021,0.489463245588922,148976000,"NVDA",0.0176294447932936,1.17649797750647,"Technology"
"NVDA","2014-12-23",0.495461821556091,0.504819219868723,0.494981932974224,0.502419891368395,109280000,"NVDA",-0.00625556162663371,1.16913832190457,"Technology"
"NVDA","2014-12-24",0.493542224168777,0.497381160430314,0.493062392888893,0.496661356305995,45644000,"NVDA",-0.00387435984731373,1.16460865933423,"Technology"
"NVDA","2014-12-26",0.494022250175476,0.496661494563011,0.492342725819362,0.493542361557512,52636000,"NVDA",0.000972613857926881,1.16574137385536,"Technology"
"NVDA","2014-12-29",0.493302345275879,0.496661393303261,0.490183212906311,0.49258254109794,82944000,"NVDA",-0.00145723173266277,1.1640426185333,"Technology"
"NVDA","2014-12-30",0.488743633031845,0.492342654131269,0.48802382881196,0.48994332579982,112120000,"NVDA",-0.00924121340125468,1.15328545228727,"Technology"
"NVDA","2014-12-31",0.481065839529037,0.492102761818504,0.479626202418681,0.489463460485478,166300000,"NVDA",-0.0157092450599911,1.13516820849317,"Technology"
"NVDA","2015-01-02",0.482985287904739,0.486584309238349,0.475307413862707,0.482985287904739,113680000,"NVDA",0.00398999101158594,1.1396975194417,"Technology"
"NVDA","2015-01-05",0.474827438592911,0.484424778815123,0.472668054919316,0.48298517063123,197952000,"NVDA",-0.0168904716481501,1.1204474908021,"Technology"
"NVDA","2015-01-06",0.460431486368179,0.476027118265654,0.459951626491783,0.475547258389258,197764000,"NVDA",-0.0303182820845231,1.08647744771507,"Technology"
"NVDA","2015-01-07",0.459231793880463,0.46786938552861,0.457792185738357,0.463790505326725,321808000,"NVDA",-0.0026055830742152,1.08364654046678,"Technology"
"NVDA","2015-01-08",0.476507067680359,0.479386284684249,0.464270481220581,0.464510425504989,283780000,"NVDA",0.0376177652115981,1.12441090159842,"Technology"
"NVDA","2015-01-09",0.478426456451416,0.482025477106744,0.47170833223188,0.478186540809225,209540000,"NVDA",0.00402803840958904,1.12894007189822,"Technology"
"NVDA","2015-01-12",0.472428172826767,0.479866101751456,0.468109376309278,0.479626157488499,190732000,"NVDA",-0.0125375249294103,1.11478595760299,"Technology"
"NVDA","2015-01-13",0.471708416938782,0.485624527763463,0.468349368526937,0.476027213898476,236720000,"NVDA",-0.00152352448347562,1.11308755390274,"Technology"
"NVDA","2015-01-14",0.473627865314484,0.475067473773984,0.465470160316651,0.466669824498817,155260000,"NVDA",0.00406914167052273,1.11761686485127,"Technology"
"NVDA","2015-01-15",0.470268875360489,0.479866190007926,0.470028931053401,0.476987001334146,188932000,"NVDA",-0.00709204461980804,1.1096906761779,"Technology"
"NVDA","2015-01-16",0.47890642285347,0.479386282818167,0.468109416335415,0.469549024831756,181512000,"NVDA",0.0183672531726871,1.13007264577062,"Technology"
"NVDA","2015-01-20",0.480346024036407,0.484904707932744,0.474347674461147,0.48226546386597,140308000,"NVDA",0.00300601769832203,1.1334696641442,"Technology"
"NVDA","2015-01-21",0.487064152956009,0.488263845832448,0.474347705929175,0.47770678305825,144780000,"NVDA",0.0139860196263272,1.14932239311277,"Technology"
"NVDA","2015-01-22",0.495461821556091,0.496901430097189,0.482985290472582,0.488023863161921,159712000,"NVDA",0.0172414014645025,1.16913832190457,"Technology"
"NVDA","2015-01-23",0.496901154518127,0.497860873945102,0.491862527418684,0.495941377886681,120416000,"NVDA",0.00290503304072075,1.17253470735887,"Technology"
"NVDA","2015-01-26",0.494742006063461,0.497141334509366,0.491622873363334,0.494742006063461,133240000,"NVDA",-0.00434522728521326,1.1674397775556,"Technology"
"NVDA","2015-01-27",0.470988661050797,0.487544045324174,0.470028912462661,0.48706415672898,357948000,"NVDA",-0.04801157921007,1.1113891502025,"Technology"
"NVDA","2015-01-28",0.463310748338699,0.478666467055357,0.463070804060998,0.476746998640494,272728000,"NVDA",-0.0163016933252011,1.09327162511094,"Technology"
"NVDA","2015-01-29",0.474587678909302,0.47722692331068,0.461391342493396,0.4635507554788,235340000,"NVDA",0.0243398855110491,1.11988173129862,"Technology"
"NVDA","2015-01-30",0.460671454668045,0.476746976881875,0.459951679072291,0.471228516166847,298200000,"NVDA",-0.0293227676564192,1.08704369948909,"Technology"
"NVDA","2015-02-02",0.470748603343964,0.472668071455559,0.454433167298776,0.463550619377167,259604000,"NVDA",0.0218749144836423,1.11082268745539,"Technology"
"NVDA","2015-02-03",0.482505440711975,0.482985329332453,0.471708461591798,0.47410779028517,183468000,"NVDA",0.0249747684528361,1.13856522686675,"Technology"
"NVDA","2015-02-04",0.483705073595047,0.48922353462498,0.47962619244102,0.481065829521427,181516000,"NVDA",0.00248625773276618,1.1413959934663,"Technology"
"NVDA","2015-02-05",0.49162283539772,0.491862751062433,0.483705046417235,0.48418487774666,140448000,"NVDA",0.0163689864648846,1.16007948903443,"Technology"
"NVDA","2015-02-06",0.48946350812912,0.496901467076827,0.487304095156769,0.49114303248389,210524000,"NVDA",-0.00439224363297441,1.15498413728497,"Technology"
"NVDA","2015-02-09",0.488983660936356,0.490423212333627,0.483465199432546,0.486584332334895,273944000,"NVDA",-0.000980353355857735,1.15385184471002,"Technology"
"NVDA","2015-02-10",0.502659916877747,0.502899832618845,0.487304165357132,0.489463578640565,226204000,"NVDA",0.0279687380866721,1.18612362474554,"Technology"
"NVDA","2015-02-11",0.499300688505173,0.503859371972691,0.495941583312665,0.503859371972691,320832000,"NVDA",-0.00668290480259412,1.17819687347726,"Technology"
"NVDA","2015-02-12",0.535050809383392,0.539849466733552,0.524733690360098,0.527852823358153,676904000,"NVDA",0.0716003836991489,1.26255622169137,"Technology"
"NVDA","2015-02-13",0.535290420055389,0.536010223968185,0.525693110824077,0.533850812229797,310084000,"NVDA",0.00044782788437084,1.26312162957303,"Technology"
"NVDA","2015-02-17",0.536970257759094,0.539609559385719,0.530971964580737,0.534331013336978,203340000,"NVDA",0.00313818002483775,1.26708553263989,"Technology"
"NVDA","2015-02-18",0.530731797218323,0.537210033851963,0.529772077525946,0.536250256955098,170948000,"NVDA",-0.0116178884223608,1.25236467430009,"Technology"
"NVDA","2015-02-19",0.532171308994293,0.538409571671857,0.529771981595575,0.537449852153265,169432000,"NVDA",0.00271231492726692,1.25576148170058,"Technology"
"NVDA","2015-02-20",0.536010682582855,0.536250598357569,0.52785297419734,0.531691912615384,157752000,"NVDA",0.00721454449661657,1.26482122878745,"Technology"
"NVDA","2015-02-23",0.531691789627075,0.535770642876333,0.529052487897635,0.535770642876333,125008000,"NVDA",-0.00805747552449652,1.25462996269363,"Technology"
"NVDA","2015-02-24",0.537351727485657,0.537351727485657,0.528921772793214,0.533738906167398,149356000,"NVDA",0.0106451481271723,1.26798568449129,"Technology"
"NVDA","2015-02-25",0.533257365226746,0.537592821306725,0.530848797657239,0.535184196312438,123820000,"NVDA",-0.00761952004522107,1.25832424215126,"Technology"
"NVDA","2015-02-26",0.534702301025391,0.537833443342026,0.530366846698624,0.533738885872139,152864000,"NVDA",0.00270964058420575,1.26173384858588,"Technology"
"NVDA","2015-02-27",0.531330227851868,0.534461369629734,0.529403340452163,0.533257057826825,157492000,"NVDA",-0.00630644971427348,1.25377678751697,"Technology"
"NVDA","2015-03-02",0.54433685541153,0.547227159825277,0.529162872088931,0.529885448192367,301512000,"NVDA",0.0244793668379207,1.28446844943147,"Technology"
"NVDA","2015-03-03",0.534220576286316,0.542891427702558,0.532534585375485,0.540242021617647,160344000,"NVDA",-0.0185845933903658,1.26059712557603,"Technology"
"NVDA","2015-03-04",0.540242075920105,0.541446330652562,0.530126072013552,0.532293799441692,226840000,"NVDA",0.0112715606644133,1.27480602255035,"Technology"
"NVDA","2015-03-05",0.550599038600922,0.551562454080608,0.538797041056623,0.540242192988541,323056000,"NVDA",0.0191709663916446,1.29924528596453,"Technology"
"NVDA","2015-03-06",0.543132424354553,0.550117228718527,0.542650687966624,0.547467822146839,257392000,"NVDA",-0.0135608922698833,1.28162636060941,"Technology"
"NVDA","2015-03-09",0.544577658176422,0.548672274960839,0.542169090469298,0.543373403035252,222388000,"NVDA",0.00266092348212571,1.28503667028767,"Technology"
"NVDA","2015-03-10",0.55397093296051,0.557583812212922,0.546022656029972,0.546986071355693,527212000,"NVDA",0.0172487332946095,1.30720192508725,"Technology"
"NVDA","2015-03-11",0.551080584526062,0.561196529702516,0.549635433093781,0.553970829965867,262120000,"NVDA",-0.00521750919132481,1.30038158702819,"Technology"
"NVDA","2015-03-12",0.546022713184357,0.549876432315391,0.535665868143041,0.545781873683909,406972000,"NVDA",-0.00917809751191864,1.28844655801974,"Technology"
"NVDA","2015-03-13",0.546745002269745,0.548190153363805,0.535906426489039,0.543373021333434,359288000,"NVDA",0.00132281875450905,1.29015093929087,"Technology"
"NVDA","2015-03-16",0.553248465061188,0.556620505496322,0.547467914554182,0.551080794511547,236956000,"NVDA",0.0118948737792655,1.30549712186994,"Technology"
"NVDA","2015-03-17",0.559992432594299,0.560233272092484,0.548190435811646,0.552044154906469,299900000,"NVDA",0.0121897627540019,1.32141082206157,"Technology"
"NVDA","2015-03-18",0.550839722156525,0.562882555804888,0.54578174925164,0.559992310184137,413844000,"NVDA",-0.0163443466465654,1.29981322552327,"Technology"
"NVDA","2015-03-19",0.559269845485687,0.561196676282162,0.548672161255532,0.55276671976662,310756000,"NVDA",0.0153041311112402,1.3197057375468,"Technology"
"NVDA","2015-03-20",0.565291225910187,0.568663265888187,0.558547260803729,0.563846131547925,462084000,"NVDA",0.0107665029200177,1.33391435322366,"Technology"
"NVDA","2015-03-23",0.546986222267151,0.555657077440428,0.546745382725466,0.548431374366828,426012000,"NVDA",-0.0323815456600492,1.29072014468816,"Technology"
"NVDA","2015-03-24",0.539519667625427,0.54915393817547,0.537111099987917,0.545300218470496,330480000,"NVDA",-0.0136503523082834,1.27310135998177,"Technology"
"NVDA","2015-03-25",0.50676304101944,0.539278726726595,0.505076992307787,0.539278726726595,542552000,"NVDA",-0.0607144253890843,1.19580574244841,"Technology"
"NVDA","2015-03-26",0.505077064037323,0.507244792038927,0.492793386877795,0.496406266880467,311920000,"NVDA",-0.00332695332067838,1.19182735256269,"Technology"
"NVDA","2015-03-27",0.514952003955841,0.516878834157513,0.499778029487226,0.507967143981462,318288000,"NVDA",0.0195513528957006,1.21512918972339,"Technology"
"NVDA","2015-03-30",0.517120003700256,0.519769410980886,0.510616819134517,0.517360843246282,253252000,"NVDA",0.00421010060697074,1.22024500586259,"Technology"
"NVDA","2015-03-31",0.504113554954529,0.51615639035381,0.503631875993419,0.5156747113927,357276000,"NVDA",-0.0251517029947784,1.18955376589427,"Technology"
"NVDA","2015-04-01",0.506040513515472,0.507726504963589,0.49736965933603,0.506040513515472,330768000,"NVDA",0.00382246924726596,1.19410079858237,"Technology"
"NVDA","2015-04-02",0.507244646549225,0.510375789178529,0.502909249214291,0.508930637591964,192204000,"NVDA",0.00237951903373765,1.1969421841608,"Technology"
"NVDA","2015-04-06",0.521937191486359,0.523623183327101,0.499778343136966,0.505077158229358,515864000,"NVDA",0.0289654016796173,1.2316120953123,"Technology"
"NVDA","2015-04-07",0.5265132188797,0.532293767584009,0.519046621771238,0.521936924835773,413964000,"NVDA",0.0087673909197955,1.24241012001345,"Technology"
"NVDA","2015-04-08",0.530367076396942,0.532293964962724,0.521937118374089,0.526995093187801,366432000,"NVDA",0.00731958359078346,1.25150404474092,"Technology"
"NVDA","2015-04-09",0.542650640010834,0.544336631082436,0.526031511330347,0.526272350790643,379432000,"NVDA",0.023160494232297,1.28048949695084,"Technology"
"NVDA","2015-04-10",0.548190295696259,0.548431135132886,0.541205435211245,0.543132322978538,258728000,"NVDA",0.0102085122120453,1.29356138961786,"Technology"
"NVDA","2015-04-13",0.543132424354553,0.550117228718527,0.540723799839677,0.54698608575891,236724000,"NVDA",-0.009226488285936,1.28162636060941,"Technology"
"NVDA","2015-04-14",0.538556277751923,0.54313257370898,0.533257405726657,0.540964845504355,220276000,"NVDA",-0.00842547120634311,1.27082805461081,"Technology"
"NVDA","2015-04-15",0.545059502124786,0.549154062291501,0.537352060972856,0.54000152617028,243560000,"NVDA",0.0120752921124789,1.28617367459496,"Technology"
"NVDA","2015-04-16",0.541687428951263,0.546504564521746,0.53783370900992,0.541928268502352,155284000,"NVDA",-0.00618661478311581,1.27821661352606,"Technology"
"NVDA","2015-04-17",0.534702301025391,0.540001170505409,0.5301260072665,0.530366846698624,293636000,"NVDA",-0.0128951265112362,1.26173384858588,"Technology"
"NVDA","2015-04-20",0.532052934169769,0.540482889162315,0.531089461520826,0.537110907165297,231624000,"NVDA",-0.00495484468748439,1.25548215332919,"Technology"
"NVDA","2015-04-21",0.531330227851868,0.53855592639508,0.528680764855367,0.53855592639508,230456000,"NVDA",-0.00135833536756891,1.25377678751697,"Technology"
"NVDA","2015-04-22",0.537351727485657,0.53807430323426,0.526272309240081,0.534461481916002,207420000,"NVDA",0.0113328760875013,1.26798568449129,"Technology"
"NVDA","2015-04-23",0.535184144973755,0.540242176581862,0.521455316887015,0.52747676394555,259380000,"NVDA",-0.00403382440407194,1.26287085289318,"Technology"
"NVDA","2015-04-24",0.530607759952545,0.535183996428095,0.524586314565322,0.534943156988529,240960000,"NVDA",-0.0085510474557017,1.25207198429966,"Technology"
"NVDA","2015-04-27",0.534702301025391,0.544095727975295,0.527717440670993,0.532293734429884,248456000,"NVDA",0.00771670032343977,1.26173384858588,"Technology"
"NVDA","2015-04-28",0.537351727485657,0.539278615290186,0.528680875927173,0.533738906167398,234484000,"NVDA",0.00495495616006392,1.26798568449129,"Technology"
"NVDA","2015-04-29",0.533257365226746,0.538797076379088,0.531089637186756,0.533498204756262,195156000,"NVDA",-0.00761952004522107,1.25832424215126,"Technology"
"NVDA","2015-04-30",0.534702301025391,0.537351707053021,0.529403431545372,0.530607743555504,218844000,"NVDA",0.00270964058420575,1.26173384858588,"Technology"
"NVDA","2015-05-01",0.5479496717453,0.549635663314237,0.536629352400639,0.539037919988375,256968000,"NVDA",0.0247752266906377,1.29299359070784,"Technology"
"NVDA","2015-05-04",0.544577658176422,0.551080842667963,0.542891666523914,0.547467962394885,200720000,"NVDA",-0.00615387460336971,1.28503667028767,"Technology"
"NVDA","2015-05-05",0.530607759952545,0.54337316904569,0.528199193282608,0.542650593302233,292928000,"NVDA",-0.0256527200742254,1.25207198429966,"Technology"
"NVDA","2015-05-06",0.532293796539307,0.538556081903276,0.525308935369897,0.533498051265197,316484000,"NVDA",0.00317755734841169,1.25605051483412,"Technology"
"NVDA","2015-05-07",0.541687428951263,0.543373420658454,0.528440277420044,0.530126269127234,534564000,"NVDA",0.0176474579884816,1.27821661352606,"Technology"
"NVDA","2015-05-08",0.501705169677734,0.526031746196849,0.493516050123683,0.506040626447378,1146552000,"NVDA",-0.0738105725490748,1.18387071343996,"Technology"
"NVDA","2015-05-11",0.49688783288002,0.501945863732969,0.490866444145246,0.494720105371614,544144000,"NVDA",-0.00960192776328895,1.17250327236844,"Technology"
"NVDA","2015-05-12",0.501705169677734,0.50579972945476,0.493034313563237,0.493275210555855,388800000,"NVDA",0.00969501863185577,1.18387071343996,"Technology"
"NVDA","2015-05-13",0.504595100879669,0.509171393831493,0.499777968538196,0.505317676473365,308524000,"NVDA",0.00576021810536881,1.19069006695794,"Technology"
"NVDA","2015-05-14",0.512784421443939,0.515433885498959,0.504836144128421,0.506040456412479,293052000,"NVDA",0.0162294888515434,1.21001435812527,"Technology"
"NVDA","2015-05-15",0.513025343418121,0.51736074151803,0.509894200236331,0.51495217425702,215824000,"NVDA",0.000469830915501921,1.21058286027892,"Technology"
"NVDA","2015-05-18",0.512302577495575,0.515433719516094,0.509412274884403,0.511820841252129,324972000,"NVDA",-0.00140883083422513,1.20887735381798,"Technology"
"NVDA","2015-05-19",0.509108781814575,0.514674134686847,0.508140849209376,0.51298028147304,253808000,"NVDA",-0.00623419795506952,1.20134097309087,"Technology"
"NVDA","2015-05-20",0.509108781814575,0.515400055295455,0.508624815511975,0.509350736120583,196824000,"NVDA",0,1.20134097309087,"Technology"
"NVDA","2015-05-21",0.505479156970978,0.511528475884951,0.504995190689251,0.509350714153051,239692000,"NVDA",-0.00712936993673657,1.19277616887355,"Technology"
"NVDA","2015-05-22",0.504753112792969,0.508624669027,0.503543283920778,0.506688919755268,212592000,"NVDA",-0.0014363483993282,1.19106292673263,"Technology"
"NVDA","2015-05-26",0.501607894897461,0.505721408795191,0.497736335437652,0.502333815901839,259732000,"NVDA",-0.00623120059251198,1.18364117471786,"Technology"
"NVDA","2015-05-27",0.528466582298279,0.530886298757167,0.503301484973374,0.504995280725536,432332000,"NVDA",0.0535451847429721,1.24701946008751,"Technology"
"NVDA","2015-05-28",0.53572553396225,0.537419329089307,0.527498512576381,0.528466387264618,327656000,"NVDA",0.0137358764151218,1.26414836527853,"Technology"
"NVDA","2015-05-29",0.535483479499817,0.539113023324097,0.534757559196849,0.535725433703953,335168000,"NVDA",-0.000451825509683318,1.26357719079907,"Technology"
"NVDA","2015-06-01",0.541532754898071,0.546856151384798,0.535483495776872,0.538871085499989,372660000,"NVDA",0.0112968478577619,1.27785163008006,"Technology"
"NVDA","2015-06-02",0.530886054039001,0.541048881557892,0.530402087894077,0.538145200069476,224304000,"NVDA",-0.0196603081951594,1.252728673205,"Technology"
"NVDA","2015-06-03",0.52507871389389,0.536451369484238,0.524110781668301,0.532337859442446,250788000,"NVDA",-0.0109389578063477,1.23902512710601,"Technology"
"NVDA","2015-06-04",0.534515798091888,0.536209593513861,0.521933251882287,0.521933251882287,323712000,"NVDA",0.0179727038028533,1.26129375871978,"Technology"
"NVDA","2015-06-05",0.538629293441772,0.541049009356815,0.527256576719553,0.532821929093208,313320000,"NVDA",0.00769574138794095,1.27100034930111,"Technology"
"NVDA","2015-06-08",0.526288688182831,0.540565029016883,0.520239427398085,0.536935484084151,342812000,"NVDA",-0.0229111290626003,1.24188029625966,"Technology"
"NVDA","2015-06-09",0.528950393199921,0.532821892243777,0.525804756958857,0.526772631719821,256888000,"NVDA",0.00505749995554755,1.24816110580279,"Technology"
"NVDA","2015-06-10",0.519513607025146,0.526046835316,0.516609924366728,0.522659244008237,529460000,"NVDA",-0.0178405882594882,1.22589317743266,"Technology"
"NVDA","2015-06-11",0.52507871389389,0.528708257822888,0.519513363204275,0.519513363204275,283052000,"NVDA",0.0107121484278554,1.23902512710601,"Technology"
"NVDA","2015-06-12",0.510802567005157,0.52483689720966,0.509592680118424,0.52169126053285,323728000,"NVDA",-0.0271885843226505,1.20533778795981,"Technology"
"NVDA","2015-06-15",0.509834766387939,0.512254482823353,0.504269412817429,0.508140912961618,306548000,"NVDA",-0.00189466670634066,1.20305407458307,"Technology"
"NVDA","2015-06-16",0.516125977039337,0.516851897730682,0.503785440667647,0.508866827816474,256892000,"NVDA",0.0123397050694865,1.21789940704606,"Technology"
"NVDA","2015-06-17",0.522175133228302,0.525078815083526,0.514674032023068,0.515883861002364,233544000,"NVDA",0.0117203094943307,1.23217356502961,"Technology"
"NVDA","2015-06-18",0.530886054039001,0.534273643981777,0.525078748752735,0.526530589496943,299404000,"NVDA",0.0166819908808084,1.252728673205,"Technology"
"NVDA","2015-06-19",0.529192447662354,0.535241709331649,0.524353015250683,0.53088624323738,355656000,"NVDA",-0.00319015043579112,1.24873228028225,"Technology"
"NVDA","2015-06-22",0.52701461315155,0.533063931677883,0.519029545003514,0.530160249554751,514236000,"NVDA",-0.00411539227444298,1.24359325710313,"Technology"
"NVDA","2015-06-23",0.513464152812958,0.532095957813144,0.509350641918675,0.527982446918862,414064000,"NVDA",-0.0257117355011481,1.21161831620548,"Technology"
"NVDA","2015-06-24",0.508382797241211,0.515399990447795,0.505963081413828,0.51273826265427,253368000,"NVDA",-0.00989622263581434,1.19962787159868,"Technology"
"NVDA","2015-06-25",0.512254297733307,0.515399933731808,0.508382741297415,0.508382741297415,350460000,"NVDA",0.0076153255245949,1.20876342834928,"Technology"
"NVDA","2015-06-26",0.501849353313446,0.508624590094202,0.499671650143344,0.508140624006092,421296000,"NVDA",-0.0203120685680961,1.18421094271005,"Technology"
"NVDA","2015-06-29",0.486847341060638,0.501123682687458,0.486121420495666,0.496042238732653,391724000,"NVDA",-0.0298934573767153,1.1488107833691,"Technology"
"NVDA","2015-06-30",0.486605226993561,0.491928624123033,0.483217636861427,0.48975086288499,315916000,"NVDA",-0.000497310032648367,1.14823946824092,"Technology"
"NVDA","2015-07-01",0.493622541427612,0.505721121817391,0.489267075563525,0.498703985574727,302892000,"NVDA",0.0144209598351568,1.16479818349356,"Technology"
"NVDA","2015-07-02",0.494106501340866,0.497252137970659,0.490960864711074,0.493380580757792,145764000,"NVDA",0.000980425067003863,1.16594018083066,"Technology"
"NVDA","2015-07-06",0.488057225942612,0.496768216026456,0.484427680393852,0.489993033567125,214776000,"NVDA",-0.0122428573229422,1.15166574154967,"Technology"
"NVDA","2015-07-07",0.478862136602402,0.487089186423439,0.463617923528238,0.485153437143462,594252000,"NVDA",-0.0188401868704043,1.12996814376663,"Technology"
"NVDA","2015-07-08",0.475474566221237,0.479104139539532,0.471603009810275,0.476200486653953,332492000,"NVDA",-0.00707420804910546,1.12197451402876,"Technology"
"NVDA","2015-07-09",0.469667226076126,0.485153451537679,0.466763573224727,0.482975690265167,357588000,"NVDA",-0.0122137766300815,1.10827096792977,"Technology"
"NVDA","2015-07-10",0.477894335985184,0.482249830230338,0.474506716529936,0.475716574439963,216708000,"NVDA",0.0175168916464359,1.12768443038989,"Technology"
"NVDA","2015-07-13",0.481039971113205,0.483701641201412,0.477894334785971,0.482733766413935,212472000,"NVDA",0.00658228167014469,1.13510716694575,"Technology"
"NVDA","2015-07-14",0.481281965970993,0.482249869685376,0.474990721631311,0.48176593225083,249216000,"NVDA",0.000503066007650197,1.13567820077648,"Technology"
"NVDA","2015-07-15",0.477894335985184,0.483217705020244,0.47353884174003,0.480072068685117,265732000,"NVDA",-0.00703876360497891,1.12768443038989,"Technology"
"NVDA","2015-07-16",0.488541156053543,0.488541156053543,0.479104246021432,0.480798041510696,282848000,"NVDA",0.0222786069360099,1.1528076685624,"Technology"
"NVDA","2015-07-17",0.48563739657402,0.487331191794365,0.479346124218128,0.48684728326888,220372000,"NVDA",-0.00594373563729902,1.14595568453981,"Technology"
"NVDA","2015-07-20",0.476684480905533,0.487573231005715,0.475474622988322,0.485637423723833,188412000,"NVDA",-0.0184353917792304,1.12482954253369,"Technology"
"NVDA","2015-07-21",0.478862136602402,0.485637345618173,0.475716500754513,0.475716500754513,149720000,"NVDA",0.00456833772463521,1.12996814376663,"Technology"
"NVDA","2015-07-22",0.469667226076126,0.475474560624209,0.463859920373328,0.475474560624209,356472000,"NVDA",-0.0192015818822405,1.10827096792977,"Technology"
"NVDA","2015-07-23",0.475474566221237,0.482491729765161,0.469667231604794,0.470635135130177,169916000,"NVDA",0.0123647975048823,1.12197451402876,"Technology"
"NVDA","2015-07-24",0.469909220933914,0.479346100148611,0.467973442702742,0.478862162802139,188844000,"NVDA",-0.0117048222611627,1.1088420017605,"Technology"
"NVDA","2015-07-27",0.467247515916824,0.472570884346311,0.461924147487338,0.465795675051835,192420000,"NVDA",-0.00566429620555195,1.10256119221737,"Technology"
"NVDA","2015-07-28",0.477410435676575,0.480556043410772,0.463618031354613,0.468457463370659,198308000,"NVDA",0.0217506127128549,1.12654257370152,"Technology"
"NVDA","2015-07-29",0.483217656612396,0.487089213074752,0.474506668994739,0.476442447225917,232680000,"NVDA",0.0121640008300021,1.14024583850305,"Technology"
"NVDA","2015-07-30",0.484427660703659,0.489267093032358,0.482007915694018,0.482007915694018,190180000,"NVDA",0.00250405603914718,1.14310107798107,"Technology"
"NVDA","2015-07-31",0.48273366689682,0.48660519409389,0.479830014287697,0.486363239869544,218340000,"NVDA",-0.00349689735796335,1.13910377084159,"Technology"
"NVDA","2015-08-03",0.4909608066082,0.491444715145927,0.480314039955457,0.486605283625213,397132000,"NVDA",0.0170428132022921,1.15851730362607,"Technology"
"NVDA","2015-08-04",0.492896407842636,0.49434824840015,0.487331057499203,0.489266864139408,260100000,"NVDA",0.00394247607626386,1.16308473037956,"Technology"
"NVDA","2015-08-05",0.497977942228317,0.505479042913748,0.497010009883269,0.504995076741224,234628000,"NVDA",0.0103095382819335,1.17507559693254,"Technology"
"NVDA","2015-08-06",0.494832515716553,0.500397869447945,0.486605433445848,0.496768265844605,655676000,"NVDA",-0.00631639726388199,1.16765335264722,"Technology"
"NVDA","2015-08-07",0.55605137348175,0.565488226904445,0.529434435825222,0.543468825330707,1405248000,"NVDA",0.123716319806811,1.31211112824681,"Technology"
"NVDA","2015-08-10",0.57540899515152,0.579522506414621,0.548792062546974,0.552179710961214,662304000,"NVDA",0.0348126496811982,1.35778919329727,"Technology"
"NVDA","2015-08-11",0.572505295276642,0.578070647446391,0.566939943106892,0.566939943106892,435008000,"NVDA",-0.00504632339665339,1.35093734992341,"Technology"
"NVDA","2015-08-12",0.573957204818726,0.57807071644552,0.563310465449929,0.563310465449929,384048000,"NVDA",0.00253606307935049,1.35436341225907,"Technology"
"NVDA","2015-08-13",0.569117784500122,0.575893024378861,0.567665943262493,0.574683137450642,276884000,"NVDA",-0.00843167448369598,1.34294386083427,"Technology"
"NVDA","2015-08-14",0.569601714611053,0.572989305489848,0.565246191174963,0.568633782053758,214652000,"NVDA",0.000850316268637521,1.34408578784701,"Technology"
"NVDA","2015-08-17",0.565972030162811,0.568633700085244,0.558954837432136,0.568633700085244,273880000,"NVDA",-0.0063723200881175,1.33552084298096,"Technology"
"NVDA","2015-08-18",0.560820639133453,0.568110328253563,0.556446790901408,0.564222482469511,287084000,"NVDA",-0.00910184736138997,1.32336513612019,"Technology"
"NVDA","2015-08-19",0.558633744716644,0.566409436698135,0.552558974493611,0.560091694204837,249248000,"NVDA",-0.00389945423582866,1.3182047343346,"Technology"
"NVDA","2015-08-20",0.538465738296509,0.554989015647134,0.535792810893724,0.552316146177667,426932000,"NVDA",-0.0361023776506113,1.27061440919483,"Technology"
"NVDA","2015-08-21",0.521699368953705,0.543568440589127,0.521213366410705,0.534577828043451,382664000,"NVDA",-0.0311373002038088,1.23105090689244,"Technology"
"NVDA","2015-08-24",0.503232002258301,0.530446862613042,0.485979698848914,0.492540412733249,682284000,"NVDA",-0.0353984838671385,1.18747357122518,"Technology"
"NVDA","2015-08-25",0.492783576250076,0.527288134472391,0.492783576250076,0.525344182244856,622684000,"NVDA",-0.0207626422034692,1.16281848233976,"Technology"
"NVDA","2015-08-26",0.529960870742798,0.530446873161163,0.504932933829577,0.508820779376608,614976000,"NVDA",0.0754434528350737,1.25054552366791,"Technology"
"NVDA","2015-08-27",0.549886167049408,0.550129139346771,0.532390887106463,0.53554975870542,463764000,"NVDA",0.0375976744824248,1.29756312719223,"Technology"
"NVDA","2015-08-28",0.552316009998322,0.555717853563123,0.545998267416088,0.549886113461563,320944000,"NVDA",0.00441881082761489,1.30329681318818,"Technology"
"NVDA","2015-08-31",0.546241343021393,0.553531091943963,0.544054476277936,0.54964324516303,219352000,"NVDA",-0.0109985350179278,1.28896245754958,"Technology"
"NVDA","2015-09-01",0.523886203765869,0.539437588998237,0.519998415391084,0.530446976998259,353408000,"NVDA",-0.0409253886420827,1.23621116802931,"Technology"
"NVDA","2015-09-02",0.539680778980255,0.539923751368361,0.529232213158425,0.538222828784962,344044000,"NVDA",0.0301488664920918,1.27348153349025,"Technology"
"NVDA","2015-09-03",0.541138291358948,0.550371929836297,0.540166344659565,0.547699003996389,262556000,"NVDA",0.00270069351264769,1.27692081680623,"Technology"
"NVDA","2015-09-04",0.528503119945526,0.540409633301661,0.528260147611723,0.531904964352045,287972000,"NVDA",-0.0233492466069833,1.24710567775703,"Technology"
"NVDA","2015-09-08",0.551101267337799,0.553288192531731,0.539194809793048,0.541381677053651,238448000,"NVDA",0.0427587776484691,1.30043039213639,"Technology"
"NVDA","2015-09-09",0.540166437625885,0.557418682792337,0.538951460592587,0.55280192069237,289392000,"NVDA",-0.0198417792881095,1.27462753931607,"Technology"
"NVDA","2015-09-10",0.548671305179596,0.555475052337589,0.534577924099923,0.537007821384924,357076000,"NVDA",0.015744901869674,1.29469642484298,"Technology"
"NVDA","2015-09-11",0.550372242927551,0.554017059606993,0.540409624274891,0.542596549042545,301584000,"NVDA",0.00310010334402044,1.29871011755913,"Technology"
"NVDA","2015-09-14",0.551344275474548,0.554746120350521,0.548428375333243,0.553045197912535,192460000,"NVDA",0.0017661365729976,1.30100381699547,"Technology"
"NVDA","2015-09-15",0.557418763637543,0.560334662593729,0.549886101911797,0.551587023658472,327976000,"NVDA",0.0110175954176109,1.31533775068789,"Technology"
"NVDA","2015-09-16",0.561306536197662,0.564465407009336,0.552315926169552,0.556446743861749,173508000,"NVDA",0.00697459937435408,1.32451170454091,"Technology"
"NVDA","2015-09-17",0.566409349441528,0.576128933954417,0.565194372410771,0.571026111531845,268712000,"NVDA",0.0090909563933334,1.33655278268935,"Technology"
"NVDA","2015-09-18",0.565923511981964,0.570783305654804,0.555231977488379,0.558633821472705,326412000,"NVDA",-0.000857749717661331,1.33540635491736,"Technology"
"NVDA","2015-09-21",0.571755290031433,0.572970267495409,0.563736624155797,0.566652523722688,281840000,"NVDA",0.0103048873672788,1.34916756699433,"Technology"
"NVDA","2015-09-22",0.556203961372375,0.563250680043407,0.553288061802759,0.559362833261689,228356000,"NVDA",-0.0271992737630861,1.31247118898737,"Technology"
"NVDA","2015-09-23",0.558876752853394,0.562278596588624,0.554502962041427,0.556689828480757,161632000,"NVDA",0.00480541611825855,1.31877815919368,"Technology"
"NVDA","2015-09-24",0.56956821680069,0.575399955886943,0.546727146985149,0.555474784581176,382440000,"NVDA",0.0191302713750571,1.34400674326256,"Technology"
"NVDA","2015-09-25",0.573699235916138,0.584876773552058,0.568110467098177,0.576615077516826,369692000,"NVDA",0.00725289613007598,1.35375468456956,"Technology"
"NVDA","2015-09-28",0.566166341304779,0.577343875516174,0.562521525937274,0.573699060148669,395584000,"NVDA",-0.0131303898275712,1.33597935783026,"Technology"
"NVDA","2015-09-29",0.576128959655762,0.577100906563751,0.564222450716331,0.572241114090509,380736000,"NVDA",0.0175966277472853,1.35948808926806,"Technology"
"NVDA","2015-09-30",0.598970174789429,0.599699149699705,0.578073048517016,0.581474892809429,556380000,"NVDA",0.0396460111071568,1.41338636915523,"Technology"
"NVDA","2015-10-01",0.587306559085846,0.60067096090324,0.570297225609213,0.598970039142237,489296000,"NVDA",-0.019472782109198,1.38586380435256,"Technology"
"NVDA","2015-10-02",0.602614998817444,0.602614998817444,0.578073000051256,0.58414777114981,386144000,"NVDA",0.0260655010484231,1.42198703879788,"Technology"
"NVDA","2015-10-05",0.617680311203003,0.625212973197361,0.603343904046024,0.606502775383437,482024000,"NVDA",0.0249998961445083,1.45753656708666,"Technology"
"NVDA","2015-10-06",0.625699043273926,0.628371912412269,0.608689765429968,0.611119662264819,453216000,"NVDA",0.0129820101523156,1.47645832159796,"Technology"
"NVDA","2015-10-07",0.632259666919708,0.63857740935754,0.616951313294694,0.627156901689137,310152000,"NVDA",0.0104852703808759,1.491939386306,"Technology"
"NVDA","2015-10-08",0.635904669761658,0.637605591850642,0.618895333005189,0.62958692604068,460068000,"NVDA",0.00576504090432887,1.50054047789484,"Technology"
"NVDA","2015-10-09",0.63347452878952,0.638577293091025,0.621568020819385,0.632502524027365,423248000,"NVDA",-0.00382154918448435,1.49480608865525,"Technology"
"NVDA","2015-10-12",0.640278339385986,0.64392321312163,0.629586806316936,0.634203569137681,227588000,"NVDA",0.0107404643553186,1.51086100016857,"Technology"
"NVDA","2015-10-13",0.641493380069733,0.645381168527955,0.632988712467428,0.635175636925159,298444000,"NVDA",0.00189767575912616,1.513728124464,"Technology"
"NVDA","2015-10-14",0.664820492267609,0.675269055541504,0.641493468631315,0.642222385617881,612148000,"NVDA",0.0363637613771482,1.56877297277188,"Technology"
"NVDA","2015-10-15",0.666521310806274,0.680128743972888,0.659231620674157,0.66603530829081,526048000,"NVDA",0.00255831244440814,1.57278638419058,"Technology"
"NVDA","2015-10-16",0.676969885826111,0.683287628985385,0.667007268562136,0.668708248433202,448396000,"NVDA",0.0156762804886119,1.59744182469782,"Technology"
"NVDA","2015-10-19",0.675755083560944,0.68231585864923,0.667979446678514,0.679156986251163,294712000,"NVDA",-0.00179447016861733,1.5945752629973,"Technology"
"NVDA","2015-10-20",0.674782872200012,0.677941743362248,0.667736155150924,0.672838978223237,264824000,"NVDA",-0.00143870373243551,1.59228114161477,"Technology"
"NVDA","2015-10-21",0.666035294532776,0.683044629089668,0.664820375169173,0.678913752626821,386280000,"NVDA",-0.0129635443156943,1.57163953447241,"Technology"
"NVDA","2015-10-22",0.690091192722321,0.692278116792135,0.672838946215909,0.673810893158061,306884000,"NVDA",0.036118053182782,1.62840409476264,"Technology"
"NVDA","2015-10-23",0.694708228111267,0.699325049931916,0.685717614730693,0.696166177942347,381776000,"NVDA",0.00669047140093605,1.63929888578782,"Technology"
"NVDA","2015-10-26",0.691549181938171,0.696894977327892,0.685231439550311,0.695194055597822,247436000,"NVDA",-0.00454729920456583,1.63184450326843,"Technology"
"NVDA","2015-10-27",0.691063106060028,0.695436895687011,0.687661205313163,0.688147207686513,208268000,"NVDA",-0.00070287969509415,1.63069751290153,"Technology"
"NVDA","2015-10-28",0.696652054786682,0.696652054786682,0.685231488460144,0.69543707750231,217036000,"NVDA",0.00808746506309451,1.6438857220656,"Technology"
"NVDA","2015-10-29",0.672596096992493,0.692521275367317,0.671381177471253,0.685474614690838,327168000,"NVDA",-0.0345308072069858,1.58712102112663,"Technology"
"NVDA","2015-10-30",0.689362287521362,0.694222138588599,0.674782908119564,0.679885731463506,301160000,"NVDA",0.0249275763029841,1.62668410148284,"Technology"
"NVDA","2015-11-02",0.69738107919693,0.698110054093325,0.68741851883506,0.691549337959087,190088000,"NVDA",0.0116321879231305,1.64560599664286,"Technology"
"NVDA","2015-11-03",0.692521095275879,0.697137915709266,0.6847454617354,0.693250069972377,376768000,"NVDA",-0.00696890705243616,1.63413792140732,"Technology"
"NVDA","2015-11-04",0.681100726127625,0.695680107142278,0.677941854447785,0.690577341167142,442264000,"NVDA",-0.016491005438188,1.60718934405864,"Technology"
"NVDA","2015-11-05",0.673325002193451,0.686446490851386,0.671381107987324,0.684502538711951,478800000,"NVDA",-0.0114164082284601,1.58884101440644,"Technology"
"NVDA","2015-11-06",0.766633212566376,0.776109828059713,0.724595989501034,0.739904346092843,1172272000,"NVDA",0.1385782646849,1.80901984504308,"Technology"
"NVDA","2015-11-09",0.76323127746582,0.765418201842124,0.752539685803873,0.759100458932784,492568000,"NVDA",-0.00443750028669789,1.80099231896206,"Technology"
"NVDA","2015-11-10",0.748652100563049,0.757399742507765,0.732614766653292,0.753268864920917,552260000,"NVDA",-0.0191019122685573,1.7665899216889,"Technology"
"NVDA","2015-11-11",0.74136221408844,0.754483644596211,0.738689287182556,0.749137848717749,619896000,"NVDA",-0.0097373485883854,1.74938801980869,"Technology"
"NVDA","2015-11-12",0.738689184188843,0.746464875667312,0.735530313146546,0.739661131140327,291080000,"NVDA",-0.00360556533473163,1.74308048700747,"Technology"
"NVDA","2015-11-13",0.724109947681427,0.742577175103193,0.720465073484159,0.739418303443331,292940000,"NVDA",-0.0197366318872332,1.70867794908558,"Technology"
"NVDA","2015-11-16",0.738689184188843,0.739175186631234,0.727754621668076,0.733586419243578,344280000,"NVDA",0.0201340094195611,1.74308048700747,"Technology"
"NVDA","2015-11-17",0.738689184188843,0.745006926273437,0.735530313146546,0.740633136025109,257048000,"NVDA",0,1.74308048700747,"Technology"
"NVDA","2015-11-18",0.756860733032227,0.757836428964306,0.733689030481249,0.741738143924504,350216000,"NVDA",0.024599722362712,1.78595978304371,"Technology"
"NVDA","2015-11-19",0.759056150913239,0.766617418275788,0.753446159594797,0.759543999000919,254072000,"NVDA",0.00290068936753584,1.79114029759724,"Technology"
"NVDA","2015-11-20",0.765641510486603,0.770031967268865,0.760031521144792,0.764665872808307,239744000,"NVDA",0.00867572124333787,1.8066797315269,"Technology"
"NVDA","2015-11-23",0.754177570343018,0.771983174474869,0.751494552426238,0.771983174474869,242552000,"NVDA",-0.0149729866870715,1.77962833995894,"Technology"
"NVDA","2015-11-24",0.760275423526764,0.76686105010811,0.750762825952249,0.754177586675424,195428000,"NVDA",0.00808543428435944,1.79401740795227,"Technology"
"NVDA","2015-11-25",0.759299874305725,0.767836835914585,0.756616855813017,0.758812084481575,138300000,"NVDA",-0.00128315238247929,1.79171541024104,"Technology"
"NVDA","2015-11-27",0.765641510486603,0.768080633758986,0.756860655075365,0.760763263941836,86996000,"NVDA",0.00835195210150171,1.8066797315269,"Technology"
"NVDA","2015-11-30",0.773690640926361,0.777105460109003,0.765641528126718,0.766373270940621,327244000,"NVDA",0.0105129232539164,1.82567321688885,"Technology"
"NVDA","2015-12-01",0.798813819885254,0.799545562831713,0.779788619583923,0.780520362530382,409496000,"NVDA",0.0324718661826026,1.88495623328082,"Technology"
"NVDA","2015-12-02",0.792715966701508,0.808326346912495,0.791008585909157,0.80003333787728,294240000,"NVDA",-0.00763363506232562,1.8705671652875,"Technology"
"NVDA","2015-12-03",0.791008532047272,0.807350654078388,0.78710592272194,0.799057645607865,246656000,"NVDA",-0.00215390470983003,1.86653814186014,"Technology"
"NVDA","2015-12-04",0.823205053806305,0.824668539692497,0.79100859692328,0.79100859692328,458756000,"NVDA",0.0407031282907946,1.94251208330793,"Technology"
"NVDA","2015-12-07",0.807594478130341,0.822960959913688,0.805155354960814,0.822960959913688,333588000,"NVDA",-0.0189631679297701,1.90567590046655,"Technology"
"NVDA","2015-12-08",0.818570554256439,0.821985315275622,0.792471940533706,0.79759408206248,314488000,"NVDA",0.013591073767009,1.93157608220581,"Technology"
"NVDA","2015-12-09",0.797837972640991,0.823204901568329,0.789544965023955,0.818326654952039,372676000,"NVDA",-0.0253277881883752,1.88265353232597,"Technology"
"NVDA","2015-12-10",0.804423868656158,0.808814268499714,0.797594286712147,0.800277305608026,236596000,"NVDA",0.00825467857009451,1.89819423209417,"Technology"
"NVDA","2015-12-11",0.792471885681152,0.80198448342183,0.790764505289741,0.796374494355785,227320000,"NVDA",-0.0148578174277358,1.86999120875133,"Technology"
"NVDA","2015-12-14",0.794423401355743,0.798813859250858,0.784910800736296,0.793203868487079,275892000,"NVDA",0.00246256770726154,1.87459618871487,"Technology"
"NVDA","2015-12-15",0.804179608821869,0.809789597575876,0.799057467932537,0.803447866101496,307296000,"NVDA",0.012280866159627,1.89761785361182,"Technology"
"NVDA","2015-12-16",0.809058129787445,0.811741206724996,0.798813844527596,0.80588726297274,236356000,"NVDA",0.0060664569358122,1.90912967060139,"Technology"
"NVDA","2015-12-17",0.796862483024597,0.818570701946983,0.796374693164297,0.810277692788907,254160000,"NVDA",-0.0150738819793479,1.88035167526347,"Technology"
"NVDA","2015-12-18",0.783934950828552,0.799301432999634,0.78295931316678,0.791252320521768,395896000,"NVDA",-0.0162230403255738,1.84984665420941,"Technology"
"NVDA","2015-12-21",0.802472412586212,0.803204155474423,0.78539854755231,0.792472023369486,284216000,"NVDA",0.023646683615863,1.89358939277936,"Technology"
"NVDA","2015-12-22",0.803204119205475,0.811253232459041,0.79832587227321,0.804911499816438,130012000,"NVDA",0.00091181529456514,1.89531599654933,"Technology"
"NVDA","2015-12-23",0.806374967098236,0.809545833347072,0.802960205954348,0.80442369163124,122524000,"NVDA",0.00394774854478811,1.90279822751662,"Technology"
"NVDA","2015-12-24",0.809058129787445,0.811009463755964,0.802716396158034,0.803935987157521,52448000,"NVDA",0.00332743797698039,1.90912967060139,"Technology"
"NVDA","2015-12-28",0.808326184749603,0.808326184749603,0.789301046770655,0.800521025286595,142024000,"NVDA",-0.000904687822658791,1.90740250423652,"Technology"
"NVDA","2015-12-29",0.82149749994278,0.823936623188201,0.806618807438406,0.808814035805271,203660000,"NVDA",0.0162945546509252,1.93848277858311,"Technology"
"NVDA","2015-12-30",0.814424157142639,0.827839366244357,0.814180262224535,0.820765890239695,180344000,"NVDA",-0.00861030350138992,1.92179185352729,"Technology"
"NVDA","2015-12-31",0.803935945034027,0.816863306554077,0.803935945034027,0.813204650053918,148528000,"NVDA",-0.0128780709862651,1.89704288161674,"Technology"
"NVDA","2016-01-04",0.789545059204102,0.79466720131621,0.781495945511763,0.787593783586144,358076000,"NVDA",-0.0179005378709823,1.86308479367148,"Technology"
"NVDA","2016-01-05",0.802228629589081,0.815643840206704,0.792716028868582,0.804423858559958,490272000,"NVDA",0.0160644034651612,1.89301413948683,"Technology"
"NVDA","2016-01-06",0.769056379795074,0.792715871266373,0.760031570760153,0.789057157042312,449344000,"NVDA",-0.0413501196173937,1.81473777838163,"Technology"
"NVDA","2016-01-07",0.738567352294922,0.754909474455401,0.728810799827713,0.74978727423329,645304000,"NVDA",-0.039644723457436,1.74279300100993,"Technology"
"NVDA","2016-01-08",0.722713112831116,0.74881173265934,0.721249626865303,0.748079989676433,398472000,"NVDA",-0.0214662067237915,1.70538184617347,"Technology"
"NVDA","2016-01-11",0.723932504653931,0.729054704536298,0.711005144730106,0.723444714862565,409372000,"NVDA",0.00168724186840635,1.70825923782596,"Technology"
"NVDA","2016-01-12",0.736128091812134,0.746860280931946,0.731005950291283,0.736859834622725,469356000,"NVDA",0.0168463041510108,1.73703709251515,"Technology"
"NVDA","2016-01-13",0.713688254356384,0.74661645108841,0.712956511482047,0.741738145875061,481672000,"NVDA",-0.0304836042875488,1.68408594115412,"Technology"
"NVDA","2016-01-14",0.699297308921814,0.70734642124486,0.67856473277984,0.6990533558961,600236000,"NVDA",-0.0201641898219949,1.65012771256014,"Technology"
"NVDA","2016-01-15",0.661247074604034,0.679296636978726,0.649783198729546,0.671247522742886,841452000,"NVDA",-0.0544120988774373,1.56034080030391,"Technology"
"NVDA","2016-01-19",0.666612982749939,0.693931184486127,0.663929906656717,0.67490598958487,457140000,"NVDA",0.00811483082797415,1.57300270193237,"Technology"
"NVDA","2016-01-20",0.670271754264832,0.678808715591986,0.645148776398005,0.653929632629187,481180000,"NVDA",0.00548859924659623,1.58163628337709,"Technology"
"NVDA","2016-01-21",0.678077280521393,0.6885655221482,0.663686427892211,0.67758949049192,481456000,"NVDA",0.0116453158094399,1.60005493739268,"Technology"
"NVDA","2016-01-22",0.693931341171265,0.698565693512072,0.689540883747355,0.691004369555325,257996000,"NVDA",0.0233809052526892,1.63746567028296,"Technology"
"NVDA","2016-01-25",0.693199515342712,0.7017364760991,0.691736029709813,0.693687363271441,270728000,"NVDA",-0.00105460841027445,1.63573878521554,"Technology"
"NVDA","2016-01-26",0.700029075145721,0.702956046569238,0.687589562902358,0.694663038406996,227944000,"NVDA",0.00985222818517487,1.65185445697883,"Technology"
"NVDA","2016-01-27",0.691736042499542,0.701248641135982,0.678564787866495,0.699053412646045,231700000,"NVDA",-0.0118466974310358,1.63228543702689,"Technology"
"NVDA","2016-01-28",0.68417489528656,0.699785275990129,0.670759685297683,0.697346152187906,276776000,"NVDA",-0.0109306827292973,1.6144434427911,"Technology"
"NVDA","2016-01-29",0.714419960975647,0.715883446769181,0.68734570640845,0.690028724927732,310504000,"NVDA",0.0442066288860527,1.68581254492408,"Technology"
"NVDA","2016-02-01",0.714663684368134,0.718322339522872,0.70759021074149,0.713688046870422,289884000,"NVDA",0.000341148632176698,1.68638765756789,"Technology"
"NVDA","2016-02-02",0.684418857097626,0.711005326585701,0.679540609016509,0.707346669601516,341908000,"NVDA",-0.0423203640146465,1.61501911802981,"Technology"
"NVDA","2016-02-03",0.687833547592163,0.693931386136063,0.67197927205396,0.689784881513662,326772000,"NVDA",0.004989182368554,1.62307674293836,"Technology"
"NVDA","2016-02-04",0.688077509403229,0.703687890206676,0.681247927821327,0.688809194210608,348140000,"NVDA",0.000354681466060632,1.62365241817708,"Technology"
"NVDA","2016-02-05",0.644660890102386,0.691004292002664,0.642709614679618,0.683443027047826,600428000,"NVDA",-0.0630984427008777,1.52120247910259,"Technology"
"NVDA","2016-02-08",0.615147709846497,0.638075465017936,0.606122898235353,0.634904597836358,608852000,"NVDA",-0.0457809380234041,1.45156040268575,"Technology"
"NVDA","2016-02-09",0.62173330783844,0.647588033921473,0.604903334758357,0.607830306825608,425372000,"NVDA",0.0107057181332703,1.46710039921032,"Technology"
"NVDA","2016-02-10",0.620269596576691,0.64368519015227,0.616854835840379,0.625635690700382,335800000,"NVDA",-0.00235424295802666,1.46364648842676,"Technology"
"NVDA","2016-02-11",0.617098867893219,0.623440601043786,0.604415401592085,0.604415401592085,340144000,"NVDA",-0.00511185571720933,1.45616453875692,"Technology"
"NVDA","2016-02-12",0.627586960792542,0.628806551418822,0.603683519527642,0.62685521804743,340816000,"NVDA",0.0169958064177446,1.48091322937002,"Technology"
"NVDA","2016-02-16",0.65831995010376,0.659295645905565,0.634660460899037,0.636611736196078,485352000,"NVDA",0.0489700889776413,1.55343368198043,"Technology"
"NVDA","2016-02-17",0.674662411212921,0.681004145821635,0.663930218112032,0.666613295463909,771468000,"NVDA",0.0248244962143189,1.59199689053795,"Technology"
"NVDA","2016-02-18",0.732713401317596,0.755641209231782,0.729298639975045,0.730030382856062,1068660000,"NVDA",0.0860445003899211,1.7289794676066,"Technology"
"NVDA","2016-02-19",0.742470026016235,0.749055713102827,0.723200929120582,0.728810920092143,525628000,"NVDA",0.0133157448479776,1.75200211704464,"Technology"
"NVDA","2016-02-22",0.768812417984009,0.777349378974014,0.751738554157287,0.753202039830236,449668000,"NVDA",0.0354794012481757,1.81416210314292,"Technology"
"NVDA","2016-02-23",0.770763635635376,0.778081004745908,0.759055810166556,0.762714523798462,369380000,"NVDA",0.00253796323488595,1.81876637986282,"Technology"
"NVDA","2016-02-24",0.776129901409149,0.777349492365604,0.746372568280575,0.767592997327159,336852000,"NVDA",0.00696227160399119,1.83142912538363,"Technology"
"NVDA","2016-02-25",0.77783739566803,0.781740005883237,0.763934394025915,0.779056986802353,349616000,"NVDA",0.00220001092056945,1.83545828945972,"Technology"
"NVDA","2016-02-26",0.772714972496033,0.783447103084329,0.764909754893662,0.781495827760379,361964000,"NVDA",-0.00658546786323867,1.82337093788017,"Technology"
"NVDA","2016-02-29",0.767696678638458,0.783853556955148,0.767207111638052,0.77381673306485,323344000,"NVDA",-0.00649436601618358,1.81152929962631,"Technology"
"NVDA","2016-03-01",0.801724135875702,0.801724135875702,0.768431126808295,0.769655161102247,348700000,"NVDA",0.0443240907301993,1.89182368866336,"Technology"
"NVDA","2016-03-02",0.80637514591217,0.809312780911559,0.795848698317901,0.797317515817595,233812000,"NVDA",0.00580125984530618,1.9027986494628,"Technology"
"NVDA","2016-03-03",0.799276053905487,0.808823252061529,0.788504763200207,0.805396049730377,302004000,"NVDA",-0.00880370884776324,1.88604696415701,"Technology"
"NVDA","2016-03-04",0.796828269958496,0.806130687262835,0.790708214032216,0.805396278217074,175304000,"NVDA",-0.00306250129105008,1.8802709428943,"Technology"
"NVDA","2016-03-07",0.791687250137329,0.797807304853796,0.781405583894338,0.792421659037912,239968000,"NVDA",-0.00645185420120043,1.86813970891199,"Technology"
"NVDA","2016-03-08",0.777243971824646,0.788260046960522,0.774795961612803,0.78360881004847,274940000,"NVDA",-0.0182436666880485,1.83405799073589,"Technology"
"NVDA","2016-03-09",0.776754379272461,0.785322385549729,0.766717496878162,0.784098409666619,222788000,"NVDA",-0.000629908458518756,1.83290270209411,"Technology"
"NVDA","2016-03-10",0.775530219078064,0.785811883306209,0.759862968454588,0.781405430766223,286084000,"NVDA",-0.00157599393973623,1.83001405854349,"Technology"
"NVDA","2016-03-11",0.788749575614929,0.78899441747982,0.777733559380097,0.787035974386515,277400000,"NVDA",0.0170455724505232,1.86120769576387,"Technology"
"NVDA","2016-03-14",0.790707886219025,0.793890304642889,0.781405414406143,0.785077458112585,190312000,"NVDA",0.00248280400349973,1.86582870968225,"Technology"
"NVDA","2016-03-15",0.786790907382965,0.791686925804304,0.772837260718664,0.786546123971441,226216000,"NVDA",-0.00495376219755392,1.85658583795312,"Technology"
"NVDA","2016-03-16",0.81029200553894,0.812984857184494,0.777243843934336,0.780915887830473,363644000,"NVDA",0.029869559924307,1.91204123989448,"Technology"
"NVDA","2016-03-17",0.80343759059906,0.811271186863388,0.79242151742417,0.807354417913802,353680000,"NVDA",-0.00845919112249092,1.89586691761213,"Technology"
"NVDA","2016-03-18",0.827672958374023,0.838444190411709,0.807844037050952,0.812984898768499,545512000,"NVDA",0.0301645928178354,1.9530549712187,"Technology"
"NVDA","2016-03-21",0.830120861530304,0.830365644982695,0.811515976750076,0.820328823052832,337780000,"NVDA",0.00295757295380226,1.95883127377887,"Technology"
"NVDA","2016-03-22",0.828652322292328,0.834527535678289,0.818370655093017,0.82742834625429,242012000,"NVDA",-0.00176906677814224,1.95536597044844,"Technology"
"NVDA","2016-03-23",0.842850804328918,0.848970801151125,0.828652308978697,0.832324353764159,429008000,"NVDA",0.0171344261696062,1.98887004430365,"Technology"
"NVDA","2016-03-24",0.844074666500092,0.845543484216165,0.832569024999458,0.835261818568817,244956000,"NVDA",0.00145205078394336,1.99175798461064,"Technology"
"NVDA","2016-03-28",0.85264265537262,0.856314640972228,0.841626581843478,0.842605774112363,265388000,"NVDA",0.0101507475731439,2.01197581713922,"Technology"
"NVDA","2016-03-29",0.86635148525238,0.868309869706557,0.847012190715475,0.848970575169651,261812000,"NVDA",0.0160780483985636,2.04432446170392,"Technology"
"NVDA","2016-03-30",0.875409126281738,0.887404391715594,0.869044289179482,0.869533914481639,376700000,"NVDA",0.0104549264167525,2.065697723523,"Technology"
"NVDA","2016-03-31",0.872226655483246,0.881284285291911,0.865372251854576,0.879325900930907,379884000,"NVDA",-0.00363540966497555,2.05818806605399,"Technology"
"NVDA","2016-04-01",0.884956657886505,0.885446283341339,0.860231710538286,0.866841333170086,348292000,"NVDA",0.0145948330324833,2.0882269772275,"Technology"
"NVDA","2016-04-04",0.876388192176819,0.896951518060401,0.872960990651271,0.892300282638502,393940000,"NVDA",-0.00968235634290824,2.06800801950911,"Technology"
"NVDA","2016-04-05",0.875164330005646,0.883242767999493,0.865127449196989,0.868554709531618,339568000,"NVDA",-0.00139648409471744,2.06512007920211,"Technology"
"NVDA","2016-04-06",0.876388192176819,0.876877817408389,0.847746487710939,0.864148145039043,453376000,"NVDA",0.00139843698973106,2.06800801950911,"Technology"
"NVDA","2016-04-07",0.86733078956604,0.878591647545704,0.863658803648634,0.87075799198633,378104000,"NVDA",-0.010334920862274,2.04663532028493,"Technology"
"NVDA","2016-04-08",0.872961461544037,0.880060710222967,0.864393394743234,0.874430279665909,255936000,"NVDA",0.00649195444890648,2.05992198355774,"Technology"
"NVDA","2016-04-11",0.878346741199493,0.892790016082236,0.875409106184307,0.878101899371457,387524000,"NVDA",0.00616897754676525,2.0726295960224,"Technology"
"NVDA","2016-04-12",0.877367615699768,0.882508419002107,0.860231487961651,0.881284384864316,292764000,"NVDA",-0.00111473687303515,2.07031915938757,"Technology"
"NVDA","2016-04-13",0.899399638175964,0.899644421639301,0.881284319490508,0.881284319490508,350716000,"NVDA",0.0251115063765193,2.12230799215996,"Technology"
"NVDA","2016-04-14",0.901847660541534,0.905764487835574,0.893279597188,0.896951641015274,416564000,"NVDA",0.0027218405052228,2.12808457601758,"Technology"
"NVDA","2016-04-15",0.908946812152863,0.917025249370388,0.898665148867335,0.901602783624672,436972000,"NVDA",0.00787178580367474,2.14483640197209,"Technology"
"NVDA","2016-04-18",0.905030190944672,0.907233417513386,0.896217343034978,0.907233417513386,307320000,"NVDA",-0.00430896632874954,2.13559437413532,"Technology"
"NVDA","2016-04-19",0.888873338699341,0.910171021054406,0.883242909547808,0.908457419795048,309152000,"NVDA",-0.0178522798542955,2.097469145713,"Technology"
"NVDA","2016-04-20",0.892300426959991,0.897686071917751,0.886425215056627,0.887404407312994,200172000,"NVDA",0.00385554174193747,2.10555602555672,"Technology"
"NVDA","2016-04-21",0.891321361064911,0.896707006786186,0.887404533118999,0.892545336967602,178280000,"NVDA",-0.00109723795427979,2.10324572957062,"Technology"
"NVDA","2016-04-22",0.887894093990326,0.900378927443507,0.884956458653031,0.894258931644358,223540000,"NVDA",-0.00384515307755018,2.09515842778071,"Technology"
"NVDA","2016-04-25",0.892300426959991,0.897196446606988,0.885690806273061,0.88813881609656,191972000,"NVDA",0.00496267854408494,2.10555602555672,"Technology"
"NVDA","2016-04-26",0.893034756183624,0.907967655632213,0.889117929141943,0.897685991943443,214536000,"NVDA",0.000822961865136189,2.10728881787066,"Technology"
"NVDA","2016-04-27",0.913353383541107,0.913843008884263,0.889118067175555,0.890831668328857,352396000,"NVDA",0.0227523365880118,2.15523456234301,"Technology"
"NVDA","2016-04-28",0.886180520057678,0.913108690943284,0.883977351707078,0.907723045093129,381224000,"NVDA",-0.0297506572736159,2.09111491753449,"Technology"
"NVDA","2016-04-29",0.869778692722321,0.884466751316865,0.86023143712632,0.882508366850322,321904000,"NVDA",-0.0185084494232508,2.0524116228451,"Technology"
"NVDA","2016-05-02",0.881284534931183,0.886670180997255,0.87394050394936,0.878102115669209,256076000,"NVDA",0.0132284709951334,2.07956189046798,"Technology"
"NVDA","2016-05-03",0.870757818222046,0.874919428668378,0.86316900603934,0.871247443483736,224024000,"NVDA",-0.0119447423526602,2.05472205947993,"Technology"
"NVDA","2016-05-04",0.850929260253906,0.860966085578131,0.842116410970727,0.860231676607435,525764000,"NVDA",-0.0227716106053765,2.00793272883917,"Technology"
"NVDA","2016-05-05",0.856069803237915,0.866106683862026,0.849704966345834,0.858028246016716,246884000,"NVDA",0.00604109321904728,2.02006283763167,"Technology"
"NVDA","2016-05-06",0.86488276720047,0.867085993738682,0.852887500534869,0.854601101720646,183240000,"NVDA",0.0102946791595985,2.04085873642731,"Technology"
"NVDA","2016-05-09",0.863658964633942,0.870758154294921,0.856559716607788,0.867086167693059,333336000,"NVDA",-0.00141499242780572,2.03797093676905,"Technology"
"NVDA","2016-05-10",0.880305230617523,0.881774048300287,0.860721150487774,0.869044372869885,269676000,"NVDA",0.0192741193749283,2.07725103188697,"Technology"
"NVDA","2016-05-11",0.882753252983093,0.892545293184954,0.87810201637766,0.882998094843754,328176000,"NVDA",0.00278087904107171,2.08302761574459,"Technology"
"NVDA","2016-05-12",0.870757818222046,0.893034746238778,0.855090568594944,0.889117919240715,670540000,"NVDA",-0.0135886610675306,2.05472205947993,"Technology"
"NVDA","2016-05-13",1.00319600105286,1.00368556829445,0.954725342223651,0.959376522844741,2110256000,"NVDA",0.152095312909425,2.36723565405842,"Technology"
"NVDA","2016-05-16",1.03281652927399,1.04774949179253,0.992424328876165,0.995606748202368,973032000,"NVDA",0.0295261625744556,2.4371310388322,"Technology"
"NVDA","2016-05-17",1.03501963615417,1.04236360765368,1.01494587281285,1.02816511489623,628392000,"NVDA",0.0021331057528065,2.44232969707148,"Technology"
"NVDA","2016-05-18",1.06145799160004,1.07345331479906,1.02816499021272,1.02816499021272,541072000,"NVDA",0.025543820157943,2.50471612761987,"Technology"
"NVDA","2016-05-19",1.06610906124115,1.07369793085344,1.05582745729956,1.05729615780811,398880000,"NVDA",0.00438177457602659,2.51569122906804,"Technology"
"NVDA","2016-05-20",1.08520400524139,1.08961045873083,1.07100551070679,1.07271911205317,391084000,"NVDA",0.017910873000192,2.56074945517958,"Technology"
"NVDA","2016-05-23",1.08691740036011,1.09401658791527,1.08030777974521,1.08985503546235,413636000,"NVDA",0.00157886914390097,2.56479254347962,"Technology"
"NVDA","2016-05-24",1.1133017539978,1.11673797274614,1.08728545498492,1.09023071846438,415788000,"NVDA",0.0242744790256867,2.62705154628155,"Technology"
"NVDA","2016-05-25",1.10863876342773,1.12140137916293,1.09980297134168,1.11673818098989,458076000,"NVDA",-0.0041884336868453,2.61604831508803,"Technology"
"NVDA","2016-05-26",1.1204195022583,1.12851891837286,1.10741135265109,1.11060203527299,309964000,"NVDA",0.0106263096864323,2.64384725463882,"Technology"
"NVDA","2016-05-27",1.12655568122864,1.1282737324545,1.11796530806588,1.1216469467214,277416000,"NVDA",0.00547667990245522,2.65832675976347,"Technology"
"NVDA","2016-05-31",1.14668154716492,1.14913597312698,1.13072812951192,1.13146450411393,412524000,"NVDA",0.017864954455096,2.7058176462534,"Technology"
"NVDA","2016-06-01",1.14889013767242,1.15993469939964,1.13784545891178,1.14128156038693,387132000,"NVDA",0.00192607137785368,2.71102924417554,"Technology"
"NVDA","2016-06-02",1.15698981285095,1.16680728127878,1.14373612514327,1.15502622553862,329208000,"NVDA",0.00704999974578704,2.7301419996578,"Technology"
"NVDA","2016-06-03",1.14079058170319,1.14717194632112,1.12066481146719,1.14569943174784,461076000,"NVDA",-0.0140011873638277,2.69191676999074,"Technology"
"NVDA","2016-06-06",1.1349002122879,1.1525716751575,1.12900968565356,1.14373588520599,322512000,"NVDA",-0.00516340992795448,2.67801730021534,"Technology"
"NVDA","2016-06-07",1.13710951805115,1.1481542010221,1.13661867966285,1.14177283384037,193400000,"NVDA",0.00194669605250208,2.6832305859222,"Technology"
"NVDA","2016-06-08",1.13342785835266,1.14152727594276,1.12410122790746,1.13735479904882,234616000,"NVDA",-0.00323773536325349,2.6745429953664,"Technology"
"NVDA","2016-06-09",1.16287994384766,1.16459799455742,1.12704618100591,1.12950060603895,472168000,"NVDA",0.0259849669989594,2.74404090683829,"Technology"
"NVDA","2016-06-10",1.13391852378845,1.15944398552189,1.13244589199357,1.14913567999113,400024000,"NVDA",-0.0249049097565296,2.67570081568526,"Technology"
"NVDA","2016-06-13",1.14839899539948,1.17073376838371,1.13514542985867,1.13514542985867,475588000,"NVDA",0.0127702928448892,2.70987029866687,"Technology"
"NVDA","2016-06-14",1.15060877799988,1.15600835208001,1.1329373063344,1.14570004237244,298344000,"NVDA",0.00192422895636037,2.71508470956355,"Technology"
"NVDA","2016-06-15",1.16238927841187,1.17245216506937,1.14741765799215,1.16018038918058,301036000,"NVDA",0.0102384934282055,2.74288308651943,"Technology"
"NVDA","2016-06-16",1.16705238819122,1.16901585794477,1.14250872368827,1.15379882106297,246456000,"NVDA",0.00401165931754719,2.75388659901041,"Technology"
"NVDA","2016-06-17",1.14668154716492,1.1687709126896,1.14201823146377,1.16852549350009,4.71e+08,"NVDA",-0.0174549499511999,2.7058176462534,"Technology"
"NVDA","2016-06-20",1.16729748249054,1.1822690961166,1.16435222016299,1.16508859426158,293768000,"NVDA",0.0179787800515269,2.75446494657493,"Technology"
"NVDA","2016-06-21",1.16018044948578,1.17539748982956,1.15846228139792,1.1722068068666,212508000,"NVDA",-0.00609701735120329,2.73767092600239,"Technology"
"NVDA","2016-06-22",1.15919840335846,1.17024308175,1.15723493358591,1.16263450471877,202620000,"NVDA",-0.000846459813863097,2.73535359757994,"Technology"
"NVDA","2016-06-23",1.19012343883514,1.19135065133691,1.16950671353242,1.17024308784686,297880000,"NVDA",0.0266779486471753,2.80832722038805,"Technology"
"NVDA","2016-06-24",1.12238311767578,1.16238936519293,1.11182939196417,1.14128179673626,1017684000,"NVDA",-0.0569187354428251,2.6484807862939,"Technology"
"NVDA","2016-06-27",1.11035645008087,1.1216465471287,1.09391208415824,1.11305617702631,449088000,"NVDA",-0.0107152962348671,2.6201015300964,"Technology"
"NVDA","2016-06-28",1.12655568122864,1.13269151158759,1.11109310316244,1.13146441573587,381920000,"NVDA",0.0145892169551375,2.65832675976347,"Technology"
"NVDA","2016-06-29",1.14496350288391,1.1537992959618,1.13342798167122,1.13637324603052,318932000,"NVDA",0.0163399128529516,2.70176358735267,"Technology"
"NVDA","2016-06-30",1.15379893779755,1.16091656026182,1.13760010588335,1.14692661741468,430940000,"NVDA",0.00771678301655969,2.72261251071831,"Technology"
"NVDA","2016-07-01",1.1452089548111,1.16238958604246,1.14128201357543,1.14741796166045,218488000,"NVDA",-0.00744495657349743,2.70234277880955,"Technology"
"NVDA","2016-07-05",1.16214394569397,1.16410741593816,1.12974627704767,1.13882737081462,371084000,"NVDA",0.0147876863970794,2.74230417636,"Technology"
"NVDA","2016-07-06",1.16950714588165,1.1763794682121,1.14815415540405,1.15404468396344,273104000,"NVDA",0.00633587621823061,2.75967907617416,"Technology"
"NVDA","2016-07-07",1.1999409198761,1.20411339562123,1.17196115327766,1.17736072450657,395400000,"NVDA",0.0260227345353267,2.83149347217613,"Technology"
"NVDA","2016-07-08",1.24804663658142,1.25393716333338,1.20804039596344,1.21270371013651,481932000,"NVDA",0.0400900710264048,2.94500824658647,"Technology"
"NVDA","2016-07-11",1.27676296234131,1.28608947499367,1.26449106885646,1.26596370075598,448776000,"NVDA",0.0230090165849458,3.01276999017498,"Technology"
"NVDA","2016-07-12",1.29590713977814,1.30768807866608,1.27479945359678,1.2909984054887,436760000,"NVDA",0.0149943082635498,3.05794439213484,"Technology"
"NVDA","2016-07-13",1.2954158782959,1.30572429979106,1.29345240845082,1.29836114158023,324604000,"NVDA",-0.000379086947790777,3.05678516532871,"Technology"
"NVDA","2016-07-14",1.30866932868958,1.32045038077046,1.29148882279398,1.30228808152365,316892000,"NVDA",0.0102310390166836,3.08805925362081,"Technology"
"NVDA","2016-07-15",1.293452501297,1.29934302828849,1.27234493562205,1.29197986954912,428616000,"NVDA",-0.0116277099638419,3.05215219626855,"Technology"
"NVDA","2016-07-18",1.30007946491241,1.31136956518061,1.29517073075379,1.30940609492385,252992000,"NVDA",0.00512346886242236,3.0677898030095,"Technology"
"NVDA","2016-07-19",1.31357872486115,1.31873287877395,1.29688893314807,1.29934335903044,382652000,"NVDA",0.0103834114091171,3.09964392665085,"Technology"
"NVDA","2016-07-20",1.33075904846191,1.33787678888075,1.3125967442451,1.31799631657079,296460000,"NVDA",0.013079020903437,3.14018423436072,"Technology"
"NVDA","2016-07-21",1.30621540546417,1.33198628892897,1.30179750963303,1.32781381224954,361308000,"NVDA",-0.0184433410587057,3.08226874553924,"Technology"
"NVDA","2016-07-22",1.34180402755737,1.34180402755737,1.30130693352916,1.31087898457524,315768000,"NVDA",0.0272455997259916,3.16624700602813,"Technology"
"NVDA","2016-07-25",1.36659288406372,1.36978356718934,1.34401268302603,1.34990321096054,312528000,"NVDA",0.018474274929308,3.2247411237116,"Technology"
"NVDA","2016-07-26",1.38990902900696,1.3970266505282,1.3766554622938,1.37861893198586,514508000,"NVDA",0.017061514965528,3.27976009265376,"Technology"
"NVDA","2016-07-27",1.37591934204102,1.40439006744918,1.36757450653405,1.4019356421059,446676000,"NVDA",-0.0100651817305896,3.24674871128846,"Technology"
"NVDA","2016-07-28",1.37886488437653,1.38917319202187,1.37469240726286,1.37911030355378,221916000,"NVDA",0.00214078125476519,3.25369929006852,"Technology"
"NVDA","2016-07-29",1.40144503116608,1.4051265527447,1.35922989149522,1.38401898290927,409588000,"NVDA",0.0163758951623173,3.30698152853239,"Technology"
"NVDA","2016-08-01",1.3923636674881,1.41248955845259,1.38328257411845,1.40733540539952,301120000,"NVDA",-0.00647999991153584,3.28555228852005,"Technology"
"NVDA","2016-08-02",1.37542855739594,1.39972680748098,1.36217498771927,1.39899043303591,282748000,"NVDA",-0.0121628497551326,3.24559060967215,"Technology"
"NVDA","2016-08-03",1.37911033630371,1.38181018138452,1.36610218333277,1.37371076317556,299828000,"NVDA",0.00267682308032523,3.2542784815254,"Technology"
"NVDA","2016-08-04",1.40463531017303,1.41101667482402,1.38303690821847,1.3857366353169,272712000,"NVDA",0.0185082898716688,3.31450961098461,"Technology"
"NVDA","2016-08-05",1.42844259738922,1.42917885461748,1.41396181859945,1.4208340208635,371588000,"NVDA",0.0169490878121622,3.37068752543544,"Technology"
"NVDA","2016-08-08",1.44169676303864,1.45151423236339,1.42647960366184,1.44807812980307,305064000,"NVDA",0.00927875272946833,3.40196330151226,"Technology"
"NVDA","2016-08-09",1.44537806510925,1.45936800943591,1.44169654393035,1.44881416714735,372344000,"NVDA",0.00255345102035096,3.41065004817571,"Technology"
"NVDA","2016-08-10",1.43605089187622,1.46034913311798,1.43138757886618,1.4581402446536,375740000,"NVDA",-0.00645310279586068,3.38864077281412,"Technology"
"NVDA","2016-08-11",1.46525835990906,1.47139430631157,1.44071469133243,1.44365995496832,681064000,"NVDA",0.0203387416128943,3.45756146191131,"Technology"
"NVDA","2016-08-12",1.54723453521729,1.55557937199999,1.4880843032094,1.51925476082033,1425744000,"NVDA",0.0559465672069706,3.65100015661236,"Technology"
"NVDA","2016-08-15",1.5457615852356,1.5585243154663,1.52489943905336,1.54895226779327,573304000,"NVDA",-0.000951988821450783,3.64752444527615,"Technology"
"NVDA","2016-08-16",1.53643524646759,1.54600717818345,1.53177193166407,1.54355286972728,287652000,"NVDA",-0.00603349110049459,3.62551713899674,"Technology"
"NVDA","2016-08-17",1.50084686279297,1.53987143442745,1.4888205049166,1.53643533217706,595212000,"NVDA",-0.0231629570829247,3.54153944110275,"Technology"
"NVDA","2016-08-18",1.52416300773621,1.52661731563627,1.49274702397472,1.49863755018836,331684000,"NVDA",0.0155353257692445,3.59655841004491,"Technology"
"NVDA","2016-08-19",1.52809059619904,1.53962611740557,1.5168004941834,1.52342728047155,291560000,"NVDA",0.00257688215951594,3.60582631724741,"Technology"
"NVDA","2016-08-22",1.53447139263153,1.53668039859504,1.51459104116052,1.53275334190071,244748000,"NVDA",0.00417566631740728,3.62088304474676,"Technology"
"NVDA","2016-08-23",1.54688906669617,1.55697049758527,1.54246302975128,1.55008562939262,339764000,"NVDA",0.00809247674754016,3.65018495659194,"Technology"
"NVDA","2016-08-24",1.52303791046143,1.55303645150482,1.51590717026828,1.5522988372431,298448000,"NVDA",-0.0154187890704292,3.59390352467819,"Technology"
"NVDA","2016-08-25",1.51295638084412,1.52426728620264,1.49402299294443,1.52352967198864,406032000,"NVDA",-0.00661935566282472,3.57011419903047,"Technology"
"NVDA","2016-08-26",1.52525091171265,1.53385699724935,1.50484206058375,1.51689069758426,300024000,"NVDA",0.00812616346657056,3.59912553060611,"Technology"
"NVDA","2016-08-29",1.52426743507385,1.53754543021567,1.52180860353791,1.53139829275125,274652000,"NVDA",-0.000644796624110611,3.59680482661423,"Technology"
"NVDA","2016-08-30",1.51541519165039,1.53041440121386,1.51123502640363,1.52230005935177,285544000,"NVDA",-0.00580753955622821,3.57591624030763,"Technology"
"NVDA","2016-08-31",1.50828433036804,1.52254592573776,1.5038584110026,1.51836587775382,388544000,"NVDA",-0.00470554955608082,3.55908958923047,"Technology"
"NVDA","2016-09-01",1.55279040336609,1.55844579714304,1.5082843983318,1.50951387254387,428492000,"NVDA",0.0295077473802216,3.66411030573306,"Technology"
"NVDA","2016-09-02",1.53754544258118,1.55770842413387,1.52008739851312,1.55598720687013,323148000,"NVDA",-0.0098177840047598,3.62813686218176,"Technology"
"NVDA","2016-09-06",1.55205237865448,1.55205237865448,1.53508608328056,1.54295455260219,306812000,"NVDA",0.00943512671010848,3.66236879319806,"Technology"
"NVDA","2016-09-07",1.52918541431427,1.55475792220969,1.52033345548463,1.54713532068337,397988000,"NVDA",-0.0147333715373923,3.60840975306092,"Technology"
"NVDA","2016-09-08",1.54025053977966,1.54270948902667,1.51025210936076,1.52771015656807,315808000,"NVDA",0.00723596063748423,3.63452006399799,"Technology"
"NVDA","2016-09-09",1.46353256702423,1.53188973525855,1.45074631724672,1.52328365069642,697760000,"NVDA",-0.0498087621293136,3.45348911867609,"Technology"
"NVDA","2016-09-12",1.49377715587616,1.49672784752984,1.40943715856244,1.44410760961943,598260000,"NVDA",0.0206654703375849,3.52485709561927,"Technology"
"NVDA","2016-09-13",1.47213852405548,1.50730070789756,1.46377831159807,1.49008842301528,471768000,"NVDA",-0.0144858500048401,3.47379654444363,"Technology"
"NVDA","2016-09-14",1.48517107963562,1.49008886000862,1.46328699801297,1.4755813903209,319048000,"NVDA",0.00885280519949765,3.50454938855428,"Technology"
"NVDA","2016-09-15",1.54147911071777,1.54320032728196,1.48418686969087,1.48762942006833,515212000,"NVDA",0.0379134982186485,3.63741911555439,"Technology"
"NVDA","2016-09-16",1.54516768455505,1.55524911436701,1.52746365591619,1.54688890141931,902444000,"NVDA",0.00239287954772396,3.6461230213625,"Technology"
"NVDA","2016-09-19",1.56557667255402,1.60467303842382,1.55426576761532,1.56139650708247,417128000,"NVDA",0.0132082674281655,3.69428198930465,"Technology"
"NVDA","2016-09-20",1.55131506919861,1.58352656684788,1.54270898414888,1.58352656684788,331112000,"NVDA",-0.00910948892215029,3.66062896844778,"Technology"
"NVDA","2016-09-21",1.59483730792999,1.59778799885801,1.55574094625649,1.55598681762564,336212000,"NVDA",0.0280550608935085,3.76332813706612,"Technology"
"NVDA","2016-09-22",1.59877133369446,1.60909875096945,1.58967350764757,1.60418097230249,308732000,"NVDA",0.00246672544271708,3.77261123433112,"Technology"
"NVDA","2016-09-23",1.59705030918121,1.60541052219605,1.58991957029332,1.60073873156205,276132000,"NVDA",-0.00107646695745268,3.76855014299405,"Technology"
"NVDA","2016-09-26",1.58205127716064,1.58844440263763,1.56213428652041,1.57885471442215,230040000,"NVDA",-0.00939170916178505,3.73315701608944,"Technology"
"NVDA","2016-09-27",1.63614666461945,1.63860561286243,1.5751662255321,1.57590383965554,402752000,"NVDA",0.0341931947717194,3.860805581054,"Technology"
"NVDA","2016-09-28",1.64204823970795,1.64327771397403,1.62114764618107,1.63860580556222,319788000,"NVDA",0.00360699637515298,3.87473149279003,"Technology"
"NVDA","2016-09-29",1.65729308128357,1.66245684900138,1.62409810166393,1.63934318170237,336684000,"NVDA",0.00928404002207267,3.91070465504388,"Technology"
"NVDA","2016-09-30",1.68483293056488,1.70130748611472,1.65655561035321,1.66639116940533,429932000,"NVDA",0.0166173681603627,3.97569027406319,"Technology"
"NVDA","2016-10-03",1.68311214447021,1.70917651342053,1.68016156959298,1.68483347925157,242596000,"NVDA",-0.00102133930519069,3.97162974532102,"Technology"
"NVDA","2016-10-04",1.67942333221436,1.71384778974132,1.66688295307806,1.68557058608502,281624000,"NVDA",-0.00219166160019627,3.96292527691801,"Technology"
"NVDA","2016-10-05",1.67770195007324,1.71089704735815,1.67253829953979,1.69368476166422,305440000,"NVDA",-0.00102498405738094,3.95886334168857,"Technology"
"NVDA","2016-10-06",1.65581810474396,1.66786662433553,1.6292619997629,1.65753932182847,360212000,"NVDA",-0.0130439410458629,3.90722416165096,"Technology"
"NVDA","2016-10-07",1.64376866817474,1.67130824537743,1.63909676200431,1.66688221049243,286260000,"NVDA",-0.00727702912215536,3.87879117763984,"Technology"
"NVDA","2016-10-10",1.64991688728333,1.66122779379264,1.63442581472202,1.65237571882928,287876000,"NVDA",0.00374031895583494,3.89329909380729,"Technology"
"NVDA","2016-10-11",1.62606525421143,1.64696584553027,1.6135248759703,1.64450701450699,388540000,"NVDA",-0.0144562633764979,3.83701653670373,"Technology"
"NVDA","2016-10-12",1.63344192504883,1.64204800920506,1.60590233849977,1.61942620178087,419920000,"NVDA",0.00453651587370011,3.85442322313013,"Technology"
"NVDA","2016-10-13",1.60688638687134,1.61795142309067,1.56631466556657,1.61426311676727,390116000,"NVDA",-0.0162574118921898,3.79176027718489,"Technology"
"NVDA","2016-10-14",1.62262308597565,1.63762229769471,1.61303339719236,1.62655726315637,330636000,"NVDA",0.0097932867145318,3.82889407273213,"Technology"
"NVDA","2016-10-17",1.61327886581421,1.63762188882105,1.61106590635871,1.62237680949065,195328000,"NVDA",-0.0057587126931696,3.80684457183469,"Technology"
"NVDA","2016-10-18",1.63786816596985,1.64721198331755,1.62901620870564,1.63565520596608,269372000,"NVDA",0.0152418163261747,3.86486779758089,"Technology"
"NVDA","2016-10-19",1.63442552089691,1.64204812009239,1.61844270834951,1.62680303895054,199060000,"NVDA",-0.00210190609016354,3.85674420841947,"Technology"
"NVDA","2016-10-20",1.66540765762329,1.670817297472,1.63024558485229,1.6536050095655,312084000,"NVDA",0.0189559795354747,3.92985257270783,"Technology"
"NVDA","2016-10-21",1.66073572635651,1.66368630018516,1.64499878544117,1.65950625219925,279508000,"NVDA",-0.00280527788220453,3.91882824420529,"Technology"
"NVDA","2016-10-24",1.73868238925934,1.74064947734309,1.67180045641902,1.67204644502245,339836000,"NVDA",0.0469350190194556,4.10275852238105,"Technology"
"NVDA","2016-10-25",1.76720571517944,1.77777900568856,1.72737173603836,1.73573194954022,397460000,"NVDA",0.0164051387972335,4.17006484539224,"Technology"
"NVDA","2016-10-26",1.77433669567108,1.79376194381872,1.75073128185597,1.75245249895455,333792000,"NVDA",0.00403517283267392,4.18689177776686,"Technology"
"NVDA","2016-10-27",1.7379447221756,1.79130267725772,1.73081398364006,1.78786024367166,388664000,"NVDA",-0.0205101847830067,4.10101785373841,"Technology"
"NVDA","2016-10-28",1.7349945306778,1.77286142571329,1.73179796775115,1.74630543662984,290856000,"NVDA",-0.00169751745274707,4.09405630435766,"Technology"
"NVDA","2016-10-31",1.74974763393402,1.76130440973803,1.73966608643557,1.74064968922173,252388000,"NVDA",0.00850325634770855,4.12886911461556,"Technology"
"NVDA","2016-11-01",1.69786524772644,1.76573068335205,1.67917761302557,1.75614099458436,473224000,"NVDA",-0.0296513538303415,4.00644255557893,"Technology"
"NVDA","2016-11-02",1.69073450565338,1.73401104376718,1.6877838139469,1.71089748748161,295848000,"NVDA",-0.004199828038537,3.98961618579922,"Technology"
"NVDA","2016-11-03",1.67106294631958,1.70007787841961,1.63860558054654,1.69860253295274,309664000,"NVDA",-0.0116349191833636,3.94319732390481,"Technology"
"NVDA","2016-11-04",1.66147363185883,1.68999682761359,1.63713060207212,1.65999828606123,328780000,"NVDA",-0.00573845197266465,3.92056947544284,"Technology"
"NVDA","2016-11-07",1.75245237350464,1.76351740677434,1.70892997184333,1.71015944603976,487580000,"NVDA",0.0547578606733756,4.13525147253943,"Technology"
"NVDA","2016-11-08",1.74974763393402,1.7647468436159,1.73351895008173,1.75909133278147,429884000,"NVDA",-0.00154340261196863,4.12886911461556,"Technology"
"NVDA","2016-11-09",1.72024071216583,1.74335437930414,1.68975055230093,1.70229081270944,456532000,"NVDA",-0.0168635300290974,4.05924180631503,"Technology"
"NVDA","2016-11-10",1.66639077663422,1.75810746628899,1.64155601346859,1.757861594958,869280000,"NVDA",-0.0313037211308745,3.93217243280736,"Technology"
"NVDA","2016-11-11",2.16308689117432,2.18275800491925,1.93022985358289,1.9550647343476,2175344000,"NVDA",0.298067008954124,5.10422330854611,"Technology"
"NVDA","2016-11-14",2.05661773681641,2.16849732523031,2.05612599396707,2.16603837648537,1348796000,"NVDA",-0.0492209327292022,4.85298867644133,"Technology"
"NVDA","2016-11-15",2.11932015419006,2.1503020734124,2.06374897469119,2.07260105211115,626092000,"NVDA",0.0304881243855842,5.00094719885051,"Technology"
"NVDA","2016-11-16",2.25308299064636,2.2759505553328,2.12325351010948,2.14759653771015,987984000,"NVDA",0.0631159177115544,5.31658657073298,"Technology"
"NVDA","2016-11-17",2.2717707157135,2.33078407569773,2.2289858069516,2.26980350991473,832988000,"NVDA",0.00829429059858002,5.36068388474315,"Technology"
"NVDA","2016-11-18",2.2956211566925,2.31947219917293,2.2572624164691,2.27176987971392,576060000,"NVDA",0.0104986127402884,5.41696362887217,"Technology"
"NVDA","2016-11-21",2.28627777099609,2.31996461065947,2.2720160591542,2.31357148609198,436436000,"NVDA",-0.00407009042810571,5.39491609705691,"Technology"
"NVDA","2016-11-22",2.30275297164917,2.3049659319453,2.27152506980792,2.29414688466516,330368000,"NVDA",0.00720612379741513,5.43379253032897,"Technology"
"NVDA","2016-11-23",2.31408047676086,2.34560124770452,2.28452962189845,2.3079239018837,443236000,"NVDA",0.00491911431714791,5.46052197696132,"Technology"
"NVDA","2016-11-25",2.31875920295715,2.34190735909222,2.30028971458301,2.3251618994317,195564000,"NVDA",0.00202185111679353,5.47156233941871,"Technology"
"NVDA","2016-11-28",2.31752800941467,2.3330421550059,2.30496873787474,2.31161779161345,278736000,"NVDA",-0.000530970848939513,5.46865709931833,"Technology"
"NVDA","2016-11-29",2.2963490486145,2.32565377150999,2.2786186356154,2.3148182973196,444568000,"NVDA",-0.00913859971233744,5.41868123112362,"Technology"
"NVDA","2016-11-30",2.27049350738525,2.31875998675091,2.2680308767897,2.30496939632545,440500000,"NVDA",-0.0112594125204302,5.35767006382569,"Technology"
"NVDA","2016-12-01",2.15819978713989,2.26975440359071,2.08752398829709,2.26803060934697,1035524000,"NVDA",-0.0494578468866361,5.09269123813989,"Technology"
"NVDA","2016-12-02",2.17814683914185,2.18676581084446,2.09614307720092,2.12397014363337,478292000,"NVDA",0.009242449249051,5.13976017844948,"Technology"
"NVDA","2016-12-05",2.26261186599731,2.28058863652203,2.19168974164385,2.21606920721228,602284000,"NVDA",0.0387783896556518,5.339071801386,"Technology"
"NVDA","2016-12-06",2.29979729652405,2.30817014400076,2.25497842001492,2.27073892212742,498796000,"NVDA",0.0164347368126008,5.42681804126535,"Technology"
"NVDA","2016-12-07",2.34116840362549,2.34683226391197,2.26802999431093,2.28625312483835,480804000,"NVDA",0.0179890232778208,5.52444119733417,"Technology"
"NVDA","2016-12-08",2.30201363563538,2.37933847658496,2.29142474979763,2.34412376145396,381544000,"NVDA",-0.0167244560149872,5.43204792352197,"Technology"
"NVDA","2016-12-09",2.26113486289978,2.32146788108511,2.23380028400508,2.31974408727551,382312000,"NVDA",-0.0177578325787427,5.33558652593636,"Technology"
"NVDA","2016-12-12",2.20621919631958,2.21508452166548,2.15573646550011,2.21262189215007,601332000,"NVDA",-0.0242867718689605,5.20600235319385,"Technology"
"NVDA","2016-12-13",2.24512791633606,2.27270885105225,2.21754721646916,2.21853217436461,387796000,"NVDA",0.017635926693679,5.2978150290619,"Technology"
"NVDA","2016-12-14",2.37515211105347,2.39140509142128,2.25497831727703,2.27886530885537,983980000,"NVDA",0.0579139361153196,5.60463235020577,"Technology"
"NVDA","2016-12-15",2.43080615997314,2.46109584706272,2.3788457547119,2.38623340880593,746548000,"NVDA",0.0234317830258851,5.73595887937564,"Technology"
"NVDA","2016-12-16",2.47267031669617,2.47981161501814,2.40667319379616,2.45838725035356,1089528000,"NVDA",0.0172223344717396,5.8347454817124,"Technology"
"NVDA","2016-12-19",2.50271368026733,2.5229067301437,2.43794787164579,2.45518604726162,744656000,"NVDA",0.0121501695427432,5.90563862855396,"Technology"
"NVDA","2016-12-20",2.58988881111145,2.61352944913406,2.5640316651201,2.57535962251279,848056000,"NVDA",0.0348322429095462,6.11134526779975,"Technology"
"NVDA","2016-12-21",2.6061418056488,2.60909691477125,2.55393526923453,2.60146290244238,576136000,"NVDA",0.00627555687627321,6.14969736261837,"Technology"
"NVDA","2016-12-22",2.6376633644104,2.68100458251703,2.62338029485809,2.63052182963425,718612000,"NVDA",0.0120951049913223,6.2240785978841,"Technology"
"NVDA","2016-12-23",2.70341300964355,2.70489068144603,2.61697672437632,2.61968547621512,647692000,"NVDA",0.0249272314732443,6.37922764580122,"Technology"
"NVDA","2016-12-27",2.88909101486206,2.89007597276499,2.73887389674852,2.75955965665509,1194272000,"NVDA",0.068682811156179,6.81737093352006,"Technology"
"NVDA","2016-12-28",2.69036173820496,2.95336456247925,2.67657138599602,2.94523807137765,2295764000,"NVDA",-0.0687860907236226,6.34843063799036,"Technology"
"NVDA","2016-12-29",2.74404549598694,2.745523167808,2.53152542891957,2.58323948051999,2175368000,"NVDA",0.0199541039480441,6.47510788284777,"Technology"
"NVDA","2016-12-30",2.62855005264282,2.75611146718324,2.61771481352924,2.74207476331043,1212932000,"NVDA",-0.0420894782951026,6.2025739701542,"Technology"
"NVDA","2017-01-03",2.51207113265991,2.61943929902483,2.44730533316464,2.57092647991896,1501996000,"NVDA",-0.0443129929619559,5.92771935346875,"Technology"
"NVDA","2017-01-04",2.57068037986755,2.59801495937918,2.50025071929397,2.54630090907469,1199220000,"NVDA",0.0233310460224043,6.06601924651242,"Technology"
"NVDA","2017-01-05",2.50542235374451,2.60589535577677,2.48843053560871,2.57412822740497,984296000,"NVDA",-0.0253855075232686,5.91203026929379,"Technology"
"NVDA","2017-01-06",2.53891348838806,2.56723302846276,2.49212445840878,2.53275691347009,822856000,"NVDA",0.0133674606173686,5.99105910108726,"Technology"
"NVDA","2017-01-09",2.64184951782227,2.65958017601638,2.54876438427598,2.54876438427598,916248000,"NVDA",0.0405433386781357,6.23395663926337,"Technology"
"NVDA","2017-01-10",2.62190270423889,2.68888456150424,2.60121693726629,2.65490115375187,880920000,"NVDA",-0.00755032163974904,6.18688826154869,"Technology"
"NVDA","2017-01-11",2.58964252471924,2.61525331446204,2.56477057098615,2.61032828904576,525664000,"NVDA",-0.0123041100905451,6.11076410726069,"Technology"
"NVDA","2017-01-12",2.54728555679321,2.57831407713661,2.50246668734131,2.56674000058494,625616000,"NVDA",-0.0163562991886757,6.01081462125091,"Technology"
"NVDA","2017-01-13",2.54703950881958,2.58570180579419,2.53792782659429,2.55122569717119,457820000,"NVDA",-9.65922226413293e-05,6.01023402330676,"Technology"
"NVDA","2017-01-17",2.48990774154663,2.54137543050029,2.47660987088324,2.53645040629313,580612000,"NVDA",-0.0224306560911679,5.87542053090253,"Technology"
"NVDA","2017-01-18",2.53521990776062,2.54211508478016,2.44065711101511,2.46848417606511,654424000,"NVDA",0.0181983313911234,5.98234338078611,"Technology"
"NVDA","2017-01-19",2.58964252471924,2.62165601189774,2.53595854995016,2.53817482312995,644872000,"NVDA",0.021466625751882,6.11076410726069,"Technology"
"NVDA","2017-01-20",2.56132292747498,2.63002880366214,2.53940608340428,2.61229814890769,492024000,"NVDA",-0.0109357167925457,6.04393852159763,"Technology"
"NVDA","2017-01-23",2.58791851997375,2.60786544666715,2.55368876240131,2.55615139233369,369904000,"NVDA",0.0103835374343047,6.10669598348728,"Technology"
"NVDA","2017-01-24",2.64308023452759,2.64923680952685,2.58323968766084,2.59801523280974,428052000,"NVDA",0.0213150893770768,6.23686075417395,"Technology"
"NVDA","2017-01-25",2.65440726280212,2.6915921173286,2.61845372284465,2.68543554448361,522760000,"NVDA",0.00428554083473015,6.26358907561648,"Technology"
"NVDA","2017-01-26",2.70021176338196,2.7075994178042,2.62756582949025,2.65711668202851,458800000,"NVDA",0.0172560184044556,6.37167368398327,"Technology"
"NVDA","2017-01-27",2.75241851806641,2.75537362704678,2.6805114141923,2.70710716016638,471996000,"NVDA",0.0193343186606447,6.49486565339105,"Technology"
"NVDA","2017-01-30",2.70932340621948,2.73370287892792,2.65736322976783,2.73148660592703,496004000,"NVDA",-0.0156571798816404,6.39317437354882,"Technology"
"NVDA","2017-01-31",2.68863797187805,2.71006233638031,2.66450462041447,2.68297411071236,362756000,"NVDA",-0.00763490777584746,6.34436307681186,"Technology"
"NVDA","2017-02-01",2.80610251426697,2.81028870306458,2.70538316407035,2.72311358177882,590004000,"NVDA",0.0436892373080878,6.62154346084336,"Technology"
"NVDA","2017-02-02",2.84156370162964,2.85018290690819,2.75956018665354,2.79009600115268,483240000,"NVDA",0.0126371674528556,6.7052210143544,"Technology"
"NVDA","2017-02-03",2.81669116020203,2.85412237807681,2.80487096101732,2.84304077988227,372744000,"NVDA",-0.00875311766311904,6.64652942585854,"Technology"
"NVDA","2017-02-06",2.88884520530701,2.88933768435178,2.80733393473879,2.80733393473879,506768000,"NVDA",0.0256165979871947,6.81679089817082,"Technology"
"NVDA","2017-02-07",2.93366384506226,2.97774388641127,2.9033741552304,2.92307472449758,746224000,"NVDA",0.0155143791273115,6.92254917659664,"Technology"
"NVDA","2017-02-08",2.92085838317871,2.93809632217164,2.86594286562375,2.91568700148083,449580000,"NVDA",-0.00436500654466537,6.89233220413503,"Technology"
"NVDA","2017-02-09",2.86594223976135,2.93193934221345,2.846734388992,2.92701408366287,842568000,"NVDA",-0.0188013714508111,6.7627469062027,"Technology"
"NVDA","2017-02-10",2.79797577857971,2.97232577101592,2.77285747374976,2.95336404008262,1651092000,"NVDA",-0.0237152236492038,6.60236685083914,"Technology"
"NVDA","2017-02-13",2.66893815994263,2.8068421923442,2.66450537767761,2.79231299988819,1180724000,"NVDA",-0.0461182043193333,6.29787754742095,"Technology"
"NVDA","2017-02-14",2.67878794670105,2.71252522972729,2.61746972144596,2.65933349644643,850632000,"NVDA",0.00369052640718906,6.32112003081895,"Technology"
"NVDA","2017-02-15",2.68420457839966,2.70390514436283,2.65366877161152,2.68174218379121,373020000,"NVDA",0.00202204571857919,6.33390162451389,"Technology"
"NVDA","2017-02-16",2.64111113548279,2.69504148097431,2.60195610486186,2.69381016559352,647176000,"NVDA",-0.0160544554851191,6.23221428283601,"Technology"
"NVDA","2017-02-17",2.64061784744263,2.64505062881974,2.58053117295803,2.62756632997234,563740000,"NVDA",-0.000186772920508308,6.23105027397317,"Technology"
"NVDA","2017-02-21",2.73518013954163,2.739120205934,2.66499660607138,2.66524296296747,551952000,"NVDA",0.035810669154789,6.45418835382128,"Technology"
"NVDA","2017-02-22",2.7309889793396,2.75663209042689,2.71200307873898,2.74726247405687,433772000,"NVDA",-0.00153231596757965,6.44429849794896,"Technology"
"NVDA","2017-02-23",2.47776293754578,2.62323816317076,2.45779107446552,2.60129366299134,1592888000,"NVDA",-0.0927232016348369,5.84676250892856,"Technology"
"NVDA","2017-02-24",2.50168085098267,2.51499550888233,2.35965751985855,2.39343738282195,1029904000,"NVDA",0.00965302736369942,5.9032014674163,"Technology"
"NVDA","2017-02-27",2.57441854476929,2.58945917282782,2.50414664614785,2.51992704275808,715400000,"NVDA",0.0290755288621447,6.07484017206122,"Technology"
"NVDA","2017-02-28",2.50217270851135,2.59389620146125,2.48491301890991,2.58403325295113,625360000,"NVDA",-0.0280629722795945,5.9043621007097,"Technology"
"NVDA","2017-03-01",2.53447413444519,2.57343190104783,2.49305062985797,2.55913080885384,504804000,"NVDA",0.0129093510707562,5.98058358391662,"Technology"
"NVDA","2017-03-02",2.44102430343628,2.53570665376343,2.43831213311468,2.52165223136429,754332000,"NVDA",-0.0368714873586066,5.76007057190515,"Technology"
"NVDA","2017-03-03",2.4269700050354,2.43535318343901,2.37247828725644,2.43042194352142,864692000,"NVDA",-0.00575754136535813,5.72690672732003,"Technology"
"NVDA","2017-03-06",2.40823101997375,2.41883350431723,2.34658898631287,2.39072465795891,883568000,"NVDA",-0.00772114406966978,5.68268845540483,"Technology"
"NVDA","2017-03-07",2.43461394309998,2.45409294461997,2.3954097424865,2.40823129825655,603400000,"NVDA",0.0109553123879736,5.74494408263732,"Technology"
"NVDA","2017-03-08",2.43017625808716,2.49773598883198,2.42795718746992,2.48294179280744,638712000,"NVDA",-0.00182274689808394,5.73447250363103,"Technology"
"NVDA","2017-03-09",2.42968225479126,2.45211985568506,2.40157341035987,2.41414853109555,478060000,"NVDA",-0.000203278792743732,5.73330680698346,"Technology"
"NVDA","2017-03-10",2.44398379325867,2.46790093746775,2.42573789417341,2.45606581688033,499740000,"NVDA",0.0058861764492888,5.76705406248728,"Technology"
"NVDA","2017-03-13",2.51129651069641,2.52115922650308,2.45359951741183,2.45433928576239,774136000,"NVDA",0.0275422110504232,5.9258914826155,"Technology"
"NVDA","2017-03-14",2.50957179069519,2.53348870619545,2.47727122162422,2.52411932138842,522016000,"NVDA",-0.000686784692239475,5.92182167105737,"Technology"
"NVDA","2017-03-15",2.52855658531189,2.53940550378911,2.47357175417239,2.5211596061295,615036000,"NVDA",0.00756495378498024,5.96661997832181,"Technology"
"NVDA","2017-03-16",2.55962371826172,2.56011705393836,2.52510432963847,2.53915875292609,523100000,"NVDA",0.012286508884276,6.03992890769456,"Technology"
"NVDA","2017-03-17",2.61534881591797,2.61658168505626,2.55962421253773,2.57713057806824,1119688000,"NVDA",0.0217708162565761,6.17142309014677,"Technology"
"NVDA","2017-03-20",2.69868779182434,2.70263306579692,2.61682723679681,2.63285429505304,748568000,"NVDA",0.0318653387261923,6.36807757733694,"Technology"
"NVDA","2017-03-21",2.61140298843384,2.71126325120801,2.60351290979205,2.68142843574895,913484000,"NVDA",-0.0323434239614274,6.16211214443387,"Technology"
"NVDA","2017-03-22",2.66466188430786,2.66934669205835,2.5963624053149,2.60030744469803,616764000,"NVDA",0.0203947441700543,6.28778684516678,"Technology"
"NVDA","2017-03-23",2.64049792289734,2.67674351388631,2.63088187526626,2.65677141515431,533940000,"NVDA",-0.00906830301916484,6.23076728873489,"Technology"
"NVDA","2017-03-24",2.64986777305603,2.69474321465754,2.62397823086999,2.686853135652,439500000,"NVDA",0.00354851639057915,6.25287726858485,"Technology"
"NVDA","2017-03-27",2.66909980773926,2.67304484680241,2.55395249572628,2.60326607187993,506644000,"NVDA",0.00725773371742534,6.29825898676798,"Technology"
"NVDA","2017-03-28",2.65529203414917,2.68488017962634,2.64493621850401,2.67033265713081,432444000,"NVDA",-0.00517319492888621,6.26567686531682,"Technology"
"NVDA","2017-03-29",2.64666271209717,2.67501799440359,2.64444364189726,2.66268953922601,349992000,"NVDA",-0.00324985799717018,6.24531430524839,"Technology"
"NVDA","2017-03-30",2.69745492935181,2.71224911891909,2.64814135603696,2.65381236406039,525532000,"NVDA",0.0191910427507371,6.3651683990722,"Technology"
"NVDA","2017-03-31",2.68586754798889,2.70953826277545,2.67279955641744,2.68784018593636,440808000,"NVDA",-0.00429567190792673,6.33782572399108,"Technology"
"NVDA","2017-04-03",2.67230606079102,2.70362018452506,2.64863534950262,2.68636048683206,445232000,"NVDA",-0.00504920177766415,6.30582476307898,"Technology"
"NVDA","2017-04-04",2.48491406440735,2.5746649583877,2.47406514568556,2.54951494642573,1271280000,"NVDA",-0.0701237029444891,5.86363698057283,"Technology"
"NVDA","2017-04-05",2.46642136573792,2.52411836590619,2.45335314228345,2.4661746978764,747048000,"NVDA",-0.00744198720362754,5.81999986919669,"Technology"
"NVDA","2017-04-06",2.48442101478577,2.49650280283797,2.42647734244885,2.47159945823975,635120000,"NVDA",0.00729788076680334,5.8624735343049,"Technology"
"NVDA","2017-04-07",2.47381782531738,2.50833744508473,2.45877720271142,2.49083108496416,429068000,"NVDA",-0.00426787142971342,5.83745325100038,"Technology"
"NVDA","2017-04-10",2.41069650650024,2.48121481259129,2.40650479973788,2.47455760345019,756332000,"NVDA",-0.025515750663265,5.68850624933939,"Technology"
"NVDA","2017-04-11",2.41932582855225,2.43855815381383,2.37568327143699,2.3806145102718,618148000,"NVDA",0.00357959702879798,5.70886880940783,"Technology"
"NVDA","2017-04-12",2.39935445785522,2.43362741284724,2.39417654970354,2.41932655725864,414092000,"NVDA",-0.0082549322052138,5.66174248441771,"Technology"
"NVDA","2017-04-13",2.35447907447815,2.39688877687638,2.35447907447815,2.37519094272099,506892000,"NVDA",-0.0187031070920589,5.55585030840398,"Technology"
"NVDA","2017-04-17",2.44669556617737,2.44694199885634,2.36212259844425,2.36730050645088,497292000,"NVDA",0.039166409546306,5.7734530169609,"Technology"
"NVDA","2017-04-18",2.44817519187927,2.45433953685515,2.40650525448352,2.43239479794504,370116000,"NVDA",0.00060474450616511,5.77694448095451,"Technology"
"NVDA","2017-04-19",2.45779180526733,2.48984546285342,2.4511343588306,2.46568188571867,380828000,"NVDA",0.00392807402834582,5.79963674653335,"Technology"
"NVDA","2017-04-20",2.49674940109253,2.50143420951315,2.4511341859597,2.47233915778899,404016000,"NVDA",0.0158506492460853,5.89156475435735,"Technology"
"NVDA","2017-04-21",2.50710487365723,2.50981704415753,2.47455788707079,2.48639300528223,341896000,"NVDA",0.00414758187592472,5.91600050155336,"Technology"
"NVDA","2017-04-24",2.53841853141785,2.55148651616508,2.51770690194118,2.53866496406648,371820000,"NVDA",0.0124899672485346,5.98989115406008,"Technology"
"NVDA","2017-04-25",2.58255457878113,2.59710210216166,2.53151503060666,2.55296643150396,388440000,"NVDA",0.0173872223264258,6.09403872326681,"Technology"
"NVDA","2017-04-26",2.56480193138123,2.59858155255293,2.56282929405815,2.59611604983121,327004000,"NVDA",-0.00687406475191744,6.05214790648238,"Technology"
"NVDA","2017-04-27",2.60474562644958,2.61312880512337,2.55419918115046,2.57219864244926,319700000,"NVDA",0.0155737932741061,6.14640280684226,"Technology"
"NVDA","2017-04-28",2.57170581817627,2.60474590621843,2.56603457403247,2.59784202828237,348248000,"NVDA",-0.0126844663593314,6.06843896720796,"Technology"
"NVDA","2017-05-01",2.62940216064453,2.63458030341734,2.57540377955092,2.58255432419369,307732000,"NVDA",0.0224350476094413,6.20458468435226,"Technology"
"NVDA","2017-05-02",2.55148720741272,2.60375986600031,2.52880293487309,2.60252699698617,629972000,"NVDA",-0.0296321933548243,6.02072923129916,"Technology"
"NVDA","2017-05-03",2.57047319412231,2.58008924355058,2.52978945587631,2.54458341424991,336904000,"NVDA",0.00744114516993681,6.06553035153813,"Technology"
"NVDA","2017-05-04",2.5606107711792,2.58773318807915,2.55272045534662,2.57663760045059,209788000,"NVDA",-0.00383681221250111,6.04225805061006,"Technology"
"NVDA","2017-05-05",2.56085729598999,2.56800784353219,2.53348821020844,2.54902217453429,228428000,"NVDA",9.62757844986676e-05,6.04283977374402,"Technology"
"NVDA","2017-05-08",2.53398060798645,2.57417100168079,2.52263835625113,2.5726917002261,365240000,"NVDA",-0.010495191608539,5.97941901245888,"Technology"
"NVDA","2017-05-09",2.53817224502563,2.58723939122721,2.53126836749599,2.53965178172238,847672000,"NVDA",0.0016541709222137,5.98930999352102,"Technology"
"NVDA","2017-05-10",2.99062538146973,3.00369360598861,2.81137049157514,2.81802770262965,2129096000,"NVDA",0.178259429528796,7.05696097623719,"Technology"
"NVDA","2017-05-11",3.11908721923828,3.21598865750458,2.95659893447149,2.96005087376099,1939792000,"NVDA",0.0429548410056705,7.36009161295468,"Technology"
"NVDA","2017-05-12",3.15335988998413,3.19552316119478,3.10133413754789,3.12229243923011,962620000,"NVDA",0.0109880450070323,7.44096463085371,"Technology"
"NVDA","2017-05-15",3.31165647506714,3.31412221278813,3.19009838014129,3.19453675506822,1087540000,"NVDA",0.0501993399439746,7.81449614386903,"Technology"
"NVDA","2017-05-16",3.37329888343811,3.38883284469631,3.28823303888774,3.36269639817191,1120700000,"NVDA",0.0186137689204983,7.95995336932113,"Technology"
"NVDA","2017-05-17",3.1491687297821,3.32521834026824,3.14497702200121,3.30647910676239,1271368000,"NVDA",-0.066442423692848,7.43107477498138,"Technology"
"NVDA","2017-05-18",3.28108167648315,3.28995818997299,3.13264762512118,3.19305678012003,1156032000,"NVDA",0.0418881800309814,7.74234897297949,"Technology"
"NVDA","2017-05-19",3.35685896873474,3.41165454804201,3.33760637882928,3.38228216094346,1018372000,"NVDA",0.023095216676474,7.92116020009532,"Technology"
"NVDA","2017-05-22",3.42843794822693,3.44275386342347,3.3896858530716,3.40054642980735,836608000,"NVDA",0.021323201289915,8.09006469349162,"Technology"
"NVDA","2017-05-23",3.3822820186615,3.4504065103704,3.3497007502526,3.44818510305041,681248000,"NVDA",-0.0134626702487936,7.98115082023173,"Technology"
"NVDA","2017-05-24",3.42029309272766,3.48200004600223,3.40819834722061,3.47928478375697,815996000,"NVDA",0.0112382923293914,8.07084532627446,"Technology"
"NVDA","2017-05-25",3.41264200210571,3.45633054407434,3.36771929260543,3.45558999647666,608228000,"NVDA",-0.00223696929313346,8.05279109310995,"Technology"
"NVDA","2017-05-26",3.50100517272949,3.58591389363569,3.3842557403318,3.4044955633189,779140000,"NVDA",0.0258928919497727,8.26130114277794,"Technology"
"NVDA","2017-05-30",3.57579493522644,3.610844301117,3.53087223002808,3.54691593561653,989652000,"NVDA",0.02136236846478,8.43778210178847,"Technology"
"NVDA","2017-05-31",3.56295943260193,3.62836864961162,3.50618891562333,3.6207169538376,887316000,"NVDA",-0.0035895522134294,8.40749424236857,"Technology"
"NVDA","2017-06-01",3.56320571899414,3.57974327591834,3.51778940474119,3.57875580098706,503340000,"NVDA",6.91241078858027e-05,8.40807540290762,"Technology"
"NVDA","2017-06-02",3.54543495178223,3.58640822566509,3.53951104256237,3.56024448943851,487456000,"NVDA",-0.00498729756667841,8.36614182891025,"Technology"
"NVDA","2017-06-05",3.65329885482788,3.66613391410011,3.51754372803991,3.52914461983672,817376000,"NVDA",0.0304233202731397,8.6206676412217,"Technology"
"NVDA","2017-06-06",3.63676142692566,3.69476588428931,3.6234327481143,3.64860901065055,758728000,"NVDA",-0.00452671094245883,8.58164437067888,"Technology"
"NVDA","2017-06-07",3.68069672584534,3.69945569466424,3.6456473585283,3.66119744486291,612612000,"NVDA",0.0120808856457814,8.68531823497382,"Technology"
"NVDA","2017-06-08",3.9477641582489,3.94924501779121,3.74659935833489,3.78781955801256,1161744000,"NVDA",0.0725589344344114,9.31551567132728,"Technology"
"NVDA","2017-06-09",3.69254398345947,4.15904862107157,3.52346683294657,4.06624150169554,3692928000,"NVDA",-0.0646492963000698,8.7132741385037,"Technology"
"NVDA","2017-06-12",3.70167708396912,3.74437838351114,3.50767057332686,3.60072463401934,1697532000,"NVDA",0.00247338976883003,8.73482546161089,"Technology"
"NVDA","2017-06-13",3.73697376251221,3.82015472223855,3.59504755935483,3.81102192976759,1672504000,"NVDA",0.00953532081335523,8.81811482463601,"Technology"
"NVDA","2017-06-14",3.74487137794495,3.80262913419493,3.66539293716847,3.73993494433196,1184640000,"NVDA",0.00211337192462118,8.83675078093448,"Technology"
"NVDA","2017-06-15",3.76091527938843,3.79127489898047,3.61602715268696,3.62738135005249,963824000,"NVDA",0.00428423297472122,8.87460948001955,"Technology"
"NVDA","2017-06-16",3.74240398406982,3.81842710520044,3.70834185385957,3.77054243953428,924960000,"NVDA",-0.00492201869583558,8.83092848624066,"Technology"
"NVDA","2017-06-19",3.88309550285339,3.88827886467851,3.78288337011434,3.7865856369075,778176000,"NVDA",0.0375938886829018,9.16291742871906,"Technology"
"NVDA","2017-06-20",3.87741804122925,3.99219301244642,3.87322215482116,3.9253026974244,1095444000,"NVDA",-0.00146209682970032,9.14952035619572,"Technology"
"NVDA","2017-06-21",3.93616318702698,3.93986568911806,3.84310913342344,3.90506301687801,682652000,"NVDA",0.0151505834999173,9.28814092833646,"Technology"
"NVDA","2017-06-22",3.90901207923889,3.95763728307471,3.88506975105692,3.94430837015415,469132000,"NVDA",-0.00689786131773501,9.22407262031322,"Technology"
"NVDA","2017-06-23",3.79695272445679,3.93246115479883,3.78189602295801,3.91666414115238,1088588000,"NVDA",-0.0286669246629504,8.95964682542111,"Technology"
"NVDA","2017-06-26",3.75548481941223,3.86532310937578,3.66119661224694,3.82977989484168,1063960000,"NVDA",-0.0109213645925729,8.86179525582,"Technology"
"NVDA","2017-06-27",3.61800217628479,3.74659944764429,3.61232519481394,3.73796051162487,999492000,"NVDA",-0.0366084939065094,8.53737827819658,"Technology"
"NVDA","2017-06-28",3.74561262130737,3.7503023635774,3.59751581910803,3.68563344701778,994948000,"NVDA",0.0352709696691288,8.83849988850073,"Technology"
"NVDA","2017-06-29",3.62047052383423,3.72018879754777,3.55629523404299,3.71722707838204,1064424000,"NVDA",-0.0334103149805878,8.54320282327003,"Technology"
"NVDA","2017-06-30",3.56814289093018,3.65132383627024,3.54197915633583,3.63774823143777,731060000,"NVDA",-0.0144532685902482,8.41972561824434,"Technology"
"NVDA","2017-07-03",3.43905258178711,3.59504778651226,3.42054053880356,3.58023824628278,709072000,"NVDA",-0.0361785705026555,8.11511198135168,"Technology"
"NVDA","2017-07-05",3.5308723449707,3.55975111012736,3.48348130340264,3.50248696432346,820188000,"NVDA",0.0266991448952721,8.33177853198314,"Technology"
"NVDA","2017-07-06",3.54148459434509,3.58838200055635,3.44966473166967,3.50174549824217,746284000,"NVDA",0.00300556019520374,8.35682019389412,"Technology"
"NVDA","2017-07-07",3.62244534492493,3.64071069386306,3.57530123055374,3.59825632170329,654972000,"NVDA",0.0228606812829594,8.54786279688574,"Technology"
"NVDA","2017-07-10",3.79374408721924,3.80114885692809,3.66983654030781,3.69600027964623,958492000,"NVDA",0.0472881509542449,8.95207542316104,"Technology"
"NVDA","2017-07-11",3.84755158424377,3.85520327947187,3.75548478470156,3.79744552696362,757956000,"NVDA",0.0141832173671937,9.07904465477525,"Technology"
"NVDA","2017-07-12",4.01119899749756,4.02329350864374,3.86433660565009,3.90728459606742,1145208000,"NVDA",0.0425328704945612,9.46520248529114,"Technology"
"NVDA","2017-07-13",3.96479463577271,4.10474585027169,3.91839108006661,4.02329270019468,1369132000,"NVDA",-0.011568700967916,9.35570238813803,"Technology"
"NVDA","2017-07-14",4.07142496109009,4.07290558522756,3.97417455470605,3.98108570330322,941948000,"NVDA",0.0268942871227936,9.60731733440002,"Technology"
"NVDA","2017-07-17",4.05414724349976,4.1343664829767,3.99244028106727,4.10548748143912,930792000,"NVDA",-0.0042436536975266,9.56654720667058,"Technology"
"NVDA","2017-07-18",4.09635448455811,4.11091732905781,3.98133235268204,3.99318017037445,776640000,"NVDA",0.0104108801489692,9.66614338307869,"Technology"
"NVDA","2017-07-19",4.07512760162354,4.13189789053537,4.06303309046847,4.10548722563509,687044000,"NVDA",-0.00518189600401738,9.61605443330765,"Technology"
"NVDA","2017-07-20",4.13436603546143,4.13461272769787,4.04575503154828,4.09561416893837,699596000,"NVDA",0.0145365837904781,9.75583901431123,"Technology"
"NVDA","2017-07-21",4.14917516708374,4.17879471009355,4.09956272678397,4.11387887847093,648332000,"NVDA",0.00358195948188744,9.79078403437231,"Technology"
"NVDA","2017-07-24",4.10104322433472,4.16595904650267,4.09042981131143,4.15633287297149,652524000,"NVDA",-0.011600364123179,9.67720737452218,"Technology"
"NVDA","2017-07-25",4.081298828125,4.09561498406185,4.03761028345784,4.07808994526579,496556000,"NVDA",-0.00481448137209522,9.63061663988364,"Technology"
"NVDA","2017-07-26",4.12844133377075,4.19434439882597,4.09363843285846,4.13880805515173,640404000,"NVDA",0.0115508585945445,9.74185853086921,"Technology"
"NVDA","2017-07-27",3.9921932220459,4.1649728892985,3.889019135726,4.15337176298192,782856000,"NVDA",-0.0330023126670932,9.42035466967487,"Technology"
"NVDA","2017-07-28",4.0576024055481,4.08203858992939,3.93147370165281,3.95640303511684,513348000,"NVDA",0.0163842729708049,9.57470033206462,"Technology"
"NVDA","2017-07-31",4.01119899749756,4.10721500992421,3.96454874021944,4.07117816873327,559672000,"NVDA",-0.0114361643681718,9.46520248529114,"Technology"
"NVDA","2017-08-01",4.06007051467896,4.0617983018227,3.97392784971615,4.00181913624037,431384000,"NVDA",0.0121837677990759,9.58052431454317,"Technology"
"NVDA","2017-08-02",4.0576024055481,4.09512034034656,3.98059252726009,4.09117138139096,478444000,"NVDA",-0.000607898094857236,9.57470033206462,"Technology"
"NVDA","2017-08-03",4.10918760299683,4.11288986773378,4.04007567959283,4.05710685064114,442420000,"NVDA",0.0127132213294719,9.69642561654953,"Technology"
"NVDA","2017-08-04",4.12720727920532,4.19779984768527,4.10918886341942,4.13189678459145,589096000,"NVDA",0.00438521623966605,9.73894653962993,"Technology"
"NVDA","2017-08-07",4.25407695770264,4.25457034209171,4.146706533963,4.15633317898956,717412000,"NVDA",0.0307398368714214,10.0383201675577,"Technology"
"NVDA","2017-08-08",4.20347785949707,4.30862618479993,4.16423213898317,4.29208886054557,755336000,"NVDA",-0.0118942601905566,9.91892177560861,"Technology"
"NVDA","2017-08-09",4.24815320968628,4.25062154408461,4.13856161049084,4.15732057528886,530784000,"NVDA",0.0106281873445039,10.0243419344953,"Technology"
"NVDA","2017-08-10",4.0662407875061,4.26172833013065,4.05612075885672,4.24938665953874,1328088000,"NVDA",-0.042821530486564,9.59508427073952,"Technology"
"NVDA","2017-08-11",3.84952712059021,3.92456276332147,3.77424478559287,3.87865281473805,1497196000,"NVDA",-0.0532958273355985,9.08370631617567,"Technology"
"NVDA","2017-08-14",4.15658092498779,4.16028319199101,3.92949928998418,3.94110018168813,1279020000,"NVDA",0.0797640319911567,9.80825935737738,"Technology"
"NVDA","2017-08-15",4.12153053283691,4.18792698785477,4.08722148420375,4.16176349001269,764532000,"NVDA",-0.00843250565390636,9.72555115489132,"Technology"
"NVDA","2017-08-16",4.07636117935181,4.16003598117359,4.04402707859493,4.13658750843153,596632000,"NVDA",-0.0109593640336365,9.61896529935711,"Technology"
"NVDA","2017-08-17",3.98552751541138,4.08499906838991,3.98330634437018,4.06796836418997,525444000,"NVDA",-0.0222830264404768,9.40462564126151,"Technology"
"NVDA","2017-08-18",3.98626923561096,4.05686229031929,3.940359292681,4.0398311103215,601204000,"NVDA",0.000186103394523523,9.40637587401757,"Technology"
"NVDA","2017-08-21",3.9282648563385,4.022059458823,3.88432962743083,4.01070549553886,623672000,"NVDA",-0.0145510440575073,9.26950328425326,"Technology"
"NVDA","2017-08-22",4.01571702957153,4.02164615216215,3.94555637385066,3.9648259044699,450456000,"NVDA",0.0222622904593418,9.47586365878113,"Technology"
"NVDA","2017-08-23",4.09600925445557,4.10712630691632,3.97372167738723,3.9823686925912,579520000,"NVDA",0.0199944927127,9.66532874565317,"Technology"
"NVDA","2017-08-24",4.08093786239624,4.1325706700124,4.05450442069176,4.12812347362738,469700000,"NVDA",-0.00367953076349419,9.62976487119426,"Technology"
"NVDA","2017-08-25",4.04684495925903,4.11527654140977,4.04042154691514,4.10514760422195,357200000,"NVDA",-0.00835418334872377,9.5493160498552,"Technology"
"NVDA","2017-08-28",4.07550239562988,4.07871410212001,4.01028251318972,4.06586774736056,389496000,"NVDA",0.00708142680516644,9.61693883250165,"Technology"
"NVDA","2017-08-29",4.06883335113525,4.09057363291038,4.0085544641795,4.01670718764548,324096000,"NVDA",-0.00163637359207053,9.60120192775959,"Technology"
"NVDA","2017-08-30",4.09304332733154,4.1041603754474,4.05820978424824,4.0885961311243,384400000,"NVDA",0.00595010267243661,9.65833006500855,"Technology"
"NVDA","2017-08-31",4.18593120574951,4.18988363988765,4.10588876003989,4.11329980964942,612684000,"NVDA",0.0226940862799337,9.87751704082394,"Technology"
"NVDA","2017-09-01",4.21113157272339,4.24670632364716,4.18988558018846,4.1985325940723,445432000,"NVDA",0.00602025349562922,9.93698219731709,"Technology"
"NVDA","2017-09-05",4.09872531890869,4.16468641223386,4.04067003851926,4.15974539694931,695364000,"NVDA",-0.0266926482522613,9.67173782683513,"Technology"
"NVDA","2017-09-06",4.09625482559204,4.14541712680329,4.06142175147679,4.13158266091909,397672000,"NVDA",-0.000602746738175705,9.66590821840751,"Technology"
"NVDA","2017-09-07",4.11527729034424,4.14763985368625,4.07500891480159,4.1130536923126,352868000,"NVDA",0.00464386752341461,9.71079541566728,"Technology"
"NVDA","2017-09-08",4.04388236999512,4.11849002468136,4.01967204822306,4.10366744601294,498856000,"NVDA",-0.0173487508403471,9.54232524553928,"Technology"
"NVDA","2017-09-11",4.17506265640259,4.18568588738901,4.08415003985529,4.08958534566271,567444000,"NVDA",0.0324391944189091,9.8518705893878,"Technology"
"NVDA","2017-09-12",4.19013214111328,4.19976679090316,4.12491224838005,4.19976679090316,411488000,"NVDA",0.00360940324753782,9.88742996308745,"Technology"
"NVDA","2017-09-13",4.20890808105469,4.23781203357752,4.13257113140499,4.16493370070156,580960000,"NVDA",0.00448098993279426,9.93173543721326,"Technology"
"NVDA","2017-09-14",4.18494462966919,4.26301088689625,4.14541744660748,4.16987467319636,513712000,"NVDA",-0.00569350789421212,9.87518902309826,"Technology"
"NVDA","2017-09-15",4.44952869415283,4.44952869415283,4.26523299958358,4.27042092345639,1364792000,"NVDA",0.0632228351619929,10.4995264708991,"Technology"
"NVDA","2017-09-18",4.63333177566528,4.72350367386238,4.56687684992909,4.57379408426295,1684460000,"NVDA",0.0413084382968445,10.9332455122683,"Technology"
"NVDA","2017-09-19",4.62839126586914,4.69015255643606,4.5609477593984,4.58293495224228,874280000,"NVDA",-0.00106629743677986,10.9215874206029,"Technology"
"NVDA","2017-09-20",4.59108591079712,4.6795280049505,4.55081753431264,4.63209548664281,724920000,"NVDA",-0.00806011266746614,10.8335581954853,"Technology"
"NVDA","2017-09-21",4.46558904647827,4.51351587514668,4.38776967726503,4.487328861783,1075600000,"NVDA",-0.0273348978340199,10.5374239890328,"Technology"
"NVDA","2017-09-22",4.42210817337036,4.5038804361952,4.4122266122104,4.45422430734302,491232000,"NVDA",-0.00973687293106399,10.4348224306308,"Technology"
"NVDA","2017-09-25",4.2244725227356,4.39246331458258,4.20372081882065,4.39122782485359,874580000,"NVDA",-0.0446926314071,9.96846275794011,"Technology"
"NVDA","2017-09-26",4.24818706512451,4.41420158066934,4.20841297989243,4.3591106323339,1125620000,"NVDA",0.00561361028182507,10.0244218229721,"Technology"
"NVDA","2017-09-27",4.34132623672485,4.35466689153753,4.26770666811002,4.33860881809301,713720000,"NVDA",0.0219244515772311,10.2442017738196,"Technology"
"NVDA","2017-09-28",4.34008884429932,4.35244091176227,4.29265584975096,4.34848800514952,435244000,"NVDA",-0.000285026362467201,10.2412819062516,"Technology"
"NVDA","2017-09-29",4.4164252281189,4.4401412511757,4.37887426927757,4.4240836597563,619092000,"NVDA",0.0175886684715792,10.4214124184246,"Technology"
"NVDA","2017-10-02",4.42210817337036,4.49572771237708,4.37269942516808,4.46657637659328,503480000,"NVDA",0.00128677492721538,10.4348224306308,"Technology"
"NVDA","2017-10-03",4.43124914169312,4.46114167793825,4.38702784656656,4.4282843434136,390332000,"NVDA",0.00206710644886532,10.45639231937,"Technology"
"NVDA","2017-10-04",4.46830368041992,4.490537772056,4.40086020629702,4.43742304994771,427848000,"NVDA",0.00836209780627425,10.5438296946453,"Technology"
"NVDA","2017-10-05",4.4658350944519,4.49622191931948,4.43594255967374,4.49276330229728,437364000,"NVDA",-0.000552466023926464,10.5380045869769,"Technology"
"NVDA","2017-10-06",4.478928565979,4.4922692157842,4.42210829198177,4.43816635939881,318800000,"NVDA",0.00293192006649914,10.5689011740864,"Technology"
"NVDA","2017-10-09",4.57996940612793,4.61307364471653,4.49696213584102,4.51573761788218,563492000,"NVDA",0.0225591541951374,10.8073266453457,"Technology"
"NVDA","2017-10-10",4.66742324829102,4.76673548958701,4.626166759522,4.7291845267406,974876000,"NVDA",0.0190948529145356,11.013690958038,"Technology"
"NVDA","2017-10-11",4.71707916259766,4.71856156138232,4.63802480503248,4.6839749265467,529508000,"NVDA",0.0106388282495748,11.1308637245344,"Technology"
"NVDA","2017-10-12",4.71930360794067,4.77019475373851,4.69212849094899,4.72053862634883,528292000,"NVDA",0.000471572612275728,11.1361127350179,"Technology"
"NVDA","2017-10-13",4.80725049972534,4.81737943927341,4.73461955713423,4.7815577867649,628728000,"NVDA",0.018635565560285,11.343640493978,"Technology"
"NVDA","2017-10-16",4.88976240158081,4.89272719845832,4.77389830924028,4.83714196901539,576640000,"NVDA",0.0171640528947229,11.5383433394354,"Technology"
"NVDA","2017-10-17",4.88531875610352,4.91372889767766,4.85073257874391,4.86901377660523,478596000,"NVDA",-0.000908765112157257,11.5278576955564,"Technology"
"NVDA","2017-10-18",4.88111734390259,4.89495181032638,4.77587644683558,4.89421108208325,567316000,"NVDA",-0.000860007792875063,11.5179436481031,"Technology"
"NVDA","2017-10-19",4.88655233383179,4.89149287780608,4.7543832406964,4.80354506944887,570772000,"NVDA",0.00111347249948591,11.5307685616059,"Technology"
"NVDA","2017-10-20",4.86431980133057,4.93077473337084,4.85542587691387,4.90360008356764,451620000,"NVDA",-0.00454973793021614,11.4783065865166,"Technology"
"NVDA","2017-10-23",4.85740280151367,4.91249377462345,4.83714491451843,4.88605985197398,428696000,"NVDA",-0.00142198706076078,11.4619845830711,"Technology"
"NVDA","2017-10-24",4.90829181671143,4.91002112478849,4.84060142112286,4.86654104227876,407244000,"NVDA",0.0104765895020886,11.5820670904272,"Technology"
"NVDA","2017-10-25",4.7842755317688,4.92163302736935,4.72276163328279,4.86876519905974,828160000,"NVDA",-0.0252666894255114,11.289426598348,"Technology"
"NVDA","2017-10-26",4.83442687988281,4.84603775003956,4.78798245685333,4.81194586794425,322744000,"NVDA",0.0104825375923682,11.4077684370614,"Technology"
"NVDA","2017-10-27",4.98685264587402,4.98709955527076,4.8606122063749,4.88655230026717,572192000,"NVDA",0.0315292318569323,11.7674466130837,"Technology"
"NVDA","2017-10-30",5.03576850891113,5.09135329046903,4.9710424235468,4.98685358072335,504056000,"NVDA",0.0098089649947008,11.8828730849885,"Technology"
"NVDA","2017-10-31",5.10913944244385,5.13582026314048,5.06195383405608,5.06763604829377,411908000,"NVDA",0.0145699575750712,12.0560060417067,"Technology"
"NVDA","2017-11-01",5.1187744140625,5.18720601380477,5.05454263011679,5.17188914941759,502576000,"NVDA",0.00188583062317901,12.0787416270934,"Technology"
"NVDA","2017-11-02",5.08764696121216,5.1338444646333,5.03107360840674,5.08912936003881,342308000,"NVDA",-0.00608103626618654,12.0052903612092,"Technology"
"NVDA","2017-11-03",5.15558433532715,5.15558433532715,5.07282444864394,5.11877457202233,353640000,"NVDA",0.0133533978738972,12.165601779994,"Technology"
"NVDA","2017-11-06",5.17880725860596,5.18745380106177,5.10642321141839,5.11877528029777,389944000,"NVDA",0.00450442118067592,12.2204007743275,"Technology"
"NVDA","2017-11-07",5.23809862136841,5.25959199638477,5.18943106874883,5.20153622953653,427700000,"NVDA",0.0114488452266539,12.3603102514005,"Technology"
"NVDA","2017-11-08",5.16719770431519,5.23735864198522,5.11976516345716,5.23365264341724,522988000,"NVDA",-0.0135356208766265,12.19300577792,"Technology"
"NVDA","2017-11-09",5.07232999801636,5.09728151217502,4.95004293481911,5.0710949798189,978564000,"NVDA",-0.0183596045143779,11.9691470139959,"Technology"
"NVDA","2017-11-10",5.33963346481323,5.40213594615253,5.22821605953899,5.26403771611387,1253256000,"NVDA",0.0526983589201431,12.5999014193074,"Technology"
"NVDA","2017-11-13",5.25292110443115,5.36507924731996,5.2376042373967,5.33963390994447,582376000,"NVDA",-0.0162393843984782,12.3952867767764,"Technology"
"NVDA","2017-11-14",5.2912130355835,5.30652990329755,5.21833469481581,5.26206169927642,529292000,"NVDA",0.00728964520712908,12.4856440196197,"Technology"
"NVDA","2017-11-15",5.1874532699585,5.23735677285295,5.13359780280507,5.23612128337077,501948000,"NVDA",-0.019609825748314,12.2408027160394,"Technology"
"NVDA","2017-11-16",5.22772121429443,5.29170608777002,5.2188277640512,5.26156664950004,441768000,"NVDA",0.00776256522042071,12.335822745473,"Technology"
"NVDA","2017-11-17",5.2215461730957,5.32011722869137,5.20647668669808,5.28478985920045,515664000,"NVDA",-0.00118121088436119,12.3212515373785,"Technology"
"NVDA","2017-11-20",5.28874206542969,5.30084722331257,5.20029949189966,5.23710925556853,396100000,"NVDA",0.0128689644994839,12.4798132860022,"Technology"
"NVDA","2017-11-21",5.33740997314453,5.34902131300628,5.29664777131757,5.32851652177895,399176000,"NVDA",0.00920217078328808,12.5946546592036,"Technology"
"NVDA","2017-11-22",5.3134298324585,5.36460388286697,5.28079722766923,5.36460388286697,356640000,"NVDA",-0.00449284218500968,12.5380688634451,"Technology"
"NVDA","2017-11-24",5.36361360549927,5.36460287220952,5.30527044601731,5.32974513076265,180752000,"NVDA",0.00944470419731726,12.6564872150659,"Technology"
"NVDA","2017-11-27",5.29390048980713,5.37350442455234,5.29068655066909,5.37226854801466,422896000,"NVDA",-0.012997415701359,12.4919855894128,"Technology"
"NVDA","2017-11-28",5.20910501480103,5.30848627465771,5.1480425289392,5.29909200979215,512752000,"NVDA",-0.0160175800752902,12.291894209935,"Technology"
"NVDA","2017-11-29",4.85583162307739,5.1945183184162,4.72752587635419,5.1917990132875,1396788000,"NVDA",-0.0678184430376908,11.4582770826332,"Technology"
"NVDA","2017-11-30",4.9618878364563,5.01058966715265,4.86151826021556,4.92455833235853,823768000,"NVDA",0.0218409989495667,11.7085373003588,"Technology"
"NVDA","2017-12-01",4.88698196411133,4.94755029190283,4.75818202476046,4.92727833179032,811548000,"NVDA",-0.0150962445774404,11.5317823576285,"Technology"
"NVDA","2017-12-04",4.61454963684082,4.95175348661176,4.56115089735304,4.94557268837424,1240844000,"NVDA",-0.0557465383075233,10.888925410675,"Technology"
"NVDA","2017-12-05",4.64124870300293,4.76386831958357,4.464241554802,4.50923482068903,981488000,"NVDA",0.00578584439724174,10.9519270387543,"Technology"
"NVDA","2017-12-06",4.67882490158081,4.70057981590424,4.56955475342089,4.5908155057873,467032000,"NVDA",0.00809613984994356,11.0405953716864,"Technology"
"NVDA","2017-12-07",4.74631500244141,4.78611720362363,4.70008539482737,4.74557328794377,542600000,"NVDA",0.0144245835824703,11.1998513624256,"Technology"
"NVDA","2017-12-08",4.73395442962646,4.81528887178857,4.72554896055282,4.79625279011169,466876000,"NVDA",-0.0026042462012284,11.1706841920606,"Technology"
"NVDA","2017-12-11",4.81232118606567,4.81528804359485,4.73222310570582,4.74804477409967,372748000,"NVDA",0.0165541847950134,11.3556057624627,"Technology"
"NVDA","2017-12-12",4.71788501739502,4.79205033554476,4.694399592655,4.76881199178861,455016000,"NVDA",-0.0196238291292982,11.1327652953205,"Technology"
"NVDA","2017-12-13",4.6026816368103,4.7601584976254,4.59526496427358,4.75892262130022,554280000,"NVDA",-0.024418437532911,10.8609205613882,"Technology"
"NVDA","2017-12-14",4.60985088348389,4.68080225762892,4.56362128027844,4.59625388589069,438164000,"NVDA",0.00155762384611775,10.8778377902454,"Technology"
"NVDA","2017-12-15",4.73568439483643,4.75595635067854,4.58883767004945,4.65385580010056,670036000,"NVDA",0.0272966554739056,11.1747663807067,"Technology"
"NVDA","2017-12-18",4.89242124557495,4.8953876324897,4.74656327953774,4.77622903479996,477704000,"NVDA",0.033096979796505,11.5446173978396,"Technology"
"NVDA","2017-12-19",4.84816980361938,4.88821909670804,4.81973992161321,4.88302756533809,373100000,"NVDA",-0.00904489612287383,11.4401975326979,"Technology"
"NVDA","2017-12-20",4.86522674560547,4.89662300790287,4.80960287077199,4.88747629553886,288820000,"NVDA",0.0035182228917292,11.4804466975433,"Technology"
"NVDA","2017-12-21",4.8427300453186,4.8936565512111,4.83432457608127,4.86868769602629,300904000,"NVDA",-0.00462397776366445,11.4273613672969,"Technology"
"NVDA","2017-12-22",4.82740354537964,4.83679781210433,4.72802226585531,4.80589570579155,466276000,"NVDA",-0.00316484705848527,11.3911955162874,"Technology"
"NVDA","2017-12-26",4.88104772567749,4.88871147941442,4.74211183454447,4.77202513506233,355080000,"NVDA",0.0111124292372853,11.5177793703902,"Technology"
"NVDA","2017-12-27",4.8743724822998,4.94359334285141,4.8531122036876,4.86769799587868,329488000,"NVDA",-0.00136758412391041,11.5020278381806,"Technology"
"NVDA","2017-12-28",4.88005924224854,4.92900815399004,4.8738789169762,4.89810605609977,240248000,"NVDA",0.00116666503624429,11.5154468519053,"Technology"
"NVDA","2017-12-29",4.78364419937134,4.90626377885311,4.78364419937134,4.90626377885311,279964000,"NVDA",-0.0197569410720459,11.2879368470339,"Technology"
"NVDA","2018-01-02",4.9282660484314,4.93197462052338,4.8083662387712,4.84000957709909,355616000,"NVDA",0.0302325681076081,11.6292001665562,"Technology"
"NVDA","2018-01-03",5.25261497497559,5.28302291117858,5.03704200224659,5.04569455201282,914704000,"NVDA",0.0658140050388362,12.3945644049156,"Technology"
"NVDA","2018-01-04",5.28030347824097,5.39056243199046,5.25805392838434,5.33394976181529,583268000,"NVDA",0.00527137500031773,12.4599008018595,"Technology"
"NVDA","2018-01-05",5.32504940032959,5.36237890213049,5.21825148135588,5.29513609977826,580124000,"NVDA",0.00847411938973048,12.5654874888387,"Technology"
"NVDA","2018-01-08",5.48821258544922,5.56237742922749,5.40366421087456,5.44865793923033,881216000,"NVDA",0.0306406894759568,12.9505026890982,"Technology"
"NVDA","2018-01-09",5.48673009872437,5.53320679243608,5.4051485679477,5.49365213942489,4.97e+08,"NVDA",-0.000270121957153045,12.9470044739657,"Technology"
"NVDA","2018-01-10",5.52974510192871,5.53320612185953,5.33988269617893,5.39427021959586,582664000,"NVDA",0.00783982489212408,13.0485067219191,"Technology"
"NVDA","2018-01-11",5.53963375091553,5.59377419091367,5.51812544627888,5.56237746043111,406032000,"NVDA",0.00178826488464493,13.071840908287,"Technology"
"NVDA","2018-01-12",5.51243877410889,5.56212939006095,5.47189533944826,5.52776627939573,359916000,"NVDA",-0.00490916512344271,13.0076690828008,"Technology"
"NVDA","2018-01-16",5.44148921966553,5.6244296056414,5.35694130306363,5.53889289345477,702348000,"NVDA",-0.0128708104254326,12.8402498399593,"Technology"
"NVDA","2018-01-17",5.55545616149902,5.56534458866319,5.36213271872954,5.45607489866803,538408000,"NVDA",0.0209440719686846,13.1091769567033,"Technology"
"NVDA","2018-01-18",5.54853248596191,5.60291999815932,5.50502219328689,5.53617136623852,408632000,"NVDA",-0.00124628389385781,13.0928392006005,"Technology"
"NVDA","2018-01-19",5.68870449066162,5.71293162626508,5.61182035010982,5.63876679071572,609380000,"NVDA",0.0252628970010268,13.4236022487763,"Technology"
"NVDA","2018-01-22",5.7772102355957,5.7789407459402,5.63901601754845,5.6966174925275,550944000,"NVDA",0.0155581547748472,13.6324487301987,"Technology"
"NVDA","2018-01-23",5.90625381469727,5.92899751510184,5.81206413251011,5.83060510036698,475228000,"NVDA",0.0223366597092959,13.9369520984896,"Technology"
"NVDA","2018-01-24",5.82937240600586,5.94531705684217,5.7737485290201,5.90947050594816,579972000,"NVDA",-0.0130169496779994,13.7555354943589,"Technology"
"NVDA","2018-01-25",5.84296894073486,5.92702268781241,5.82813606522959,5.88375946625651,409884000,"NVDA",0.00233241827456344,13.7876191567223,"Technology"
"NVDA","2018-01-26",6.01552534103394,6.01577242198857,5.87387015182152,5.88672543439041,516356000,"NVDA",0.0295323151721854,14.1947994711327,"Technology"
"NVDA","2018-01-29",6.10254621505737,6.13369586574351,5.94828327670912,6.00094028978905,455116000,"NVDA",0.0144660472843226,14.4001421114736,"Technology"
"NVDA","2018-01-30",6.00044393539429,6.09191432722394,5.8938935918096,5.96064221788568,570832000,"NVDA",-0.0167310948684271,14.1592119676877,"Technology"
"NVDA","2018-01-31",6.07658672332764,6.16237095202212,6.04321241083716,6.0758450090685,478576000,"NVDA",0.0126895257672875,14.3388856527961,"Technology"
"NVDA","2018-02-01",5.94556283950806,6.10378188522009,5.88524207882988,5.8966139327554,519224000,"NVDA",-0.0215620857210163,14.0297093712067,"Technology"
"NVDA","2018-02-02",5.77300596237183,5.88301782351885,5.71491034078697,5.85903776612504,718464000,"NVDA",-0.0290227993201243,13.6225279316065,"Technology"
"NVDA","2018-02-05",5.2830228805542,5.76583704082569,5.06794407104226,5.61182118435092,1165204000,"NVDA",-0.0848748615558884,12.4663177593702,"Technology"
"NVDA","2018-02-06",5.57671546936035,5.57968185528126,5.04322150014741,5.05311039627415,1114800000,"NVDA",0.0555917692287835,13.1593424193818,"Technology"
"NVDA","2018-02-07",5.65631914138794,5.80885202241823,5.60440384922248,5.67560230099835,802932000,"NVDA",0.0142742932582713,13.347182732162,"Technology"
"NVDA","2018-02-08",5.37745904922485,5.81503234676861,5.37721149674178,5.78190558077716,1.144e+09,"NVDA",-0.049300629118084,12.6891582265124,"Technology"
"NVDA","2018-02-09",5.73740768432617,5.9057622690153,5.37746016911207,5.88994059711674,1674604000,"NVDA",0.0669365646128359,13.5385268860238,"Technology"
"NVDA","2018-02-12",5.63728427886963,5.82146099296407,5.5631194312575,5.81849413500357,1093172000,"NVDA",-0.0174509832602739,13.3022662799671,"Technology"
"NVDA","2018-02-13",5.75100326538086,5.79723286464206,5.56855709237193,5.60094261425498,625524000,"NVDA",0.0201726542224394,13.5706082980077,"Technology"
"NVDA","2018-02-14",5.96830749511719,5.99723200144718,5.6995828842149,5.71070765807039,744988000,"NVDA",0.0377854471139719,14.0833798001565,"Technology"
"NVDA","2018-02-15",6.0938925743103,6.14012217279991,5.97077883716047,6.0516186285178,698900000,"NVDA",0.0210419921051084,14.3797221667246,"Technology"
"NVDA","2018-02-16",6.02813339233398,6.18041871714069,6.0189862104268,6.066699239079,637656000,"NVDA",-0.0107909979006745,14.2245506150112,"Technology"
"NVDA","2018-02-20",6.15767621994019,6.22664954039664,6.04692263455739,6.0506312071557,686240000,"NVDA",0.0214897082023669,14.5302320570376,"Technology"
"NVDA","2018-02-21",5.97053194046021,6.22912103466346,5.96682383982525,6.22219899532964,892292000,"NVDA",-0.0303920298495003,14.0886288106399,"Technology"
"NVDA","2018-02-22",5.990074634552,6.0761594332492,5.92452162558639,6.00442225827541,534364000,"NVDA",0.00327319144871546,14.134743589987,"Technology"
"NVDA","2018-02-23",6.08358144760132,6.08358144760132,5.99922822410889,6.04993914639269,415300000,"NVDA",0.0156102918167245,14.3553910621813,"Technology"
"NVDA","2018-02-26",6.09965991973877,6.13429162681409,6.03732237518157,6.12983904616464,469312000,"NVDA",0.00264292872150018,14.3933313375279,"Technology"
"NVDA","2018-02-27",6.08679628372192,6.15729680996024,6.06379073461367,6.07294312989663,455436000,"NVDA",-0.00210891036321851,14.362977091909,"Technology"
"NVDA","2018-02-28",5.98636388778687,6.13725951142857,5.97473726002463,6.0976802850483,523116000,"NVDA",-0.0165000422642117,14.1259873628526,"Technology"
"NVDA","2018-03-01",5.74418926239014,6.03806528274784,5.64301465237016,5.98413842389042,1040120000,"NVDA",-0.0404543776382861,13.5545293355621,"Technology"
"NVDA","2018-03-02",5.85129833221436,5.85773020315011,5.48791130716817,5.63658085208043,913428000,"NVDA",0.0186465077892735,13.8072739723976,"Technology"
"NVDA","2018-03-05",5.82928466796875,5.86886390141917,5.6776463700478,5.80108435797545,620776000,"NVDA",-0.00376218456071691,13.755328459433,"Technology"
"NVDA","2018-03-06",5.99032163619995,6.00961678070842,5.87158395490118,5.91462635257645,636808000,"NVDA",0.0276255110881925,14.1353264383108,"Technology"
"NVDA","2018-03-07",5.98240613937378,6.03460140656925,5.88617906272761,5.88741570720507,581208000,"NVDA",-0.00132138093860235,14.1166482873943,"Technology"
"NVDA","2018-03-08",5.96607971191406,6.00986428695254,5.92180019599028,6.00986428695254,411912000,"NVDA",-0.00272907373377124,14.0781229133443,"Technology"
"NVDA","2018-03-09",6.06873846054077,6.08160126127383,5.99749575653196,6.01357449335909,505524000,"NVDA",0.0172070695639052,14.3203661536434,"Technology"
"NVDA","2018-03-12",6.17832279205322,6.25847065085377,6.10188533810351,6.11004879496125,605060000,"NVDA",0.0180571847386362,14.5789516508047,"Technology"
"NVDA","2018-03-13",6.12761306762695,6.29557780559853,6.0863022499742,6.2211191569097,619772000,"NVDA",-0.0082076845339797,14.4592922148187,"Technology"
"NVDA","2018-03-14",6.15309238433838,6.19786637303141,6.09075483417703,6.17065547398504,505496000,"NVDA",0.00415811449421254,14.5194156073532,"Technology"
"NVDA","2018-03-15",6.16793441772461,6.24907170131703,6.12588142498588,6.16669777315361,401952000,"NVDA",0.00241212588063983,14.5544382655115,"Technology"
"NVDA","2018-03-16",6.1961350440979,6.21518248549043,6.14666076593249,6.18426117959247,399456000,"NVDA",0.00457213460186148,14.6209831163159,"Technology"
"NVDA","2018-03-19",5.96162748336792,6.16818156684448,5.86267940530066,6.13923955479611,713772000,"NVDA",-0.0378473934252546,14.0676170160487,"Technology"
"NVDA","2018-03-20",6.1738715171814,6.21270857453894,5.96459595783084,5.96459595783084,554696000,"NVDA",0.0356016933975843,14.5684480038887,"Technology"
"NVDA","2018-03-21",6.14863872528076,6.23373410669776,6.1182118951024,6.16743845621453,438688000,"NVDA",-0.00408702899475862,14.5089063344881,"Technology"
"NVDA","2018-03-22",5.98265314102173,6.13181765447206,5.94530043993956,6.08531208605511,551196000,"NVDA",-0.0269955012280306,14.1172311357181,"Technology"
"NVDA","2018-03-23",5.76298952102661,5.99873333802454,5.75185783204195,5.99625957693665,735620000,"NVDA",-0.0367167567327165,13.5988921943684,"Technology"
"NVDA","2018-03-26",6.04771137237549,6.04894801674219,5.83546762370222,5.88741517989216,611424000,"NVDA",0.0494052349583584,14.2707486584046,"Technology"
"NVDA","2018-03-27",5.57869672775269,6.18425939653797,5.43843786429838,6.12860096760481,1.409e+09,"NVDA",-0.0775524187158055,13.1640175830599,"Technology"
"NVDA","2018-03-28",5.47554445266724,5.67443001532641,5.36793844914228,5.54431340110636,945904000,"NVDA",-0.0184903894438805,12.9206097713031,"Technology"
"NVDA","2018-03-29",5.72885084152222,5.8255723751419,5.45946431876003,5.54381752186445,916628000,"NVDA",0.0462614067047872,13.5183353548072,"Technology"
"NVDA","2018-04-02",5.46812343597412,5.80454738369659,5.38030704344475,5.65835155251707,922092000,"NVDA",-0.0455112923622249,12.9030984422239,"Technology"
"NVDA","2018-04-03",5.57449150085449,5.69817669141585,5.47554344276972,5.63509745183104,667432000,"NVDA",0.019452389128707,13.1540945340881,"Technology"
"NVDA","2018-04-04",5.59650754928589,5.60689705983273,5.29372597736427,5.31871034393952,789168000,"NVDA",0.00394942721287165,13.2060456730017,"Technology"
"NVDA","2018-04-05",5.47628593444824,5.66799789652931,5.40479599963638,5.6548873901333,701240000,"NVDA",-0.0214815425118093,12.9223594414642,"Technology"
"NVDA","2018-04-06",5.29991149902344,5.48172892377523,5.27072177949507,5.3736279733336,662988000,"NVDA",-0.0322069441837089,12.5061697322112,"Technology"
"NVDA","2018-04-09",5.32860660552979,5.49088164408758,5.30856928332612,5.36299108073262,499524000,"NVDA",0.00541426144788173,12.5738814048529,"Technology"
"NVDA","2018-04-10",5.63781881332397,5.66478200166542,5.50176481176743,5.55890759622193,761676000,"NVDA",0.0580287175775564,13.3035276177488,"Technology"
"NVDA","2018-04-11",5.59650754928589,5.66428707415449,5.5638546670468,5.6229762664597,460244000,"NVDA",-0.00732752601776669,13.2060456730017,"Technology"
"NVDA","2018-04-12",5.80330896377563,5.82111975592809,5.64523930399883,5.68951881397057,593920000,"NVDA",0.0369518691199003,13.6940337443019,"Technology"
"NVDA","2018-04-13",5.72662591934204,5.87529552076936,5.67838875627313,5.86688482718915,503036000,"NVDA",-0.0132136760100575,13.5130852191339,"Technology"
"NVDA","2018-04-16",5.72637748718262,5.75977254812815,5.63212923552444,5.73330382825385,350792000,"NVDA",-4.33819430364279e-05,13.5124989952407,"Technology"
"NVDA","2018-04-17",5.87603569030762,5.89730965156503,5.72291355979433,5.77857198734275,447224000,"NVDA",0.0261348825605683,13.8656465695811,"Technology"
"NVDA","2018-04-18",5.84709358215332,5.91833627954134,5.75804056428447,5.82557238505435,391364000,"NVDA",-0.00492544798562681,13.7973520486155,"Technology"
"NVDA","2018-04-19",5.66577005386353,5.76620244503418,5.61035933973984,5.73280739279508,471996000,"NVDA",-0.0310108818581656,13.3694839942804,"Technology"
"NVDA","2018-04-20",5.65760850906372,5.74146677675331,5.62643997444396,5.65711356820971,386200000,"NVDA",-0.00144050053606381,13.3502252454197,"Technology"
"NVDA","2018-04-23",5.53812980651855,5.7266258760082,5.51215602226595,5.6754204830276,427508000,"NVDA",-0.0211182343836192,13.0682920596129,"Technology"
"NVDA","2018-04-24",5.47183322906494,5.6598343100786,5.40652746126692,5.56385494988746,414596000,"NVDA",-0.011970932385077,12.9118524189788,"Technology"
"NVDA","2018-04-25",5.35952758789062,5.4812339774553,5.20220008069477,5.44214921723526,588492000,"NVDA",-0.0205243172576566,12.6468454635476,"Technology"
"NVDA","2018-04-26",5.57127618789673,5.57943964540982,5.45525950015245,5.5213074483648,375824000,"NVDA",0.0395088179944312,13.1465073791706,"Technology"
"NVDA","2018-04-27",5.59873485565186,5.69694123064943,5.55643462870376,5.67715161492119,400848000,"NVDA",0.00492861362981417,13.2113014346241,"Technology"
"NVDA","2018-04-30",5.56335878372192,5.66478058343906,5.54406411649562,5.61505909320473,327844000,"NVDA",-0.00631858318745349,13.1278247274949,"Technology"
"NVDA","2018-05-01",5.61877250671387,5.62149350236479,5.4965711624113,5.55519830938486,253788000,"NVDA",0.009960479837123,13.2585841609984,"Technology"
"NVDA","2018-05-02",5.5982403755188,5.65983527715629,5.57201888702421,5.61530899572177,268248000,"NVDA",-0.00365420226046428,13.2101346127867,"Technology"
"NVDA","2018-05-03",5.76348304748535,5.7897045332709,5.5848815838179,5.63015050786098,443144000,"NVDA",0.0295168947530659,13.6000567658261,"Technology"
"NVDA","2018-05-04",5.91363763809204,5.91685357452524,5.71747306481377,5.73478891972842,400660000,"NVDA",0.0260527513258156,13.9543756627632,"Technology"
"NVDA","2018-05-07",6.15160703659058,6.20874982096435,6.00837945979858,6.01827450214723,687616000,"NVDA",0.040240781235171,14.5159106410818,"Technology"
"NVDA","2018-05-08",6.19415521621704,6.19687621142734,6.10287519257057,6.15185452182069,506616000,"NVDA",0.00691659583802779,14.6163113282071,"Technology"
"NVDA","2018-05-09",6.32723999023438,6.32946651637909,6.1869811104787,6.21419200596891,596760000,"NVDA",0.0214855407027745,14.9303506801737,"Technology"
"NVDA","2018-05-10",6.43484544754028,6.44399784156167,6.36236563970532,6.38017643060712,994080000,"NVDA",0.0170066976236067,15.1842666396059,"Technology"
"NVDA","2018-05-11",6.29631900787354,6.42643608884809,6.19761864174643,6.25302937360726,1214456000,"NVDA",-0.0215275472885988,14.8573866214791,"Technology"
"NVDA","2018-05-14",6.31684970855713,6.39427703964207,6.29310245834942,6.33441326558922,523140000,"NVDA",0.00326074658191876,14.9058327941213,"Technology"
"NVDA","2018-05-15",6.07442712783813,6.25599727771924,5.97399471732268,6.25327581092235,963528000,"NVDA",-0.0383771328911935,14.3337896681274,"Technology"
"NVDA","2018-05-16",6.0855598449707,6.14764968638412,5.99898010098758,6.03583833620275,553828000,"NVDA",0.00183271885533845,14.3600594747206,"Technology"
"NVDA","2018-05-17",6.12761306762695,6.22136639146187,6.0712124495017,6.08729166000456,519784000,"NVDA",0.00691032932508323,14.4592922148187,"Technology"
"NVDA","2018-05-18",6.08382940292358,6.2428885308731,6.07888188020691,6.1795620330222,483716000,"NVDA",-0.00714530506743065,14.3559761608847,"Technology"
"NVDA","2018-05-21",6.04177522659302,6.18500282013582,5.94901131692266,6.18129241473193,640624000,"NVDA",-0.00691245160660772,14.256741170407,"Technology"
"NVDA","2018-05-22",6.00368070602417,6.08036541049276,5.94307474048144,6.05513380295892,518264000,"NVDA",-0.00630518666122727,14.1668497561468,"Technology"
"NVDA","2018-05-23",6.12719440460205,6.12843228603259,5.94674981648578,5.94749245092141,442956000,"NVDA",0.0205729959046532,14.4583042981618,"Technology"
"NVDA","2018-05-24",6.13090515136719,6.17323199591913,6.07026219976774,6.12347975360342,437372000,"NVDA",0.0006056192312667,14.4670605252963,"Technology"
"NVDA","2018-05-25",6.17026233673096,6.18659887509343,6.10788672049972,6.14352986232995,292112000,"NVDA",0.00641947386104854,14.5599314421846,"Technology"
"NVDA","2018-05-29",6.15318202972412,6.22125132044695,6.10640032617491,6.15219200820487,352684000,"NVDA",-0.00276816544819473,14.5196271430383,"Technology"
"NVDA","2018-05-30",6.26209497451782,6.27075825648308,6.1620956786255,6.18684811514627,390996000,"NVDA",0.0177002637444458,14.7766283729411,"Technology"
"NVDA","2018-05-31",6.24229192733765,6.31679661012059,6.21952001112551,6.23016333490306,493868000,"NVDA",-0.0031623677476563,14.7298992399554,"Technology"
"NVDA","2018-06-01",6.37669706344604,6.38288552560101,6.2784304407837,6.2870937212646,421968000,"NVDA",0.0215313762433604,15.0470542425177,"Technology"
"NVDA","2018-06-04",6.55565690994263,6.57768619251993,6.37867765440541,6.41085548626973,642024000,"NVDA",0.028064661801555,15.4693447309436,"Technology"
"NVDA","2018-06-05",6.56110286712646,6.5987265303157,6.51407328813993,6.55887496386654,391712000,"NVDA",0.00083072638770621,15.4821955238121,"Technology"
"NVDA","2018-06-06",6.56308269500732,6.56630062001692,6.45466751552476,6.4710040558867,371356000,"NVDA",0.000301752300025509,15.4868673119209,"Technology"
"NVDA","2018-06-07",6.50739049911499,6.57125139364139,6.41704404145424,6.5593701871915,369448000,"NVDA",-0.00848567639330527,15.3554507675658,"Technology"
"NVDA","2018-06-08",6.49204397201538,6.53461774427531,6.41580662415166,6.43461845565492,360456000,"NVDA",-0.00235832275651761,15.3192376585841,"Technology"
"NVDA","2018-06-11",6.45095539093018,6.5210042803119,6.43808416185741,6.47942052735993,265372000,"NVDA",-0.00632906697217727,15.2222811774802,"Technology"
"NVDA","2018-06-12",6.49946975708008,6.51159835166813,6.42719296444974,6.4774404712851,319160000,"NVDA",0.00752049319983082,15.3367602395614,"Technology"
"NVDA","2018-06-13",6.49501466751099,6.57595474504409,6.4858561383054,6.50095527130468,338208000,"NVDA",-0.000685454311751928,15.3262475911269,"Technology"
"NVDA","2018-06-14",6.60664653778076,6.66332941451349,6.52521122860296,6.54006297133803,430016000,"NVDA",0.0171873161161859,15.5896646533505,"Technology"
"NVDA","2018-06-15",6.56580495834351,6.62075517900961,6.51852799646225,6.5494684190134,432260000,"NVDA",-0.00618189261430882,15.4932910205704,"Technology"
"NVDA","2018-06-18",6.56159782409668,6.57917177351012,6.49451900718931,6.52174625940891,356268000,"NVDA",-0.000640764426223162,15.4833634708393,"Technology"
"NVDA","2018-06-19",6.43981695175171,6.52570760983414,6.31234253985513,6.45838092522726,594932000,"NVDA",-0.0185596367850747,15.1959978686092,"Technology"
"NVDA","2018-06-20",6.49278545379639,6.54575515425516,6.44253795885867,6.48090424947055,369780000,"NVDA",0.00822515646663989,15.3209873287453,"Technology"
"NVDA","2018-06-21",6.36407375335693,6.54303305192412,6.35640049455988,6.52471646904408,359516000,"NVDA",-0.0198238031050594,15.0172670925651,"Technology"
"NVDA","2018-06-22",6.21159887313843,6.39823189666238,6.19625282814724,6.38486542301862,434160000,"NVDA",-0.0239586915752003,14.6574730219919,"Technology"
"NVDA","2018-06-25",5.91877841949463,6.10887626259581,5.83016511061359,6.10516356347734,665816000,"NVDA",-0.0471409148633338,13.9665063341506,"Technology"
"NVDA","2018-06-26",5.98981952667236,6.08041338443842,5.93833460626429,6.03214638958423,478884000,"NVDA",0.0120026637496256,14.1341416134364,"Technology"
"NVDA","2018-06-27",5.83462285995483,6.09972026212202,5.82917703059767,6.03338406471019,453892000,"NVDA",-0.0259100739223355,13.7679249594035,"Technology"
"NVDA","2018-06-28",5.96184825897217,5.97372946434151,5.81704683571752,5.82472009451383,338012000,"NVDA",0.0218052480976155,14.0681379789327,"Technology"
"NVDA","2018-06-29",5.86382818222046,6.03956953076522,5.86259030111053,6.02694616496916,392300000,"NVDA",-0.016441223005667,13.8368405851465,"Technology"
"NVDA","2018-07-02",5.99600791931152,5.99972061975989,5.77373169718612,5.79427618761224,357572000,"NVDA",0.0225415433371398,14.1487443268457,"Technology"
"NVDA","2018-07-03",5.86234378814697,6.03660036631015,5.85392789495209,6.03065976359103,222732000,"NVDA",-0.0222921872291153,13.8333378692548,"Technology"
"NVDA","2018-07-05",6.00813436508179,6.013084473204,5.87867947739136,5.91754054080227,306216000,"NVDA",0.0248689913460189,14.1773590290118,"Technology"
"NVDA","2018-07-06",6.12199735641479,6.13041325179984,5.96234462003082,5.98363174597138,296352000,"NVDA",0.0189514721898963,14.4460408543763,"Technology"
"NVDA","2018-07-09",6.16952085494995,6.20590710999548,6.09080868565209,6.19625380645827,303880000,"NVDA",0.00776274404714661,14.5581817720235,"Technology"
"NVDA","2018-07-10",6.26852941513062,6.2905586962669,6.14154980786943,6.18189614285208,360016000,"NVDA",0.0160480145068684,14.7918116842945,"Technology"
"NVDA","2018-07-11",6.12694644927979,6.21036180407884,6.11630265284011,6.17570868105056,367508000,"NVDA",-0.0225863127496994,14.4577191994584,"Technology"
"NVDA","2018-07-12",6.21853065490723,6.26655025862025,6.16234301631298,6.17224417968672,345508000,"NVDA",0.01494777315023,14.6738299063216,"Technology"
"NVDA","2018-07-13",6.17125225067139,6.23709364987911,6.12917326034445,6.23709364987911,246988000,"NVDA",-0.00760282562867662,14.562267336239,"Technology"
"NVDA","2018-07-16",6.14352989196777,6.19650006623112,6.131153912466,6.14352989196777,197036000,"NVDA",-0.00449217720772916,14.4968510508183,"Technology"
"NVDA","2018-07-17",6.27942085266113,6.29451998364497,6.06877848595706,6.09427355416384,362136000,"NVDA",0.0221193618461965,14.8175121448418,"Technology"
"NVDA","2018-07-18",6.23016405105591,6.28585691096284,6.17917438506575,6.27199566087284,277640000,"NVDA",-0.00784416314194807,14.7012811622198,"Technology"
"NVDA","2018-07-19",6.23833131790161,6.27199488925117,6.19625279794139,6.21135145545472,235752000,"NVDA",0.00131092324034692,14.7205534133583,"Technology"
"NVDA","2018-07-20",6.2101149559021,6.2747184860631,6.19922377109891,6.23585741299079,222352000,"NVDA",-0.00452306242833586,14.65397143129,"Technology"
"NVDA","2018-07-23",6.17348051071167,6.18536171583945,6.02174846609549,6.18362905976304,301584000,"NVDA",-0.00589915733453731,14.567525348241,"Technology"
"NVDA","2018-07-24",6.15615367889404,6.30813310422571,6.13857925938327,6.22149983210627,354620000,"NVDA",-0.00280665530369181,14.5266393259607,"Technology"
"NVDA","2018-07-25",6.23437070846558,6.24699454666359,6.10763849594742,6.16555924711558,319112000,"NVDA",0.0127055030870485,14.7112075867611,"Technology"
"NVDA","2018-07-26",6.30788564682007,6.34476667207941,6.1974904305674,6.21432221684917,325124000,"NVDA",0.0117918779283797,14.8846803508033,"Technology"
"NVDA","2018-07-27",6.2380838394165,6.35144958732287,6.18412364319723,6.34451896323171,295420000,"NVDA",-0.0110658010166613,14.7199694398447,"Technology"
"NVDA","2018-07-30",6.04278755187988,6.25813307346442,6.00788657456605,6.25219247153625,340340000,"NVDA",-0.0313070956665579,14.2591299483826,"Technology"
"NVDA","2018-07-31",6.06085729598999,6.13560936559182,5.99353109750173,6.03239216489135,283988000,"NVDA",0.00299029941975802,14.3017690163935,"Technology"
"NVDA","2018-08-01",6.10070848464966,6.14749067083577,6.03684759721638,6.09229306378634,283556000,"NVDA",0.00657517356266324,14.3958056299295,"Technology"
"NVDA","2018-08-02",6.20343065261841,6.20739073942052,5.97051116951715,6.02942147366198,269668000,"NVDA",0.0168377440468128,14.6381985204739,"Technology"
"NVDA","2018-08-03",6.24006366729736,6.26382607599675,6.21110376282249,6.22793507555678,214288000,"NVDA",0.00590528317802547,14.7246412279534,"Technology"
"NVDA","2018-08-06",6.2878360748291,6.29130138686672,6.18090617646074,6.22744050156969,207508000,"NVDA",0.00765575642795148,14.8373694946836,"Technology"
"NVDA","2018-08-07",6.36011266708374,6.37867710795074,6.3098656440057,6.3365981178171,258132000,"NVDA",0.0114946686577867,15.0079201407782,"Technology"
"NVDA","2018-08-08",6.39649963378906,6.44154916946648,6.32645074772557,6.36135173309517,262100000,"NVDA",0.00572111983072881,15.0937822503136,"Technology"
"NVDA","2018-08-09",6.347984790802,6.41704364992247,6.34031153177602,6.41432097196746,204280000,"NVDA",-0.00758459247473169,14.9793020630426,"Technology"
"NVDA","2018-08-10",6.30664873123169,6.33907442504639,6.25491643127771,6.26605500316219,256396000,"NVDA",-0.00651168220034285,14.8817616084251,"Technology"
"NVDA","2018-08-13",6.33956956863403,6.46036121014272,6.31357972342974,6.3153123797767,375208000,"NVDA",0.00522002077574317,14.9594447132007,"Technology"
"NVDA","2018-08-14",6.47100448608398,6.48511359631066,6.36184666494898,6.44501464107885,466220000,"NVDA",0.020732467090549,15.2695909084101,"Technology"
"NVDA","2018-08-15",6.41283702850342,6.52570755368019,6.33412438418857,6.49179658815725,591136000,"NVDA",-0.00898893791615453,15.1323335037293,"Technology"
"NVDA","2018-08-16",6.37224245071411,6.48511344137718,6.3120942553601,6.48263815065772,801260000,"NVDA",-0.00633020574339783,15.036542719273,"Technology"
"NVDA","2018-08-17",6.05986738204956,6.26159906581276,6.03288704700305,6.26085643147685,1143188000,"NVDA",-0.0490212152284859,14.2994331223392,"Technology"
"NVDA","2018-08-20",6.13462066650391,6.26729304863329,5.90887914038264,6.01927484859514,854388000,"NVDA",0.0123357954459166,14.4758280043289,"Technology"
"NVDA","2018-08-21",6.27026271820068,6.27471805236704,6.13115450456094,6.15095635694408,673988000,"NVDA",0.0221109110197158,14.7959017492693,"Technology"
"NVDA","2018-08-22",6.50541067123413,6.51036125313067,6.23412529846954,6.23759061137443,749856000,"NVDA",0.0375020894022325,15.3507789794571,"Technology"
"NVDA","2018-08-23",6.60491275787354,6.67025890402665,6.45293334895967,6.46679459546326,720684000,"NVDA",0.0152952813693048,15.5855734631859,"Technology"
"NVDA","2018-08-24",6.73808288574219,6.7526867719846,6.6088758130673,6.61333114796756,531512000,"NVDA",0.0201622841588489,15.8998142241293,"Technology"
"NVDA","2018-08-27",6.82917165756226,6.90342849974035,6.7363503687829,6.76778557331214,505776000,"NVDA",0.0135184997520307,16.1147558587755,"Technology"
"NVDA","2018-08-28",6.79154634475708,6.84600178980647,6.67149735593098,6.82322940119538,475384000,"NVDA",-0.00550949876380857,16.0259716312925,"Technology"
"NVDA","2018-08-29",6.89704990386963,6.92206340020205,6.76306640718901,6.78386965494608,420108000,"NVDA",0.0155345415840378,16.2749277540234,"Technology"
"NVDA","2018-08-30",6.88020992279053,6.97704470954092,6.84330871591358,6.86584557096932,346608000,"NVDA",-0.00244162088339442,16.2351905505435,"Technology"
"NVDA","2018-08-31",6.95128536224365,6.96416362741477,6.85024036709442,6.86014694293598,306592000,"NVDA",0.0103304172766138,16.4029068434959,"Technology"
"NVDA","2018-09-04",7.02608013153076,7.06372390132568,6.90968019706158,6.93816090143528,391720000,"NVDA",0.010759847336057,16.5793996169995,"Technology"
"NVDA","2018-09-05",6.89531469345093,7.04391003814607,6.81433036521797,7.00849492375981,393156000,"NVDA",-0.0186114356272427,16.2708331882894,"Technology"
"NVDA","2018-09-06",6.75415086746216,6.88144747992972,6.72121238952891,6.87897083515984,322796000,"NVDA",-0.0204724268963163,15.9377297453,"Technology"
"NVDA","2018-09-07",6.73285055160522,6.85841352227884,6.61719368466579,6.66201985508963,295420000,"NVDA",-0.00315366302514014,15.8874675162975,"Technology"
"NVDA","2018-09-10",6.80392932891846,6.83364858936516,6.71155280736243,6.75538842128906,220140000,"NVDA",0.0105570109968186,16.0551916855787,"Technology"
"NVDA","2018-09-11",6.75613164901733,6.8452884880842,6.7368140110989,6.75761725780211,243112000,"NVDA",-0.00702501122373076,15.9424037837883,"Technology"
"NVDA","2018-09-12",6.64220857620239,6.73582366171166,6.48667879408815,6.71625850043632,419092000,"NVDA",-0.0168621747966547,15.6735801845072,"Technology"
"NVDA","2018-09-13",6.71997404098511,6.81061696864009,6.69075029516172,6.70808633550243,305536000,"NVDA",0.0117077721800745,15.8570828905536,"Technology"
"NVDA","2018-09-14",6.846031665802,6.91215661012729,6.77346782362268,6.81036902393519,386936000,"NVDA",0.018758647585254,16.1545403202276,"Technology"
"NVDA","2018-09-17",6.78411674499512,6.86955932479295,6.76479957970181,6.82052289861961,205528000,"NVDA",-0.00904391388023642,16.0084400487967,"Technology"
"NVDA","2018-09-18",6.71204948425293,6.89085919110882,6.70536306235238,6.78808102150805,299520000,"NVDA",-0.0106229393524742,15.8383833610306,"Technology"
"NVDA","2018-09-19",6.7358250617981,6.75365662283285,6.64344851554796,6.69347551766582,224860000,"NVDA",0.00354222322123007,15.8944864503588,"Technology"
"NVDA","2018-09-20",6.59465789794922,6.65607707361225,6.54066818318794,6.61372754040876,430584000,"NVDA",-0.0209576648077605,15.5613751310407,"Technology"
"NVDA","2018-09-21",6.52457094192505,6.65211554564563,6.49138494223694,6.60654632248521,435128000,"NVDA",-0.010627838033261,15.3959913565732,"Technology"
"NVDA","2018-09-24",6.58029365539551,6.58376086317136,6.40643727638973,6.49361298862757,293912000,"NVDA",0.00854044104454449,15.5274799130763,"Technology"
"NVDA","2018-09-25",6.64740896224976,6.67242245650724,6.56072829808071,6.64641839896802,280388000,"NVDA",0.0101994394732243,15.6858515046214,"Technology"
"NVDA","2018-09-26",6.61050844192505,6.69273134357427,6.59465848304821,6.65236293338009,268548000,"NVDA",-0.00555111330358383,15.5987775656561,"Technology"
"NVDA","2018-09-27",6.62239456176758,6.66697320994693,6.59094217429699,6.64567444900344,214428000,"NVDA",0.00179806439201338,15.6268251721558,"Technology"
"NVDA","2018-09-28",6.95970630645752,6.98199563268103,6.72641189400589,6.75439754932976,709396000,"NVDA",0.0509350117308489,16.4227776956155,"Technology"
"NVDA","2018-10-01",7.16625452041626,7.23312203069137,6.99883704106735,7.03747184399402,622060000,"NVDA",0.0296777198438813,16.9101682911243,"Technology"
"NVDA","2018-10-02",7.09492969512939,7.2504590181159,7.07264036466385,7.13876531539541,383964000,"NVDA",-0.00995287358042682,16.741863523899,"Technology"
"NVDA","2018-10-03",7.10112142562866,7.17269471498447,6.99710470238314,7.16526478033418,320552000,"NVDA",0.000872697935755184,16.756474113637,"Technology"
"NVDA","2018-10-04",6.91686248779297,7.08923279227254,6.83984040081499,7.0649623369085,391220000,"NVDA",-0.0259478646810185,16.3216793908054,"Technology"
"NVDA","2018-10-05",6.68331909179688,6.9542577322799,6.62586217445769,6.89209552161547,426636000,"NVDA",-0.0337643543453779,15.7705884243426,"Technology"
"NVDA","2018-10-08",6.58202648162842,6.71551443759899,6.44110859314244,6.60010555894815,408612000,"NVDA",-0.015156033817506,15.5315688528613,"Technology"
"NVDA","2018-10-09",6.57633209228516,6.65607787949846,6.50847353842822,6.56147222393925,273500000,"NVDA",-0.000865142271784495,15.5181318360995,"Technology"
"NVDA","2018-10-10",6.0847282409668,6.5161499520079,6.08249911936033,6.47033274050171,684940000,"NVDA",-0.0747535015597936,14.3580971436846,"Technology"
"NVDA","2018-10-11",5.82320261001587,6.13104256542978,5.80165631670725,5.99755408366648,725436000,"NVDA",-0.0429806592166513,13.7409766633523,"Technology"
"NVDA","2018-10-12",6.10578060150146,6.18007853359542,5.93514387245184,6.08027205577928,608236000,"NVDA",0.0485262166560311,14.4077742739836,"Technology"
"NVDA","2018-10-15",5.82939147949219,6.09240513078873,5.82840091632741,6.09240513078873,449760000,"NVDA",-0.0452667955250981,13.7555805019514,"Technology"
"NVDA","2018-10-16",6.08819627761841,6.09934094242517,5.89279359555336,5.94207754898379,408712000,"NVDA",0.0443965376208986,14.3662806492036,"Technology"
"NVDA","2018-10-17",6.01959371566772,6.18849726460611,5.97055729288657,6.15035750975082,329668000,"NVDA",-0.0112681258656003,14.2043995906278,"Technology"
"NVDA","2018-10-18",5.93217134475708,6.12732651638515,5.87174272270568,6.08893970258354,524020000,"NVDA",-0.0145229686653275,13.9981095404634,"Technology"
"NVDA","2018-10-19",5.67559576034546,6.00696301889154,5.63919008132453,5.98739833206542,613608000,"NVDA",-0.0432515464406445,13.3926696555928,"Technology"
"NVDA","2018-10-22",5.72636604309082,5.82790610148683,5.6235878986824,5.72785212420301,368844000,"NVDA",0.00894536624685037,13.5124719906851,"Technology"
"NVDA","2018-10-23",5.47474431991577,5.55226143737999,5.36701242809487,5.45914141497274,626436000,"NVDA",-0.0439409079478327,12.9187217027948,"Technology"
"NVDA","2018-10-24",4.93856573104858,5.48291993891586,4.92469689420761,5.43636013741493,884288000,"NVDA",-0.0979367359525269,11.653504266544,"Technology"
"NVDA","2018-10-25",5.14733934402466,5.19464215952698,4.79665447792457,4.84098560395201,951720000,"NVDA",0.0422741387572351,12.1461461229159,"Technology"
"NVDA","2018-10-26",4.91082620620728,5.07304240942846,4.78278656415897,4.91132125169537,664784000,"NVDA",-0.0459486196673514,11.58804747429,"Technology"
"NVDA","2018-10-29",4.59704399108887,5.05546051570901,4.35904370856101,5.0519933066614,758016000,"NVDA",-0.0638960130011907,10.8476174422143,"Technology"
"NVDA","2018-10-30",5.02747297286987,5.03737955066603,4.59704227637991,4.6200746446215,807192000,"NVDA",0.0936316864957939,11.86329815779,"Technology"
"NVDA","2018-10-31",5.22139024734497,5.26497834120083,5.05248667888579,5.19216650294522,745772000,"NVDA",0.0385715200303508,12.3208836003093,"Technology"
"NVDA","2018-11-01",5.401686668396,5.41109772990656,5.13124300181899,5.25779657810555,566528000,"NVDA",0.0345303477637406,12.7463279957845,"Technology"
"NVDA","2018-11-02",5.32268190383911,5.49802434106509,5.20603446839104,5.39227404536089,452960000,"NVDA",-0.0146259436000098,12.5599009214109,"Technology"
"NVDA","2018-11-05",5.24467039108276,5.33283714637395,5.08393978916769,5.30955678093667,379332000,"NVDA",-0.0146564296280941,12.3758176174204,"Technology"
"NVDA","2018-11-06",5.22708606719971,5.32094866643907,5.18993687490671,5.23674464935238,299012000,"NVDA",-0.00335279866451748,12.3343239926404,"Technology"
"NVDA","2018-11-07",5.29469680786133,5.38434916228092,5.23005794781232,5.29370624457511,483812000,"NVDA",0.0129346905316679,12.4938646564026,"Technology"
"NVDA","2018-11-08",5.10152292251587,5.23624896774283,5.04802825734113,5.23550592723563,511352000,"NVDA",-0.0364844092788549,12.0380333848038,"Technology"
"NVDA","2018-11-09",5.09359931945801,5.18399474109484,4.97893343685025,5.01261496037321,413240000,"NVDA",-0.00155318385866504,12.0193361056604,"Technology"
"NVDA","2018-11-12",4.69412326812744,5.02425237120727,4.67232899194984,5.00221057236468,617116000,"NVDA",-0.0784270662603028,11.0766948364969,"Technology"
"NVDA","2018-11-13",4.93608617782593,5.05743890107019,4.78575723903852,4.79194908529948,644712000,"NVDA",0.0515459215443673,11.6476532795099,"Technology"
"NVDA","2018-11-14",4.88358306884766,5.12356437398543,4.77560411747592,5.10920002604103,526580000,"NVDA",-0.0106365867788387,11.5237620046326,"Technology"
"NVDA","2018-11-15",5.01236629486084,5.08443509293854,4.84172912144572,4.87763975911196,840708000,"NVDA",0.0263706430703905,11.8276510192849,"Technology"
"NVDA","2018-11-16",4.0722541809082,4.22654542575318,4.0024140232063,4.0447640367241,1963520000,"NVDA",-0.187558541943858,9.60927403948701,"Technology"
"NVDA","2018-11-19",3.58362293243408,4.00761453898058,3.58188932837737,4.00687197070343,1697820000,"NVDA",-0.119990360809242,8.45625378037408,"Technology"
"NVDA","2018-11-20",3.69209766387939,3.82038484493109,3.30153979028771,3.32011415443588,1692032000,"NVDA",0.0302695717408064,8.71222096083758,"Technology"
"NVDA","2018-11-21",3.58387064933777,3.84614133874209,3.55662826465855,3.82930057896662,1025496000,"NVDA",-0.0293131505161509,8.45683831648258,"Technology"
"NVDA","2018-11-23",3.59105205535889,3.70472733662283,3.53631953877097,3.54919780575469,411968000,"NVDA",0.00200381283918412,8.47378423768005,"Technology"
"NVDA","2018-11-26",3.79041814804077,3.80081977267306,3.62968753940069,3.71215796816096,814832000,"NVDA",0.055517461069486,8.94422722420668,"Technology"
"NVDA","2018-11-27",3.80725908279419,3.88849119290965,3.72850361756791,3.76441402371761,738060000,"NVDA",0.00444302820841096,8.98396667806627,"Technology"
"NVDA","2018-11-28",3.96427369117737,3.96947450236831,3.79239845442079,3.92489585080507,804524000,"NVDA",0.0412408520063058,9.35447311826598,"Technology"
"NVDA","2018-11-29",3.90105867385864,4.00369190711206,3.87081412985556,3.96650600785727,549172000,"NVDA",-0.0159461788572804,9.20530501680649,"Technology"
"NVDA","2018-11-30",4.05153799057007,4.06219779365198,3.86040177292936,3.91072683378412,729564000,"NVDA",0.0385739690919805,9.56039016800704,"Technology"
"NVDA","2018-12-03",4.21540307998657,4.33043189798658,4.14846819521473,4.2788672880448,890804000,"NVDA",0.0404451568263457,9.94706164767313,"Technology"
"NVDA","2018-12-04",3.89485955238342,4.17573750351248,3.87973704997944,4.17077925949371,812112000,"NVDA",-0.0760410147074643,9.19067698662637,"Technology"
"NVDA","2018-12-06",3.92411351203918,3.9290715208765,3.7386793476495,3.75429739465694,692308000,"NVDA",0.007510915159408,9.25970738173044,"Technology"
"NVDA","2018-12-07",3.65934872627258,3.93849161868614,3.61001546736842,3.92832735873576,681676000,"NVDA",-0.0674712352112911,8.63494348698998,"Technology"
"NVDA","2018-12-10",3.76470899581909,3.78949974643939,3.61075894986729,3.61447763338697,629472000,"NVDA",0.0287920822604488,8.88356149018172,"Technology"
"NVDA","2018-12-11",3.67372751235962,3.86461544785276,3.59464525619917,3.85643453295416,671912000,"NVDA",-0.0241669365575168,8.6688730232437,"Technology"
"NVDA","2018-12-12",3.69132900238037,3.78751663851074,3.59018312124653,3.67942940350975,654136000,"NVDA",0.00479118006480742,8.71040715485701,"Technology"
"NVDA","2018-12-13",3.69108128547668,3.80239143575719,3.65513495206668,3.73818367102075,471384000,"NVDA",-6.71077824617589e-05,8.70982261874851,"Technology"
"NVDA","2018-12-14",3.63059186935425,3.73322508071487,3.60704067875811,3.64943258540902,471820000,"NVDA",-0.0163879935021872,8.56708610226726,"Technology"
"NVDA","2018-12-17",3.55944275856018,3.67273601497472,3.50143256562016,3.60059534315351,662868000,"NVDA",-0.0195971107065588,8.3991959674885,"Technology"
"NVDA","2018-12-18",3.64273881912231,3.72677907514739,3.57605194552723,3.60332158026322,564372000,"NVDA",0.0234014328118673,8.59574918759539,"Technology"
"NVDA","2018-12-19",3.43375396728516,3.662571821801,3.38218935371289,3.60902386292898,745364000,"NVDA",-0.0573702541450697,8.10260887213577,"Technology"
"NVDA","2018-12-20",3.3492169380188,3.51531431521946,3.28947142683484,3.42532427474379,749588000,"NVDA",-0.0246194194667929,7.9031273455373,"Technology"
"NVDA","2018-12-21",3.21212601661682,3.40871602088971,3.18460836669898,3.37574434779198,863740000,"NVDA",-0.040932231007727,7.57963471134628,"Technology"
"NVDA","2018-12-24",3.15039730072021,3.22229020942865,3.08643730153703,3.13577080669003,463840000,"NVDA",-0.0192174016764206,7.4339738265378,"Technology"
"NVDA","2018-12-26",3.29963684082031,3.30062839531516,3.08544546607139,3.19650760784739,695100000,"NVDA",0.047371656922757,7.7861334842213,"Technology"
"NVDA","2018-12-27",3.25179028511047,3.28178705102201,3.10329425996239,3.24732805399228,637044000,"NVDA",-0.0145005520358852,7.673230250475,"Technology"
"NVDA","2018-12-28",3.31327152252197,3.40598872347064,3.23047081215028,3.27236694458055,628728000,"NVDA",0.0189068888276755,7.81830716176989,"Technology"
"NVDA","2018-12-31",3.30955362319946,3.38913144003113,3.27881306473188,3.35665577913174,465140000,"NVDA",-0.00112212334462701,7.80953405678821,"Technology"
"NVDA","2019-01-02",3.37698364257812,3.43301049259578,3.22402536297929,3.23865185616934,508752000,"NVDA",0.0203743546881936,7.96864827361074,"Technology"
"NVDA","2019-01-03",3.17295598983765,3.3507049942046,3.16551885927954,3.31674177487901,705552000,"NVDA",-0.060417127926837,7.48720543146003,"Technology"
"NVDA","2019-01-04",3.37623906135559,3.41441649964653,3.21534768551723,3.24608799427933,585620000,"NVDA",0.0640674097494639,7.96689128971579,"Technology"
"NVDA","2019-01-07",3.55498075485229,3.59191888062136,3.382189726272,3.43350657509835,709160000,"NVDA",0.0529410655609611,8.38866700380168,"Technology"
"NVDA","2019-01-08",3.46647787094116,3.63877311534416,3.39384118370945,3.63654176306725,786016000,"NVDA",-0.0248954607673565,8.17982727351812,"Technology"
"NVDA","2019-01-09",3.5346519947052,3.58200214615371,3.46722132960428,3.51779415111337,617260000,"NVDA",0.0196666836778417,8.34069734904578,"Technology"
"NVDA","2019-01-10",3.60034728050232,3.60902397316226,3.45482614137723,3.51531545601276,523156000,"NVDA",0.0185860689809149,8.49571812532408,"Technology"
"NVDA","2019-01-11",3.68959426879883,3.71240167942522,3.55027068213233,3.57803610215289,874764000,"NVDA",0.0247884388208398,8.70631371431278,"Technology"
"NVDA","2019-01-14",3.72950673103333,3.75479326233692,3.61373434936441,3.63728554206982,730168000,"NVDA",0.0108175748677891,8.80049491473982,"Technology"
"NVDA","2019-01-15",3.71537661552429,3.80164801304696,3.69703143681764,3.76223076226163,617012000,"NVDA",-0.00378873575732043,8.76715216497422,"Technology"
"NVDA","2019-01-16",3.68984198570251,3.77561760385006,3.68438819909027,3.74264616805401,470104000,"NVDA",-0.00687268949131125,8.70689825042128,"Technology"
"NVDA","2019-01-17",3.76123833656311,3.80115135540666,3.62959991827407,3.6568697913674,493436000,"NVDA",0.0193494331565536,8.87537179611872,"Technology"
"NVDA","2019-01-18",3.89039850234985,3.91642882008434,3.75950383878583,3.81106846053461,651336000,"NVDA",0.034339798286956,9.18015027331917,"Technology"
"NVDA","2019-01-22",3.68810653686523,3.87180537518078,3.65786199527828,3.8601537817359,661552000,"NVDA",-0.051997749166938,8.70280312209233,"Technology"
"NVDA","2019-01-23",3.70099759101868,3.83214025184,3.66976149573113,3.74338973859454,591020000,"NVDA",0.00349530416884306,8.7332220661256,"Technology"
"NVDA","2019-01-24",3.91295742988586,3.93055858465953,3.7808232289321,3.78553346703864,708972000,"NVDA",0.0572710015757797,9.23338244083631,"Technology"
"NVDA","2019-01-25",3.97022461891174,3.98832179196724,3.75082742602649,3.85346066349312,1154572000,"NVDA",0.0146352701382569,9.36851548714779,"Technology"
"NVDA","2019-01-28",3.42135834693909,3.51134840744744,3.24757603177795,3.38516401186213,2511528000,"NVDA",-0.138245647200461,8.0733590003195,"Technology"
"NVDA","2019-01-29",3.26245093345642,3.42359037100384,3.24782443975682,3.37524842152853,1153932000,"NVDA",-0.046445708800083,7.69838611915213,"Technology"
"NVDA","2019-01-30",3.40598917007446,3.42036765773656,3.25898044062022,3.33855849112664,974228000,"NVDA",0.0439970560617657,8.03709244482159,"Technology"
"NVDA","2019-01-31",3.56365704536438,3.59935560570193,3.38094978269065,3.40276563523642,842852000,"NVDA",0.0462913613100156,8.40914039506682,"Technology"
"NVDA","2019-02-01",3.58795142173767,3.63902025278683,3.53465171164394,3.58224962967347,625048000,"NVDA",0.00681725992822268,8.46646769091291,"Technology"
"NVDA","2019-02-04",3.69827079772949,3.73545669400604,3.58175462688231,3.60381825236848,528592000,"NVDA",0.0307471765987269,8.72678766817282,"Technology"
"NVDA","2019-02-05",3.7173593044281,3.75404942127085,3.67645472636169,3.71016994330669,542424000,"NVDA",0.00516146808674139,8.77183070422186,"Technology"
"NVDA","2019-02-06",3.79297065734863,3.85742642380345,3.74512472793406,3.75057851372645,702464000,"NVDA",0.0203400711979776,8.95025036528234,"Technology"
"NVDA","2019-02-07",3.65463948249817,3.74884403118946,3.61175178829062,3.74661291499934,637120000,"NVDA",-0.0364704046899114,8.62383111238447,"Technology"
"NVDA","2019-02-08",3.67323207855225,3.68389188046049,3.57307774517349,3.58745623108225,461604000,"NVDA",0.00508739538964538,8.66770395102669,"Technology"
"NVDA","2019-02-11",3.63059186935425,3.68339580666173,3.58224992692827,3.62910430130495,495180000,"NVDA",-0.0116083624138457,8.56708610226725,"Technology"
"NVDA","2019-02-12",3.74760365486145,3.76322193764099,3.65463868791516,3.66901740943142,591060000,"NVDA",0.0322293966708008,8.84319811857013,"Technology"
"NVDA","2019-02-13",3.78999543190002,3.86312788439563,3.76346934356361,3.777104279717,605372000,"NVDA",0.0113117023417305,8.94322974343635,"Technology"
"NVDA","2019-02-14",3.83090019226074,3.85916162030255,3.74586813774777,3.7890040638174,827264000,"NVDA",0.0107928257687137,9.03975246386683,"Technology"
"NVDA","2019-02-15",3.90056204795837,4.06244477250149,3.87775464148367,4.03963760244892,1516748000,"NVDA",0.0181842001100326,9.20413313161495,"Technology"
"NVDA","2019-02-19",3.88320875167847,3.9637785833052,3.87081361120249,3.88990233558699,551892000,"NVDA",-0.00444892199291901,9.16318466129995,"Technology"
"NVDA","2019-02-20",3.93055868148804,3.99774134144286,3.90130593413486,3.91246151263871,540988000,"NVDA",0.0121935061536684,9.27491600985471,"Technology"
"NVDA","2019-02-21",3.8616406917572,3.96774458257056,3.84701419983657,3.94320207338463,448548000,"NVDA",-0.0175338915700258,9.11229063821682,"Technology"
"NVDA","2019-02-22",3.94642496109009,3.96526591506152,3.89981858983204,3.91345352806223,401740000,"NVDA",0.0219555044346463,9.31235557573398,"Technology"
"NVDA","2019-02-25",3.9340295791626,4.09739987537415,3.92535265037093,4.0299694452897,656020000,"NVDA",-0.00314091413106873,9.28310626651262,"Technology"
"NVDA","2019-02-26",3.89461302757263,3.9853468944117,3.86114557697735,3.92932003964427,488464000,"NVDA",-0.0100193836362451,9.1900952634924,"Technology"
"NVDA","2019-02-27",3.85271668434143,3.90676019057839,3.79569804158222,3.88023433295065,500256000,"NVDA",-0.0107575111916353,9.09123271084318,"Technology"
"NVDA","2019-02-28",3.82814788818359,3.86884659329756,3.80581350135176,3.84651196979994,324944000,"NVDA",-0.0063770056743834,9.033257868259,"Technology"
"NVDA","2019-03-01",3.88249611854553,3.92468345727452,3.81971104367378,3.87802905122975,357188000,"NVDA",0.0141970038643742,9.16150306512256,"Technology"
"NVDA","2019-03-04",3.89068555831909,3.9437921858237,3.83410443985705,3.92096127047914,409992000,"NVDA",0.00210932336401859,9.18082763758735,"Technology"
"NVDA","2019-03-05",3.88423347473145,3.92245027328485,3.82070384544929,3.87505131378102,362924000,"NVDA",-0.00165834105350678,9.16560269421077,"Technology"
"NVDA","2019-03-06",3.77330470085144,3.88373675930478,3.77057499727891,3.87529938614158,403524000,"NVDA",-0.0285587296957412,8.90384472436825,"Technology"
"NVDA","2019-03-07",3.70406770706177,3.75940799035565,3.65790958501645,3.74972954084124,450104000,"NVDA",-0.0183491658582594,8.74046660074463,"Technology"
"NVDA","2019-03-08",3.73831343650818,3.74898446037281,3.59338664254601,3.61472869027528,422416000,"NVDA",0.00924543830047221,8.82127604541915,"Technology"
"NVDA","2019-03-11",3.99888396263123,4.02171463993807,3.71473825847916,3.76188918769757,859728000,"NVDA",0.0697026962956954,9.43614277055349,"Technology"
"NVDA","2019-03-12",4.03313112258911,4.07953703555615,3.95049285149797,4.02667866488706,579576000,"NVDA",0.00856417947555334,9.51695559079746,"Technology"
"NVDA","2019-03-13",4.18450927734375,4.21379241319513,4.06315792894284,4.07060296246378,768900000,"NVDA",0.0375336556520037,9.87416172479786,"Technology"
"NVDA","2019-03-14",4.10857105255127,4.2056026046856,4.10087799452194,4.19369074236073,519384000,"NVDA",-0.0181474624046442,9.69497074611972,"Technology"
"NVDA","2019-03-15",4.21404123306274,4.2567248645027,4.148277948618,4.15175220319255,661484000,"NVDA",0.0256707695114538,9.94384810556364,"Technology"
"NVDA","2019-03-18",4.19269752502441,4.29940727148327,4.16564757651999,4.2455558735114,486992000,"NVDA",-0.00506490251468602,9.89348348428812,"Technology"
"NVDA","2019-03-19",4.36045503616333,4.40487625381774,4.27037247223958,4.28724721470183,854972000,"NVDA",0.0400118325106076,10.2893398884079,"Technology"
"NVDA","2019-03-20",4.32794666290283,4.44284553927179,4.29320365099998,4.38949065599073,719148000,"NVDA",-0.00745527083547259,10.2126300728216,"Technology"
"NVDA","2019-03-21",4.56469392776489,4.59099933656534,4.34606343907933,4.35102679520496,824312000,"NVDA",0.0547019830191876,10.7712811896463,"Technology"
"NVDA","2019-03-22",4.40487670898438,4.58603490510641,4.39097969375656,4.53739535180904,747644000,"NVDA",-0.0350115958067691,10.3941614463134,"Technology"
"NVDA","2019-03-25",4.31256103515625,4.42845250100268,4.24630170527611,4.36417879735998,525212000,"NVDA",-0.0209576067452317,10.1763246982751,"Technology"
"NVDA","2019-03-26",4.38924360275269,4.51034646308019,4.3329105046373,4.45426186410365,703508000,"NVDA",0.017781213290969,10.3572720982533,"Technology"
"NVDA","2019-03-27",4.38006114959717,4.46121007631199,4.31057606168559,4.41480416688462,474372000,"NVDA",-0.00209203543630134,10.3356043180003,"Technology"
"NVDA","2019-03-28",4.39867353439331,4.46443634267486,4.3455666681846,4.40611809482871,480264000,"NVDA",0.00424934359600307,10.3795238520198,"Technology"
"NVDA","2019-03-29",4.45599794387817,4.4803181938809,4.41505144873433,4.4654281289817,456896000,"NVDA",0.0130322036942825,10.514791921109,"Technology"
"NVDA","2019-04-01",4.52349805831909,4.55377376439323,4.47609911001213,4.54781783347175,483824000,"NVDA",0.0151481475734638,10.6740715408343,"Technology"
"NVDA","2019-04-02",4.54136514663696,4.58578636388832,4.50463746004373,4.54756957630761,440920000,"NVDA",0.00394983883877479,10.7162324031741,"Technology"
"NVDA","2019-04-03",4.68083333969116,4.73989613445551,4.58603542646868,4.59099878199476,783504000,"NVDA",0.0307106318366582,11.045334671184,"Technology"
"NVDA","2019-04-04",4.67189931869507,4.71433491651289,4.60911424878614,4.66544686234166,457376000,"NVDA",-0.00190863898535708,11.0242531148243,"Technology"
"NVDA","2019-04-05",4.73865556716919,4.75602731337371,4.67860066285619,4.71508033588915,481744000,"NVDA",0.0142888885055783,11.1817774384393,"Technology"
"NVDA","2019-04-08",4.75950193405151,4.78456626874338,4.68406043082169,4.70813218889186,424192000,"NVDA",0.00439921547089306,11.2309684867386,"Technology"
"NVDA","2019-04-09",4.69671630859375,4.73716675960783,4.65452873035818,4.72599944556513,439972000,"NVDA",-0.0131916377654074,11.0828136187068,"Technology"
"NVDA","2019-04-10",4.76719427108765,4.79300315522463,4.69150521933815,4.6959720505673,444772000,"NVDA",0.0150057950838845,11.249120048822,"Technology"
"NVDA","2019-04-11",4.75329637527466,4.80119185424098,4.70391226839447,4.76967506898015,374600000,"NVDA",-0.00291531979245676,11.216325266496,"Technology"
"NVDA","2019-04-12",4.71532726287842,4.79598012337253,4.70664162846602,4.79200934478476,471708000,"NVDA",-0.0079879539163064,11.1267297771569,"Technology"
"NVDA","2019-04-15",4.58355379104614,4.71259819592628,4.54384789313404,4.70763484035436,440092000,"NVDA",-0.0279457743833958,10.8157846971794,"Technology"
"NVDA","2019-04-16",4.67065858840942,4.68951896068483,4.59000619135266,4.62276358039276,394964000,"NVDA",0.0190037689823644,11.0213253709276,"Technology"
"NVDA","2019-04-17",4.64782857894897,4.72649583444985,4.62549394926971,4.70565030630432,351004000,"NVDA",-0.00488796366257717,10.9674535330011,"Technology"
"NVDA","2019-04-18",4.6232590675354,4.68852581187177,4.59546503739912,4.65452782477029,380988000,"NVDA",-0.00528623442027421,10.9094770026322,"Technology"
"NVDA","2019-04-22",4.67711162567139,4.69274577147187,4.56816865668164,4.59968497408943,279936000,"NVDA",0.0116481809367206,11.0365525646838,"Technology"
"NVDA","2019-04-23",4.73170709609985,4.76297586085429,4.68058585361528,4.69026406667493,346856000,"NVDA",0.0116729030217725,11.1653811724661,"Technology"
"NVDA","2019-04-24",4.7441143989563,4.78481286830487,4.68132933136455,4.74212877297306,318204000,"NVDA",0.00262216206634433,11.1946586114328,"Technology"
"NVDA","2019-04-25",4.63839721679688,4.72624661173265,4.55873740489098,4.70391198770955,499296000,"NVDA",-0.0222838602253524,10.9451984036651,"Technology"
"NVDA","2019-04-26",4.41951847076416,4.48900402331603,4.30064881214766,4.48453671965335,868988000,"NVDA",-0.0471884437236415,10.4287115247497,"Technology"
"NVDA","2019-04-29",4.4502911567688,4.47808519127906,4.35524474137772,4.42746000461276,391920000,"NVDA",0.00696290471647648,10.5013256494121,"Technology"
"NVDA","2019-04-30",4.49173402786255,4.51729440943328,4.39892126773003,4.41802966579693,362920000,"NVDA",0.00931239544422083,10.599118146548,"Technology"
"NVDA","2019-05-01",4.47858142852783,4.58628377866919,4.47833292942734,4.5440962047122,354280000,"NVDA",-0.00292817857271385,10.5680820359016,"Technology"
"NVDA","2019-05-02",4.54608201980591,4.58777307496716,4.44508013736286,4.48826029401749,394684000,"NVDA",0.0150718687055925,10.7273627808166,"Technology"
"NVDA","2019-05-03",4.54161405563354,4.56444473062185,4.48006959146554,4.55451849424959,336824000,"NVDA",-0.000982816445655338,10.7168197522571,"Technology"
"NVDA","2019-05-06",4.46319580078125,4.47535569143318,4.31802071701468,4.35524493969042,422176000,"NVDA",-0.0172666047558627,10.5317766613551,"Technology"
"NVDA","2019-05-07",4.29593276977539,4.41480239556716,4.24778927913481,4.41480239556716,555220000,"NVDA",-0.0374760683760684,10.1370870790727,"Technology"
"NVDA","2019-05-08",4.3160343170166,4.39619064584157,4.2564754832765,4.26838734469083,419168000,"NVDA",0.00467920433546774,10.1845205808821,"Technology"
"NVDA","2019-05-09",4.22347021102905,4.25672412282836,4.10460102546367,4.24704591153293,660248000,"NVDA",-0.0214465639493646,9.96609760895057,"Technology"
"NVDA","2019-05-10",4.18947172164917,4.25821271554385,4.06985752642412,4.19269794947291,569500000,"NVDA",-0.0080498944425132,9.88587157519474,"Technology"
"NVDA","2019-05-13",3.93212819099426,4.08052924423317,3.91624578582049,4.05745006874648,656912000,"NVDA",-0.0614262484038453,9.27861957212831,"Technology"
"NVDA","2019-05-14",4.02121829986572,4.05645736303396,3.93312064194514,3.97183372228114,524880000,"NVDA",0.0226569695961344,9.48884497366812,"Technology"
"NVDA","2019-05-15",3.96017074584961,3.99665041466832,3.90631956949902,3.96563015288419,502320000,"NVDA",-0.0151813578532038,9.34479142250929,"Technology"
"NVDA","2019-05-16",3.97530794143677,4.01799203673239,3.91227508481569,3.95471068103138,781088000,"NVDA",0.00382235932706247,9.38051057316257,"Technology"
"NVDA","2019-05-17",3.88448047637939,4.06266092767612,3.84502284927176,3.93336852440891,1022068000,"NVDA",-0.0228479067270814,9.16618554253455,"Technology"
"NVDA","2019-05-20",3.76586008071899,3.84080504958027,3.74104377495951,3.78571303066025,572064000,"NVDA",-0.0305370039524469,8.88627769839332,"Technology"
"NVDA","2019-05-21",3.84800100326538,3.86388340815384,3.78794587425927,3.82665919180005,361848000,"NVDA",0.0218119953438907,9.08010514617519,"Technology"
"NVDA","2019-05-22",3.77702689170837,3.83534489481216,3.76610760502858,3.8092879902336,325868000,"NVDA",-0.018444410876395,8.91262795605827,"Technology"
"NVDA","2019-05-23",3.65592455863953,3.71473886183238,3.59611744221474,3.71473886183238,591844000,"NVDA",-0.0320628728735559,8.62686349893387,"Technology"
"NVDA","2019-05-24",3.6020724773407,3.71002284364226,3.5953719955247,3.67478378100316,357584000,"NVDA",-0.0147300854913888,8.49978906207203,"Technology"
"NVDA","2019-05-28",3.55690717697144,3.6524496356159,3.55492178753673,3.61969224827103,428356000,"NVDA",-0.0125386983891581,8.39321277065125,"Technology"
"NVDA","2019-05-29",3.48270702362061,3.54425102397128,3.44796424428357,3.50926021885277,559800000,"NVDA",-0.0208608630079598,8.21812310884603,"Technology"
"NVDA","2019-05-30",3.4561231136322,3.52171266683042,3.4178624619546,3.48593652536449,394300000,"NVDA",-0.00763311694268409,8.15539321410684,"Technology"
"NVDA","2019-05-31",3.3654408454895,3.47450839452671,3.36370173549128,3.40717972238288,389720000,"NVDA",-0.0262381475315554,7.94141080377725,"Technology"
"NVDA","2019-06-03",3.32370162010193,3.41537781607325,3.29438506418934,3.37662031128007,478644000,"NVDA",-0.0124023054642347,7.84291900117184,"Technology"
"NVDA","2019-06-04",3.5527675151825,3.55798484326348,3.36568815680238,3.38779972394598,641836000,"NVDA",0.0689189106793352,8.38344443527886,"Technology"
"NVDA","2019-06-05",3.51003575325012,3.63202245618966,3.4737627571281,3.62655658111102,511616000,"NVDA",-0.0120277394312355,8.28261055007508,"Technology"
"NVDA","2019-06-06",3.5721480846405,3.59674417396024,3.51177584386151,3.51426035476718,408140000,"NVDA",0.0176956406591779,8.42917665008913,"Technology"
"NVDA","2019-06-07",3.61487936973572,3.6491647074776,3.55897907925493,3.57810952198671,348856000,"NVDA",0.0119623498474071,8.53000941010309,"Technology"
"NVDA","2019-06-10",3.68767404556274,3.756244960656,3.67102811218907,3.67102811218907,402780000,"NVDA",0.0201375117622109,8.70178257493081,"Technology"
"NVDA","2019-06-11",3.74531388282776,3.78531364970818,3.70581120760605,3.74754984754809,383872000,"NVDA",0.0156304045728691,8.83779495708212,"Technology"
"NVDA","2019-06-12",3.63227105140686,3.70804696028731,3.61711591701796,3.70183568426828,358892000,"NVDA",-0.0301824720056706,8.57104845819813,"Technology"
"NVDA","2019-06-13",3.68345069885254,3.7018355063389,3.63674280579111,3.65438244973976,308080000,"NVDA",0.0140902610849638,8.69181676874602,"Technology"
"NVDA","2019-06-14",3.59351325035095,3.61463111322971,3.54879325132342,3.59028357663196,394428000,"NVDA",-0.0244166288229686,8.47959190490629,"Technology"
"NVDA","2019-06-17",3.6032030582428,3.64022145794364,3.56891747784424,3.59177445246463,276040000,"NVDA",0.00269647200852797,8.50245688712161,"Technology"
"NVDA","2019-06-18",3.79823207855225,3.85363527876284,3.65363695728688,3.66456846986051,581920000,"NVDA",0.0541265693764591,8.96266570969275,"Technology"
"NVDA","2019-06-19",3.80419540405273,3.84494033297767,3.77810851815922,3.83351196398749,331644000,"NVDA",0.00157002662743065,8.97673733350973,"Technology"
"NVDA","2019-06-20",3.82854270935059,3.90879054401044,3.81413297608268,3.89487766541577,350168000,"NVDA",0.00640011952906351,9.0341895254252,"Technology"
"NVDA","2019-06-21",3.77040600776672,3.86282783734818,3.7639464238964,3.81363567639789,434428000,"NVDA",-0.0151850732765428,8.89700469548744,"Technology"
"NVDA","2019-06-24",3.79276633262634,3.82233143475224,3.74456787825543,3.79177262334115,282948000,"NVDA",0.00593048197291186,8.94976822144694,"Technology"
"NVDA","2019-06-25",3.76344966888428,3.87276574295759,3.76071684996002,3.79773524454026,311868000,"NVDA",-0.00772962560067991,8.88058986388229,"Technology"
"NVDA","2019-06-26",3.95674061775208,4.01785848378567,3.87798358081935,3.89090275059713,584072000,"NVDA",0.0513600462006714,9.3366973695805,"Technology"
"NVDA","2019-06-27",4.05537223815918,4.07450244105402,4.00642839357178,4.04245307240436,445440000,"NVDA",0.0249274920788565,9.5694378193034,"Technology"
"NVDA","2019-06-28",4.08021831512451,4.10854116636116,4.03351065471542,4.09934852483897,397668000,"NVDA",0.006126706873303,9.62806695976457,"Technology"
"NVDA","2019-07-01",4.12841510772705,4.32170549334289,4.09089963013366,4.28741992550188,709756000,"NVDA",0.0118123073032351,9.74179664542944,"Technology"
"NVDA","2019-07-02",4.03052759170532,4.132887208056,4.01736011722747,4.11176911325968,400228000,"NVDA",-0.0237106767288287,9.51081205441167,"Technology"
"NVDA","2019-07-03",4.04344844818115,4.05959753049922,3.9835733051859,4.05388310860675,246636000,"NVDA",0.0032057481761,9.54130132280833,"Technology"
"NVDA","2019-07-05",3.98083996772766,3.98953551695105,3.9174861389608,3.98506358790358,396552000,"NVDA",-0.0154839319100641,9.39356446279257,"Technology"
"NVDA","2019-07-08",3.90580892562866,3.94009450215359,3.87574720589214,3.92121260417963,329788000,"NVDA",-0.0188480428018382,9.21651415773603,"Technology"
"NVDA","2019-07-09",3.90829396247864,3.93636826743461,3.8509030973288,3.86357372165789,342860000,"NVDA",0.000636241274802147,9.22237808445298,"Technology"
"NVDA","2019-07-10",3.97661566734314,4.03400628240072,3.93785816577478,3.95177104215237,452076000,"NVDA",0.0174812093257111,9.38359640622815,"Technology"
"NVDA","2019-07-11",4.13114929199219,4.17189421893853,4.01239225697337,4.04965896422761,682560000,"NVDA",0.0388605883938226,9.74824848382434,"Technology"
"NVDA","2019-07-12",4.16419219970703,4.23524786533479,4.1589748703936,4.1589748703936,506392000,"NVDA",0.00799847823918977,9.82621963719242,"Technology"
"NVDA","2019-07-15",4.1557445526123,4.20145849377788,4.12742218132635,4.1853098896974,289840000,"NVDA",-0.002028640055404,9.80628577444321,"Technology"
"NVDA","2019-07-16",4.15102386474609,4.17810421503688,4.09537188969053,4.14083751708391,341444000,"NVDA",-0.00113594274297815,9.79514639528216,"Technology"
"NVDA","2019-07-17",4.2163667678833,4.2233232082897,4.12344805802982,4.15276462084879,348204000,"NVDA",0.0157413942358059,9.94933565628773,"Technology"
"NVDA","2019-07-18",4.22804260253906,4.290899336424,4.17015488905834,4.22680058437394,442192000,"NVDA",0.00276916959518283,9.97688705407939,"Technology"
"NVDA","2019-07-19",4.18481302261353,4.27276269046049,4.17885029310934,4.2663033432562,344896000,"NVDA",-0.0102244901457654,9.87487847070954,"Technology"
"NVDA","2019-07-22",4.25636434555054,4.2692835109255,4.19872495588751,4.20617848455944,315940000,"NVDA",0.017097854205282,10.0437177030966,"Technology"
"NVDA","2019-07-23",4.36419105529785,4.36617847405946,4.27996790647196,4.29562036930332,428176000,"NVDA",0.0253330544552731,10.2981557506026,"Technology"
"NVDA","2019-07-24",4.43872404098511,4.44443846171043,4.33139585631639,4.40742006610204,366236000,"NVDA",0.017078304946521,10.4740307948981,"Technology"
"NVDA","2019-07-25",4.30754423141479,4.40990385287079,4.28419040850991,4.39723299536102,392700000,"NVDA",-0.0295534951844402,10.1644865762394,"Technology"
"NVDA","2019-07-26",4.34953260421753,4.39624026037698,4.33462601634942,4.33462601634942,274160000,"NVDA",0.00974763590272954,10.2635662905228,"Technology"
"NVDA","2019-07-29",4.34332227706909,4.35947135966412,4.25512427974664,4.34232856756465,248160000,"NVDA",-0.00142781482829112,10.248911818382,"Technology"
"NVDA","2019-07-30",4.35897445678711,4.37114822801973,4.28245313516721,4.29686310828565,197772000,"NVDA",0.00360373435806375,10.2858461740347,"Technology"
"NVDA","2019-07-31",4.19176959991455,4.32841481758278,4.14953387428937,4.32742063440601,359416000,"NVDA",-0.0383587604217807,9.8912938649096,"Technology"
"NVDA","2019-08-01",4.09736013412476,4.29263797042349,4.04518637340664,4.20220379935142,421212000,"NVDA",-0.0225225799127222,9.66851640839695,"Technology"
"NVDA","2019-08-02",4.00469017028809,4.07400672485824,3.95723735268981,4.00469017028809,428348000,"NVDA",-0.0226169926008872,9.44984364432668,"Technology"
"NVDA","2019-08-05",3.7463071346283,3.82233134264006,3.69935093646341,3.82108908759553,589156000,"NVDA",-0.0645201063435084,8.8401387274652,"Technology"
"NVDA","2019-08-06",3.78506398200989,3.86655405578582,3.73736262566137,3.82108866349491,361272000,"NVDA",0.010345347028104,8.93159303037741,"Technology"
"NVDA","2019-08-07",3.82332491874695,3.8352503772103,3.70680410069832,3.72419519684411,372560000,"NVDA",0.0101083989382773,9.0218771358828,"Technology"
"NVDA","2019-08-08",3.93189644813538,3.93313870340804,3.82357429988054,3.88096516663609,309300000,"NVDA",0.0283971495218907,9.27807272987859,"Technology"
"NVDA","2019-08-09",3.83053040504456,3.89438085147541,3.78009598267544,3.89090263179036,341816000,"NVDA",-0.0257804457538273,9.03887987916589,"Technology"
"NVDA","2019-08-12",3.76270437240601,3.83052988397398,3.74084111097698,3.77835635885956,279200000,"NVDA",-0.0177066947567437,8.87883119220263,"Technology"
"NVDA","2019-08-13",3.87698912620544,3.92295161491018,3.72220789191536,3.76121370501369,351956000,"NVDA",0.0303730355851371,9.14850824795782,"Technology"
"NVDA","2019-08-14",3.72841858863831,3.79997086117442,3.68469230517108,3.78879080378216,419880000,"NVDA",-0.0383211127838654,8.79792723158371,"Technology"
"NVDA","2019-08-15",3.69612145423889,3.76717688724185,3.66183611139385,3.7473012780983,477200000,"NVDA",-0.00866242178328202,8.72171587508511,"Technology"
"NVDA","2019-08-16",3.96419358253479,4.01338550727707,3.89761008744937,3.9589762535934,1007960000,"NVDA",0.0725279544016229,9.35428408637719,"Technology"
"NVDA","2019-08-19",4.24294853210449,4.25884930015855,4.06133527149383,4.07748434836804,815112000,"NVDA",0.0703181980814015,10.0120604876728,"Technology"
"NVDA","2019-08-20",4.17065238952637,4.23798105882706,4.14953428767402,4.23748396718916,463188000,"NVDA",-0.0170391278685312,9.84146370879584,"Technology"
"NVDA","2019-08-21",4.25413036346436,4.30928527233528,4.21512453820238,4.23673926136487,427244000,"NVDA",0.0200155673840438,10.0384461888169,"Technology"
"NVDA","2019-08-22",4.26034164428711,4.30630390787253,4.22108703837855,4.26381986451658,303488000,"NVDA",0.00146005888209212,10.0531029113373,"Technology"
"NVDA","2019-08-23",4.03574466705322,4.23822768626133,4.015869065245,4.18381820854112,568056000,"NVDA",-0.0527180672317816,9.52312275616935,"Technology"
"NVDA","2019-08-26",4.11052846908569,4.13860301063909,4.0722680507378,4.11450378057344,318208000,"NVDA",0.0185303601199021,9.69958965030721,"Technology"
"NVDA","2019-08-27",4.01984596252441,4.15152169879853,3.99052940274029,4.14878887947491,290968000,"NVDA",-0.0220610335734884,9.48560667738272,"Technology"
"NVDA","2019-08-28",4.00940084457397,4.06212337059281,3.95419134877658,3.9934848072004,255612000,"NVDA",-0.00259838761181785,9.46095939450163,"Technology"
"NVDA","2019-08-29",4.15314435958862,4.18547401567386,4.09743728415534,4.10091894672361,357976000,"NVDA",0.0358516198771146,9.80015011438612,"Technology"
"NVDA","2019-08-30",4.16582775115967,4.24913958174648,4.14767329798608,4.1994011329477,290616000,"NVDA",0.00305392504398793,9.83007903825528,"Technology"
"NVDA","2019-09-03",4.08276319503784,4.12603540869976,4.05988384097465,4.0929596248372,296140000,"NVDA",-0.0199395080842464,9.63407209780321,"Technology"
"NVDA","2019-09-04",4.1969141960144,4.20437510569508,4.1434455291554,4.1434455291554,227728000,"NVDA",0.0279592510080675,9.90343353781551,"Technology"
"NVDA","2019-09-05",4.46997690200806,4.47619408858881,4.29738510826985,4.2991259394861,695676000,"NVDA",0.0650627325793237,10.5477779857035,"Technology"
"NVDA","2019-09-06",4.44286966323853,4.5035502065782,4.404819927731,4.4465998806519,376976000,"NVDA",-0.00606429056878433,10.4838131951432,"Technology"
"NVDA","2019-09-09",4.48887729644775,4.57542222770488,4.47246367619328,4.47395595285485,417524000,"NVDA",0.0103553866524395,10.5923771343708,"Technology"
"NVDA","2019-09-10",4.5555272102356,4.58213679098541,4.44635146539407,4.45605031557753,352812000,"NVDA",0.0148477914155918,10.7496505406572,"Technology"
"NVDA","2019-09-11",4.58412599563599,4.63237215931451,4.54110232548921,4.57019934621801,361512000,"NVDA",0.00627782122256528,10.8171349249565,"Technology"
"NVDA","2019-09-12",4.58263492584229,4.68534446668721,4.57467690612799,4.63063254751778,327840000,"NVDA",-0.000325268065302011,10.8136164564074,"Technology"
"NVDA","2019-09-13",4.52468967437744,4.55304056290247,4.48091985660155,4.51598551662954,324592000,"NVDA",-0.0126445270903166,10.6768833901801,"Technology"
"NVDA","2019-09-16",4.48166513442993,4.51623320408819,4.43913904697903,4.4495840342708,231832000,"NVDA",-0.00950883774221037,10.5753586384303,"Technology"
"NVDA","2019-09-17",4.50305318832397,4.50728098950377,4.44187506006591,4.48838039870268,223048000,"NVDA",0.00477234537889309,10.6258279023586,"Technology"
"NVDA","2019-09-18",4.47594451904297,4.5117563063159,4.38940007797802,4.49608882726182,258152000,"NVDA",-0.00602006419806372,10.5618597362288,"Technology"
"NVDA","2019-09-19",4.40034246444702,4.5003164401636,4.38964844989743,4.48191296371671,245476000,"NVDA",-0.0168907488183326,10.3834620163697,"Technology"
"NVDA","2019-09-20",4.29465007781982,4.42297498179277,4.28445411721281,4.3993494777242,350244000,"NVDA",-0.0240191274840876,10.1340603184723,"Technology"
"NVDA","2019-09-23",4.34811782836914,4.39362846961019,4.29116750674026,4.2948981982131,249712000,"NVDA",0.0124498502975729,10.2602278523439,"Technology"
"NVDA","2019-09-24",4.29067039489746,4.40904739351159,4.25510763181711,4.37945326244329,317268000,"NVDA",-0.0132120231647969,10.1246694842826,"Technology"
"NVDA","2019-09-25",4.43242406845093,4.45207079453201,4.24540805023809,4.29017255043664,308432000,"NVDA",0.0330376515805182,10.4591647870723,"Technology"
"NVDA","2019-09-26",4.41029214859009,4.43143115967935,4.35931044158093,4.42272700050763,234564000,"NVDA",-0.00499318646389686,10.4069402270338,"Technology"
"NVDA","2019-09-27",4.27152156829834,4.4192441542937,4.2108405507288,4.36851101559624,362056000,"NVDA",-0.0314651672987494,10.0794841117221,"Technology"
"NVDA","2019-09-30",4.32896852493286,4.33916495734733,4.26604957361088,4.29738500912131,186184000,"NVDA",0.0134488274765769,10.2150413545935,"Technology"
"NVDA","2019-10-01",4.32722854614258,4.50131264672425,4.32250363530859,4.35209777113153,366008000,"NVDA",-0.000401938424883833,10.2109355369614,"Technology"
"NVDA","2019-10-02",4.30335283279419,4.31727947958759,4.23098360091491,4.30534221823872,293372000,"NVDA",-0.00551755311599435,10.1545961577722,"Technology"
"NVDA","2019-10-03",4.50902128219604,4.51523846871495,4.27748978405634,4.30783005271499,450588000,"NVDA",0.0477926066936775,10.6399107780737,"Technology"
"NVDA","2019-10-04",4.52543497085571,4.55478054704353,4.44610239842079,4.51125929206005,265524000,"NVDA",0.00364018877543952,10.6786420618597,"Technology"
"NVDA","2019-10-07",4.58412599563599,4.6838509563644,4.58163902619122,4.59034318207745,480984000,"NVDA",0.0129691455425279,10.8171349249566,"Technology"
"NVDA","2019-10-08",4.40755462646484,4.49235823845231,4.38940017779777,4.49235823845231,444436000,"NVDA",-0.038518000888116,10.4004805123102,"Technology"
"NVDA","2019-10-09",4.49410009384155,4.54358998695053,4.45555324742899,4.4844012435684,292412000,"NVDA",0.0196357106630178,10.6047013384063,"Technology"
"NVDA","2019-10-10",4.5517954826355,4.60277716609379,4.48663859631462,4.49186108940514,309124000,"NVDA",0.0128380293249382,10.740844805171,"Technology"
"NVDA","2019-10-11",4.6254096031189,4.70872095882677,4.61695400046996,4.63585459191782,446404000,"NVDA",0.0161725457051457,10.9145516086945,"Technology"
"NVDA","2019-10-14",4.63883781433105,4.65972778807044,4.58561771275042,4.6167041187219,200040000,"NVDA",0.00290313990853991,10.9462380790535,"Technology"
"NVDA","2019-10-15",4.88355016708374,4.95616844545499,4.71518616886091,4.72911329336209,664124000,"NVDA",0.0527529442820096,11.5236843665354,"Technology"
"NVDA","2019-10-16",4.82983255386353,4.9544272054,4.81839287422449,4.84947927986465,428944000,"NVDA",-0.0109997054155979,11.3969272332012,"Technology"
"NVDA","2019-10-17",4.83182191848755,4.91936104944137,4.77735810120261,4.87434799940591,263436000,"NVDA",0.000411891013164025,11.4016215251062,"Technology"
"NVDA","2019-10-18",4.7373194694519,4.86489819947589,4.66296084037688,4.83231951738373,307440000,"NVDA",-0.0195583468575401,11.1786246565798,"Technology"
"NVDA","2019-10-21",4.87459468841553,4.88802422163994,4.77984324098305,4.79874381956668,261868000,"NVDA",0.0289774037509667,11.502552176634,"Technology"
"NVDA","2019-10-22",4.86465072631836,5.03674496558782,4.85694126186247,4.93154846215832,328720000,"NVDA",-0.00203995670056421,11.4790874682477,"Technology"
"NVDA","2019-10-23",4.85171842575073,4.86589363153302,4.75074973086308,4.78258227954609,279916000,"NVDA",-0.00265842324458396,11.4485711952955,"Technology"
"NVDA","2019-10-24",4.89573621749878,4.92930911927509,4.85892973365729,4.89300021906077,232020000,"NVDA",0.00907261878892648,11.5524397174283,"Technology"
"NVDA","2019-10-25",5.08673048019409,5.10762045221123,4.9686020523732,4.97631151457108,423092000,"NVDA",0.0390123679483882,12.0031277463862,"Technology"
"NVDA","2019-10-28",5.14268636703491,5.19515985440733,5.10115450112998,5.13050007505411,330792000,"NVDA",0.0110003639977963,12.1351665207085,"Technology"
"NVDA","2019-10-29",5.04644298553467,5.13522585233698,5.02704528741362,5.12875963673601,211236000,"NVDA",-0.0187146122923562,11.9080615841702,"Technology"
"NVDA","2019-10-30",5.04843282699585,5.07902212785458,4.98029137409204,5.07330205002529,205960000,"NVDA",0.00039430574503376,11.9127570012651,"Technology"
"NVDA","2019-10-31",4.99919080734253,5.04843165831869,4.91936113692972,5.0275416865726,209732000,"NVDA",-0.00975392192801,11.7965608995274,"Technology"
"NVDA","2019-11-01",5.03823661804199,5.07056627433945,4.93875973085393,4.96387750731004,283640000,"NVDA",0.00781042616779392,11.8886970674671,"Technology"
"NVDA","2019-11-04",5.23495292663574,5.2473877792128,5.09618348200013,5.11931140654531,376716000,"NVDA",0.0390446744579852,12.3528873741959,"Technology"
"NVDA","2019-11-05",5.21281766891479,5.2608148056138,5.16482005787485,5.23470233686504,300868000,"NVDA",-0.00422835850315326,12.3006549378287,"Technology"
"NVDA","2019-11-06",5.16357707977295,5.214309743321,5.07603745472113,5.18869485688142,269012000,"NVDA",-0.00944606012895452,12.1844622116605,"Technology"
"NVDA","2019-11-07",5.18123340606689,5.26479377602755,5.13646890521865,5.250120988498,280340000,"NVDA",0.00341939822358993,12.2261257401024,"Technology"
"NVDA","2019-11-08",5.16730737686157,5.19889137048945,5.1267706717261,5.16432329780603,189100000,"NVDA",-0.00268778264052258,12.1932645715773,"Technology"
"NVDA","2019-11-11",5.17725467681885,5.20038259135083,5.080264766074,5.16656066079843,243436000,"NVDA",0.00192504514088283,12.2167371562923,"Technology"
"NVDA","2019-11-12",5.21281766891479,5.26877329790565,5.1804875391241,5.21555319311596,283504000,"NVDA",0.00686908300168824,12.3006549378287,"Technology"
"NVDA","2019-11-13",5.18695402145386,5.20908724519444,5.12055340155018,5.18148249842933,300188000,"NVDA",-0.00496154845682945,12.239624642304,"Technology"
"NVDA","2019-11-14",5.21729564666748,5.21953406225952,5.13597366193973,5.19590808137199,518080000,"NVDA",0.00584960365719967,12.3112215953743,"Technology"
"NVDA","2019-11-15",5.07802820205688,5.26678463250968,4.98974242324641,5.21505679258211,1053628000,"NVDA",-0.0266934162911684,11.9825930322762,"Technology"
"NVDA","2019-11-18",5.2792181968689,5.30582777447654,5.06758197754512,5.07056605634882,574588000,"NVDA",0.0396197080454414,12.4573398698423,"Technology"
"NVDA","2019-11-19",5.17253017425537,5.27175804237005,5.11433659736194,5.24813254018694,414564000,"NVDA",-0.0202090572192682,12.2055887756128,"Technology"
"NVDA","2019-11-20",5.25186109542847,5.33567000847149,5.1369657804544,5.14964918043661,472588000,"NVDA",0.0153369663395953,12.3927854798193,"Technology"
"NVDA","2019-11-21",5.22699213027954,5.30309158514926,5.20535602005856,5.24738499307349,288388000,"NVDA",-0.00473526711713172,12.334102330247,"Technology"
"NVDA","2019-11-22",5.24465084075928,5.29612964609966,5.22102486439953,5.24962430610886,224100000,"NVDA",0.00337836944070393,12.3757714846381,"Technology"
"NVDA","2019-11-25",5.5012993812561,5.50627332024973,5.35979399497155,5.37272595175043,506476000,"NVDA",0.0489352958451035,12.9813835235502,"Technology"
"NVDA","2019-11-26",5.39660120010376,5.48836815738833,5.39013498368036,5.48364277241108,385244000,"NVDA",-0.0190315367145931,12.7343278464156,"Technology"
"NVDA","2019-11-27",5.43144226074219,5.47648852861083,5.40506178853543,5.44214416713549,215784000,"NVDA",0.00645611179083566,12.8165420905732,"Technology"
"NVDA","2019-11-29",5.39411211013794,5.42895442860973,5.37021996336243,5.40058309767755,141556000,"NVDA",-0.00687297200488826,12.7284543555852,"Technology"
"NVDA","2019-12-02",5.20770454406738,5.40058287692919,5.19252345222134,5.38714342624455,372036000,"NVDA",-0.03455759952045,12.2885895274506,"Technology"
"NVDA","2019-12-03",5.16813325881958,5.17211496621848,4.98670354278449,5.02403466044917,465232000,"NVDA",-0.00759860412835485,12.1952134003356,"Technology"
"NVDA","2019-12-04",5.21193599700928,5.27415469791556,5.18331545155531,5.25175592761402,273424000,"NVDA",0.00847554348854038,12.2985744618622,"Technology"
"NVDA","2019-12-05",5.19501113891602,5.24951466943516,5.16439927436295,5.23383563013812,184884000,"NVDA",-0.00324732654103457,12.2586369745953,"Technology"
"NVDA","2019-12-06",5.28037595748901,5.31322789545581,5.25424421958574,5.2641994386104,232236000,"NVDA",0.0164320761381101,12.4600718307113,"Technology"
"NVDA","2019-12-09",5.28037595748901,5.3351287127427,5.24876913393675,5.25747971323785,211880000,"NVDA",0,12.4600718307113,"Technology"
"NVDA","2019-12-10",5.32542085647583,5.37718683816272,5.25772662482101,5.31048803312636,256388000,"NVDA",0.00853062345360664,12.566364011704,"Technology"
"NVDA","2019-12-11",5.40904426574707,5.41451982608498,5.33338659488999,5.33587539964523,233796000,"NVDA",0.0157026855763995,12.7636896746184,"Technology"
"NVDA","2019-12-12",5.57653760910034,5.5947054583294,5.37121618141003,5.38017549963304,404348000,"NVDA",0.0309654229332024,13.1589227235811,"Technology"
"NVDA","2019-12-13",5.57454586029053,5.69873450378487,5.52053979745514,5.57952346947821,454704000,"NVDA",-0.000357165852618679,13.1542228057269,"Technology"
"NVDA","2019-12-16",5.60341501235962,5.67583765792177,5.59395774499336,5.62208080904565,320976000,"NVDA",0.00517874510186328,13.2223451726509,"Technology"
"NVDA","2019-12-17",5.6815619468689,5.70420945102653,5.61262353282981,5.62208080018115,321196000,"NVDA",0.0139463049474127,13.4067480305487,"Technology"
"NVDA","2019-12-18",5.71192407608032,5.77240064406788,5.70794189425549,5.71640373395146,343548000,"NVDA",0.00534397574036103,13.478393366781,"Technology"
"NVDA","2019-12-19",5.86000442504883,5.87344387347479,5.74154009230538,5.74651770095877,445360000,"NVDA",0.0259247754340115,13.8278176880261,"Technology"
"NVDA","2019-12-20",5.95731496810913,5.98270001416371,5.90729109011814,5.92645436235151,603044000,"NVDA",0.0166058821806251,14.0574407993686,"Technology"
"NVDA","2019-12-23",5.94362545013428,6.01803893067048,5.93292402054542,5.98593416721311,355060000,"NVDA",-0.00229793422844631,14.0251377249914,"Technology"
"NVDA","2019-12-24",5.93864965438843,5.95582207431984,5.89385211973099,5.92819695959382,138864000,"NVDA",-0.000837165091844271,14.0133963692797,"Technology"
"NVDA","2019-12-26",5.95283555984497,5.9809581495862,5.92321911773193,5.94213365271993,182852000,"NVDA",0.00238874260684163,14.0468707662536,"Technology"
"NVDA","2019-12-27",5.89509630203247,5.98145587110843,5.8687153543422,5.96801642187753,254644000,"NVDA",-0.00969945452583671,13.910623782026,"Technology"
"NVDA","2019-12-30",5.78185701370239,5.87842051708565,5.75049893877762,5.87319417126485,258056000,"NVDA",-0.019209065048019,13.6434137049386,"Technology"
"NVDA","2019-12-31",5.85602378845215,5.86548105674617,5.72735547685393,5.74651875151284,231004000,"NVDA",0.012827500675646,13.8184246034568,"Technology"
"NVDA","2020-01-02",5.97075223922729,5.97075223922729,5.89136163043682,5.94188297009356,237536000,"NVDA",0.0195915274458732,14.0891486483341,"Technology"
"NVDA","2020-01-03",5.87518644332886,5.91898854842203,5.82615799115278,5.85104556165323,205384000,"NVDA",-0.0160056542407804,13.8636426065219,"Technology"
"NVDA","2020-01-06",5.89982557296753,5.9050519207342,5.7557274275772,5.78185916641057,262636000,"NVDA",0.00419376131742152,13.9217834146037,"Technology"
"NVDA","2020-01-07",5.97125101089478,6.0170439619939,5.88314933949677,5.92819560189714,314856000,"NVDA",0.0121063643397376,14.0903255968798,"Technology"
"NVDA","2020-01-08",5.98245143890381,6.02376473973102,5.9269524743906,5.96702113560515,277108000,"NVDA",0.00187572553701018,14.1167551804267,"Technology"
"NVDA","2020-01-09",6.04815435409546,6.12057699950023,5.99439750533616,6.06881100449026,255112000,"NVDA",0.0109826073579779,14.271793959742,"Technology"
"NVDA","2020-01-10",6.08050870895386,6.18578282931258,6.06632304330865,6.15542016930507,316296000,"NVDA",0.00534945918443532,14.3481403390183,"Technology"
"NVDA","2020-01-13",6.27114629745483,6.29628260686838,6.14098461728332,6.16363259678268,319840000,"NVDA",0.0313522433115264,14.7979867259952,"Technology"
"NVDA","2020-01-14",6.15417432785034,6.2537241224035,6.14098361812026,6.22833860437611,359088000,"NVDA",-0.0186524064431355,14.5219686630418,"Technology"
"NVDA","2020-01-15",6.11161804199219,6.18926704510001,6.08573504095625,6.16686827594618,263104000,"NVDA",-0.00691502768544733,14.4215488476896,"Technology"
"NVDA","2020-01-16",6.19523954391479,6.2012125801499,6.14173143054802,6.16512562468098,284192000,"NVDA",0.0136823835108893,14.6188700098448,"Technology"
"NVDA","2020-01-17",6.20394992828369,6.22186903642701,6.15641485264292,6.21440262269456,253792000,"NVDA",0.00140598023807686,14.6394238521816,"Technology"
"NVDA","2020-01-21",6.17060041427612,6.20419856089411,6.13650431691283,6.16736492115884,217916000,"NVDA",-0.00537552920205377,14.560729201763,"Technology"
"NVDA","2020-01-22",6.22460556030273,6.31121385678425,6.19698045111216,6.21589498305263,239240000,"NVDA",0.0087520082975502,14.6881648245552,"Technology"
"NVDA","2020-01-23",6.29304599761963,6.30150783683854,6.17582631205486,6.26467467447167,244516000,"NVDA",0.0109951444559591,14.8496633185941,"Technology"
"NVDA","2020-01-24",6.23381423950195,6.45829934937282,6.17955944653442,6.40852421414389,373512000,"NVDA",-0.00941225570893339,14.7098944902479,"Technology"
"NVDA","2020-01-27",5.97797250747681,6.0289918199079,5.77961908165565,5.92919278711533,470536000,"NVDA",-0.0410409617925328,14.1061862725015,"Technology"
"NVDA","2020-01-28",6.17134809494019,6.20370160724037,5.99066457305883,6.04392395027696,310976000,"NVDA",0.032348022213471,14.5624934993917,"Technology"
"NVDA","2020-01-29",6.11087131500244,6.19299997011159,6.07105091508832,6.15691301453717,258848000,"NVDA",-0.00979960601919836,14.4197868004405,"Technology"
"NVDA","2020-01-30",6.11758947372437,6.13102892156706,5.95806106324117,6.01306206999414,290504000,"NVDA",0.00109937820248816,14.4356395997335,"Technology"
"NVDA","2020-01-31",5.88414669036865,6.08374428733518,5.84233590709336,6.07179821363053,370420000,"NVDA",-0.0381592757013808,13.8847860483215,"Technology"
"NVDA","2020-02-03",5.98120641708374,6.00061842510362,5.85975533653621,5.86597710963536,255564000,"NVDA",0.016495123562089,14.1138173098217,"Technology"
"NVDA","2020-02-04",6.1504430770874,6.16960682879241,6.07304328003613,6.12306717050645,271544000,"NVDA",0.0282947365802796,14.5131640527453,"Technology"
"NVDA","2020-02-05",6.24078178405762,6.28159712311847,6.15740851600892,6.27139316968056,208220000,"NVDA",0.0146881624360949,14.7263357638137,"Technology"
"NVDA","2020-02-06",6.32764101028442,6.32764101028442,6.19399556653966,6.27512879694211,218284000,"NVDA",0.0139180040629994,14.9312969648076,"Technology"
"NVDA","2020-02-07",6.26143932342529,6.30972108097772,6.23605380519353,6.28757105570134,189752000,"NVDA",-0.0104623013144286,14.7750812369465,"Technology"
"NVDA","2020-02-10",6.54465866088867,6.54540487490765,6.27910900335557,6.28408661162722,529608000,"NVDA",0.0452323056783125,15.443392227878,"Technology"
"NVDA","2020-02-11",6.66710662841797,6.78183801655105,6.59095100356136,6.65292096288232,638556000,"NVDA",0.0187096033382236,15.7323319706582,"Technology"
"NVDA","2020-02-12",6.78283166885376,6.78930265473199,6.68104180780531,6.71986629900209,374644000,"NVDA",0.0173576105626574,16.0054076622473,"Technology"
"NVDA","2020-02-13",6.73902988433838,6.80622617701597,6.69746784897705,6.72484422185108,528016000,"NVDA",-0.006457743115831,15.9020488511004,"Technology"
"NVDA","2020-02-14",7.21214294433594,7.34106000504356,7.11781946608117,7.14917755457169,1041924000,"NVDA",0.070204920903687,17.0184509328984,"Technology"
"NVDA","2020-02-18",7.38087940216064,7.39929646285288,7.08944714641412,7.10885915940315,620164000,"NVDA",0.0233961610476986,17.4166173517069,"Technology"
"NVDA","2020-02-19",7.83208847045898,7.84975884032237,7.503325127505,7.503325127505,694332000,"NVDA",0.0611321556298908,18.4813327141977,"Technology"
"NVDA","2020-02-20",7.68276500701904,7.87240738130158,7.37540448823353,7.78405694442259,810052000,"NVDA",-0.0190655996804886,18.1289750231069,"Technology"
"NVDA","2020-02-21",7.31865978240967,7.5956575998461,7.2337935901002,7.57052129148528,768180000,"NVDA",-0.0473924718869737,17.2697980839846,"Technology"
"NVDA","2020-02-24",6.8012490272522,7.01503272861347,6.66984318809624,6.72434672480566,856916000,"NVDA",-0.0706974733818154,16.0488669936328,"Technology"
"NVDA","2020-02-25",6.52176237106323,6.93837862169275,6.41997250634658,6.87640867635278,1055496000,"NVDA",-0.0410934307902973,15.3893639885673,"Technology"
"NVDA","2020-02-26",6.66113185882568,6.85525431510079,6.5205179810604,6.52201088383457,747732000,"NVDA",0.0213699119705476,15.7182333422857,"Technology"
"NVDA","2020-02-27",6.29033708572388,6.64893125360864,6.19794924481599,6.34761240785845,906416000,"NVDA",-0.0556654305845216,14.8432711152594,"Technology"
"NVDA","2020-02-28",6.72538137435913,6.78489810355278,6.02114274747902,6.03782719060887,1133252000,"NVDA",0.0691607274310626,15.8698425430472,"Technology"
"NVDA","2020-03-02",6.88375902175903,6.91264603942937,6.49951580417739,6.89546335089568,890744000,"NVDA",0.0235492440627569,16.2435653383309,"Technology"
"NVDA","2020-03-03",6.62128829956055,6.99930601551998,6.53587310701165,6.9395404119075,652792000,"NVDA",-0.0381289817625568,15.6242147317868,"Technology"
"NVDA","2020-03-04",7.08497190475464,7.09443483003374,6.65391174330431,6.72861912313539,597408000,"NVDA",0.0700292124758963,16.7183661850081,"Technology"
"NVDA","2020-03-05",6.80556678771973,7.05234900711365,6.76099134590992,6.88550315881793,540328000,"NVDA",-0.0394363055762305,16.0590555874008,"Technology"
"NVDA","2020-03-06",6.62502527236938,6.68354598268526,6.42481004301714,6.62602129478296,515412000,"NVDA",-0.0265285054106175,15.633032844361,"Technology"
"NVDA","2020-03-09",6.11203527450562,6.45967219049938,5.93124418624366,5.97407599001842,614160000,"NVDA",-0.0774321571275007,14.4225333887771,"Technology"
"NVDA","2020-03-10",6.50151014328003,6.50151014328003,6.12573369393242,6.38845327554463,580648000,"NVDA",0.0637226146908842,15.3415749267766,"Technology"
"NVDA","2020-03-11",6.13768625259399,6.38994735262488,6.04056717300598,6.36155857436724,499964000,"NVDA",-0.0559599051094435,14.4830618496447,"Technology"
"NVDA","2020-03-12",5.38663005828857,5.87994559916835,5.37392970546492,5.61448642380788,816540000,"NVDA",-0.122367967894742,12.7107990022098,"Technology"
"NVDA","2020-03-13",5.99748516082764,6.0019674988822,5.46880818275991,5.73999462229728,634836000,"NVDA",0.113402089233717,14.1522301648903,"Technology"
"NVDA","2020-03-16",4.89082479476929,5.6304254089305,4.8310591701358,5.28951165418151,726972000,"NVDA",-0.184520734338196,11.5408502623416,"Technology"
"NVDA","2020-03-17",5.4105372428894,5.49993703157345,4.75635231804778,5.00313458776822,833632000,"NVDA",0.106262740933993,12.7672126439268,"Technology"
"NVDA","2020-03-18",5.05069637298584,5.2280011432817,4.49935844237734,4.98296211578624,874268000,"NVDA",-0.0665074194575542,11.9180982773133,"Technology"
"NVDA","2020-03-19",5.30345582962036,5.39708856642818,4.81586757521983,5.02928041284167,765512000,"NVDA",0.0500444766362181,12.5145332681005,"Technology"
"NVDA","2020-03-20",5.12366247177124,5.73551336880204,5.10822293501662,5.45361856702247,804636000,"NVDA",-0.0339011700342551,12.0902759478793,"Technology"
"NVDA","2020-03-23",5.29648351669312,5.39086387799334,4.9436170682934,5.12266502928509,643876000,"NVDA",0.0337299823854578,12.4980807426366,"Technology"
"NVDA","2020-03-24",6.20517015457153,6.29183073975297,5.67898352307903,5.7026405951257,1101644000,"NVDA",0.171564139681447,14.6423032129163,"Technology"
"NVDA","2020-03-25",6.11651754379272,6.51993549742014,6.06770865750527,6.32021856495292,793432000,"NVDA",-0.0142868944074798,14.433110173031,"Technology"
"NVDA","2020-03-26",6.40588474273682,6.52989832172579,6.22559138445523,6.32370648048608,696108000,"NVDA",0.0473091423137914,15.1159282362376,"Technology"
"NVDA","2020-03-27",6.29357481002808,6.55231026910005,6.19272006198918,6.2255911757978,638828000,"NVDA",-0.0175323061870697,14.8509111540981,"Technology"
"NVDA","2020-03-30",6.61381816864014,6.62303220575034,6.31498964182244,6.35906683290393,602252000,"NVDA",0.0508841744602432,15.6065875081568,"Technology"
"NVDA","2020-03-31",6.56426191329956,6.85810982231309,6.4185828677404,6.65391008174579,949960000,"NVDA",-0.00749283607093259,15.4896499063315,"Technology"
"NVDA","2020-04-01",6.05301666259766,6.51271441171605,6.00844169880057,6.36628869310673,656912000,"NVDA",-0.0778831279821564,14.2832675202779,"Technology"
"NVDA","2020-04-02",6.36180639266968,6.37500451862211,6.03409132531739,6.08215260471959,675764000,"NVDA",0.0510141880130732,15.0119168149984,"Technology"
"NVDA","2020-04-03",6.07393503189087,6.36579044698421,5.93647398835557,6.3242035498885,663212000,"NVDA",-0.045249940505971,14.3326284722391,"Technology"
"NVDA","2020-04-06",6.68379402160645,6.72064969608276,6.29855425976348,6.35607894036792,727884000,"NVDA",0.100405912561386,15.7717091133976,"Technology"
"NVDA","2020-04-07",6.45045948028564,6.92908314890528,6.40737830587632,6.90542559852073,784520000,"NVDA",-0.0349104925385955,15.2211109800734,"Technology"
"NVDA","2020-04-08",6.64768505096436,6.67258750642743,6.48955500499492,6.55953067210848,542444000,"NVDA",0.030575429747522,15.6865029895239,"Technology"
"NVDA","2020-04-09",6.5480751991272,6.79635164925159,6.48507216740484,6.77344171497517,525564000,"NVDA",-0.0149841412572198,15.4514542128971,"Technology"
"NVDA","2020-04-13",6.71990346908569,6.72861925899573,6.39990811103161,6.48831139439053,398408000,"NVDA",0.0262410349199104,15.8569163624611,"Technology"
"NVDA","2020-04-14",7.07102537155151,7.10514138881703,6.82050749595572,6.84814913128483,530948000,"NVDA",0.0522510336764694,16.685456633321,"Technology"
"NVDA","2020-04-15",6.99357938766479,7.07650430032051,6.85761260631821,6.90293470844212,366148000,"NVDA",-0.0109525818134246,16.5027078044502,"Technology"
"NVDA","2020-04-16",7.33872699737549,7.44580724583152,7.13577305899712,7.14897118741858,745620000,"NVDA",0.0493520686015892,17.3171505721274,"Technology"
"NVDA","2020-04-17",7.27945852279663,7.44231980253872,7.14548378908782,7.42090366109645,539120000,"NVDA",-0.00807612472845131,17.1772951041656,"Technology"
"NVDA","2020-04-20",7.14822435379028,7.3088447332589,7.10389826638602,7.15295605425771,449388000,"NVDA",-0.018028012467599,16.867622613868,"Technology"
"NVDA","2020-04-21",6.71143627166748,7.09144612000238,6.65167065420219,7.03018670645727,735160000,"NVDA",-0.0611044170558524,15.8369363669295,"Technology"
"NVDA","2020-04-22",7.12581205368042,7.16864434406832,6.85811190116833,6.90368289707617,483356000,"NVDA",0.0617417442764433,16.8147364422188,"Technology"
"NVDA","2020-04-23",7.07251977920532,7.29987837663018,7.04736843474522,7.16789615866676,424160000,"NVDA",-0.00747876509703517,16.6889829781989,"Technology"
"NVDA","2020-04-24",7.21147441864014,7.21346646306918,6.98760215803846,7.06230952382554,352328000,"NVDA",0.0196471192407789,17.0168734167789,"Technology"
"NVDA","2020-04-27",7.39799404144287,7.55786726120961,7.3212946228538,7.34594819399756,479388000,"NVDA",0.0258642840527342,17.4570026645199,"Technology"
"NVDA","2020-04-28",7.25555038452148,7.57529673524455,7.25007202577778,7.54541369897264,442904000,"NVDA",-0.0192543622127067,17.120879212069,"Technology"
"NVDA","2020-04-29",7.43235921859741,7.48515220007019,7.31506892498354,7.39027407052235,379160000,"NVDA",0.024368769384211,17.5380939692428,"Technology"
"NVDA","2020-04-30",7.2784628868103,7.43235949922108,7.26451762419378,7.37832113160716,375916000,"NVDA",-0.0207062558819852,17.1749457078334,"Technology"
"NVDA","2020-05-01",7.04189014434814,7.19429248357022,6.99357949956732,7.08098675147262,342096000,"NVDA",-0.032503118603636,16.6167064104807,"Technology"
"NVDA","2020-05-04",7.25380945205688,7.2675058280918,6.99457575467037,6.99457575467037,317556000,"NVDA",0.0300940945349492,17.1167711440572,"Technology"
"NVDA","2020-05-05",7.3148193359375,7.47743171573321,7.25380834517591,7.35790050217255,368896000,"NVDA",0.00841073704566575,17.2607358052207,"Technology"
"NVDA","2020-05-06",7.41567468643188,7.52051399432912,7.35640731947277,7.39425901852475,323464000,"NVDA",0.0137878115456503,17.4987235776423,"Technology"
"NVDA","2020-05-07",7.5919828414917,7.65523476761033,7.50357957201418,7.55487828099743,373732000,"NVDA",0.0237750659939813,17.9147568855112,"Technology"
"NVDA","2020-05-08",7.78198909759521,7.78821459387831,7.62983563155984,7.66370276831678,339216000,"NVDA",0.0250272241218847,18.363113521174,"Technology"
"NVDA","2020-05-11",8.03400039672852,8.08081676953257,7.74836998529789,7.77700764499266,469060000,"NVDA",0.0323839182981093,18.9577830891426,"Technology"
"NVDA","2020-05-12",7.77202701568604,8.14058186230205,7.76231520462089,8.09177344517217,493060000,"NVDA",-0.0326080866449991,18.3396060555747,"Technology"
"NVDA","2020-05-13",7.74961519241333,8.04694897779209,7.56508841049822,7.886577992169,625852000,"NVDA",-0.00288365226053281,18.2867210091153,"Technology"
"NVDA","2020-05-14",7.99913787841797,8.0046162389776,7.65747702951931,7.81112476178854,602312000,"NVDA",0.0321980743313442,18.8755182114433,"Technology"
"NVDA","2020-05-15",8.45758628845215,8.46729762075524,7.84324501308649,7.85893342676011,987660000,"NVDA",0.0573122275178046,19.957316205694,"Technology"
"NVDA","2020-05-18",8.71607398986816,8.8816748948147,8.64659657980897,8.72628404761265,774460000,"NVDA",0.0305628216609449,20.5672681017198,"Technology"
"NVDA","2020-05-19",8.77110958099365,9.05200780138796,8.72852618670077,8.75591893566522,717320000,"NVDA",0.00631426387493536,20.6971352597006,"Technology"
"NVDA","2020-05-20",8.93496608734131,9.00768092523971,8.85403323592608,8.95588397632993,587536000,"NVDA",0.0186813885785581,21.08378648595,"Technology"
"NVDA","2020-05-21",8.74098110198975,9.01714771701933,8.70337828106998,9.01615216941616,761068000,"NVDA",-0.0217107690678751,20.6260412664772,"Technology"
"NVDA","2020-05-22",8.99099826812744,9.05748810334383,8.67922094929043,8.79078305189801,1038764000,"NVDA",0.0286028722886477,21.2160052906426,"Technology"
"NVDA","2020-05-26",8.68370342254639,9.14589202282512,8.63813242831658,9.12098908749337,770780000,"NVDA",-0.0341780563644859,20.4908834659898,"Technology"
"NVDA","2020-05-27",8.49195575714111,8.59903505061066,7.96551921647969,8.59131575838708,1175892000,"NVDA",-0.0220813236098574,20.0384176371254,"Technology"
"NVDA","2020-05-28",8.45385551452637,8.72628688427808,8.34652542992851,8.37939654483172,734896000,"NVDA",-0.00448662754545166,19.9485127205874,"Technology"
"NVDA","2020-05-29",8.84083461761475,8.84083461761475,8.45185972808,8.52108825099561,745256000,"NVDA",0.0457754574138898,20.8616650150991,"Technology"
"NVDA","2020-06-01",8.77185726165771,8.80622264526821,8.6555634583909,8.79875224011803,389876000,"NVDA",-0.00780213169236292,20.6988995573293,"Technology"
"NVDA","2020-06-02",8.7907829284668,8.80273614642831,8.62418643742466,8.76189685584709,391320000,"NVDA",0.00215754386380718,20.7435583410568,"Technology"
"NVDA","2020-06-03",8.73525047302246,8.83162287401527,8.66602193586375,8.7877950429201,365440000,"NVDA",-0.00631712282014241,20.6125187352895,"Technology"
"NVDA","2020-06-04",8.73624515533447,8.9123843803398,8.64755161642171,8.69787724504937,424280000,"NVDA",0.000113869924518324,20.614865881242,"Technology"
"NVDA","2020-06-05",8.88921642303467,8.96595035517238,8.67794815889856,8.76414980755789,481748000,"NVDA",0.0175099559341909,20.9758312744118,"Technology"
"NVDA","2020-06-08",8.77461528778076,8.85907205001529,8.65577650894417,8.84661537611743,387736000,"NVDA",-0.0128921526712906,20.7054076552149,"Technology"
"NVDA","2020-06-09",9.01478481292725,9.07831509914022,8.72105263393661,8.76963433798668,468488000,"NVDA",0.0273709464483231,21.2721342593365,"Technology"
"NVDA","2020-06-10",9.33442497253418,9.46721536052286,9.1219107417507,9.13611231749496,632180000,"NVDA",0.0354573255202463,22.0263872482802,"Technology"
"NVDA","2020-06-11",8.76589488983154,9.22928939799563,8.75568017087114,9.11842339263582,583652000,"NVDA",-0.0609068136897015,20.6848301838919,"Technology"
"NVDA","2020-06-12",8.90167427062988,9.15554539189167,8.67321544664996,9.13088104621461,570908000,"NVDA",0.015489505920935,21.0052279834989,"Technology"
"NVDA","2020-06-15",9.14209079742432,9.15056156228671,8.71357444745507,8.78482847245151,400004000,"NVDA",0.027008012143026,21.5725374359442,"Technology"
"NVDA","2020-06-16",9.03720474243164,9.23477136203713,8.80824791458706,9.19316548428453,535716000,"NVDA",-0.011472873910006,21.3250384340228,"Technology"
"NVDA","2020-06-17",9.20412635803223,9.26690866950205,9.03894786426779,9.08229864167295,408304000,"NVDA",0.018470491745844,21.7189223803982,"Technology"
"NVDA","2020-06-18",9.18618679046631,9.2504640403999,9.0830436298673,9.19515555434819,254408000,"NVDA",-0.00194907880097306,21.6765904892066,"Technology"
"NVDA","2020-06-19",9.22929096221924,9.41240703255636,9.19540884392952,9.21060642474271,524160000,"NVDA",0.00469228121919581,21.7783031476553,"Technology"
"NVDA","2020-06-22",9.49387550354004,9.49836036307446,9.24125027525352,9.26790853122738,398468000,"NVDA",0.0286679163549937,22.402641720646,"Technology"
"NVDA","2020-06-23",9.41738891601562,9.60922473407461,9.37503603494998,9.5180402090355,375108000,"NVDA",-0.00805641357903777,22.2221567736814,"Technology"
"NVDA","2020-06-24",9.20362949371338,9.52352185178082,9.11294297112036,9.4435480494765,449372000,"NVDA",-0.0226983746990333,21.7177499326117,"Technology"
"NVDA","2020-06-25",9.45725345611572,9.4722020390613,9.15056563311657,9.32346701261446,376072000,"NVDA",0.0275569505025799,22.3162248925321,"Technology"
"NVDA","2020-06-26",9.12340545654297,9.4672151136185,9.0935092538704,9.4672151136185,592084000,"NVDA",-0.0353007351576122,21.5284457478831,"Technology"
"NVDA","2020-06-29",9.16825199127197,9.17273685020403,8.86928705615133,9.13810678244257,342248000,"NVDA",0.00491554770229373,21.6342698499131,"Technology"
"NVDA","2020-06-30",9.4649715423584,9.49337278748654,9.23451982497095,9.28185555031217,367892000,"NVDA",0.03236380843032,22.3344372148655,"Technology"
"NVDA","2020-07-01",9.49711132049561,9.54270405125334,9.38051546475277,9.48789355434341,326648000,"NVDA",0.00339565502055368,22.4102772587254,"Technology"
"NVDA","2020-07-02",9.57907867431641,9.70389630260569,9.54519561217127,9.60573597292824,364056000,"NVDA",0.00863076687791455,22.6036951374149,"Technology"
"NVDA","2020-07-06",9.80529689788818,9.87455704089892,9.67898428705433,9.70813349730575,315892000,"NVDA",0.0236158644545135,23.1375009379513,"Technology"
"NVDA","2020-07-07",9.83768558502197,10.035251304374,9.81675814063034,9.91192859267091,357800000,"NVDA",0.00330318270533601,23.2139283308942,"Technology"
"NVDA","2020-07-08",10.1807460784912,10.1897157966689,9.9311107813618,9.95926303733347,365480000,"NVDA",0.0348720733656657,24.0234461427545,"Technology"
"NVDA","2020-07-09",10.4727325439453,10.5335218995013,10.1981830168583,10.3444270211044,494548000,"NVDA",0.0286802620557426,24.7124448736107,"Technology"
"NVDA","2020-07-10",10.4430894851685,10.6184818093061,10.3429361714021,10.5522115680037,497676000,"NVDA",-0.00283049897937031,24.6424963236182,"Technology"
"NVDA","2020-07-13",10.0175628662109,10.7550091390029,9.99040660817396,10.5584403699805,457076000,"NVDA",-0.0407471964653624,23.6383836845227,"Technology"
"NVDA","2020-07-14",10.3411912918091,10.366852594336,9.75173213658674,10.0402333765026,542676000,"NVDA",0.0323061037819625,24.4020477610728,"Technology"
"NVDA","2020-07-15",10.1919555664062,10.3969950306719,10.0210472125315,10.378310497765,403984000,"NVDA",-0.0144311928086116,24.0498971049078,"Technology"
"NVDA","2020-07-16",10.0997762680054,10.1715273539981,9.86135171543813,9.98043949151293,344964000,"NVDA",-0.00904431910051801,23.8323821611564,"Technology"
"NVDA","2020-07-17",10.1662940979004,10.2131318303315,10.052937148532,10.1902114400744,266284000,"NVDA",0.00658606964450672,23.9893438898642,"Technology"
"NVDA","2020-07-20",10.4744787216187,10.4949081615224,10.1217002337833,10.2387950622007,284852000,"NVDA",0.0303143525802495,24.7165653187104,"Technology"
"NVDA","2020-07-21",10.292857170105,10.5235589101176,10.2512512908144,10.4767202204799,277036000,"NVDA",-0.0173394358173468,24.2879940207414,"Technology"
"NVDA","2020-07-22",10.4027252197266,10.5659097999201,10.2559832175855,10.3317211477723,367292000,"NVDA",0.0106742032659977,24.5472490058421,"Technology"
"NVDA","2020-07-23",10.0947933197021,10.5106031050608,9.99663298417135,10.4139377224059,411660000,"NVDA",-0.0296010798632349,23.8206239275975,"Technology"
"NVDA","2020-07-24",10.1593179702759,10.3289803636784,9.74325925089576,9.84092061962778,473292000,"NVDA",0.0063918743584177,23.9728823628818,"Technology"
"NVDA","2020-07-27",10.3855361938477,10.40571568118,10.1824887154138,10.1969392925762,292132000,"NVDA",0.0222670679501957,24.5066881634181,"Technology"
"NVDA","2020-07-28",10.1802473068237,10.3461728247984,10.1740194451191,10.3384500101773,271636000,"NVDA",-0.0197668067581853,24.0222691942088,"Technology"
"NVDA","2020-07-29",10.429386138916,10.4799607932752,10.3112952951302,10.3548941350951,284508000,"NVDA",0.024472768154197,24.6101606187363,"Technology"
"NVDA","2020-07-30",10.5773696899414,10.5863384546164,10.2597193675531,10.3391941982388,308880000,"NVDA",0.0141890950295922,24.9593565264491,"Technology"
"NVDA","2020-07-31",10.5781183242798,10.729345196481,10.3969952484183,10.52679573185,386080000,"NVDA",7.07769852358307e-05,24.9611230744575,"Technology"
"NVDA","2020-08-03",10.9722547531128,11.0604493707383,10.6782726943612,10.6954632270567,412720000,"NVDA",0.0372595972885227,25.891164468081,"Technology"
"NVDA","2020-08-04",11.189003944397,11.189003944397,10.868364584294,11.0118677074248,310336000,"NVDA",0.019754298105655,26.402626249286,"Technology"
"NVDA","2020-08-05",11.2477998733521,11.3325065809407,11.1277161001251,11.2051979943411,249924000,"NVDA",0.00525479562320835,26.541366654142,"Technology"
"NVDA","2020-08-06",11.2963781356812,11.3188005206027,11.1401693926111,11.3105787577088,244316000,"NVDA",0.00431891239852086,26.6559964916582,"Technology"
"NVDA","2020-08-07",11.1608514785767,11.4650482517914,10.9994108245198,11.2734614407154,342516000,"NVDA",-0.0119973548580507,26.3361950426529,"Technology"
"NVDA","2020-08-10",11.1264696121216,11.3688800513478,10.8190339549053,11.2951360179552,427796000,"NVDA",-0.00308057736643789,26.2550643562864,"Technology"
"NVDA","2020-08-11",10.812557220459,11.0983174915741,10.7584937215693,11.0355342267963,354512000,"NVDA",-0.0282131172425627,25.5143271473914,"Technology"
"NVDA","2020-08-12",11.4007701873779,11.4274274855932,10.9204332156441,10.9528213245206,464412000,"NVDA",0.0544009113594292,26.9023297969322,"Technology"
"NVDA","2020-08-13",11.4035120010376,11.6813005005482,11.3165633291892,11.5061562538974,374460000,"NVDA",0.000240493722319173,26.9087996383641,"Technology"
"NVDA","2020-08-14",11.524094581604,11.6643588070339,11.4010208899581,11.4902115149042,366436000,"NVDA",0.0105741617630985,27.1933376385909,"Technology"
"NVDA","2020-08-17",12.2944269180298,12.366925960878,11.7764708478818,11.8103529644015,621300000,"NVDA",0.0668453674144144,29.0110862842668,"Technology"
"NVDA","2020-08-18",12.2184381484985,12.4528767755774,12.044540832044,12.4070350419118,503448000,"NVDA",-0.00618074921571272,28.8317760354683,"Technology"
"NVDA","2020-08-19",12.0966100692749,12.2725003341016,12.0562491967183,12.2540648013274,622624000,"NVDA",-0.00997083896836714,28.5442990394466,"Technology"
"NVDA","2020-08-20",12.099100112915,12.3322927631742,11.8377552144482,11.9336735792652,921388000,"NVDA",0.000205846400427618,28.5501747806566,"Technology"
"NVDA","2020-08-21",12.6397314071655,12.7645490510933,12.1531655557759,12.1596433685358,999868000,"NVDA",0.0446835954083393,29.8258992393929,"Technology"
"NVDA","2020-08-24",12.6763525009155,12.8679392963777,12.4643362685532,12.8392880945621,490564000,"NVDA",0.00289729999557105,29.9123138171271,"Technology"
"NVDA","2020-08-25",12.706000328064,12.7172110486401,12.5303581026391,12.5871615578878,289076000,"NVDA",0.00233882949738864,29.9822736190177,"Technology"
"NVDA","2020-08-26",12.7289209365845,12.8240913644275,12.6339995091518,12.7550802354229,321244000,"NVDA",0.00180392003216643,30.036359243009,"Technology"
"NVDA","2020-08-27",12.5846700668335,12.8056550667187,12.5231327553422,12.7373909430154,317604000,"NVDA",-0.0113325293219775,29.6959713211621,"Technology"
"NVDA","2020-08-28",13.1023797988892,13.1026287993369,12.5988733325023,12.6312614479889,537160000,"NVDA",0.0411381251400521,30.9176079055275,"Technology"
"NVDA","2020-08-31",13.3283424377441,13.5281500119316,12.9927545929285,13.1372536773143,500840000,"NVDA",0.0172459234370643,31.4508106043234,"Technology"
"NVDA","2020-09-01",13.7774248123169,13.9496296815089,13.3941365741427,13.4374993727275,511316000,"NVDA",0.0336937902571449,32.5105076202426,"Technology"
"NVDA","2020-09-02",14.3012714385986,14.6803226348358,13.8561783043863,14.6573944300238,874012000,"NVDA",0.0380221001687793,33.7466253975173,"Technology"
"NVDA","2020-09-03",12.9744663238525,13.8407261252285,12.8381472326875,13.7851519937763,945128000,"NVDA",-0.0927753256374879,30.6157712370964,"Technology"
"NVDA","2020-09-04",12.5827045440674,13.1334624089545,11.6678476438215,12.7434453228715,1463684000,"NVDA",-0.0301948280573925,29.6913332887478,"Technology"
"NVDA","2020-09-08",11.8754434585571,12.5104353507676,11.6673517871331,11.6975060186005,795728000,"NVDA",-0.0562089877445084,28.0224134998024,"Technology"
"NVDA","2020-09-09",12.6749124526978,12.7688650286366,12.1931854214657,12.3609050485436,736200000,"NVDA",0.0673211907353699,29.908915743888,"Technology"
"NVDA","2020-09-10",12.2729330062866,13.0240573000315,12.1286387916749,12.9482967055549,698684000,"NVDA",-0.0317145738016971,28.9603672281998,"Technology"
"NVDA","2020-09-11",12.1261491775513,12.6126105747254,11.8582462764058,12.4461372586899,636928000,"NVDA",-0.0119599633323317,28.6140022980596,"Technology"
"NVDA","2020-09-14",12.8316650390625,13.2730190818638,12.591425657125,13.0397575993962,1201744000,"NVDA",0.0581813608905066,30.2788038922848,"Technology"
"NVDA","2020-09-15",12.9500427246094,13.2568222130424,12.7873074424115,13.2381311370797,727556000,"NVDA",0.00922543451582522,30.5581390148106,"Technology"
"NVDA","2020-09-16",12.4750442504883,13.0514710893356,12.4742970257587,12.9163983361115,556384000,"NVDA",-0.036679297838797,29.437287932487,"Technology"
"NVDA","2020-09-17",12.4242076873779,12.5500599387738,11.9968093233448,12.0940017934785,792512000,"NVDA",-0.00407506074444279,29.3173291960105,"Technology"
"NVDA","2020-09-18",12.1508207321167,12.5926729935314,11.9509533158764,12.5540454655434,698460000,"NVDA",-0.022004377433176,28.6722196190488,"Technology"
"NVDA","2020-09-21",12.4777860641479,12.4830194892951,11.8669678700629,11.8874034208283,721044000,"NVDA",0.0269089092201833,29.4437577739189,"Technology"
"NVDA","2020-09-22",12.5979051589966,12.6081229338857,12.1171763427484,12.5353531351641,646452000,"NVDA",0.00962663522447844,29.7272020896464,"Technology"
"NVDA","2020-09-23",12.0855255126953,12.6868740650538,12.0411664148134,12.5358510203372,647012000,"NVDA",-0.0406718132764607,28.5181428770246,"Technology"
"NVDA","2020-09-24",12.3090686798096,12.5298707279367,11.9761220833088,12.0341888580423,731240000,"NVDA",0.0184967684590493,29.0456363627031,"Technology"
"NVDA","2020-09-25",12.8331632614136,12.8428828880988,12.2071438198686,12.4082575742954,588016000,"NVDA",0.0425779232561819,30.2823392386812,"Technology"
"NVDA","2020-09-28",12.9939050674438,13.0106025952072,12.7098037245317,12.9991384932203,573808000,"NVDA",0.0125255015272492,30.661640725064,"Technology"
"NVDA","2020-09-29",13.1840505599976,13.4003663892479,12.8924732382942,12.8967094125887,621460000,"NVDA",0.0146334371050716,31.1103259161525,"Technology"
"NVDA","2020-09-30",13.4878406524658,13.5795505970464,13.1087895499032,13.1160165243582,689184000,"NVDA",0.0230422426769211,31.8271775956706,"Technology"
"NVDA","2020-10-01",13.5715770721436,13.7193593058339,13.4183113875656,13.7146249810385,525004000,"NVDA",0.00620828951314945,32.0247699285709,"Technology"
"NVDA","2020-10-02",13.0210666656494,13.4768746620634,13.0098516409995,13.1833037807349,552496000,"NVDA",-0.0405634808370278,30.7257337872631,"Technology"
"NVDA","2020-10-05",13.5994892120361,13.6012336872055,13.181062344978,13.1942709215467,479820000,"NVDA",0.0444220555227355,32.0906340395377,"Technology"
"NVDA","2020-10-06",13.6931896209717,14.0974115202237,13.6219152300935,13.7863949592999,784420000,"NVDA",0.00688999472514144,32.3117383387966,"Technology"
"NVDA","2020-10-07",13.9199743270874,14.0747354055545,13.8197910750171,13.9556120030696,418084000,"NVDA",0.016561861216644,32.8468808648323,"Technology"
"NVDA","2020-10-08",13.7951183319092,14.0400939440138,13.7146234115865,14.0306233941714,378900000,"NVDA",-0.00896955642621127,32.5522589134901,"Technology"
"NVDA","2020-10-09",13.7193593978882,13.7806660523978,13.6176816915487,13.7235965235418,346892000,"NVDA",-0.00549172049113633,32.3734910061821,"Technology"
"NVDA","2020-10-12",14.1811466217041,14.3017654093343,13.8686356046634,13.9453924964276,434744000,"NVDA",0.0336595325206657,33.4631675795122,"Technology"
"NVDA","2020-10-13",14.2033271789551,14.3032613474696,13.9745509443215,14.2514252508902,344604000,"NVDA",0.00156408771749313,33.5155069089117,"Technology"
"NVDA","2020-10-14",14.0508117675781,14.2975309372653,13.9159880815514,14.2454457580943,276100000,"NVDA",-0.0107380059232131,33.1556171972043,"Technology"
"NVDA","2020-10-15",13.9259576797485,13.961594409547,13.7243448250291,13.7672094814311,267224000,"NVDA",-0.00888589854414585,32.8609997466214,"Technology"
"NVDA","2020-10-16",13.7679567337036,14.0769798296504,13.7490165808681,13.9924968420466,242392000,"NVDA",-0.011345786744325,32.4881658512909,"Technology"
"NVDA","2020-10-19",13.4551944732666,13.9394122440697,13.3644808235639,13.8591663949232,298068000,"NVDA",-0.0227166794961941,31.750142600228,"Technology"
"NVDA","2020-10-20",13.6024789810181,13.75624280986,13.46441542751,13.5406741793224,229212000,"NVDA",0.010946293496099,32.0976889796731,"Technology"
"NVDA","2020-10-21",13.4821100234985,13.7480193704027,13.4350091948044,13.5820442068132,219596000,"NVDA",-0.00884904565465628,31.813655064483,"Technology"
"NVDA","2020-10-22",13.3188762664795,13.568835305575,13.1900332336967,13.4798670757277,290480000,"NVDA",-0.0121074339798842,31.4284733361309,"Technology"
"NVDA","2020-10-23",13.5474061965942,13.5503969975533,13.2493490192652,13.4075981351076,233484000,"NVDA",0.0171583492137323,31.9677340568868,"Technology"
"NVDA","2020-10-26",13.099817276001,13.6495787989987,12.9973914061964,13.3846667371664,336896000,"NVDA",-0.033038717087097,30.9115611354657,"Technology"
"NVDA","2020-10-27",13.3545150756836,13.3996223570597,13.1499114210501,13.2640504873243,250520000,"NVDA",0.0194428513250507,31.5125700228478,"Technology"
"NVDA","2020-10-28",12.5871896743774,13.2181943358924,12.5692467743031,13.1563895345979,376520000,"NVDA",-0.0574581253574177,29.7019168241406,"Technology"
"NVDA","2020-10-29",12.9829378128052,13.151155583949,12.7098015187322,12.7980225167959,320080000,"NVDA",0.0314405477843336,30.6357613593363,"Technology"
"NVDA","2020-10-30",12.4944829940796,12.8957131868973,12.261220547785,12.8094866888704,416820000,"NVDA",-0.0376228266489746,29.4831574204546,"Technology"
"NVDA","2020-11-02",12.541088104248,12.7962805992989,12.3559236963335,12.617845017655,299652000,"NVDA",0.00373005511236763,29.5931312225195,"Technology"
"NVDA","2020-11-03",12.9784526824951,13.0636828874693,12.5630166324748,12.6684333138906,272900000,"NVDA",0.034874531987294,30.6251778239435,"Technology"
"NVDA","2020-11-04",13.7507610321045,13.7839070125095,13.2949529408135,13.3470381233532,410228000,"NVDA",0.0595069665470243,32.4475892562096,"Technology"
"NVDA","2020-11-05",14.1153583526611,14.2937939298054,13.9468914771975,14.1178510034151,319028000,"NVDA",0.0265147012376551,33.3079273912201,"Technology"
"NVDA","2020-11-06",14.5160884857178,14.542753759133,13.8511916185718,14.0652638825707,383348000,"NVDA",0.028389653528073,34.2535279095951,"Technology"
"NVDA","2020-11-09",13.5877752304077,14.6451809486513,13.5678387799396,14.5066192430281,582976000,"NVDA",-0.0639506473264762,32.0629926265609,"Technology"
"NVDA","2020-11-10",12.7297391891479,13.563601087866,12.588435764037,13.563601087866,644068000,"NVDA",-0.0631476475515719,30.0382900687302,"Technology"
"NVDA","2020-11-11",13.375696182251,13.3926427826839,12.9074267988425,13.0125944008222,404744000,"NVDA",0.0507439299034267,31.5625509543967,"Technology"
"NVDA","2020-11-12",13.4143228530884,13.7225977137121,13.2740166846407,13.436502877183,365812000,"NVDA",0.00288782507550212,31.6536980804896,"Technology"
"NVDA","2020-11-13",13.2550792694092,13.6256571535783,13.0180787564759,13.5842878968994,346312000,"NVDA",-0.0118711608050001,31.2779319405032,"Technology"
"NVDA","2020-11-16",13.4726400375366,13.606466469394,13.1145225935524,13.1309700940856,413776000,"NVDA",0.0164133886871232,31.791308794772,"Technology"
"NVDA","2020-11-17",13.3799343109131,13.5533855391026,13.2618081417841,13.5097736571106,312028000,"NVDA",-0.00688103640899217,31.5725516414657,"Technology"
"NVDA","2020-11-18",13.3864107131958,13.5628526979141,13.1434296095516,13.4227956100219,510924000,"NVDA",0.000484038421431747,31.5878339695228,"Technology"
"NVDA","2020-11-19",13.397876739502,13.4449775670444,13.0586994451444,13.1710940265928,565936000,"NVDA",0.000856542246597109,31.6148902837962,"Technology"
"NVDA","2020-11-20",13.0464868545532,13.4519541631767,13.0238077298603,13.4115821650071,341088000,"NVDA",-0.0262272815148912,30.7857176562607,"Technology"
"NVDA","2020-11-23",13.0985736846924,13.3403085051748,12.9744659237513,13.1297251623904,361356000,"NVDA",0.00399240276097637,30.9086266404302,"Technology"
"NVDA","2020-11-24",12.9168968200684,13.1205022398257,12.8443760967175,13.1010639404398,346500000,"NVDA",-0.0138699730976312,30.4799248204427,"Technology"
"NVDA","2020-11-25",13.1930236816406,13.227664107698,12.9789514005047,12.9914118007554,259916000,"NVDA",0.0213771825709144,31.131499738077,"Technology"
"NVDA","2020-11-27",13.2194395065308,13.3652291323894,13.1289758814944,13.3328313321244,167276000,"NVDA",0.00200225706612631,31.1938330034067,"Technology"
"NVDA","2020-11-30",13.3592491149902,13.3702150667593,12.931352638422,13.2231800489557,286952000,"NVDA",0.010576061745311,31.5237409073236,"Technology"
"NVDA","2020-12-01",13.3477840423584,13.4860966642215,13.1865432205222,13.4497117650767,296948000,"NVDA",-0.000858212354088909,31.4966868434299,"Technology"
"NVDA","2020-12-02",13.5017976760864,13.6303906799393,13.1925255411345,13.3084090698161,283360000,"NVDA",0.0115385170481688,31.8601119015336,"Technology"
"NVDA","2020-12-03",13.3577098846436,13.620955227907,13.2909019548917,13.5486622277135,199520000,"NVDA",-0.0106717486737393,31.5201087946032,"Technology"
"NVDA","2020-12-04",13.5194978713989,13.5212428618943,13.3504819909064,13.4100608162556,202244000,"NVDA",0.0121119554289293,31.9018789474385,"Technology"
"NVDA","2020-12-07",13.5678577423096,13.6920021613087,13.461413326917,13.5623736225654,223244000,"NVDA",0.00357704637928542,32.0159934480198,"Technology"
"NVDA","2020-12-08",13.3118419647217,13.5598806942692,13.2435372415235,13.5461699199323,271920000,"NVDA",-0.018869285221759,31.4118745359912,"Technology"
"NVDA","2020-12-09",12.8937902450562,13.3756586485929,12.8314688872871,13.2624834204408,401300000,"NVDA",-0.0314044983987509,30.4254003724239,"Technology"
"NVDA","2020-12-10",12.935173034668,13.0313976164534,12.8127735940688,12.8322185900006,207764000,"NVDA",0.00320951317070508,30.5230510956431,"Technology"
"NVDA","2020-12-11",12.9760551452637,12.9827859585394,12.7863485329432,12.9301861457786,209264000,"NVDA",0.00316053836204075,30.6195203695575,"Technology"
"NVDA","2020-12-14",13.2707090377808,13.3504802934115,13.040120222256,13.050590163897,270156000,"NVDA",0.0227075092713859,31.3148134122346,"Technology"
"NVDA","2020-12-15",13.3223123550415,13.4255159378214,13.1490590563538,13.4013352205536,193016000,"NVDA",0.00388851244600656,31.4365814539324,"Technology"
"NVDA","2020-12-16",13.2046480178833,13.3988411782279,13.1747330850293,13.3841328602658,223116000,"NVDA",-0.00883212568677508,31.1589296153687,"Technology"
"NVDA","2020-12-17",13.3031158447266,13.3412564806548,13.1408308052091,13.3285423013798,231384000,"NVDA",0.00745705805333886,31.3912835623904,"Technology"
"NVDA","2020-12-18",13.2340650558472,13.366684324788,13.0331410626163,13.3407586175663,342064000,"NVDA",-0.00519057262113272,31.2283448253893,"Technology"
"NVDA","2020-12-21",13.2941436767578,13.3317860239187,12.9304362890775,13.0373799623221,302332000,"NVDA",0.00453969514711583,31.3701119908456,"Technology"
"NVDA","2020-12-22",13.2402992248535,13.2991306123901,13.0166903126962,13.2811824080717,185580000,"NVDA",-0.0040502384518706,31.2430555570208,"Technology"
"NVDA","2020-12-23",12.9720668792725,13.237057248843,12.9678294525724,13.2181115010547,179144000,"NVDA",-0.0202587827530025,30.6101092819511,"Technology"
"NVDA","2020-12-24",12.9566097259521,13.0949632144189,12.9017675784962,12.9999853371243,97884000,"NVDA",-0.00119157212679892,30.5736351289324,"Technology"
"NVDA","2020-12-28",12.8631277084351,13.025163617065,12.7267693096049,13.025163617065,212564000,"NVDA",-0.00721500604667014,30.3530461666085,"Technology"
"NVDA","2020-12-29",12.9062528610229,13.0351339391796,12.8055417256699,12.8880555135061,170372000,"NVDA",0.00335261792974434,30.454808333409,"Technology"
"NVDA","2020-12-30",13.10817527771,13.1759807521503,12.8598874027397,12.9531193357525,225396000,"NVDA",0.0156453169530577,30.9312834625298,"Technology"
"NVDA","2020-12-31",13.0176868438721,13.1134121776957,12.8780866458784,13.0989539559513,192424000,"NVDA",-0.0069032059703812,30.7177584418598,"Technology"
"NVDA","2021-01-04",13.0760192871094,13.6134792537496,12.9254508449977,13.0667960369118,560640000,"NVDA",0.00448101447952437,30.8554051622163,"Technology"
"NVDA","2021-01-05",13.3664360046387,13.4050749439011,13.0495942302203,13.0623074606544,322760000,"NVDA",0.0222098722212498,31.540699768204,"Technology"
"NVDA","2021-01-06",12.578444480896,13.2071421860085,12.5500263369999,13.184706458899,580424000,"NVDA",-0.0589530016430118,29.6812808429473,"Technology"
"NVDA","2021-01-07",13.3058595657349,13.3395136328108,12.8496677030659,12.9304355621511,461480000,"NVDA",0.0578302894243924,31.3977579045816,"Technology"
"NVDA","2021-01-08",13.2388000488281,13.3826376485394,13.0047212512735,13.3243055237194,292528000,"NVDA",-0.00503984854006947,31.2395179602448,"Technology"
"NVDA","2021-01-11",13.5825662612915,13.9210963089104,13.3243067249469,13.3803955675856,518344000,"NVDA",0.0259665688125419,32.0507010530301,"Technology"
"NVDA","2021-01-12",13.4462070465088,13.7151866277353,13.3068569582167,13.7131915378253,291476000,"NVDA",-0.0100392821326645,31.7289350226091,"Technology"
"NVDA","2021-01-13",13.4930734634399,13.5860572114391,13.3467434043827,13.4514428383642,210028000,"NVDA",0.0034854748829203,31.8395254286922,"Technology"
"NVDA","2021-01-14",13.1625185012817,13.5608764767777,13.1428253116054,13.5361974648273,283120000,"NVDA",-0.0244981221701531,31.0595168449004,"Technology"
"NVDA","2021-01-15",12.8227434158325,13.2871618964578,12.8117751768281,13.1901898829123,277780000,"NVDA",-0.0258138353549993,30.2577515908603,"Technology"
"NVDA","2021-01-19",12.9880199432373,13.0565728623353,12.8072874453643,12.9790448922525,226188000,"NVDA",0.0128893265695947,30.6477536323765,"Technology"
"NVDA","2021-01-20",13.3275508880615,13.3921155505461,13.0194339973975,13.0742761602983,258572000,"NVDA",0.026141855826223,31.4489427892317,"Technology"
"NVDA","2021-01-21",13.8278636932373,13.9592372269288,13.2151200346479,13.3801466844002,337780000,"NVDA",0.0375397407504141,32.6295279484141,"Technology"
"NVDA","2021-01-22",13.673303604126,13.8021846789125,13.5882973829022,13.7007251498656,246820000,"NVDA",-0.0111774380005581,32.2648134227832,"Technology"
"NVDA","2021-01-25",13.6142244338989,13.7889735672151,13.1986656828753,13.7423571250352,251112000,"NVDA",-0.00432076782155436,32.1254046551776,"Technology"
"NVDA","2021-01-26",13.3968515396118,13.6057521371407,13.3492375402752,13.5416857750615,163980000,"NVDA",-0.0159666013545258,31.6124711256956,"Technology"
"NVDA","2021-01-27",12.8808279037476,13.1949271293898,12.7571817818318,13.1921845940455,371272000,"NVDA",-0.0385182768009692,30.3948132125134,"Technology"
"NVDA","2021-01-28",13.0136947631836,13.3016200490219,12.9234535694175,12.959101769876,228316000,"NVDA",0.0103150869205681,30.7083383527349,"Technology"
"NVDA","2021-01-29",12.9526252746582,13.2966395328215,12.8745989811961,13.0376315317284,271552000,"NVDA",-0.00469270946004968,30.5642330428446,"Technology"
"NVDA","2021-02-01",13.199164390564,13.2328175025931,12.8658693475913,13.0159394615372,217204000,"NVDA",0.0190339109391295,31.1459899325049,"Technology"
"NVDA","2021-02-02",13.5180015563965,13.5332072223608,13.2475261371817,13.3604531693643,220440000,"NVDA",0.024155859901287,31.8983481018014,"Technology"
"NVDA","2021-02-03",13.4918270111084,13.8919300286874,13.4778670873119,13.5970247365895,245408000,"NVDA",-0.00193627328558049,31.8365841825177,"Technology"
"NVDA","2021-02-04",13.6251945495605,13.63441779885,13.2996278285839,13.4923251753491,201340000,"NVDA",0.00988506140364394,32.1512907720442,"Technology"
"NVDA","2021-02-05",13.552152633667,13.6979853319988,13.5070320319882,13.6857703992606,169152000,"NVDA",-0.00536079801487389,31.9789341962978,"Technology"
"NVDA","2021-02-08",14.3974800109863,14.4323798183924,13.6880135228944,13.6880135228944,434624000,"NVDA",0.062375874901182,33.9736481951992,"Technology"
"NVDA","2021-02-09",14.2224817276001,14.5415667678603,14.1818477011525,14.2997596008796,287560000,"NVDA",-0.012154785646703,33.56070578375,"Technology"
"NVDA","2021-02-10",14.7220478057861,14.8623954188123,14.3005066697762,14.4219085389745,485352000,"NVDA",0.035125098963325,34.7395288956833,"Technology"
"NVDA","2021-02-11",15.2071599960327,15.2285991306587,14.8823416535357,14.9374339057167,450828000,"NVDA",0.0329514070763933,35.8842452539671,"Technology"
"NVDA","2021-02-12",14.9184865951538,15.2475432807777,14.732768268451,15.0069828071032,374756000,"NVDA",-0.0189827292508408,35.2030643419402,"Technology"
"NVDA","2021-02-16",15.2864332199097,15.3285630933637,14.9072700645149,15.0211937003813,321960000,"NVDA",0.0246638036914136,36.0713058102061,"Technology"
"NVDA","2021-02-17",14.8633937835693,15.1799863760681,14.7377535306774,15.1276357159766,274756000,"NVDA",-0.0276741755420976,35.0730621611817,"Technology"
"NVDA","2021-02-18",14.7866144180298,14.8307374732283,14.5333397699012,14.6868998698282,233868000,"NVDA",-0.00516566853153189,34.8918863476713,"Technology"
"NVDA","2021-02-19",14.8838348388672,15.1336185429592,14.8043127331254,14.9815542924455,271724000,"NVDA",0.00657489389314557,35.1212967981389,"Technology"
"NVDA","2021-02-22",14.31471824646,15.0899961355157,14.284055862735,14.7325203267456,325884000,"NVDA",-0.0382372284138126,33.7783557502792,"Technology"
"NVDA","2021-02-23",14.1015768051147,14.1980505142576,13.3512272132564,14.0350170779187,391780000,"NVDA",-0.0148896707343803,33.2754071552087,"Technology"
"NVDA","2021-02-24",14.4575595855713,14.4652879447806,13.7166831449293,14.0823856412608,448320000,"NVDA",0.0252441826454064,34.1154176110351,"Technology"
"NVDA","2021-02-25",13.2694635391235,14.3336633080336,13.178474888235,14.0053540566867,824436000,"NVDA",-0.0821781877789028,31.3118744164398,"Technology"
"NVDA","2021-02-26",13.6753005981445,13.8148998308804,13.3228106335896,13.7131911392097,500932000,"NVDA",0.0305842853273179,32.2695257177253,"Technology"
"NVDA","2021-03-01",13.8021869659424,13.8851990622955,13.5145117383648,13.8353417845937,353184000,"NVDA",0.00927850666880899,32.5689387272965,"Technology"
"NVDA","2021-03-02",13.3679313659668,13.8807113046692,13.3577105719064,13.8602697165484,264116000,"NVDA",-0.0314628110057583,31.5442283634615,"Technology"
"NVDA","2021-03-03",12.7681512832642,13.413052208921,12.7621679154394,13.3878748970125,377592000,"NVDA",-0.0448670827432289,30.1289308594067,"Technology"
"NVDA","2021-03-04",12.3348903656006,12.9379123668829,12.0492093260624,12.7641598457565,573344000,"NVDA",-0.0339329404900982,29.1065676415242,"Technology"
"NVDA","2021-03-05",12.4258813858032,12.5141284485354,11.645866892554,12.5141284485354,542840000,"NVDA",0.00737671900646896,29.3212786122585,"Technology"
"NVDA","2021-03-08",11.5601119995117,12.4356016222849,11.5334378990469,12.4144125917482,543112000,"NVDA",-0.0696746861981686,27.2783277260203,"Technology"
"NVDA","2021-03-09",12.4887733459473,12.5850301811918,12.0289318977752,12.0997534966676,521824000,"NVDA",0.080333248196451,29.4696843976188,"Technology"
"NVDA","2021-03-10",12.4369039535522,12.9473666366848,12.4261811626802,12.808217687288,384376000,"NVDA",-0.00415328158804737,29.3472885000046,"Technology"
"NVDA","2021-03-11",12.9608306884766,13.0134486471233,12.7024820574631,12.9174401121608,299916000,"NVDA",0.0421267814627347,30.5835953091682,"Technology"
"NVDA","2021-03-12",12.8236780166626,12.8563458075787,12.5583469864039,12.6164500119816,243964000,"NVDA",-0.0105820896137396,30.2599569628962,"Technology"
"NVDA","2021-03-15",13.1580858230591,13.1735469231149,12.7351520114308,12.8324067351927,221988000,"NVDA",0.026077370779426,31.0490570803871,"Technology"
"NVDA","2021-03-16",13.2578353881836,13.4785287365078,13.0837736253319,13.3229207910077,272128000,"NVDA",0.00758085685607128,31.2844355376295,"Technology"
"NVDA","2021-03-17",13.3077087402344,13.4194266702726,12.9568427136547,13.0069664317375,243864000,"NVDA",0.00376180202804692,31.4021213906813,"Technology"
"NVDA","2021-03-18",12.6905164718628,13.1508564641653,12.6850304582497,13.1034762179322,293896000,"NVDA",-0.0463785524930802,29.9457364553695,"Technology"
"NVDA","2021-03-19",12.8134546279907,12.8890145365934,12.5807913717142,12.7179454956274,299208000,"NVDA",0.00968740369239551,30.2358328932787,"Technology"
"NVDA","2021-03-22",13.1530990600586,13.3608255582539,12.8743017247977,12.8802871580916,297804000,"NVDA",0.0265068587612528,31.0372898453097,"Technology"
"NVDA","2021-03-23",13.0378913879395,13.3109525548819,12.9885153628629,13.2209294211357,222048000,"NVDA",-0.00875897547742086,30.765434984669,"Technology"
"NVDA","2021-03-24",12.6112155914307,13.1261683658572,12.6049818744775,13.1181881046761,245840000,"NVDA",-0.0327258284191169,29.7586106381213,"Technology"
"NVDA","2021-03-25",12.5037364959717,12.6827858171282,12.2411488992015,12.4680769334763,295144000,"NVDA",-0.00852250083901639,29.5049928539899,"Technology"
"NVDA","2021-03-26",12.8069705963135,12.8239280546682,12.3423917919534,12.5229364983406,363968000,"NVDA",0.0242514787831213,30.2205325621846,"Technology"
"NVDA","2021-03-29",12.915696144104,13.0296590866071,12.6680702709818,12.7880176948813,273520000,"NVDA",0.00848956019480706,30.4770915924904,"Technology"
"NVDA","2021-03-30",12.8393907546997,12.9426309246563,12.6730600039541,12.8097156745195,200204000,"NVDA",-0.00590795792599458,30.2970342176553,"Technology"
"NVDA","2021-03-31",13.3146905899048,13.4366328366301,12.9498598363448,12.9827768610541,314776000,"NVDA",0.03701887763102,31.4185964199415,"Technology"
"NVDA","2021-04-01",13.7770280838013,13.8351311199355,13.4772826642654,13.5381301339897,308276000,"NVDA",0.0347238631475995,32.5095714623172,"Technology"
"NVDA","2021-04-05",13.9523363113403,13.978769440522,13.6984757235542,13.8326380995218,255672000,"NVDA",0.0127246766481652,32.9232452471456,"Technology"
"NVDA","2021-04-06",13.8266487121582,14.0189140704437,13.7388706193565,13.9645514691764,191744000,"NVDA",-0.00900835504373351,32.6266609647674,"Technology"
"NVDA","2021-04-07",14.1079425811768,14.2076906034318,13.6770284995112,13.8458525289763,251284000,"NVDA",0.0203443274559514,33.2904284392289,"Technology"
"NVDA","2021-04-08",14.2810049057007,14.4351164728531,14.2131750783235,14.2169164492294,244416000,"NVDA",0.012267013671776,33.6988025800322,"Technology"
"NVDA","2021-04-09",14.3637962341309,14.3717764940394,14.1393624827931,14.1782639905654,195172000,"NVDA",0.00579730410967979,33.8941647867207,"Technology"
"NVDA","2021-04-12",15.1707630157471,15.3139025727304,14.1037026185808,14.2538245465742,869324000,"NVDA",0.0561806063287586,35.7983595154456,"Technology"
"NVDA","2021-04-13",15.6400756835938,15.6605243218119,15.0877179736601,15.1932021635604,676212000,"NVDA",0.0309353370927711,36.9057938344241,"Technology"
"NVDA","2021-04-14",15.2385911941528,15.6809757185169,15.1892151821773,15.5857158309682,385500000,"NVDA",-0.025670239554024,35.958413265763,"Technology"
"NVDA","2021-04-15",16.0966796875,16.1734857643249,15.5922005563427,15.6231227551695,598480000,"NVDA",0.0563102246404788,37.9832395944733,"Technology"
"NVDA","2021-04-16",15.8724956512451,16.1251090913,15.8253636940354,16.012641545242,335208000,"NVDA",-0.0139273465464418,37.4542338536845,"Technology"
"NVDA","2021-04-19",15.3231287002563,15.7677582768524,15.1947025426177,15.4974396888163,404420000,"NVDA",-0.0346112522604896,36.1578959175513,"Technology"
"NVDA","2021-04-20",15.1331071853638,15.4580375920881,14.9253807163666,15.2847245058632,334132000,"NVDA",-0.0124009605746768,35.7095032758144,"Technology"
"NVDA","2021-04-21",15.3218822479248,15.3238770750977,15.0642812826015,15.0807393202353,216776000,"NVDA",0.0124743094890395,36.1549546713768,"Technology"
"NVDA","2021-04-22",14.8129138946533,15.3996850822468,14.7463311917259,15.3363443299655,277788000,"NVDA",-0.0332183960844901,34.9539450666863,"Technology"
"NVDA","2021-04-23",15.2268705368042,15.2964450049479,14.8627884427814,14.8967024049323,227500000,"NVDA",0.0279456591116955,35.9307561001288,"Technology"
"NVDA","2021-04-26",15.4390878677368,15.4400857570699,15.0869756246804,15.1468252027451,197796000,"NVDA",0.0139370286507445,36.4315240773392,"Technology"
"NVDA","2021-04-27",15.3430767059326,15.6311004149214,15.3158949297659,15.5393317173283,164572000,"NVDA",-0.00621870687094375,36.2049671082405,"Technology"
"NVDA","2021-04-28",15.2383413314819,15.4931997536154,15.1772455904867,15.3258711472265,209416000,"NVDA",-0.00682623025733725,35.9578236663003,"Technology"
"NVDA","2021-04-29",15.2862243652344,15.3976930817899,15.0336109000894,15.3612848636199,173196000,"NVDA",0.00314227334267126,36.0708129770674,"Technology"
"NVDA","2021-04-30",14.9717645645142,15.3263710320744,14.9592961806885,15.1363506556092,201912000,"NVDA",-0.020571450032841,35.3287840502657,"Technology"
"NVDA","2021-05-03",14.7994499206543,15.2084190140724,14.7503240869512,15.0869752196053,203912000,"NVDA",-0.0115093076114943,34.9221742070912,"Technology"
"NVDA","2021-05-04",14.3151702880859,14.6007007624587,13.97502796649,14.600451527949,405324000,"NVDA",-0.0327228130210767,33.7794224302231,"Technology"
"NVDA","2021-05-05",14.4221487045288,14.7762566669471,14.3513271120452,14.6720186296386,292024000,"NVDA",0.00747308025611863,34.0318587650495,"Technology"
"NVDA","2021-05-06",14.4864864349365,14.5346153239725,14.1822539044576,14.4588061880067,193380000,"NVDA",0.00446103640489518,34.1836761259266,"Technology"
"NVDA","2021-05-07",14.7750091552734,14.933110372752,14.6348623320974,14.7710195012677,229328000,"NVDA",0.0199166803926378,34.8645014779721,"Technology"
"NVDA","2021-05-10",14.229884147644,14.7687757201701,14.2141738135,14.7500726696338,268904000,"NVDA",-0.0368950707170852,33.5781732304264,"Technology"
"NVDA","2021-05-11",14.270281791687,14.3186599170756,13.7154306591677,13.7902419088715,285584000,"NVDA",0.0028389299325151,33.6734993114894,"Technology"
"NVDA","2021-05-12",13.7239084243774,14.2243969149532,13.67478259899,13.9742768112596,303408000,"NVDA",-0.0382874967211827,32.38422531701,"Technology"
"NVDA","2021-05-13",13.6308937072754,14.0453497284766,13.4251620548641,13.9984670094672,285404000,"NVDA",-0.00677756760142985,32.1647390407041,"Technology"
"NVDA","2021-05-14",14.2071924209595,14.2919787647884,13.7139354587079,13.8550801925125,258616000,"NVDA",0.0422788649123195,33.524627697546,"Technology"
"NVDA","2021-05-17",14.1298875808716,14.1336280011567,13.8186726270641,14.1214088509629,216980000,"NVDA",-0.00544124678524414,33.3422119248602,"Technology"
"NVDA","2021-05-18",13.9805135726929,14.3680370756207,13.9687928921366,14.231132182867,186256000,"NVDA",-0.0105714930372784,32.9897349636491,"Technology"
"NVDA","2021-05-19",14.0303897857666,14.0441052953067,13.5092032770729,13.5323944552584,3.44e+08,"NVDA",0.00356755228013584,33.1074275678398,"Technology"
"NVDA","2021-05-20",14.5757637023926,14.6468345386094,14.2346234982964,14.2665426378933,321592000,"NVDA",0.0388709027299613,34.3943431644685,"Technology"
"NVDA","2021-05-21",14.9540596008301,15.1837310961299,14.8321173404308,15.1256271139694,672992000,"NVDA",0.0259537617487174,35.2870057524627,"Technology"
"NVDA","2021-05-24",15.5727491378784,15.7054141740037,15.1378444970084,15.1742527067289,554816000,"NVDA",0.0413726809684507,36.7469237837913,"Technology"
"NVDA","2021-05-25",15.6084089279175,15.7787292999643,15.4435745681671,15.7263615217579,435408000,"NVDA",0.00228988406114662,36.8310699788599,"Technology"
"NVDA","2021-05-26",15.6605319976807,15.7540463220513,15.5470684454416,15.6946961562647,370440000,"NVDA",0.00333942235905643,36.9540644774553,"Technology"
"NVDA","2021-05-27",15.4490623474121,15.7104037506592,15.4211328625077,15.6602800282785,581476000,"NVDA",-0.0135033503523299,36.4550607978736,"Technology"
"NVDA","2021-05-28",16.2036552429199,16.2365732138345,15.4620258389628,15.4620258389628,644536000,"NVDA",0.0488439284235406,38.2356691781608,"Technology"
"NVDA","2021-06-01",16.223611831665,16.3470514176023,15.8632700654017,16.2290987965059,472804000,"NVDA",0.0012316103031035,38.2827606222667,"Technology"
"NVDA","2021-06-02",16.7360687255859,16.8762165242081,16.1946838087005,16.2113920335556,594168000,"NVDA",0.0315871027511082,39.4920021156383,"Technology"
"NVDA","2021-06-03",16.9270877838135,17.2156119383188,16.5413107974387,16.6587649433288,580008000,"NVDA",0.0114136157875303,39.9427486544665,"Technology"
"NVDA","2021-06-04",17.5340557098389,17.6165960771622,17.0525194990348,17.0694750530083,617120000,"NVDA",0.0358577880482078,41.3750072697812,"Technology"
"NVDA","2021-06-07",17.5747051239014,17.7677191802807,17.1495281670017,17.5270765986436,575756000,"NVDA",0.00231831213127094,41.4709274510662,"Technology"
"NVDA","2021-06-08",17.4131145477295,17.5772002861083,17.2076311447744,17.4831875007149,323848000,"NVDA",-0.00919449714989038,41.089623126814,"Technology"
"NVDA","2021-06-09",17.3185787200928,17.5348344507646,17.2163139655119,17.4757199838728,381656000,"NVDA",-0.00542900165146191,40.8665474950006,"Technology"
"NVDA","2021-06-10",17.3851757049561,17.4520239211733,17.1367461307557,17.3103482536386,287772000,"NVDA",0.00384540705906867,41.0236960052177,"Technology"
"NVDA","2021-06-11",17.7845077514648,17.8982475032934,17.4038794959857,17.43954721953,416308000,"NVDA",0.0229696871222849,41.9659974670572,"Technology"
"NVDA","2021-06-14",17.9775657653809,17.9982683850617,17.6223804401717,17.8650743638556,321376000,"NVDA",0.010855403850023,42.4215553175312,"Technology"
"NVDA","2021-06-15",17.7478408813477,17.9750710924506,17.6874799723057,17.8740528227831,243032000,"NVDA",-0.0127784198946212,41.8794748711009,"Technology"
"NVDA","2021-06-16",17.7695446014404,17.9137150822874,17.5443105759377,17.7500903402776,307124000,"NVDA",0.00122289354732627,41.9306890106862,"Technology"
"NVDA","2021-06-17",18.6146068572998,18.7919502304888,17.7156670914709,17.7338748925125,809656000,"NVDA",0.0475567762040943,43.9247774040508,"Technology"
"NVDA","2021-06-18",18.596155166626,19.3307225473039,18.5415298446438,18.7410735482635,968856000,"NVDA",-0.000991247938529102,43.8812370589987,"Technology"
"NVDA","2021-06-21",18.3851356506348,18.4941369870062,17.7820173779893,18.3931167886564,672384000,"NVDA",-0.0113474809228266,43.3832955586017,"Technology"
"NVDA","2021-06-22",18.8435821533203,18.9204077319768,18.3439770669036,18.4292823656189,580144000,"NVDA",0.024935714992656,44.4650890520931,"Technology"
"NVDA","2021-06-23",19.013692855835,19.1089755301047,18.8645346514823,18.9643064775116,332356000,"NVDA",0.00902751404327198,44.8664982679463,"Technology"
"NVDA","2021-06-24",19.1616039276123,19.3756140967982,19.0446214704687,19.1838042000089,320924000,"NVDA",0.00777918697324242,45.2155231468073,"Technology"
"NVDA","2021-06-25",18.9875087738037,19.301290856814,18.8513213096877,19.2364388678583,278364000,"NVDA",-0.00908562531958605,44.8047118448663,"Technology"
"NVDA","2021-06-28",19.939323425293,20.0328591527902,19.2748452517789,19.3169983666021,495436000,"NVDA",0.0501284640775223,47.0507032330854,"Technology"
"NVDA","2021-06-29",19.9809837341309,20.0528177930183,19.6120777438879,19.8370625187128,367632000,"NVDA",0.00208935418465827,47.1490088167766,"Technology"
"NVDA","2021-06-30",19.9567852020264,20.1164193728503,19.8183522363755,19.9535425080478,326568000,"NVDA",-0.00121107811439519,47.0919076840832,"Technology"
"NVDA","2021-07-01",20.1658115386963,20.4092534335827,19.9732517896244,20.0790104572003,480136000,"NVDA",0.0104739483115095,47.5851458910566,"Technology"
"NVDA","2021-07-02",20.4401779174805,20.4583876242152,20.2413840200679,20.3935356442994,342764000,"NVDA",0.013605521317984,48.2325666078968,"Technology"
"NVDA","2021-07-06",20.6511917114258,20.7943631072693,20.3037382261158,20.6901021325172,446708000,"NVDA",0.0103234812728735,48.730494606016,"Technology"
"NVDA","2021-07-07",20.3251876831055,20.8272875637694,20.2855293892657,20.8058370700956,418428000,"NVDA",-0.0157862089934472,47.9612248338114,"Technology"
"NVDA","2021-07-08",19.8572635650635,20.0869867498212,19.6557255579481,19.8111198754091,503300000,"NVDA",-0.023021884242227,46.857067067572,"Technology"
"NVDA","2021-07-09",20.0044250488281,20.0343571700915,19.7091020170564,19.9168761155939,296624000,"NVDA",0.00741096492386603,47.204323148045,"Technology"
"NVDA","2021-07-12",20.4656181335449,20.4858202675907,20.1416094721813,20.1937399601287,321984000,"NVDA",0.0230545533596235,48.2925977348665,"Technology"
"NVDA","2021-07-13",20.2037200927734,20.4144876006887,20.068031230618,20.3538754813037,290708000,"NVDA",-0.0127969768155798,47.6745984812893,"Technology"
"NVDA","2021-07-14",19.7961521148682,20.3710851870916,19.7076060162833,20.311222848317,380100000,"NVDA",-0.0201729174643958,46.712862740978,"Technology"
"NVDA","2021-07-15",18.9229011535645,19.801638809988,18.8153974824778,19.7664696648815,550564000,"NVDA",-0.044112156556316,44.6522576265543,"Technology"
"NVDA","2021-07-16",18.1194915771484,19.113215466884,18.0316933594451,18.9870054099986,688224000,"NVDA",-0.0424569979992037,42.7564568138438,"Technology"
"NVDA","2021-07-19",18.7368278503418,18.9984774473105,17.8246661344515,17.8743037047261,749060000,"NVDA",0.0340702867166493,44.2131815564795,"Technology"
"NVDA","2021-07-20",18.5694618225098,18.7949451324799,18.1224857713228,18.6871921641838,434687000,"NVDA",-0.00893246333738281,43.8182489331972,"Technology"
"NVDA","2021-07-21",19.3656387329102,19.4823719105721,18.6991661625102,18.8388455867283,371017000,"NVDA",0.0428756050127027,45.6969828668052,"Technology"
"NVDA","2021-07-22",19.5492153167725,19.8415448977507,19.2319413540407,19.5971059416741,323826000,"NVDA",0.0094795005935091,46.1301674430127,"Technology"
"NVDA","2021-07-23",19.5133018493652,19.6549775142269,19.206005202835,19.6110774495827,195672000,"NVDA",-0.00183707974081263,46.0454226469628,"Technology"
"NVDA","2021-07-26",19.2499027252197,19.3975632725401,18.8707701783394,19.2668640683425,203943000,"NVDA",-0.0134984394839398,45.4238812958503,"Technology"
"NVDA","2021-07-27",19.1640968322754,19.5771501190686,18.698163285947,19.2209657568453,248863000,"NVDA",-0.0044574715087739,45.2214056391562,"Technology"
"NVDA","2021-07-28",19.458423614502,19.6010964192442,18.9515852931135,19.2748441552208,202191000,"NVDA",0.0153582391490983,45.9159268016207,"Technology"
"NVDA","2021-07-29",19.6170635223389,19.8076269801967,19.2838253354601,19.4743887933179,190781000,"NVDA",0.00815276257623886,46.2902684513023,"Technology"
"NVDA","2021-07-30",19.4544353485107,19.5851345610553,19.2189746684599,19.3736191961783,183497000,"NVDA",-0.00829013851349019,45.9065157140143,"Technology"
"NVDA","2021-08-02",19.7048625946045,19.9153808086278,19.3167516909786,19.6549776277127,217444000,"NVDA",0.0128725013914588,46.49744740142,"Technology"
"NVDA","2021-08-03",19.7697124481201,20.1757818200429,19.1760711297985,19.6948831028393,301811000,"NVDA",0.00329105839760496,46.6504732161576,"Technology"
"NVDA","2021-08-04",20.2276668548584,20.271566923364,19.7826850732954,19.9443155002114,231309000,"NVDA",0.0231644444976147,47.7311055137608,"Technology"
"NVDA","2021-08-05",20.5898323059082,20.6856135632815,20.295506466052,20.4531462935631,211435000,"NVDA",0.0179044599482722,48.5857051807187,"Technology"
"NVDA","2021-08-06",20.3194522857666,20.5229865112524,20.1638086901586,20.4770921171984,178497000,"NVDA",-0.0131317252187633,47.9476910507256,"Technology"
"NVDA","2021-08-09",20.2486152648926,20.4611277925854,20.0969622390323,20.3992692213535,146443000,"NVDA",-0.00348616782961436,47.7805373526803,"Technology"
"NVDA","2021-08-10",19.890438079834,20.3833085496468,19.7896671748136,20.2755555762177,179238000,"NVDA",-0.0176889718320446,46.9353487733288,"Technology"
"NVDA","2021-08-11",19.6539821624756,20.003182703725,19.3855977943575,19.9971958976435,185925000,"NVDA",-0.0118879190297035,46.3773851474806,"Technology"
"NVDA","2021-08-12",19.8595085144043,19.9832237618791,19.5751600240231,19.8245886579006,151652000,"NVDA",0.0104572371252637,46.8623644612175,"Technology"
"NVDA","2021-08-13",20.1418609619141,20.1678025144166,19.8056312667917,19.8595087047649,183063000,"NVDA",0.014217494219707,47.5286298570666,"Technology"
"NVDA","2021-08-16",19.9044055938721,20.2406352832251,19.4085398292962,20.0889822487065,210876000,"NVDA",-0.0117891474124954,46.9683078333677,"Technology"
"NVDA","2021-08-17",19.4135284423828,19.7248156326958,19.2229649928312,19.6400089127439,204585000,"NVDA",-0.0246617337641262,45.8099879302297,"Technology"
"NVDA","2021-08-18",18.9964866638184,19.5891289919149,18.9565771668742,19.4554344607393,285913000,"NVDA",-0.0214820185728826,44.825896918689,"Technology"
"NVDA","2021-08-19",19.7527523040771,20.4481598234629,18.719118863786,19.4494462389598,766555000,"NVDA",0.0398108162652629,46.6104524648445,"Technology"
"NVDA","2021-08-20",20.7684268951416,20.8173146969284,19.8874454904715,19.9453115970006,675741000,"NVDA",0.0514193959114654,49.0071337737469,"Technology"
"NVDA","2021-08-23",21.9078140258789,21.9467244478467,20.9021184410787,20.9230703531375,575807000,"NVDA",0.054861503786011,51.6957388288169,"Technology"
"NVDA","2021-08-24",21.7431907653809,21.9088117331665,21.4857810100209,21.7032831760409,297299000,"NVDA",-0.00751436269741853,51.3072782973461,"Technology"
"NVDA","2021-08-25",22.1622295379639,22.4186421109238,21.6723525390014,21.687317646197,347701000,"NVDA",0.0192721839726575,52.2960816038289,"Technology"
"NVDA","2021-08-26",22.0175609588623,22.2889386213196,21.7401964927214,22.149259221965,237940000,"NVDA",-0.00652770872414914,51.9547080157048,"Technology"
"NVDA","2021-08-27",22.5842628479004,22.6700667278288,22.1163349311249,22.1332962738427,304722000,"NVDA",0.0257386315449252,53.2919511023452,"Technology"
"NVDA","2021-08-30",22.6361503601074,22.9903386143877,22.4994643168659,22.7778260424175,262580000,"NVDA",0.00229750745271082,53.4143897571723,"Technology"
"NVDA","2021-08-31",22.3377799987793,22.6471255336981,22.0733396143588,22.6471255336981,259850000,"NVDA",-0.0131811441690171,52.7103269850829,"Technology"
"NVDA","2021-09-01",22.3936595916748,22.6491200647897,22.3098371592441,22.4375673958016,201767000,"NVDA",0.00250157324938116,52.8421857290349,"Technology"
"NVDA","2021-09-02",22.348747253418,22.5453321114466,22.2479605178107,22.4704895903893,187834000,"NVDA",-0.00200558278886818,52.7362063508106,"Technology"
"NVDA","2021-09-03",22.7948131561279,22.9375111477511,22.1531699133335,22.2779062261263,280532000,"NVDA",0.0199593246839257,53.7887854159649,"Technology"
"NVDA","2021-09-07",22.6141986846924,22.8506982827424,22.474492698692,22.7848375147205,198107000,"NVDA",-0.00792348988335499,53.3625905188836,"Technology"
"NVDA","2021-09-08",22.291877746582,22.5623059948754,21.9306399506026,22.4655104894968,254434000,"NVDA",-0.0142530337954681,52.6020117128042,"Technology"
"NVDA","2021-09-09",22.1302165985107,22.49045511257,22.0843141097458,22.2649320379226,196856000,"NVDA",-0.00725202021602134,52.2205408604596,"Technology"
"NVDA","2021-09-10",22.4305801391602,22.5782667246836,22.2230187616761,22.3008533265702,248376000,"NVDA",0.0135725531339638,52.9293069259725,"Technology"
"NVDA","2021-09-13",22.1052665710449,22.915553776755,21.8118861956465,22.6361438047887,297500000,"NVDA",-0.0145031276987477,52.1616664286189,"Technology"
"NVDA","2021-09-14",22.1950798034668,22.3627246669509,22.039408757378,22.2280092287976,199755000,"NVDA",0.00406297893460009,52.373598180512,"Technology"
"NVDA","2021-09-15",22.293872833252,22.31981896258,21.9196638694218,22.2619407461234,166538000,"NVDA",0.00445112298130711,52.606719506987,"Technology"
"NVDA","2021-09-16",22.1950798034668,22.2300058166927,21.8807437811091,22.1362042521253,156033000,"NVDA",-0.00443139828257222,52.373598180512,"Technology"
"NVDA","2021-09-17",21.8538017272949,22.2739131588069,21.783949696322,22.252957549515,294503000,"NVDA",-0.0153762941694208,51.5682863281774,"Technology"
"NVDA","2021-09-20",21.0684642791748,21.3877889541153,20.6184154230583,21.101393708407,349440000,"NVDA",-0.0359359647314475,49.7151302094268,"Technology"
"NVDA","2021-09-21",21.2011833190918,21.3798046803141,20.9058081826811,21.3718221343727,204688000,"NVDA",0.00629941689903705,50.0283065408059,"Technology"
"NVDA","2021-09-22",21.8947162628174,21.9136752846559,21.1512869750949,21.3209284425622,268726000,"NVDA",0.0327119922170125,51.6648321149991,"Technology"
"NVDA","2021-09-23",22.4345722198486,22.4874599083277,21.8438201464894,22.0932927453422,248555000,"NVDA",0.0246569058283737,52.9387270150974,"Technology"
"NVDA","2021-09-24",22.0344181060791,22.1022754475505,21.814882895226,22.0234416310352,217655000,"NVDA",-0.0178364940435771,51.994485726018,"Technology"
"NVDA","2021-09-27",21.6143112182617,21.7530179570092,21.2800187657856,21.6642049891812,245215000,"NVDA",-0.0190659397400415,51.0031619943513,"Technology"
"NVDA","2021-09-28",20.655330657959,21.3738128897248,20.6074315887313,21.1692454550303,343069000,"NVDA",-0.0443678519578501,48.7402612536037,"Technology"
"NVDA","2021-09-29",20.4737186431885,20.9726638702013,20.4238229784922,20.8958266402265,218394000,"NVDA",-0.00879250096635604,48.3117124594309,"Technology"
"NVDA","2021-09-30",20.6722984313965,21.0215604740402,20.644357620251,20.7241887811417,221009000,"NVDA",0.00969925354884539,48.7803000079539,"Technology"
"NVDA","2021-10-01",20.6982460021973,20.8149978697768,20.1603815434658,20.7062285478458,240978000,"NVDA",0.00125518557536751,48.841528336886,"Technology"
"NVDA","2021-10-04",19.6903762817383,20.4986670778431,19.5137496123062,20.4607471311293,345635000,"NVDA",-0.0486934844794091,46.4632641348632,"Technology"
"NVDA","2021-10-05",20.4078559875488,20.6044408911587,19.8121153201733,19.907913464807,279282000,"NVDA",0.0364380901382758,48.1562967415278,"Technology"
"NVDA","2021-10-06",20.6563301086426,20.6762864682485,20.037637281067,20.0775538069282,297202000,"NVDA",0.0121754152540741,48.7426196514543,"Technology"
"NVDA","2021-10-07",21.0305423736572,21.277021060392,20.9277590159398,21.0475048062334,256919000,"NVDA",0.0181161059610525,49.6256461138794,"Technology"
"NVDA","2021-10-08",20.7870578765869,21.1612668410067,20.7311762481925,21.0564887877672,151258000,"NVDA",-0.0115776613243841,49.0510971901691,"Technology"
"NVDA","2021-10-11",20.6513404846191,21.0185641637995,20.467728645029,20.5315947085048,163388000,"NVDA",-0.00652893703252907,48.7308456652381,"Technology"
"NVDA","2021-10-12",20.6273956298828,21.0125810725612,20.4846976276892,20.7840640392377,162134000,"NVDA",-0.00115948186289224,48.6743431335258,"Technology"
"NVDA","2021-10-13",20.8948287963867,20.9457218067937,20.6693057061398,20.8738731868059,180652000,"NVDA",0.0129649506560332,49.3054035904668,"Technology"
"NVDA","2021-10-14",21.700122833252,21.7091027192169,21.0774387355946,21.2430888914448,243589000,"NVDA",0.0385403510463073,51.2056511533233,"Technology"
"NVDA","2021-10-15",21.8158798217773,21.8847345042156,21.6163028802573,21.7639894743836,226994000,"NVDA",0.00533439323891806,51.4788022326299,"Technology"
"NVDA","2021-10-18",22.1751251220703,22.2439798173663,21.5983433328236,21.7031232927621,189494000,"NVDA",0.0164671470152837,52.3265112371654,"Technology"
"NVDA","2021-10-19",22.2429828643799,22.331793926782,21.990516278316,22.2290105532615,161473000,"NVDA",0.00306008385233567,52.4866347492513,"Technology"
"NVDA","2021-10-20",22.05637550354,22.385679309465,21.93563045748,22.2579490599964,146276000,"NVDA",-0.00838949353050478,52.0462984665845,"Technology"
"NVDA","2021-10-21",22.6441268920898,22.6630878133883,22.0364124248852,22.0503828286526,187590000,"NVDA",0.0266476868992129,53.433211932385,"Technology"
"NVDA","2021-10-22",22.6780548095703,23.0812018211425,22.5134038996593,22.7748502905653,249384000,"NVDA",0.00149830981084639,53.5132714380483,"Technology"
"NVDA","2021-10-25",23.1171264648438,23.3057269044908,22.7219620074955,22.9245328500794,230235000,"NVDA",0.0193610809639699,54.5493462190073,"Technology"
"NVDA","2021-10-26",24.664852142334,25.2057103735523,23.8735259121109,23.9383893107057,485898000,"NVDA",0.0669514733954498,58.2015053211283,"Technology"
"NVDA","2021-10-27",24.3994197845459,25.0370717258524,24.2307756729721,24.4223719807139,245990000,"NVDA",-0.0107615629015876,57.5751661606479,"Technology"
"NVDA","2021-10-28",24.8883857727051,24.8973675633386,24.4712682942336,24.8255189482457,234204000,"NVDA",0.0200400662178402,58.7289763030104,"Technology"
"NVDA","2021-10-29",25.5130634307861,25.6547640662949,24.9472601343238,24.9482574765716,292503000,"NVDA",0.0250991632718155,60.2030244680263,"Technology"
"NVDA","2021-11-01",25.7725162506104,25.8393743472035,25.1737816014915,25.5948922534468,265740000,"NVDA",0.0101694106835929,60.815253748236,"Technology"
"NVDA","2021-11-02",26.3453063964844,26.6217224937928,25.7455743681318,25.7675292231353,294112000,"NVDA",0.0222248437174022,62.1668632584247,"Technology"
"NVDA","2021-11-03",26.5418930053711,26.7275014739832,26.1796597631759,26.6137416290266,239910000,"NVDA",0.00746192152515456,62.6307475135241,"Technology"
"NVDA","2021-11-04",29.7381324768066,31.2988322439788,27.060791963689,27.1715578592657,1153631000,"NVDA",0.120422438248423,70.172894838424,"Technology"
"NVDA","2021-11-05",29.6892395019531,31.333761888131,29.3479599854821,30.1233213444019,851260000,"NVDA",-0.001644117191678,70.0575223756304,"Technology"
"NVDA","2021-11-08",30.7390213012695,31.0343964315296,29.843912215673,30.0854023069626,503101000,"NVDA",0.0353589993185021,72.5346862615662,"Technology"
"NVDA","2021-11-09",30.5923271179199,32.2418418134648,29.9007901475351,32.2139010026745,646746000,"NVDA",-0.00477224638715322,72.1885328671112,"Technology"
"NVDA","2021-11-10",29.3968563079834,30.7849227600758,28.7172931110781,29.2940748487741,636206000,"NVDA",-0.0390774721167341,69.3675874868487,"Technology"
"NVDA","2021-11-11",30.3258876800537,30.5254665150205,29.7141819197655,30.4037241489542,332172000,"NVDA",0.0316030857972392,71.5598173057431,"Technology"
"NVDA","2021-11-12",30.3258876800537,30.615276800423,29.5674907718347,29.9466901776066,413054000,"NVDA",0,71.5598173057431,"Technology"
"NVDA","2021-11-15",29.9616603851318,30.5793540560712,29.1853017367268,30.4875490787064,384909000,"NVDA",-0.0120104413352899,70.7003523180284,"Technology"
"NVDA","2021-11-16",30.1392841339111,30.3258899206274,29.6433328431333,29.6962224374018,264484000,"NVDA",0.00592836800417913,71.1194900245948,"Technology"
"NVDA","2021-11-17",29.1992740631104,30.4446425231459,28.7392460937544,30.3538329787745,428508000,"NVDA",-0.0311888652240128,68.9013538354172,"Technology"
"NVDA","2021-11-18",31.6081848144531,32.6908952299722,31.2549314415204,32.2987264675257,781711000,"NVDA",0.0824989945344611,74.5856462489022,"Technology"
"NVDA","2021-11-19",32.9154205322266,33.0182038988042,31.8376988100568,32.1749851625596,533867000,"NVDA",0.0413575067801961,77.6703226193465,"Technology"
"NVDA","2021-11-22",31.8885860443115,34.5739091835851,31.8327044237037,33.4462919287283,754335000,"NVDA",-0.0311961527852787,75.2473073680315,"Technology"
"NVDA","2021-11-23",31.6790313720703,32.2917364447054,30.814857092222,31.4684760398524,532163000,"NVDA",-0.00657146327999678,74.7528224507438,"Technology"
"NVDA","2021-11-24",32.6050758361816,32.7856937833173,30.862758634892,31.3946352456581,435162000,"NVDA",0.0292320953009874,76.9380040806418,"Technology"
"NVDA","2021-11-26",31.436544418335,32.6409970693478,31.2838672949203,32.5312285061987,283069000,"NVDA",-0.0358389418787969,74.180627424125,"Technology"
"NVDA","2021-11-29",33.3055877685547,33.3415111207259,31.9684145474849,32.2977201901284,454964000,"NVDA",0.0594544783722994,78.5909979329563,"Technology"
"NVDA","2021-11-30",32.6070671081543,33.2826408933307,31.7967816901755,33.0990271315656,622066000,"NVDA",-0.020973077108097,76.9427028733061,"Technology"
"NVDA","2021-12-01",31.3725261688232,33.2228435607672,31.3176351701677,33.1529829819541,484368000,"NVDA",-0.0378611463348178,74.0295639404234,"Technology"
"NVDA","2021-12-02",32.0621566772461,32.4134583488915,30.9633448200676,31.151970308797,472890000,"NVDA",0.0219819884669721,75.6568809611768,"Technology"
"NVDA","2021-12-03",30.6320018768311,32.0651488092906,30.0701191471076,31.9364035681892,544325000,"NVDA",-0.0446056955809836,72.2821531604158,"Technology"
"NVDA","2021-12-06",29.9773044586182,30.1808975930438,27.9822767670774,29.8206149914911,658938000,"NVDA",-0.0213729883161205,70.7372675454542,"Technology"
"NVDA","2021-12-07",32.362548828125,32.3845082702031,30.5900795927434,30.8954730714978,593053000,"NVDA",0.0795683405357383,76.3657145380786,"Technology"
"NVDA","2021-12-08",31.762752532959,32.2258311281573,31.3585567025293,31.9354090657895,475551000,"NVDA",-0.0185336543901869,74.9503787775702,"Technology"
"NVDA","2021-12-09",30.4294033050537,32.1409969338684,30.3675262510438,31.6709304355526,488507000,"NVDA",-0.0419783904597597,71.8040825121384,"Technology"
"NVDA","2021-12-10",30.1379890441895,31.2427895110907,29.8016588533092,31.0880968492242,488825000,"NVDA",-0.00957673267342248,71.1164340090593,"Technology"
"NVDA","2021-12-13",28.1050319671631,30.2337941556503,28.0601213242779,30.1888835127651,598344000,"NVDA",-0.0674549676836623,66.3192772512009,"Technology"
"NVDA","2021-12-14",28.2806816101074,28.6210034947686,27.1958420715057,27.6439491139298,667035000,"NVDA",0.00624975780670019,66.7337566719363,"Technology"
"NVDA","2021-12-15",30.3984642028809,30.4393830833284,27.782672993494,28.3435563263877,698297000,"NVDA",0.0748844254169797,71.7310756962308,"Technology"
"NVDA","2021-12-16",28.3305835723877,31.0980733025778,28.0371691392639,31.0900897802441,707366000,"NVDA",-0.0680258258013308,66.8515100363769,"Technology"
"NVDA","2021-12-17",27.7457504272461,28.8645229033129,27.7048315428907,27.9293847710719,713758000,"NVDA",-0.0206431732564665,65.4714827322396,"Technology"
"NVDA","2021-12-20",27.663911819458,28.0880664237233,27.0910531665324,27.2507350342716,461847000,"NVDA",-0.00294959071309605,65.2783686547999,"Technology"
"NVDA","2021-12-21",29.0172214508057,29.0621321006719,27.3465464179171,28.3176143002638,524385000,"NVDA",0.0489196770210848,68.4717653658561,"Technology"
"NVDA","2021-12-22",29.3415679931641,29.4962606205521,28.3924578641984,28.833580742441,395184000,"NVDA",0.0111777257139619,69.2371239782664,"Technology"
"NVDA","2021-12-23",29.5810947418213,29.999262672263,29.372510460599,29.6958659697155,343022000,"NVDA",0.00816339292818404,69.8023338265184,"Technology"
"NVDA","2021-12-27",30.8835048675537,31.0252228788843,29.5810978979457,29.6010586102026,403686000,"NVDA",0.0440284626752199,72.8756232760425,"Technology"
"NVDA","2021-12-28",30.261739730835,31.2677358918843,29.9523544423004,31.2497720146438,420591000,"NVDA",-0.020132596328857,71.4084477704121,"Technology"
"NVDA","2021-12-29",29.9413757324219,30.48728951276,29.3076374973215,30.2128364260146,343139000,"NVDA",-0.0105864369088686,70.6524867433303,"Technology"
"NVDA","2021-12-30",29.5272026062012,30.3964719107974,29.4812944965364,29.7677228773986,308864000,"NVDA",-0.0138328021371516,69.6751648737121,"Technology"
"NVDA","2021-12-31",29.3525485992432,29.9703197996112,29.2727076654239,29.6150264068027,266530000,"NVDA",-0.00591502044021359,69.2630348493089,"Technology"
"NVDA","2022-01-03",30.0611381530762,30.6499657460037,29.7258054740677,29.7557465376863,391547000,"NVDA",0.0241406483473561,70.9350894170767,"Technology"
"NVDA","2022-01-04",29.2317905426025,30.4074489059846,28.2926606827614,30.2168285108642,527154000,"NVDA",-0.0275886962845672,68.9780827792304,"Technology"
"NVDA","2022-01-05",27.5491390228271,29.3575380704433,27.4782809832818,28.8914652417199,498064000,"NVDA",-0.0575623828900623,65.0075399672699,"Technology"
"NVDA","2022-01-06",28.121997833252,28.3814813311553,27.0112108729135,27.5850669613516,454186000,"NVDA",0.0207940730906376,66.3593115047918,"Technology"
"NVDA","2022-01-07",27.1928558349609,28.3655220745478,27.0032328606745,28.085080326952,409939000,"NVDA",-0.0330396867178612,64.1668206418606,"Technology"
"NVDA","2022-01-10",27.3455448150635,27.4144079280075,25.59303417453,26.52817225333,594681000,"NVDA",0.00561504025282376,64.5271199226603,"Technology"
"NVDA","2022-01-11",27.7617149353027,28.0092231476773,26.7856599114634,27.2686972463485,404089000,"NVDA",0.015218936870843,65.5091540872206,"Technology"
"NVDA","2022-01-12",27.943359375,28.5381737370783,27.5531356457962,28.0112231299322,383413000,"NVDA",0.00654298338991589,65.9377793943007,"Technology"
"NVDA","2022-01-13",26.5221843719482,28.4233970681792,26.4453358367934,28.322597967784,540171000,"NVDA",-0.050859132002691,62.5842411681217,"Technology"
"NVDA","2022-01-14",26.8884582519531,27.1429525626168,26.1579125875837,26.2477338850464,395832000,"NVDA",0.013810094782098,63.4485354705191,"Technology"
"NVDA","2022-01-18",25.8515205383301,26.5850604164806,25.7187854397619,26.2078113906763,424270000,"NVDA",-0.038564416892431,61.0016796974198,"Technology"
"NVDA","2022-01-19",25.017183303833,26.4902498530437,25.002213722761,26.0271731722443,488315000,"NVDA",-0.0322742034945294,59.0328990733572,"Technology"
"NVDA","2022-01-20",24.1020011901855,25.5281618874851,24.0301437885529,25.2537088341595,435181000,"NVDA",-0.0365821404645199,56.8733492674278,"Technology"
"NVDA","2022-01-21",23.3275470733643,24.7736667376439,23.2167676137899,23.4602821705551,718958000,"NVDA",-0.0321323574217003,55.0458744809976,"Technology"
"NVDA","2022-01-24",23.3255500793457,23.3335336014131,20.8464875429731,22.2856211395289,913982000,"NVDA",-8.56066869042946e-05,55.0411621860556,"Technology"
"NVDA","2022-01-25",22.2796306610107,22.8974017899829,21.9562752019466,22.5011895598763,664616000,"NVDA",-0.0448400751440842,52.5731123376151,"Technology"
"NVDA","2022-01-26",22.7267475128174,24.009193846386,22.2556853354856,23.1938179281722,755959000,"NVDA",0.0200684139970549,53.62817132112,"Technology"
"NVDA","2022-01-27",21.900390625,23.9473152378738,21.6319242073902,23.521163775271,573353000,"NVDA",-0.0363605433356153,51.6782218737887,"Technology"
"NVDA","2022-01-28",22.794605255127,22.8125691295593,21.2536733576082,21.9682498992178,543774000,"NVDA",0.0408309899781504,53.7882948332059,"Technology"
"NVDA","2022-01-31",24.4373378753662,24.4602928821166,23.0061877161402,23.135928523428,564680000,"NVDA",0.0720667281513803,57.6646412546769,"Technology"
"NVDA","2022-02-01",24.5890350341797,25.0950273941466,23.8425205096494,25.0541085118836,518925000,"NVDA",0.00620759755367598,58.022600140663,"Technology"
"NVDA","2022-02-02",25.1918334960938,25.7656895731775,24.5042017643659,25.7427364722288,543419000,"NVDA",0.0245149295641797,59.4450200962419,"Technology"
"NVDA","2022-02-03",23.9004058837891,25.0271618285545,23.7327404966598,24.4093925421489,410178000,"NVDA",-0.0512637403905093,56.3976460185196,"Technology"
"NVDA","2022-02-04",24.2706680297852,24.586039987928,23.5850331173624,23.9243575447934,354829000,"NVDA",0.0154918769077153,57.2713514085234,"Technology"
"NVDA","2022-02-07",24.6788578033447,25.1319541214785,24.1539021672812,24.323564396361,376868000,"NVDA",0.0168182339710896,58.2345543963524,"Technology"
"NVDA","2022-02-08",25.0581016540527,25.1798589396147,23.9323431153743,24.3105896239431,410359000,"NVDA",0.015367155714014,59.1294538616974,"Technology"
"NVDA","2022-02-09",26.651927947998,26.6718886580062,25.3026155505122,25.5710800569568,524282000,"NVDA",0.0636052289973665,62.8903963150599,"Technology"
"NVDA","2022-02-10",25.7726764678955,26.8714881593139,25.549122622898,25.9433380518482,513200000,"NVDA",-0.0329901642319494,60.8156318120137,"Technology"
"NVDA","2022-02-11",23.9014015197754,26.1000241466818,23.7257526239028,25.8644931283656,605472000,"NVDA",-0.0726069312378606,56.3999954148517,"Technology"
"NVDA","2022-02-14",24.2187728881836,24.8255643742145,23.7077893819104,23.8864344969349,440424000,"NVDA",0.0132783580973533,57.1488947506592,"Technology"
"NVDA","2022-02-15",26.442346572876,26.4922464450351,24.734746450061,24.8994175510327,699869000,"NVDA",0.0918119879549005,62.3958483871426,"Technology"
"NVDA","2022-02-16",26.4583110809326,26.5291710245883,25.5012173860898,26.2068130082452,732676000,"NVDA",0.000603747780577715,62.4335197421236,"Technology"
"NVDA","2022-02-17",24.4582996368408,25.7337598722501,24.116980203717,25.5790672031101,810595000,"NVDA",-0.0755910472884689,57.7141045989112,"Technology"
"NVDA","2022-02-18",23.5950126647949,24.9363413812796,23.0540900509449,24.6189726017314,761255000,"NVDA",-0.0352962791716541,55.677011450846,"Technology"
"NVDA","2022-02-22",23.3435134887695,24.0161737502179,22.9542891941807,22.9892194819741,633422000,"NVDA",-0.0106589972888907,55.0835503367379,"Technology"
"NVDA","2022-02-23",22.3425064086914,24.1069941756557,22.2566787900951,23.7546951008666,566511000,"NVDA",-0.0428815945191672,52.7214798665218,"Technology"
"NVDA","2022-02-24",23.7008037567139,23.7527004605313,20.8484837827366,20.9732353647847,735801000,"NVDA",0.060794313904463,55.9266460630349,"Technology"
"NVDA","2022-02-25",24.1089897155762,24.1688699379554,23.33453287499,23.6738573077355,528866000,"NVDA",0.0172224521603693,56.8898400493454,"Technology"
"NVDA","2022-02-28",24.3365345001221,24.6159786791931,23.6598825426978,23.9443159465926,477319000,"NVDA",0.00943817170401329,57.426776127945,"Technology"
"NVDA","2022-03-01",23.4303436279297,24.3285565878977,23.0860299289807,24.2427270533917,412056000,"NVDA",-0.0372358222239012,55.2884429011531,"Technology"
"NVDA","2022-03-02",24.1759815216064,24.3646391115633,23.3724461399989,23.7128260054525,389642000,"NVDA",0.0318236004352892,57.0479202167287,"Technology"
"NVDA","2022-03-03",23.6709041595459,24.2817914564506,23.4263485715874,24.2179066851842,365095000,"NVDA",-0.0208917003683657,55.8560921609223,"Technology"
"NVDA","2022-03-04",22.8943176269531,23.6369649859078,22.441142240715,23.3415033995546,431415000,"NVDA",-0.0328076412864692,54.0235855256428,"Technology"
"NVDA","2022-03-07",21.313196182251,22.9911429522961,21.2912368026712,22.7755339823572,450821000,"NVDA",-0.0690617414532905,50.2926226296912,"Technology"
"NVDA","2022-03-08",21.4749069213867,22.3323452890279,20.6124765730545,21.2702795023587,557467000,"NVDA",0.00758735281902065,50.6742105017765,"Technology"
"NVDA","2022-03-09",22.9721755981445,23.1778006009314,22.206569302526,22.3463142652081,492742000,"NVDA",0.0697217772462936,54.2073065185131,"Technology"
"NVDA","2022-03-10",22.6168231964111,22.746586101874,21.8422324931558,22.4900531939133,428066000,"NVDA",-0.0154688179278109,53.3687835636212,"Technology"
"NVDA","2022-03-11",22.0598392486572,23.1029403029544,22.0059365269909,22.9801627275511,367209000,"NVDA",-0.0246269753677116,52.0544718453952,"Technology"
"NVDA","2022-03-14",21.2912368774414,22.221542360192,21.1205481082041,21.8292569100955,385354000,"NVDA",-0.0348417031761736,50.2408053883654,"Technology"
"NVDA","2022-03-15",22.9312477111816,22.9961301111971,21.2832492202934,21.4788921507077,491996000,"NVDA",0.077027503999914,54.1107292263767,"Technology"
"NVDA","2022-03-16",24.4514846801758,24.5523009693401,23.1298913268733,23.4572943820813,671422000,"NVDA",0.0662954318117129,57.698023386086,"Technology"
"NVDA","2022-03-17",24.7209930419922,24.796853235156,23.8625553264639,24.0761671209824,471941000,"NVDA",0.0110221675837505,58.3339806690986,"Technology"
"NVDA","2022-03-18",26.4049243927002,26.5207147056008,24.5792497827613,24.753930982548,730719000,"NVDA",0.0681174638837366,62.3075434905205,"Technology"
"NVDA","2022-03-21",26.6854190826416,27.1026606791824,25.9198126525433,26.4588322956521,591727000,"NVDA",0.010622817387008,62.9694251468534,"Technology"
"NVDA","2022-03-22",26.4757976531982,27.1885007895365,26.0246194155355,26.6784278544593,547007000,"NVDA",-0.00785527964894186,62.4747827029917,"Technology"
"NVDA","2022-03-23",25.5874156951904,26.5636370958406,25.5285229016108,26.0785202505539,502120000,"NVDA",-0.0335544926594685,60.3784730653823,"Technology"
"NVDA","2022-03-24",28.0988445281982,28.2685356748518,25.8599205499269,26.1184506635289,877379000,"NVDA",0.0981509372781197,66.3046767881713,"Technology"
"NVDA","2022-03-25",27.6416759490967,28.3064660213235,27.2214414865555,27.83532364489,579016000,"NVDA",-0.0162700134748522,65.225898803382,"Technology"
"NVDA","2022-03-28",28.1677131652832,28.1986569613291,27.1565537574707,27.705555300817,425494000,"NVDA",0.0190305832813916,66.4671857026634,"Technology"
"NVDA","2022-03-29",28.6039218902588,28.8933938660559,27.9291498311041,28.6428505715471,488984000,"NVDA",0.0154861249266488,67.4965048439776,"Technology"
"NVDA","2022-03-30",27.6396808624268,28.4442159147012,27.4530204141403,28.2525653903763,463487000,"NVDA",-0.0337100986197424,65.2211910091992,"Technology"
"NVDA","2022-03-31",27.2364120483398,28.196663684906,27.2204422829368,27.7315109496001,523440000,"NVDA",-0.0145902123868266,64.2695999802532,"Technology"
"NVDA","2022-04-01",26.6634540557861,27.4460296263715,26.2192630942247,27.3252492398846,517235000,"NVDA",-0.0210364710130252,62.9175944032499,"Technology"
"NVDA","2022-04-04",27.3102779388428,27.5079180580349,26.5646357575218,26.6794265339135,397120000,"NVDA",0.0242588181449911,64.4439008839986,"Technology"
"NVDA","2022-04-05",25.8838768005371,27.2693549531733,25.7730784537037,27.2044725409502,436615000,"NVDA",-0.0522294625305489,61.0780305774554,"Technology"
"NVDA","2022-04-06",24.3626480102539,25.2540249304108,23.9593828156161,24.8886907900701,703833000,"NVDA",-0.0587712884745162,57.4883960229324,"Technology"
"NVDA","2022-04-07",24.164005279541,24.6770710902187,23.4353324168825,24.3965816342284,557992000,"NVDA",-0.00815357717392972,57.019659949354,"Technology"
"NVDA","2022-04-08",23.0769882202148,23.8795280646941,23.020092591188,23.8735384498862,524781000,"NVDA",-0.0449849702791829,54.4546322412032,"Technology"
"NVDA","2022-04-11",21.8771686553955,22.2794361359462,21.6206357483475,22.1736297817561,575207000,"NVDA",-0.0519920343751064,51.6234251298348,"Technology"
"NVDA","2022-04-12",21.464916229248,22.6836977341084,21.2433195920007,22.4960396979296,662258000,"NVDA",-0.0188439570330683,50.6506355247884,"Technology"
"NVDA","2022-04-13",22.1626491546631,22.4591102939446,21.4160093174705,21.6885139048968,516943000,"NVDA",0.0325057371742411,52.2970717708654,"Technology"
"NVDA","2022-04-14",21.2193641662598,22.7356044719007,21.1245375089732,22.4640975528801,569097000,"NVDA",-0.0425619239749076,50.0712077780436,"Technology"
"NVDA","2022-04-18",21.7434120178223,22.0478561045281,21.0406910114933,21.1614713926932,525701000,"NVDA",0.0246966802330379,51.3078003854199,"Technology"
"NVDA","2022-04-19",22.1576595306396,22.3323407416003,21.2752652469866,21.6805275602978,512781000,"NVDA",0.0190516333166956,52.2852977846492,"Technology"
"NVDA","2022-04-20",21.4429626464844,22.6288035048013,21.1614755161757,22.4760816626188,468974000,"NVDA",-0.0322550711263971,50.5988317857404,"Technology"
"NVDA","2022-04-21",20.1463203430176,22.3513053806752,19.963652360371,21.6695460890193,656209000,"NVDA",-0.0604693635316939,47.5391526322095,"Technology"
"NVDA","2022-04-22",19.4795360565186,20.4487721918379,19.4645639242807,20.26610418223,624713000,"NVDA",-0.0330970755525647,45.9657457058363,"Technology"
"NVDA","2022-04-25",19.8658351898193,19.9087563205927,19.0613000692685,19.1671064444282,641566000,"NVDA",0.0198310232943927,46.8772934796729,"Technology"
"NVDA","2022-04-26",18.7538547515869,19.752037349254,18.6360691746001,19.6821648720385,653143000,"NVDA",-0.0559745124031976,44.2533598343666,"Technology"
"NVDA","2022-04-27",18.3815326690674,19.1321648539905,18.2567598496593,18.5641987363478,499460000,"NVDA",-0.0198530962008238,43.3747936243653,"Technology"
"NVDA","2022-04-28",19.7460460662842,20.0005836733422,18.456394441911,18.9325267848815,570327000,"NVDA",0.0742328412860269,46.5946277952969,"Technology"
"NVDA","2022-04-29",18.513298034668,20.0914244817506,18.4833518640414,19.3667439067561,500435000,"NVDA",-0.0624301203125973,43.6857195761159,"Technology"
"NVDA","2022-05-02",19.497501373291,19.5384253209312,18.3575766634417,18.5073036703858,572049000,"NVDA",0.0531619669699061,46.0081383572779,"Technology"
"NVDA","2022-05-03",19.5663795471191,19.7889758005062,19.0982319266568,19.3647469461183,475751000,"NVDA",0.0035326666996664,46.1706697755663,"Technology"
"NVDA","2022-05-04",20.297046661377,20.3629267043625,18.7169232641055,19.8867942722021,648855000,"NVDA",0.0373429899230076,47.8948206317338,"Technology"
"NVDA","2022-05-05",18.8097534179688,19.8887882208466,18.4663787289531,19.8308949684079,626331000,"NVDA",-0.0732763375983344,44.3852635859112,"Technology"
"NVDA","2022-05-06",18.6410617828369,19.4765406239922,17.9573071436131,18.7019517520455,633297000,"NVDA",-0.00896830656858514,43.9872029349453,"Technology"
"NVDA","2022-05-09",16.9191989898682,18.2218259267691,16.7964214105131,18.0012287647058,644455000,"NVDA",-0.0923693517583904,39.9241335141796,"Technology"
"NVDA","2022-05-10",17.5630264282227,18.164931321949,16.9940625126243,17.6568554783372,761474000,"NVDA",0.0380530685134704,41.4433693021356,"Technology"
"NVDA","2022-05-11",16.5997753143311,17.7207354379509,16.5378896246659,17.3154731771355,670167000,"NVDA",-0.0548453945467917,39.1703913614116,"Technology"
"NVDA","2022-05-12",16.1456069946289,16.7574939558158,15.5387129658564,16.1895276649307,708728000,"NVDA",-0.0273599076555001,38.0986930709336,"Technology"
"NVDA","2022-05-13",17.6738224029541,17.8954190859733,16.5628460846886,16.7574914081228,670437000,"NVDA",0.0946520876442478,41.7048139066149,"Technology"
"NVDA","2022-05-16",17.2326259613037,17.7556738602893,17.0749140552724,17.4771815589428,521446000,"NVDA",-0.0249632723239681,40.6637252798437,"Technology"
"NVDA","2022-05-17",18.1439647674561,18.3376124313005,17.6019523586493,18.0411513222094,585830000,"NVDA",0.052884499913059,42.8142060558702,"Technology"
"NVDA","2022-05-18",16.9072151184082,18.0850707874897,16.8333502065126,17.6728213033112,545161000,"NVDA",-0.0681631421190891,39.895855243768,"Technology"
"NVDA","2022-05-19",17.0928821563721,17.6548587769417,16.703589584744,16.9062217058111,621310000,"NVDA",0.0109815269199312,40.3339726521211,"Technology"
"NVDA","2022-05-20",16.6636562347412,17.3783543944777,15.7263628876188,17.3004970553257,739105000,"NVDA",-0.0251113836569012,39.3211307904467,"Technology"
"NVDA","2022-05-23",16.8672866821289,16.8842559807023,16.1495936833493,16.2444203246648,639889000,"NVDA",0.0122200340981085,39.8016363494822,"Technology"
"NVDA","2022-05-24",16.124641418457,16.56683711237,15.7513215211549,16.4799953308043,588550000,"NVDA",-0.0440287331132349,38.0492207251808,"Technology"
"NVDA","2022-05-25",16.9441509246826,17.0799034457123,15.9709224567009,15.9908865667036,781132000,"NVDA",0.0508234251514912,39.9830124467796,"Technology"
"NVDA","2022-05-26",17.8185577392578,18.0591189733157,15.9928812595024,16.0068557552246,996575000,"NVDA",0.0516052305283378,42.046345021313,"Technology"
"NVDA","2022-05-27",18.7768154144287,18.8466878981461,18.0671070797464,18.1529512328344,738379000,"NVDA",0.0537786328833824,44.3075399743023,"Technology"
"NVDA","2022-05-31",18.6380672454834,19.165107560609,18.316651930916,18.9455061600518,664100000,"NVDA",-0.00738933444692085,43.9801367429118,"Technology"
"NVDA","2022-06-01",18.2867069244385,19.0183746521389,18.0890667937477,18.6899739725942,544514000,"NVDA",-0.0188517573424931,43.1510338771448,"Technology"
"NVDA","2022-06-02",19.5563945770264,19.5833459364828,18.1649287873797,18.2587578244022,648656000,"NVDA",0.0694322743747302,46.147108300856,"Technology"
"NVDA","2022-06-03",18.685977935791,19.2968671148952,18.4883378229909,19.0473214602319,598779000,"NVDA",-0.0445080322861691,44.0931913146881,"Technology"
"NVDA","2022-06-06",18.7518558502197,19.3018550048355,18.5302592121204,19.104214914413,422406000,"NVDA",0.00352552671607991,44.2486430386653,"Technology"
"NVDA","2022-06-07",18.8916034698486,18.9654683842815,18.154943882331,18.4384281215562,388914000,"NVDA",0.00745246874470127,44.5784046679064,"Technology"
"NVDA","2022-06-08",18.6180458068848,19.1491908260797,18.5052264542286,18.7688023212189,363252000,"NVDA",-0.0144803834889119,43.9328922729912,"Technology"
"NVDA","2022-06-09",18.0190124511719,18.9025912325826,18.0120237247249,18.4513175497602,395574000,"NVDA",-0.0321748781760637,42.5193568161856,"Technology"
"NVDA","2022-06-10",16.9467353820801,17.6685735916324,16.8419025976289,17.571729282064,465248000,"NVDA",-0.0595080930210502,39.9891109755728,"Technology"
"NVDA","2022-06-13",15.6218633651733,16.2857950028184,15.5809288661598,15.9742959574315,604153000,"NVDA",-0.0781785982394988,36.8628183346588,"Technology"
"NVDA","2022-06-14",15.8105640411377,16.0401941491414,15.3872443476072,15.7057322011176,469680000,"NVDA",0.0120792681099129,37.3080942006101,"Technology"
"NVDA","2022-06-15",16.500452041626,16.8409038752641,15.9004166820831,16.0691448789574,563936000,"NVDA",0.0436346229453455,38.9360188238632,"Technology"
"NVDA","2022-06-16",15.5759391784668,15.9163919694388,15.3762606387364,15.8345229588284,545749000,"NVDA",-0.0560295476043259,36.7544513036486,"Technology"
"NVDA","2022-06-17",15.8544912338257,15.9693062747542,15.3033778947978,15.6228635572572,630334000,"NVDA",0.0178834837609006,37.4117489366782,"Technology"
"NVDA","2022-06-21",16.5393905639648,16.9806800302377,16.3806455643427,16.4485371303623,483089000,"NVDA",0.0431990733753677,39.0279018240946,"Technology"
"NVDA","2022-06-22",16.33371925354,16.6352341544103,16.1540081080262,16.1999337395309,437135000,"NVDA",-0.012435241167405,38.5425804526542,"Technology"
"NVDA","2022-06-23",16.198938369751,16.5583588114167,15.8275352154592,16.4924648416114,463680000,"NVDA",-0.00825169587507458,38.2245388005183,"Technology"
"NVDA","2022-06-24",17.0984897613525,17.1124672120549,16.2838005267453,16.473495860766,472153000,"NVDA",0.0555315028101679,40.3472048843366,"Technology"
"NVDA","2022-06-27",16.8419017791748,17.3021616885711,16.599292094417,17.2841909534566,427968000,"NVDA",-0.0150064704987979,39.7417357445309,"Technology"
"NVDA","2022-06-28",15.9563274383545,17.1743669885346,15.9193862187545,16.8728520648086,461149000,"NVDA",-0.0525816117699567,37.6520512245478,"Technology"
"NVDA","2022-06-29",15.517035484314,15.7945888250225,15.145633268186,15.7885988966976,482352000,"NVDA",-0.027530893668213,36.6154566058946,"Technology"
"NVDA","2022-06-30",15.1346492767334,15.5419938659434,14.8381264402444,15.3363244527535,686070000,"NVDA",-0.0246429936934228,35.7131421396738,"Technology"
"NVDA","2022-07-01",14.4996709823608,15.0388035241819,14.3688818462271,14.875067404671,577610000,"NVDA",-0.04195526984221,34.2147876242905,"Technology"
"NVDA","2022-07-05",14.9399604797363,14.9469492039535,14.0324213201651,14.1522284290925,651397000,"NVDA",0.0303654819417013,35.2537361400351,"Technology"
"NVDA","2022-07-06",15.1056976318359,15.2943941810776,14.7652448052299,14.9858904954579,529066000,"NVDA",0.0110935468888559,35.6448251149119,"Technology"
"NVDA","2022-07-07",15.8325262069702,15.9193863473498,15.3642797250881,15.4311724877037,492903000,"NVDA",0.0481161872062402,37.3599181930747,"Technology"
"NVDA","2022-07-08",15.8125600814819,16.0112407903587,15.3642809418624,15.4052154501269,467972000,"NVDA",-0.00126108273735187,37.3128042451725,"Technology"
"NVDA","2022-07-11",15.1276617050171,15.5020593409346,15.0138445037783,15.5010605435304,437321000,"NVDA",-0.0433135667428658,35.6966536081358,"Technology"
"NVDA","2022-07-12",15.0577735900879,15.4062129691748,14.8531029573843,15.2434746891367,458483000,"NVDA",-0.00461988880317312,35.5317390378208,"Technology"
"NVDA","2022-07-13",15.1396436691284,15.3503052100656,14.4417669727395,14.5665662020896,521918000,"NVDA",0.00543706402216196,35.7249273777882,"Technology"
"NVDA","2022-07-14",15.3473062515259,15.4481438381488,14.7043407159806,15.0837304004948,456235000,"NVDA",0.0137164775430554,36.2149475418929,"Technology"
"NVDA","2022-07-15",15.7366828918457,15.7566502723921,15.4201916741523,15.6338486444968,385935000,"NVDA",0.0253710086928845,37.1337572907906,"Technology"
"NVDA","2022-07-18",16.0751399993896,16.8698610706898,15.9762999783878,16.2758173863582,670517000,"NVDA",0.0215075254340496,37.9324125201841,"Technology"
"NVDA","2022-07-19",16.9647064208984,17.0825169086031,16.1460238871638,16.4595186880053,702366000,"NVDA",0.0553380201691907,40.0315171292921,"Technology"
"NVDA","2022-07-20",17.7783946990967,17.9041936531897,16.774012086751,16.9197774663246,760538000,"NVDA",0.0479635932394255,41.9515725336386,"Technology"
"NVDA","2022-07-21",18.0210094451904,18.1148583363062,17.5168213548495,17.8562754390676,557049000,"NVDA",0.0136466059056545,42.5240691111276,"Technology"
"NVDA","2022-07-22",17.2911777496338,17.9381355672967,17.1094690154939,17.8642550403852,536671000,"NVDA",-0.0404989352997328,40.8018895875147,"Technology"
"NVDA","2022-07-25",16.996654510498,17.0964942613205,16.6222568731275,16.9916614756003,480748000,"NVDA",-0.0170331508587944,40.1069048468467,"Technology"
"NVDA","2022-07-26",16.5064430236816,16.8918226494797,16.4515310686995,16.8618701546845,397865000,"NVDA",-0.0288416456611285,38.9501557086894,"Technology"
"NVDA","2022-07-27",17.7614231109619,17.9071884855904,16.8858311137371,17.0046394345256,569776000,"NVDA",0.0760297106699345,41.9115247777699,"Technology"
"NVDA","2022-07-28",17.9551105499268,18.1108600955228,17.4119856871881,17.946126134466,474646000,"NVDA",0.0109049504510314,42.3685678787987,"Technology"
"NVDA","2022-07-29",18.133825302124,18.2146945691022,17.6635811881625,17.7843871181277,435460000,"NVDA",0.00995341976315454,42.7902800196601,"Technology"
"NVDA","2022-08-01",18.4113826751709,18.815732907355,17.9611067939026,18.1527978671605,476469000,"NVDA",0.0153060575153089,43.4452305067372,"Technology"
"NVDA","2022-08-02",18.4962406158447,18.9075794721816,18.0629377381151,18.0928902344292,489527000,"NVDA",0.00460899336953467,43.6454692860806,"Technology"
"NVDA","2022-08-03",18.8626518249512,18.93753211417,18.1078656697361,18.1547910572273,418146000,"NVDA",0.019810036899745,44.5100876431445,"Technology"
"NVDA","2022-08-04",19.1841373443604,19.2430425947926,18.7298682338355,18.8187259843179,409652000,"NVDA",0.0170434953893346,45.2686951166694,"Technology"
"NVDA","2022-08-05",18.95849609375,19.1981103254875,18.6360150116974,18.7797827890261,386068000,"NVDA",-0.0117618658874273,44.7362507958083,"Technology"
"NVDA","2022-08-08",17.7644214630127,18.2097061818361,17.2143077487673,17.4738903844364,981859000,"NVDA",-0.0629836156218611,41.9185999713219,"Technology"
"NVDA","2022-08-09",17.0585556030273,17.4189757981799,16.6971375625852,17.2242893267657,668263000,"NVDA",-0.0397348070949023,40.252972487773,"Technology"
"NVDA","2022-08-10",18.0679321289062,18.0888983066141,17.2891843048609,17.669572848172,597422000,"NVDA",0.059171277414588,42.6347922896088,"Technology"
"NVDA","2022-08-11",17.913179397583,18.6769518813473,17.8472854278968,18.1018768905799,509327000,"NVDA",-0.0085650494046111,42.269623187293,"Technology"
"NVDA","2022-08-12",18.6789455413818,18.6879318607514,17.924159460014,18.1308276669528,478094000,"NVDA",0.0427487564771529,44.0765970153076,"Technology"
"NVDA","2022-08-15",19.0014305114746,19.1332184634467,18.5831047862859,18.6709627861722,457666000,"NVDA",0.0172646239252816,44.8375628866831,"Technology"
"NVDA","2022-08-16",18.8486747741699,19.1112528103576,18.4712816885518,18.8896092823642,451240000,"NVDA",-0.00803917037785346,44.4771060793093,"Technology"
"NVDA","2022-08-17",18.305549621582,18.6579832769157,18.1158561684638,18.4932492882304,446799000,"NVDA",-0.0288150312472994,43.1954968778446,"Technology"
"NVDA","2022-08-18",18.7428493499756,18.8347006440015,18.1537967982273,18.271607308577,415447000,"NVDA",0.0238889155165264,44.2273904534538,"Technology"
"NVDA","2022-08-19",17.8203277587891,18.4902493719427,17.7414541945028,18.376432185052,441588000,"NVDA",-0.0492199224333906,42.0505217259035,"Technology"
"NVDA","2022-08-22",17.0066375732422,17.529796005515,16.9387460138855,17.4619044461583,409593000,"NVDA",-0.0456607867465041,40.1304618207978,"Technology"
"NVDA","2022-08-23",17.1533985137939,17.4369426644478,16.9427370430819,16.9617075250817,369986000,"NVDA",0.00862962710410597,40.4767727418268,"Technology"
"NVDA","2022-08-24",17.1943378448486,17.378042316071,16.8678634131109,16.9846741602862,522661000,"NVDA",0.00238666005583477,40.5733770385189,"Technology"
"NVDA","2022-08-25",17.8842277526855,17.9181735370404,16.805962554602,16.8169445661791,770691000,"NVDA",0.0401230866848183,42.2013061625312,"Technology"
"NVDA","2022-08-26",16.2338829040527,17.8952096930148,16.2109191313665,17.8283178741948,769127000,"NVDA",-0.0922793464417267,38.3069972108656,"Technology"
"NVDA","2022-08-29",15.7756185531616,16.3117556749462,15.7416737232891,15.994267589292,496132000,"NVDA",-0.0282288811370389,37.2256335398832,"Technology"
"NVDA","2022-08-30",15.4431524276733,16.0132343131971,15.1576116101922,15.9343616996393,530181000,"NVDA",-0.0210746808036666,36.4411151953159,"Technology"
"NVDA","2022-08-31",15.0697574615479,15.5150412420998,14.9349740558892,15.3592916558466,573710000,"NVDA",-0.0241786751684445,35.5600173082325,"Technology"
"NVDA","2022-09-01",13.9146118164062,14.3569000193071,13.2486834709374,14.1861742345759,1178865000,"NVDA",-0.076653234007852,32.8342269801812,"Technology"
"NVDA","2022-09-02",13.6250772476196,14.148234689339,13.5691664997755,14.077349599584,743157000,"NVDA",-0.0208079515696759,32.1510139753499,"Technology"
"NVDA","2022-09-06",13.4433717727661,13.7568675345496,13.329554567237,13.7089443001915,535751000,"NVDA",-0.0133361060309042,31.7222446439735,"Technology"
"NVDA","2022-09-07",13.6960401535034,13.8198783140454,13.3285220488666,13.5452378773897,512657000,"NVDA",0.0187950154922566,32.3184647235062,"Technology"
"NVDA","2022-09-08",13.9716777801514,13.9896548083999,13.3514917351464,13.4413730666878,624873000,"NVDA",0.020125351821303,32.9688851963911,"Technology"
"NVDA","2022-09-09",14.3681602478027,14.4550462142712,14.1075023483973,14.1384609384929,486612000,"NVDA",0.0283775845600035,33.9044625239007,"Technology"
"NVDA","2022-09-12",14.4860029220581,14.5279477318106,14.179404839818,14.3501813612142,484159000,"NVDA",0.00820165367193704,34.182535183455,"Technology"
"NVDA","2022-09-13",13.1138019561768,13.9037663528937,13.0818442778754,13.7839236306256,714956000,"NVDA",-0.0947259898582425,30.944560702338,"Technology"
"NVDA","2022-09-14",13.1108083724976,13.2725959268321,12.8960897752291,13.2366428195048,588507000,"NVDA",-0.000228277328665102,30.9374967606841,"Technology"
"NVDA","2022-09-15",12.9120674133301,13.2156691801425,12.7732495158801,12.997955225204,523625000,"NVDA",-0.0151585587647195,30.468528898004,"Technology"
"NVDA","2022-09-16",13.1807146072388,13.1946962105616,12.6004752120664,12.7253115002631,670751000,"NVDA",0.0208059008142528,31.102454088212,"Technology"
"NVDA","2022-09-19",13.3644742965698,13.4453685429376,12.9929617436686,12.9949589796094,569685000,"NVDA",0.0139415574046444,31.5360707373082,"Technology"
"NVDA","2022-09-20",13.1587429046631,13.465340983741,13.0398992782568,13.1976923364782,524818000,"NVDA",-0.0153939008255298,31.0506075919512,"Technology"
"NVDA","2022-09-21",13.2436323165894,14.0126243377521,13.09283005196,13.1956957973039,807679000,"NVDA",0.00645117945850186,31.2509206338224,"Technology"
"NVDA","2022-09-22",12.5445489883423,13.13177919405,12.4117237547684,13.0528821863145,759162000,"NVDA",-0.0527863739747122,29.6012978501914,"Technology"
"NVDA","2022-09-23",12.4996099472046,12.5944858102826,12.2409492859529,12.4037359422353,663309000,"NVDA",-0.00358235606393322,29.4952554613374,"Technology"
"NVDA","2022-09-26",12.2119855880737,12.6424218481259,12.1980039837847,12.4746416442323,547343000,"NVDA",-0.0230106667604603,28.816549966902,"Technology"
"NVDA","2022-09-27",12.3967428207397,12.7193197424481,12.241946090667,12.4906195719432,553854000,"NVDA",0.0151291721836333,29.2525205130895,"Technology"
"NVDA","2022-09-28",12.7193222045898,12.8062081709785,12.337822465998,12.3937488898941,542414000,"NVDA",0.0260213016043555,30.0137091720482,"Technology"
"NVDA","2022-09-29",12.2039957046509,12.4836287213296,11.9303543954525,12.4316967801324,532763000,"NVDA",-0.0405152485053807,28.7976962863744,"Technology"
"NVDA","2022-09-30",12.123104095459,12.6164576439646,12.0591877729964,12.0711721429847,565638000,"NVDA",-0.00662828889402732,28.6068168359059,"Technology"
"NVDA","2022-10-03",12.4956130981445,12.6613960534202,12.0891456056938,12.3308292369956,547478000,"NVDA",0.0307271965787277,29.4858241203144,"Technology"
"NVDA","2022-10-04",13.1497554779053,13.2026865152848,12.86213255432,12.86213255432,584182000,"NVDA",0.052349762642529,31.0294000143322,"Technology"
"NVDA","2022-10-05",13.1916999816895,13.3035537615545,12.6044707327803,12.8940908855193,507131000,"NVDA",0.00318975541824002,31.1283762111527,"Technology"
"NVDA","2022-10-06",13.1128025054932,13.6381135761634,13.0858374432726,13.2026847763281,644157000,"NVDA",-0.00598084221941081,30.9422023044873,"Technology"
"NVDA","2022-10-07",12.0601844787598,12.6534063897769,12.006255300706,12.4886225256055,672478000,"NVDA",-0.0802740700389897,28.4583457895363,"Technology"
"NVDA","2022-10-10",11.6547164916992,12.108121431783,11.3930595354897,12.0212354777735,698699000,"NVDA",-0.0336203801670407,27.501565385167,"Technology"
"NVDA","2022-10-11",11.5708274841309,11.8304862658092,11.2682238416128,11.5458596525293,667482000,"NVDA",-0.0071978591352357,27.3036129915261,"Technology"
"NVDA","2022-10-12",11.4849405288696,11.7196324489777,11.3301437710292,11.5638375492536,492590000,"NVDA",-0.00742271504600882,27.1009460525635,"Technology"
"NVDA","2022-10-13",11.9443359375,12.0621814225035,10.7988378595012,10.9566309181114,850103000,"NVDA",0.0399998073542994,28.1849786737853,"Technology"
"NVDA","2022-10-14",11.2122974395752,12.0951395844307,11.1893277964075,12.0412104014857,713432000,"NVDA",-0.061287500766495,26.457591771712,"Technology"
"NVDA","2022-10-17",11.8724298477173,11.9323516849161,11.5019164084907,11.502914550196,580774000,"NVDA",0.0588757488551874,28.0153023001764,"Technology"
"NVDA","2022-10-18",11.9513292312622,12.475641363237,11.6027862693246,12.3278354053131,659362000,"NVDA",0.00664559694661762,28.201480707601,"Technology"
"NVDA","2022-10-19",12.0352172851562,12.3338264447293,11.8185014673477,11.8634426101708,523131000,"NVDA",0.0070191400697597,28.3994308508623,"Technology"
"NVDA","2022-10-20",12.1780319213867,12.7522787552251,12.0891477679411,12.0971376651085,652398000,"NVDA",0.0118663945026244,28.7364297009887,"Technology"
"NVDA","2022-10-21",12.4496746063232,12.4816332413231,11.8714333226311,12.0821564945901,609494000,"NVDA",0.0223059593446682,29.3774233336098,"Technology"
"NVDA","2022-10-24",12.5825004577637,12.6933551542732,12.0482012405881,12.4916200266263,517457000,"NVDA",0.0106690219335505,29.6908517075073,"Technology"
"NVDA","2022-10-25",13.2436323165894,13.2825817504607,12.6474140599943,12.6773754560262,505482000,"NVDA",0.0525437579791822,31.2509206338224,"Technology"
"NVDA","2022-10-26",12.8791103363037,13.3704656027209,12.6913568295527,12.8521462232747,532953000,"NVDA",-0.0275243204863845,30.3907602788025,"Technology"
"NVDA","2022-10-27",13.1587429046631,13.8198765319988,13.1048137280482,13.6121487687858,583113000,"NVDA",0.021712102859399,31.0506075919512,"Technology"
"NVDA","2022-10-28",13.815881729126,13.831861521188,13.0438943363463,13.0868382417155,521040000,"NVDA",0.0499393315321952,32.6012541787617,"Technology"
"NVDA","2022-10-31",13.4793252944946,13.8198793080544,13.2795873868312,13.7599574595426,486341000,"NVDA",-0.0243601126030079,31.8070839559678,"Technology"
"NVDA","2022-11-01",13.5252628326416,13.9067624933448,13.5012940980296,13.7929114801503,432817000,"NVDA",0.0034079998177457,31.9154824922928,"Technology"
"NVDA","2022-11-02",13.2016887664795,14.1913911660617,13.1936998220479,13.8318629511539,672628000,"NVDA",-0.0239236804612183,31.1519466873815,"Technology"
"NVDA","2022-11-03",13.4034233093262,13.7629524608218,12.9390330760199,13.0259190336513,500065000,"NVDA",0.0152809649140423,31.6279784917155,"Technology"
"NVDA","2022-11-04",14.1374607086182,14.2103650583325,13.6790612520242,13.9676832732019,612576000,"NVDA",0.0547649195546368,33.3600821894901,"Technology"
"NVDA","2022-11-07",14.2822704315186,14.3931251220556,13.9357257082958,14.2093660812037,410061000,"NVDA",0.0102429796895644,33.7017888337993,"Technology"
"NVDA","2022-11-08",14.5828771591187,14.8714982368976,14.1973820401827,14.7816159503456,595292000,"NVDA",0.021047544859304,34.4111287461174,"Technology"
"NVDA","2022-11-09",13.7579574584961,14.1923881537321,13.7409795254609,14.143451590438,454414000,"NVDA",-0.0565676917950816,32.4645706208862,"Technology"
"NVDA","2022-11-10",15.7293739318848,15.7523435750759,14.5279493020367,14.7806182344149,700819000,"NVDA",0.143292816490811,37.1165103813178,"Technology"
"NVDA","2022-11-11",16.3056163787842,16.3675354523887,15.4617237514072,15.7862979121234,655487000,"NVDA",0.0366347986509064,38.4762662657617,"Technology"
"NVDA","2022-11-14",16.27366065979,16.5183406536765,15.9011489840191,16.1967618318074,527852000,"NVDA",-0.00195979828372016,38.4008605451701,"Technology"
"NVDA","2022-11-15",16.6441745758057,16.9757386152908,16.3605461059341,16.7001009943971,545876000,"NVDA",0.0227677056663172,39.2751600353958,"Technology"
"NVDA","2022-11-16",15.8891639709473,16.3405716924973,15.8522127236311,16.140834757176,649547000,"NVDA",-0.0453618532670222,37.4935659888314,"Technology"
"NVDA","2022-11-17",15.6564674377441,16.2446967088576,15.5146532210349,15.6944177747466,710894000,"NVDA",-0.0146449828089509,36.9444733594787,"Technology"
"NVDA","2022-11-18",15.388819694519,15.9810434717853,15.1001976785864,15.9450894160319,492072000,"NVDA",-0.0170950276165018,36.3129065671213,"Technology"
"NVDA","2022-11-21",15.2969388961792,15.4567291832515,15.060248842945,15.1271614780585,404739000,"NVDA",-0.00597062024013242,36.0960959921936,"Technology"
"NVDA","2022-11-22",16.0169906616211,16.0369649192028,15.1021902367595,15.3079207086959,472866000,"NVDA",0.047071624612539,37.7951978727163,"Technology"
"NVDA","2022-11-23",16.4973659515381,16.5053568005787,16.0269840036884,16.0769177621508,427241000,"NVDA",0.0299916070418919,38.9287365953854,"Technology"
"NVDA","2022-11-25",16.2486896514893,16.4654044752863,16.1508184407422,16.2966271152818,167934000,"NVDA",-0.0150736972665411,38.3419366049776,"Technology"
"NVDA","2022-11-28",15.8062725067139,16.3355791004808,15.7044068029036,16.0050113005063,303741000,"NVDA",-0.0272278660165585,37.2979674922819,"Technology"
"NVDA","2022-11-29",15.61851978302,15.9111363038922,15.4996761383776,15.8062733120764,298384000,"NVDA",-0.0118783681360737,36.8549285036813,"Technology"
"NVDA","2022-11-30",16.9051609039307,16.9121534943742,15.5805584974257,15.6804525105232,565298000,"NVDA",0.0823791971829137,39.8910079260482,"Technology"
"NVDA","2022-12-01",17.1169376373291,17.2467997615208,16.6174647044815,16.9810813196913,470977000,"NVDA",0.012527342070385,40.3907362278702,"Technology"
"NVDA","2022-12-02",16.8582096099854,16.9151506361329,16.4276641926687,16.6414393056586,371389000,"NVDA",-0.0151153221928851,39.7802172361781,"Technology"
"NVDA","2022-12-05",16.5924892425537,16.9770835785781,16.4546342435691,16.661416742046,352255000,"NVDA",-0.0157620751894229,39.1531984610499,"Technology"
"NVDA","2022-12-06",15.9701471328735,16.5555288670313,15.8023240157375,16.5125749288416,352694000,"NVDA",-0.0375074589823505,37.6846614757443,"Technology"
"NVDA","2022-12-07",16.1030082702637,16.1689386824717,15.6504847696813,15.7553745814681,372388000,"NVDA",0.00831934335261386,37.998173113688,"Technology"
"NVDA","2022-12-08",17.1509056091309,17.1608952984181,15.942179880114,16.2558500266501,515456000,"NVDA",0.065074632098542,40.470890249478,"Technology"
"NVDA","2022-12-09",16.9830799102783,17.5644671972571,16.9571082448281,17.1419127160342,465338000,"NVDA",-0.00978523832369478,40.0748729432147,"Technology"
"NVDA","2022-12-12",17.5165157318115,17.5195128285567,16.7792947139916,17.0190414948872,457328000,"NVDA",0.0314098399319409,41.333618287654,"Technology"
"NVDA","2022-12-13",18.0529518127441,18.7701954204232,17.6923322617991,18.5114676405429,656589000,"NVDA",0.0306245881969781,42.5994433264045,"Technology"
"NVDA","2022-12-14",17.6553707122803,18.2327624993581,17.4016387276401,17.9680405238987,496888000,"NVDA",-0.0220230522181532,41.6612735615628,"Technology"
"NVDA","2022-12-15",16.9341259002686,17.3017379207672,16.682392700234,17.1279215954087,478542000,"NVDA",-0.0408512980987736,39.9593564561248,"Technology"
"NVDA","2022-12-16",16.5535278320312,17.0230335160085,16.3926982804416,16.846220086818,478232000,"NVDA",-0.022475211916977,39.0612614517074,"Technology"
"NVDA","2022-12-19",16.2368679046631,16.5914932754222,16.1279835381574,16.5545335235284,354039000,"NVDA",-0.019129452681103,38.3140408991028,"Technology"
"NVDA","2022-12-20",16.068042755127,16.2928059478626,15.835289527646,16.0470649841608,403260000,"NVDA",-0.0103976426073928,37.9156651949889,"Technology"
"NVDA","2022-12-21",16.483606338501,16.6094748830171,16.0850267424324,16.0970151301664,325025000,"NVDA",0.0258627382131795,38.8962681181054,"Technology"
"NVDA","2022-12-22",15.3228302001953,16.1209886766663,14.8663121660201,16.0770344341475,565045000,"NVDA",-0.070420035183346,36.1571915487276,"Technology"
"NVDA","2022-12-23",15.1899719238281,15.3228311514107,14.8673124387432,15.1799822360293,349326000,"NVDA",-0.00867060945212941,35.8436866619227,"Technology"
"NVDA","2022-12-27",14.1061143875122,15.0840824487896,14.0411823749181,15.0581098342858,464902000,"NVDA",-0.0713534917477825,33.2861144614811,"Technology"
"NVDA","2022-12-28",14.0212049484253,14.2469665548724,13.8693647443474,13.912319639203,351066000,"NVDA",-0.00601933578265056,33.0857541616377,"Technology"
"NVDA","2022-12-29",14.5876054763794,14.667521065653,14.2120023973273,14.3868181061141,354923000,"NVDA",0.0403959952113612,34.4222861283155,"Technology"
"NVDA","2022-12-30",14.598593711853,14.6135772886015,14.2179948576042,14.3188882120754,310490000,"NVDA",0.000753258339171924,34.448215002395,"Technology"
"NVDA","2023-01-03",14.2999105453491,14.9801934313505,14.0811415242219,14.8353458144566,401277000,"NVDA",-0.0204597218334391,33.7434141057875,"Technology"
"NVDA","2023-01-04",14.7334518432617,14.8373423024519,14.2259879339378,14.5516444923479,431324000,"NVDA",0.0303177629354893,34.7664389352808,"Technology"
"NVDA","2023-01-05",14.249960899353,14.5486454533132,14.1330836720338,14.4757224621947,389168000,"NVDA",-0.0328158634549591,33.6255482223655,"Technology"
"NVDA","2023-01-06",14.8433380126953,14.9941788733577,14.0192077980398,14.4587435949664,405044000,"NVDA",0.0416406134398043,35.0257366775945,"Technology"
"NVDA","2023-01-09",15.6115264892578,16.0390748233676,15.1250393802502,15.2678892433371,504231000,"NVDA",0.0517530811402043,36.8384264698655,"Technology"
"NVDA","2023-01-10",15.8922309875488,15.9451746181329,15.4556913475147,15.4906543021776,384101000,"NVDA",0.0179805926399424,37.5008032097166,"Technology"
"NVDA","2023-01-11",15.9841337203979,16.0111056880516,15.5465956652947,15.8233041223729,353285000,"NVDA",0.00578287170134417,37.7176655433758,"Technology"
"NVDA","2023-01-12",16.4935913085938,16.6194579117683,15.4756656377992,16.0830253475696,551409000,"NVDA",0.0318727055908987,38.9198295928158,"Technology"
"NVDA","2023-01-13",16.8811874389648,16.9041639117623,16.1479618732276,16.2608417268152,447287000,"NVDA",0.0234998020212337,39.8344378829471,"Technology"
"NVDA","2023-01-17",17.6833400726318,17.7093136416915,16.8811870140322,16.8811870140322,511102000,"NVDA",0.0475175479549192,41.7272726953073,"Technology"
"NVDA","2023-01-18",17.3586826324463,17.8541581523008,17.2637815584328,17.6483759346514,439624000,"NVDA",-0.0183595089418663,40.9611804591381,"Technology"
"NVDA","2023-01-19",16.7473297119141,17.1788755129073,16.7133670556611,17.0180439966678,452932000,"NVDA",-0.0352188546491141,39.5185745982916,"Technology"
"NVDA","2023-01-20",17.8201961517334,17.8371784297506,16.8072650962248,16.9930679466014,564967000,"NVDA",0.0640619405167678,42.0502111735148,"Technology"
"NVDA","2023-01-23",19.1727695465088,19.2247147792948,17.7992189271894,18.0449580040828,655163000,"NVDA",0.075901150765045,45.2418705914977,"Technology"
"NVDA","2023-01-24",19.2446937561035,19.4744527802902,18.800163098446,18.8071556898428,496204000,"NVDA",0.00375137297823639,45.4115897223195,"Technology"
"NVDA","2023-01-25",19.3026313781738,19.3495827190599,18.5604145517479,18.8930637158827,449537000,"NVDA",0.0030105764635479,45.5483047855098,"Technology"
"NVDA","2023-01-26",19.7811279296875,20.1447445789309,19.2576800794001,19.6802345554787,489535000,"NVDA",0.0247891876573225,46.6774102603107,"Technology"
"NVDA","2023-01-27",20.3435344696045,20.606257747729,19.384547252062,19.441486379785,542142000,"NVDA",0.0284314697279184,48.0045176371044,"Technology"
"NVDA","2023-01-30",19.1417980194092,20.1187656417488,19.1298096345928,19.9289673319744,488611000,"NVDA",-0.0590721564136675,45.1687872626827,"Technology"
"NVDA","2023-01-31",19.5164031982422,19.6662446752604,18.9300221669656,19.1497895395698,498017000,"NVDA",0.0195700100091522,46.0527408815147,"Technology"
"NVDA","2023-02-01",20.9209232330322,21.1696593871828,19.5903266607374,19.6702422506287,660477000,"NVDA",0.0719661312857352,49.3669784778617,"Technology"
"NVDA","2023-02-02",21.6861190795898,21.9258658990353,20.6781836595551,20.9778667075273,564276000,"NVDA",0.0365756251784072,51.1726065788585,"Technology"
"NVDA","2023-02-03",21.0777587890625,21.7220793493368,20.7670857922651,20.9778638183835,429366000,"NVDA",-0.0280529811855506,49.7370624092862,"Technology"
"NVDA","2023-02-06",21.0667724609375,21.547264471015,20.7640904268474,20.7840698037168,452197000,"NVDA",-0.000521228477607445,49.7111380359659,"Technology"
"NVDA","2023-02-07",22.1496257781982,22.2355355598878,21.127703498266,21.3594592767444,664150000,"NVDA",0.0514010069301595,52.2663405866587,"Technology"
"NVDA","2023-02-08",22.1815910339355,22.8538818811926,21.9847982116875,22.3633983738098,559651000,"NVDA",0.00144315105173325,52.3417688110466,"Technology"
"NVDA","2023-02-09",22.3134536743164,22.9957342639236,22.0966833667124,22.5821711179538,523876000,"NVDA",0.00594468810551611,52.6529243015193,"Technology"
"NVDA","2023-02-10",21.242582321167,22.0547250010801,20.7890623502371,21.6671354392403,550737000,"NVDA",-0.0479921830470388,50.1259955204789,"Technology"
"NVDA","2023-02-13",21.7650337219238,22.0247598886936,20.9399041820079,21.5152972429535,474919000,"NVDA",0.0245945334167891,51.3588209923572,"Technology"
"NVDA","2023-02-14",22.9467906951904,23.0247076040659,21.343480815226,21.5552572739877,675474000,"NVDA",0.0542961241579067,54.1474059135619,"Technology"
"NVDA","2023-02-15",22.7400074005127,22.8309110930705,22.0827018720642,22.5252338513092,420575000,"NVDA",-0.00901142549407031,53.6594605994746,"Technology"
"NVDA","2023-02-16",21.9788055419922,22.5262262515276,21.9038838474391,22.1096660501963,412026000,"NVDA",-0.0334741253647677,51.863257088362,"Technology"
"NVDA","2023-02-17",21.3654537200928,21.717081932888,20.9528889890741,21.6081975852264,465888000,"NVDA",-0.0279065129689399,50.4159344318142,"Technology"
"NVDA","2023-02-21",20.6332225799561,21.4713367555501,20.5962609363776,20.9778581348209,410015000,"NVDA",-0.0342717336935421,48.688092953056,"Technology"
"NVDA","2023-02-22",20.7321243286133,21.0817557984531,20.3994751383832,20.6851748893823,513184000,"NVDA",0.00479332534091421,48.9214708228086,"Technology"
"NVDA","2023-02-23",23.6390571594238,23.8628219880933,23.0007307410448,23.4152942360926,1117995000,"NVDA",0.140213939716663,55.7809429836084,"Technology"
"NVDA","2023-02-24",23.2614517211914,23.4492551667876,22.922810291543,23.2005171082519,589716000,"NVDA",-0.0159737943728389,54.8899096704652,"Technology"
"NVDA","2023-02-27",23.4762268066406,23.8548270092503,23.4292773710829,23.6450492869619,452994000,"NVDA",0.00923309035151734,55.3967131658392,"Technology"
"NVDA","2023-02-28",23.1915283203125,23.7998875502787,23.1815386323694,23.3473640226154,455963000,"NVDA",-0.012127097283265,54.724911836104,"Technology"
"NVDA","2023-03-01",22.6740741729736,23.2314865535911,22.484273916968,23.1675529332501,460026000,"NVDA",-0.0223122055688607,53.503878353479,"Technology"
"NVDA","2023-03-02",23.289421081543,23.3553514877512,22.4083509344569,22.4642935595669,389415000,"NVDA",0.0271387887273827,54.9559088042097,"Technology"
"NVDA","2023-03-03",23.8648147583008,23.8748044450276,23.1056157151066,23.2954159522396,412393000,"NVDA",0.0247062249741285,56.3136618507842,"Technology"
"NVDA","2023-03-06",23.5291709899902,24.2224377362226,23.4622402778614,23.8658156288108,437429000,"NVDA",-0.0140643776920079,55.5216452412947,"Technology"
"NVDA","2023-03-07",23.2674026489258,24.1036622436785,23.2204433346282,23.5791269697671,515154000,"NVDA",-0.0111252683392804,54.903952039347,"Technology"
"NVDA","2023-03-08",24.159610748291,24.1785949482627,23.4032803738725,23.4662243735778,513573000,"NVDA",0.0383458400074761,57.0092902000259,"Technology"
"NVDA","2023-03-09",23.4152717590332,24.4323709907704,23.3623172347904,24.1536165304756,501257000,"NVDA",-0.0308092293792633,55.2528779015044,"Technology"
"NVDA","2023-03-10",22.9446907043457,23.6061059100938,22.7059017474907,23.3882982900967,474866000,"NVDA",-0.0200971852699492,54.1424505776199,"Technology"
"NVDA","2023-03-13",22.9456901550293,23.2773972903159,22.277283050243,22.7318806053363,421890000,"NVDA",4.35591264433325e-05,54.1448089754706,"Technology"
"NVDA","2023-03-14",24.0417175292969,24.1975796944054,23.4392502042238,23.4752195688868,474910000,"NVDA",0.0477661542042285,56.7310982703514,"Technology"
"NVDA","2023-03-15",24.2065734863281,24.2645208497558,23.3393411118409,23.7399855389547,524486000,"NVDA",0.00685707902650295,57.1201078944515,"Technology"
"NVDA","2023-03-16",25.5184097290039,25.5653671367642,23.8728652107941,24.005748900601,583253000,"NVDA",0.0541933885610331,60.2156400962237,"Technology"
"NVDA","2023-03-17",25.7022476196289,26.3756512794211,25.6452969210045,25.9590202826386,848547000,"NVDA",0.00720412802276045,60.6494412764493,"Technology"
"NVDA","2023-03-20",25.8770923614502,26.0009832384692,25.1077729306633,25.5923445821797,432747000,"NVDA",0.00680270240987638,61.0620213767783,"Technology"
"NVDA","2023-03-21",26.1758289337158,26.3686590367104,25.3585534881989,26.1568466368434,547408000,"NVDA",0.0115444412414225,61.766948294645,"Technology"
"NVDA","2023-03-22",26.4445915222168,27.5646003744804,26.2137949242955,26.401628378488,797295000,"NVDA",0.0102675865273094,62.4011457807881,"Technology"
"NVDA","2023-03-23",27.1669521331787,27.4746803005687,26.6663957688262,27.0910191345112,564889000,"NVDA",0.0273160056321929,64.1056958303914,"Technology"
"NVDA","2023-03-24",26.7553176879883,27.1429750533614,26.3316928600048,27.0070956432466,454920000,"NVDA",-0.0151520289494568,63.1343644713443,"Technology"
"NVDA","2023-03-27",26.5075340270996,26.9761190692806,26.3416804847126,26.8132631326268,361026000,"NVDA",-0.00926109956077679,62.5496708362688,"Technology"
"NVDA","2023-03-28",26.3866386413574,26.489548172071,25.8271345280462,26.4236065682178,356104000,"NVDA",-0.00456079338117955,62.2643947115237,"Technology"
"NVDA","2023-03-29",26.9601345062256,27.0540512350795,26.5734776394007,26.8012766356822,393694000,"NVDA",0.0217343282205445,63.6176695026375,"Technology"
"NVDA","2023-03-30",27.3587818145752,27.4746803519842,27.0780301945978,27.2049186834231,364516000,"NVDA",0.0147865474579719,64.5583551919039,"Technology"
"NVDA","2023-03-31",27.7524318695068,27.8093806606603,27.0810253644622,27.1159942547602,433933000,"NVDA",0.0143884350406978,65.4872488919169,"Technology"
"NVDA","2023-04-03",27.9402656555176,27.9752345462475,27.3118222834071,27.4846696036786,398716000,"NVDA",0.00676819195139168,65.9304791627859,"Technology"
"NVDA","2023-04-04",27.4287185668945,27.9752356620917,27.2828477866997,27.9412653366958,368592000,"NVDA",-0.018308597882713,64.7233845315799,"Technology"
"NVDA","2023-04-05",26.8572235107422,26.9741186945804,26.3716533305576,26.8052694604825,515015000,"NVDA",-0.0208356454844419,63.3748310369267,"Technology"
"NVDA","2023-04-06",27.0130844116211,27.0560456431386,26.403623392326,26.5604841024882,397654000,"NVDA",0.00580331398800647,63.7426150803708,"Technology"
"NVDA","2023-04-10",27.5546073913574,27.5965700602428,26.6454124208521,26.7992755400983,395279000,"NVDA",0.0200466918728971,65.0204436440597,"Technology"
"NVDA","2023-04-11",27.1449699401855,27.7654209621033,27.1020067993301,27.6994793536304,314378000,"NVDA",-0.014866386784388,64.0538245799546,"Technology"
"NVDA","2023-04-12",26.4715671539307,27.4437061505357,26.4246078391762,27.3457932541764,446259000,"NVDA",-0.0248076453110369,62.4648000189597,"Technology"
"NVDA","2023-04-13",26.4395942687988,26.8632190505627,26.3057139126191,26.710354492654,353615000,"NVDA",-0.00120781988259008,62.3893537915348,"Technology"
"NVDA","2023-04-14",26.7343311309814,26.8592205645635,26.1968069021274,26.4805560916033,395660000,"NVDA",0.0111475561684558,63.0848426172396,"Technology"
"NVDA","2023-04-17",26.9781169891357,26.9821131613937,26.4096200372981,26.5415032501195,321471000,"NVDA",0.00911883139921845,63.6601026609124,"Technology"
"NVDA","2023-04-18",27.6425304412842,28.0851394339358,27.3328051464995,27.5086500823341,604812000,"NVDA",0.0246278660744188,65.2279151435291,"Technology"
"NVDA","2023-04-19",27.9062995910645,27.9752388163581,27.207918330894,27.3368039629231,358660000,"NVDA",0.00954214920159168,65.8503296419374,"Technology"
"NVDA","2023-04-20",27.0800304412842,28.0052121199684,26.9761223230864,27.6465284459931,427713000,"NVDA",-0.0296086963118838,63.9005872295319,"Technology"
"NVDA","2023-04-21",27.0950164794922,27.1589609627659,26.6983682113488,26.9281643508225,345103000,"NVDA",0.000553398130053843,63.9359496950141,"Technology"
"NVDA","2023-04-24",27.0180797576904,27.3417925682259,26.6474076368793,26.9891060804958,339282000,"NVDA",-0.00283951559357752,63.7544025688649,"Technology"
"NVDA","2023-04-25",26.2177906036377,27.2229013742331,26.2018059133376,27.0540502197216,378527000,"NVDA",-0.0296205045373345,61.8659649982988,"Technology"
"NVDA","2023-04-26",26.9321613311768,27.3058311399729,26.6813838472498,26.9781220849789,406337000,"NVDA",0.0272475563764684,63.5516613673745,"Technology"
"NVDA","2023-04-27",27.2019195556641,27.4706826424229,26.6014512831309,27.3387994214816,377161000,"NVDA",0.0100162115164159,64.1882082498498,"Technology"
"NVDA","2023-04-28",27.7244567871094,27.7334476985319,27.0470550699526,27.200920093091,292216000,"NVDA",0.019209571970685,65.4212362558946,"Technology"
"NVDA","2023-05-01",28.8844299316406,29.0322997471817,27.7554302168621,27.8153766153088,570329000,"NVDA",0.0418393461570214,68.1584180056253,"Technology"
"NVDA","2023-05-02",28.1850490570068,28.8104967549333,28.0581624784394,28.6546345902323,402730000,"NVDA",-0.0242130752204208,66.5080931035502,"Technology"
"NVDA","2023-05-03",27.7774143218994,28.3419152175462,27.4477062220546,27.8153808246489,383387000,"NVDA",-0.0144628002698503,65.5461998366649,"Technology"
"NVDA","2023-05-04",27.5376262664795,27.8343625979089,27.2159105188653,27.6265463563938,321850000,"NVDA",-0.00863248294607737,64.9803733843947,"Technology"
"NVDA","2023-05-05",28.654634475708,28.7295669990756,27.7064744068124,27.8013896986761,361494000,"NVDA",0.0405629809344972,67.6161710311025,"Technology"
"NVDA","2023-05-08",29.1252155303955,29.1941547450507,28.3249253117062,28.4967721593389,344979000,"NVDA",0.0164225111678334,68.7265983549869,"Technology"
"NVDA","2023-05-09",28.545726776123,28.9473716154095,28.424835422217,28.8734376663964,314869000,"NVDA",-0.0198964623512467,67.3591821782876,"Technology"
"NVDA","2023-05-10",28.8594532012939,29.08725218945,28.4358284169649,28.9793460014149,369350000,"NVDA",0.0109903113566306,68.099480563155,"Technology"
"NVDA","2023-05-11",28.5527229309082,28.9243955571476,28.2210177465263,28.8704424644155,322149000,"NVDA",-0.010628415869362,67.3756909632422,"Technology"
"NVDA","2023-05-12",28.3149356842041,28.7545470729048,28.0211950786836,28.5037677055419,274222000,"NVDA",-0.00832800595864354,66.8145858074326,"Technology"
"NVDA","2023-05-15",28.9273910522461,28.9433776477435,28.1271008239114,28.4827849463575,293926000,"NVDA",0.0216301168709226,68.2597931071297,"Technology"
"NVDA","2023-05-16",29.187162399292,29.8435828207614,28.806500755638,28.815491667588,449405000,"NVDA",0.00898011668514186,68.8727740141353,"Technology"
"NVDA","2023-05-17",30.1513023376465,30.1722836683914,29.4039648685949,29.5578279607246,432535000,"NVDA",0.0330330138012279,71.1478493086731,"Technology"
"NVDA","2023-05-18",31.6499805450439,31.799847490044,30.2931818839812,30.3831024321135,748725000,"NVDA",0.049705256198046,74.6842713865007,"Technology"
"NVDA","2023-05-19",31.2363510131836,31.5520715371987,30.8886592006132,31.5081098243965,473908000,"NVDA",-0.0130688715991998,73.7082322332707,"Technology"
"NVDA","2023-05-22",31.1484260559082,31.4921216576889,30.6528644681714,30.8736677632923,3.72e+08,"NVDA",-0.00281482805844643,73.500756233042,"Technology"
"NVDA","2023-05-23",30.6608562469482,31.2603259292021,30.6039074560969,30.9725805579467,356253000,"NVDA",-0.0156531122338196,72.3502406464556,"Technology"
"NVDA","2023-05-24",30.5109882354736,30.5799274466157,29.7796353630476,30.1832773408898,721419000,"NVDA",-0.00488792649062194,71.9965979885969,"Technology"
"NVDA","2023-05-25",37.9464111328125,39.4450845763422,36.6025993921573,38.4889301875961,1543911000,"NVDA",0.243696560726082,89.5419213023963,"Technology"
"NVDA","2023-05-26",38.9115562438965,39.1353571680043,37.5167909240732,37.8564903887327,714397000,"NVDA",0.0254344240277684,91.8193684970625,"Technology"
"NVDA","2023-05-30",40.0755195617676,41.9009031392114,39.9136641102503,40.5590925944189,923401000,"NVDA",0.0299130497525056,94.5659658351588,"Technology"
"NVDA","2023-05-31",37.800537109375,40.2593589985419,37.7885466861723,39.4530735476396,1002580000,"NVDA",-0.056767385108662,89.1977032344218,"Technology"
"NVDA","2023-06-01",39.7348213195801,40.0145724218431,38.306085942183,38.4549524040807,635873000,"NVDA",0.051170812854015,93.7620222136383,"Technology"
"NVDA","2023-06-02",39.2922172546387,40.4641801407792,39.0234541630698,40.0615366924518,482731000,"NVDA",-0.0111389469045707,92.7176120265354,"Technology"
"NVDA","2023-06-05",39.1363525390625,39.5300012193585,38.6727622711817,38.8745832557264,396094000,"NVDA",-0.00396680886105431,92.3498189815728,"Technology"
"NVDA","2023-06-06",38.6198081970215,39.1253611365109,38.114255257532,38.7956550176492,388729000,"NVDA",-0.0131985815879353,91.1309323611134,"Technology"
"NVDA","2023-06-07",37.4457244873047,39.4681454921203,37.3268179637923,38.8846020557502,511998000,"NVDA",-0.0304010756274897,88.3604539943996,"Technology"
"NVDA","2023-06-08",38.4799194335938,38.8336430273654,37.4757071503415,37.694534053593,417772000,"NVDA",0.0276185054622107,90.8008376756873,"Technology"
"NVDA","2023-06-09",38.7397193908691,39.6799825075861,38.5368788270708,39.0065091445359,427717000,"NVDA",0.0067515722771649,91.4138860940818,"Technology"
"NVDA","2023-06-12",39.4511566162109,39.4991194558776,38.587833125646,39.1693792213514,388701000,"NVDA",0.0183645425555013,93.0926602954204,"Technology"
"NVDA","2023-06-13",40.9899559020996,41.0688965714517,39.7089596264923,40.1546103893108,613208000,"NVDA",0.0390051754593264,96.7237558442187,"Technology"
"NVDA","2023-06-14",42.9634246826172,42.9664206932125,40.5203305108386,40.7921212735499,740465000,"NVDA",0.0481451794003148,101.380538421611,"Technology"
"NVDA","2023-06-15",42.619686126709,43.2551909701653,42.1140808151746,42.5687272710423,568622000,"NVDA",-0.00800072523192683,100.569420589835,"Technology"
"NVDA","2023-06-16",42.6586494445801,43.6868448970627,42.6276716193581,43.4160566994997,655709000,"NVDA",0.00091420940443473,100.661362099937,"Technology"
"NVDA","2023-06-20",43.7737846374512,43.9556455144447,42.6406714190162,42.9644196864482,451153000,"NVDA",0.026140893051943,103.292740001054,"Technology"
"NVDA","2023-06-21",43.0113754272461,43.580933703138,42.0471328545777,43.4670205232726,551603000,"NVDA",-0.0174170274861907,101.493687509332,"Technology"
"NVDA","2023-06-22",42.9913940429688,43.3920779798535,42.2010115391714,42.2199938925584,417737000,"NVDA",-0.000464560458224414,101.446537555355,"Technology"
"NVDA","2023-06-23",42.1760330200195,42.7755628756438,41.9821842964355,42.4308349239329,358140000,"NVDA",-0.0189656800180587,99.5225349851405,"Technology"
"NVDA","2023-06-26",40.600269317627,42.7306043494042,40.068683276938,42.4278395677668,594322000,"NVDA",-0.0373615911587658,95.8042147219417,"Technology"
"NVDA","2023-06-27",41.8432884216309,41.9072376053233,40.416406298926,40.7671300451208,462175000,"NVDA",0.0306160309991894,98.7373595297217,"Technology"
"NVDA","2023-06-28",41.084888458252,41.8123205351509,40.4863572493242,40.6282446405582,582639000,"NVDA",-0.0181247696341871,96.9477676339576,"Technology"
"NVDA","2023-06-29",40.7901077270508,41.5674998176807,40.5682810354122,41.5255328117878,380514000,"NVDA",-0.00717491862003497,96.2521752907899,"Technology"
"NVDA","2023-06-30",42.2689590454102,42.5167664479594,41.4685859609783,41.6474470105879,501148000,"NVDA",0.0362551461804217,99.741811976141,"Technology"
"NVDA","2023-07-03",42.3798713684082,42.864493167217,42.1690376344479,42.4837902303,198209000,"NVDA",0.00262396627461046,100.003531126935,"Technology"
"NVDA","2023-07-05",42.2839431762695,43.1432681398856,42.0521221588185,42.1020823363273,323618000,"NVDA",-0.00226353193252448,99.7771699408639,"Technology"
"NVDA","2023-07-06",42.0701179504395,42.1460588074499,41.3137092023729,41.811321359227,303582000,"NVDA",-0.00505688944237539,99.2726078235999,"Technology"
"NVDA","2023-07-07",42.4698028564453,43.1802499025251,42.1470570760141,42.2889444641799,355881000,"NVDA",0.00950044652778741,100.215741925902,"Technology"
"NVDA","2023-07-10",42.1470527648926,42.7775603980854,41.6164654952535,42.6236813610569,353908000,"NVDA",-0.00759951941956691,99.4541504489898,"Technology"
"NVDA","2023-07-11",42.3718757629395,42.7246006710804,42.0341423399744,42.44781661195,298244000,"NVDA",0.00533425194167187,99.9846639441296,"Technology"
"NVDA","2023-07-12",43.8677024841309,43.9006776485586,42.7435813777036,42.9993818989819,481277000,"NVDA",0.0353023484152602,103.514357386868,"Technology"
"NVDA","2023-07-13",45.9410934448242,46.1189520189511,44.4572526104998,44.483233280465,478204000,"NVDA",0.0472646353303643,108.406925740215,"Technology"
"NVDA","2023-07-14",45.4334831237793,48.0504367426907,45.0248022225277,46.5466113238848,772075000,"NVDA",-0.011049156277801,107.209120676116,"Technology"
"NVDA","2023-07-17",46.4247093200684,46.4596818302077,45.2266483214971,46.2528465912224,510488000,"NVDA",0.021817085729231,109.548111252862,"Technology"
"NVDA","2023-07-18",47.4568977355957,47.8585841249055,45.6982743037476,46.6645179495818,569164000,"NVDA",0.0222335999652916,111.983760135411,"Technology"
"NVDA","2023-07-19",47.040225982666,47.7806482869165,46.7054885790517,47.4269247186503,427502000,"NVDA",-0.00878000402072547,111.000542271167,"Technology"
"NVDA","2023-07-20",45.484447479248,47.0502249300067,45.0268050129815,46.4706761040581,537865000,"NVDA",-0.0330733637204732,107.329380963462,"Technology"
"NVDA","2023-07-21",44.2743835449219,45.8301702222714,44.0655471834093,45.7522282291304,963769000,"NVDA",-0.0266039053212256,104.474000274125,"Technology"
"NVDA","2023-07-24",44.5771598815918,45.0737733973394,44.0056079862823,44.6960664304439,382516000,"NVDA",0.00683863472345623,105.188459800098,"Technology"
"NVDA","2023-07-25",45.6433181762695,46.1469222753089,44.8879082159931,44.9058957102662,348081000,"NVDA",0.0239171427141101,107.704267205014,"Technology"
"NVDA","2023-07-26",45.4164962768555,46.017028562917,44.5951397587874,45.9850520645084,364237000,"NVDA",-0.0049694436880794,107.169036914173,"Technology"
"NVDA","2023-07-27",45.8641471862793,47.3579783142943,45.7142628326329,46.4826631420584,455976000,"NVDA",0.00985657076439765,108.22535611027,"Technology"
"NVDA","2023-07-28",46.7134819030762,46.9902659553822,46.3447706605663,46.631545224359,331194000,"NVDA",0.0185184892536487,110.22952620437,"Technology"
"NVDA","2023-07-31",46.6925010681152,47.0931888313838,46.4696756755624,46.7174830658365,251055000,"NVDA",-0.000449138751944669,110.180017852543,"Technology"
"NVDA","2023-08-01",46.4706726074219,46.8633671840123,45.9910480005108,46.4237084355557,237858000,"NVDA",-0.00475083697850657,109.656570549437,"Technology"
"NVDA","2023-08-02",44.2344245910645,45.8041967036874,43.3531135099052,45.7952048614288,530142000,"NVDA",-0.0481217053871578,104.379709367691,"Technology"
"NVDA","2023-08-03",44.480224609375,45.0827541907119,43.7657830094894,43.7657830094894,324176000,"NVDA",0.00555675857848052,104.959722213139,"Technology"
"NVDA","2023-08-04",44.6450996398926,45.6063461850548,44.3583250730112,44.9498617017047,362666000,"NVDA",0.00370670409076189,105.348776844832,"Technology"
"NVDA","2023-08-07",45.3815231323242,45.5044281508285,44.5281901278092,45.0757624027515,322154000,"NVDA",0.0164950576518282,107.086510992437,"Technology"
"NVDA","2023-08-08",44.6291198730469,45.2066675835833,44.021592999875,44.8179714449192,353843000,"NVDA",-0.0165795065336056,105.311069483777,"Technology"
"NVDA","2023-08-09",42.5207595825195,44.2773857325892,42.1010856855406,44.2394134038937,586449000,"NVDA",-0.0472418075132299,100.335984210212,"Technology"
"NVDA","2023-08-10",42.3548927307129,43.5399672116823,41.8023232566061,42.1270701730243,492705000,"NVDA",-0.00390084404500688,99.9445891837054,"Technology"
"NVDA","2023-08-11",40.8230895996094,41.985183246912,40.6072587035959,41.718389684143,533085000,"NVDA",-0.0361659074629826,96.3300024198617,"Technology"
"NVDA","2023-08-14",43.718822479248,43.7657866514306,40.2795135273641,40.4543760708975,690286000,"NVDA",0.0709337021778572,103.163046122304,"Technology"
"NVDA","2023-08-15",43.9056777954102,45.2326434432147,43.6758579021437,44.525196267747,676512000,"NVDA",0.00427402444909864,103.603967503675,"Technology"
"NVDA","2023-08-16",43.452033996582,44.6401044685971,43.3720946533935,44.4852267558164,527451000,"NVDA",-0.0103322354102354,102.533506921992,"Technology"
"NVDA","2023-08-17",43.3101425170898,44.0275801392078,42.9674081426093,43.9356529526187,452395000,"NVDA",-0.00326547382116448,102.198686439346,"Technology"
"NVDA","2023-08-18",43.2651710510254,43.5439524024453,41.6274516334456,42.6016883586692,583768000,"NVDA",-0.00103835876427116,102.092567537585,"Technology"
"NVDA","2023-08-21",46.9303169250488,47.028239958253,44.1874618900852,44.4592488124891,692573000,"NVDA",0.0847135417470301,110.741190519742,"Technology"
"NVDA","2023-08-22",45.6323280334473,48.1493614510524,45.2975906164654,48.0974001166074,755293000,"NVDA",-0.0276577908833334,107.678333830175,"Technology"
"NVDA","2023-08-23",47.0791969299316,47.1631309482359,45.1726863999926,45.8301733550934,779046000,"NVDA",0.0317071023732092,111.092501784305,"Technology"
"NVDA","2023-08-24",47.1261558532715,50.226732521361,47.122161173503,50.1767723422329,1156044000,"NVDA",0.000997445292232429,111.203310477212,"Technology"
"NVDA","2023-08-25",45.9820594787598,47.7676625031357,44.988832543034,46.9752826027678,925341000,"NVDA",-0.0242773116923411,108.503593047537,"Technology"
"NVDA","2023-08-28",46.7984161376953,46.9433033352021,44.8529383474698,46.445691226599,685192000,"NVDA",0.0177538080762268,110.429945014084,"Technology"
"NVDA","2023-08-29",48.7458953857422,49.0426642844061,46.3547629944378,46.6295497175929,701397000,"NVDA",0.0416142128040572,115.02540024584,"Technology"
"NVDA","2023-08-30",49.225528717041,49.8880091682314,48.3871832072088,49.0056992995978,735206000,"NVDA",0.00983946089210862,116.157188173158,"Technology"
"NVDA","2023-08-31",49.3164482116699,49.7051443016757,48.919758949868,49.3414302087858,528570000,"NVDA",0.00184699884386273,116.371730365421,"Technology"
"NVDA","2023-09-01",48.4711112976074,49.7611033381042,48.1043973606989,49.7231348168371,463830000,"NVDA",-0.0171410745241476,114.376993862723,"Technology"
"NVDA","2023-09-05",48.510082244873,48.8128469914626,47.8226198771132,48.1853353216049,382653000,"NVDA",0.000804003585276755,114.468953375862,"Technology"
"NVDA","2023-09-06",47.0281181335449,48.5150773941053,46.547455226571,48.40715496063,468670000,"NVDA",-0.0305496103644465,110.971971451403,"Technology"
"NVDA","2023-09-07",46.2086868286133,46.311615490209,45.1204471460448,45.4931875827259,433330000,"NVDA",-0.017424284395236,109.038364260934,"Technology"
"NVDA","2023-09-08",45.540153503418,46.5734313547332,45.2393651494628,45.9098976971133,473069000,"NVDA",-0.0144676979823054,107.460830138322,"Technology"
"NVDA","2023-09-11",45.1464309692383,46.1307394481029,44.2810350025815,46.1157505400436,473966000,"NVDA",-0.00864561280299894,106.531765409457,"Technology"
"NVDA","2023-09-12",44.8386459350586,45.6410862401138,44.4998821105375,44.7067382008051,349256000,"NVDA",-0.00681748318907878,105.805486889675,"Technology"
"NVDA","2023-09-13",45.4532203674316,45.8979091422116,44.4719042313667,44.5688365797226,398355000,"NVDA",0.0137063557464058,107.255694532907,"Technology"
"NVDA","2023-09-14",45.5491561889648,45.954870768939,45.0994698183301,45.9178978692757,370097000,"NVDA",0.00211064960321147,107.482073722015,"Technology"
"NVDA","2023-09-15",43.8693199157715,45.5671299878863,43.7773813477125,45.3093108829217,506831000,"NVDA",-0.0368796354036594,103.518174030718,"Technology"
"NVDA","2023-09-18",43.9352760314941,44.2110841377503,41.9706502746146,42.7181286678467,500271000,"NVDA",0.00150346793269855,103.673810285825,"Technology"
"NVDA","2023-09-19",43.4895858764648,43.935273329024,42.9719463329425,43.8023668574249,373064000,"NVDA",-0.0101442438806988,102.622117870244,"Technology"
"NVDA","2023-09-20",42.2094879150391,43.8723268165214,42.1935002523808,43.5695371062347,367108000,"NVDA",-0.0294345861342986,99.6014783025081,"Technology"
"NVDA","2023-09-21",40.9883346557617,42.0705780130749,40.9513617625712,41.5539410125256,450736000,"NVDA",-0.0289307764580165,96.7199301988503,"Technology"
"NVDA","2023-09-22",41.580924987793,42.0855731787096,41.202188203522,41.5429495281198,479236000,"NVDA",0.0144575361992159,98.1182620908858,"Technology"
"NVDA","2023-09-25",42.192497253418,42.5062770206891,41.1482254710017,41.5619376499091,419091000,"NVDA",0.0147080005027435,99.5613855390469,"Technology"
"NVDA","2023-09-26",41.8817138671875,42.7900790972829,41.6258922294851,41.9716511319108,402282000,"NVDA",-0.00736584479377533,98.828031825713,"Technology"
"NVDA","2023-09-27",42.4383201599121,42.8420409695837,41.5999095974607,42.3004199239516,444935000,"NVDA",0.0132899597779041,100.141452393606,"Technology"
"NVDA","2023-09-28",43.0588874816895,43.4156364330195,42.0855691481404,42.4303254489294,424663000,"NVDA",0.0146228059791005,101.605801422423,"Technology"
"NVDA","2023-09-29",43.4686050415039,44.11315479658,43.276737862234,43.7963749627302,397830000,"NVDA",0.00951528438789049,102.572609518417,"Technology"
"NVDA","2023-10-02",44.7507019042969,45.1434249671476,43.8303441876988,43.9992247872835,433298000,"NVDA",0.0294947781638914,105.597965881854,"Technology"
"NVDA","2023-10-03",43.4865837097168,45.0984591387449,43.2157732065381,44.7766817794198,470850000,"NVDA",-0.0282480082051786,102.615033675173,"Technology"
"NVDA","2023-10-04",44.0102272033691,44.112157121349,43.2617500099184,43.7114363397923,361821000,"NVDA",0.0120414953068695,103.850672121587,"Technology"
"NVDA","2023-10-05",44.6567726135254,44.8686262712955,43.8573324004933,44.0192179476732,393483000,"NVDA",0.0146907991901199,105.376321491485,"Technology"
"NVDA","2023-10-06",45.7300262451172,45.7570078066442,43.9952391607972,44.1621222916997,434436000,"NVDA",0.0240333899827489,107.908871720837,"Technology"
"NVDA","2023-10-09",45.2413673400879,45.573136109278,44.3370008679552,44.8106687163843,409675000,"NVDA",-0.0106857341915799,106.755786200715,"Technology"
"NVDA","2023-10-10",45.765998840332,46.2266752513262,45.0564958699308,45.2783408687244,368582000,"NVDA",0.0115962786071514,107.993756040424,"Technology"
"NVDA","2023-10-11",46.7732963562012,46.826260727875,46.0178240557341,46.1637219538968,378137000,"NVDA",0.0220097352050239,110.370670014669,"Technology"
"NVDA","2023-10-12",46.9121932983398,47.5757307415527,46.2976252112001,46.7443114330541,481325000,"NVDA",0.00296957779244176,110.698424305282,"Technology"
"NVDA","2023-10-13",45.4292297363281,47.0830757907353,45.2483564656982,46.9271827625274,474115000,"NVDA",-0.0316114736435527,107.199083982973,"Technology"
"NVDA","2023-10-16",46.0627899169922,46.1926963279999,44.8806141301948,45.0315095868921,375099000,"NVDA",0.0139460911915358,108.694092183848,"Technology"
"NVDA","2023-10-17",43.907299041748,44.7227307709707,42.450317603296,43.9692559951165,812333000,"NVDA",-0.0467946227123555,103.607793149043,"Technology"
"NVDA","2023-10-18",42.1665153503418,43.1888031677522,41.7957761970971,42.5612398077068,627294000,"NVDA",-0.0396467951661311,99.5000761964482,"Technology"
"NVDA","2023-10-19",42.0715866088867,43.2667501336343,41.852737851038,42.7810896311532,501233000,"NVDA",-0.00225128257970477,99.2760734082278,"Technology"
"NVDA","2023-10-20",41.3580741882324,42.4403174239299,41.0492882380764,41.8607209768165,477266000,"NVDA",-0.0169594844921675,97.5924023808177,"Technology"
"NVDA","2023-10-23",42.9449729919434,43.2177848768221,40.9163925185065,41.2001944917527,478530000,"NVDA",0.038369746049792,101.336998076559,"Technology"
"NVDA","2023-10-24",43.6324882507324,43.6664648893499,42.6611711353234,43.0468991878067,401463000,"NVDA",0.0160092139053864,102.959323755296,"Technology"
"NVDA","2023-10-25",41.7498092651367,43.619504234518,41.5259667448663,43.3676775871818,398379000,"NVDA",-0.0431485588164709,98.5167773185367,"Technology"
"NVDA","2023-10-26",40.2978172302246,42.2264686992582,39.8521297840286,41.8237504693672,541001000,"NVDA",-0.0347784112183861,95.0905203250424,"Technology"
"NVDA","2023-10-27",40.4717025756836,41.1772105730308,39.9870408361484,41.1012634608965,416784000,"NVDA",0.00431500655396702,95.5008365434651,"Technology"
"NVDA","2023-10-30",41.1322326660156,41.7368093856884,40.4527075999965,41.0582868838873,388028000,"NVDA",0.0163207883112112,97.0594854802346,"Technology"
"NVDA","2023-10-31",40.7515029907227,40.8504366487685,39.202586844684,40.421735566665,517969000,"NVDA",-0.00925623654773149,96.1610799234284,"Technology"
"NVDA","2023-11-01",42.2954292297363,42.3513898598164,40.840445223591,40.8554341335007,437593000,"NVDA",0.0378863630959859,99.8042735131095,"Technology"
"NVDA","2023-11-02",43.4755973815918,43.8533315784542,42.8640255512251,43.297720369845,409172000,"NVDA",0.0279029713930823,102.589109301853,"Technology"
"NVDA","2023-11-03",44.9735488891602,45.2773334776925,43.6924433329055,43.989236655983,424610000,"NVDA",0.034454995394787,106.123816590404,"Technology"
"NVDA","2023-11-06",45.7190284729004,45.9029018142429,44.8676226644868,45.2533545119786,400733000,"NVDA",0.016575956359982,107.882920342961,"Technology"
"NVDA","2023-11-07",45.9228858947754,46.185698771513,45.1264419987465,45.6870507638375,343165000,"NVDA",0.00445891850033154,108.363961492348,"Technology"
"NVDA","2023-11-08",46.5414619445801,46.8342565054414,45.9358825265711,46.0677902730231,346719000,"NVDA",0.0134698862615483,109.823611728501,"Technology"
"NVDA","2023-11-09",46.9171943664551,48.1962987443298,46.7173333544042,47.4338314039959,540496000,"NVDA",0.00807306874722605,110.710225296054,"Technology"
"NVDA","2023-11-10",48.3012275695801,48.438132884975,47.2499644590094,47.4668118963943,421245000,"NVDA",0.0294994878064268,113.976120237221,"Technology"
"NVDA","2023-11-13",48.5860290527344,49.0816847025901,48.0653931571278,48.2862394195005,384136000,"NVDA",0.00589636117931014,114.648164607957,"Technology"
"NVDA","2023-11-14",49.6212997436523,49.7991767641136,49.0057328741637,49.6452850467414,416954000,"NVDA",0.0213079914350338,117.091086717465,"Technology"
"NVDA","2023-11-15",48.8538436889648,49.9250933070726,48.1663246514874,49.9001130611544,475497000,"NVDA",-0.0154662626463281,115.280125216749,"Technology"
"NVDA","2023-11-16",49.445426940918,49.4903974808327,48.2962327546505,48.6449879259415,339756000,"NVDA",0.0121092468326449,116.676080707897,"Technology"
"NVDA","2023-11-17",49.263557434082,49.6822634116336,48.9727603803161,49.489397461523,325205000,"NVDA",-0.00367818660061834,116.246924311224,"Technology"
"NVDA","2023-11-20",50.3737716674805,50.5126744652369,49.146629224587,49.2775381926355,414120000,"NVDA",0.0225362172612885,118.866690253459,"Technology"
"NVDA","2023-11-21",49.9090957641602,50.4816933585532,49.1876002279997,50.090967776493,565747000,"NVDA",-0.00922456047936333,117.770197280234,"Technology"
"NVDA","2023-11-22",48.681957244873,50.2998253819361,47.6566732297451,49.8171650027889,899420000,"NVDA",-0.0245874724937077,114.874525794028,"Technology"
"NVDA","2023-11-24",47.742618560791,48.8868189750065,47.711638178101,48.4361338877301,294645000,"NVDA",-0.0192954173834282,112.657973872108,"Technology"
"NVDA","2023-11-27",48.2082901000977,48.4960870525693,47.6187022270162,47.7665976184231,395662000,"NVDA",0.00975379133663768,113.756816241665,"Technology"
"NVDA","2023-11-28",47.7875823974609,48.2892343199706,47.4398260026885,48.2022933152617,401491000,"NVDA",-0.00872687460524277,112.764074770833,"Technology"
"NVDA","2023-11-29",48.1063613891602,48.7279284111849,47.8265582600335,48.3451966132633,382005000,"NVDA",0.00667074950659475,113.516295666972,"Technology"
"NVDA","2023-11-30",46.7373161315918,48.0763798505336,46.3895597517272,47.9904376017882,526247000,"NVDA",-0.0284587156050602,110.285767692046,"Technology"
"NVDA","2023-12-01",46.7323265075684,47.1670239623571,46.1547312180282,46.4924963209506,369317000,"NVDA",-0.000106758890677182,110.273993705829,"Technology"
"NVDA","2023-12-04",45.4782028198242,46.0448080278398,44.9785521441802,46.0448080278398,437543000,"NVDA",-0.0268363204117611,107.314645477655,"Technology"
"NVDA","2023-12-05",46.5375556945801,46.5715315088098,45.2433448005889,45.4382253741742,371718000,"NVDA",0.0232936397894352,109.814394173543,"Technology"
"NVDA","2023-12-06",45.4752044677734,47.358056377448,45.3842604483653,47.1861605530467,380590000,"NVDA",-0.0228278260632921,107.307570284103,"Technology"
"NVDA","2023-12-07",46.5675315856934,46.6005123689186,45.5761370954187,45.6720791126012,350823000,"NVDA",0.024020279418293,109.885128106025,"Technology"
"NVDA","2023-12-08",47.4769821166992,47.7118391800855,46.5215647954985,46.5665392902841,359224000,"NVDA",0.0195297130863012,112.031153130388,"Technology"
"NVDA","2023-12-11",46.598518371582,47.5019655226928,45.8020081200512,47.4619928527428,509728000,"NVDA",-0.0185029398658472,109.958247440914,"Technology"
"NVDA","2023-12-12",47.6278877258301,47.6368810992492,46.01787182836,46.01787182836,372387000,"NVDA",0.0220901734694596,112.387244201282,"Technology"
"NVDA","2023-12-13",48.0586242675781,48.5643156704109,47.5789179572985,47.5999050368914,447792000,"NVDA",0.00904378846753779,113.403650664288,"Technology"
"NVDA","2023-12-14",48.3204574584961,48.6402616390228,47.3930268599152,48.3604339341536,391232000,"NVDA",0.00544820404055157,114.02149689205,"Technology"
"NVDA","2023-12-15",48.8601379394531,49.3738239331578,48.0906077891267,48.1645639022308,479948000,"NVDA",0.0111687783879236,115.294977722297,"Technology"
"NVDA","2023-12-18",50.0464057922363,50.4021872923408,49.1199739909024,49.3698212567516,412587000,"NVDA",0.0242788478054076,118.094206939145,"Technology"
"NVDA","2023-12-19",49.5736961364746,49.6696381593647,48.8651296430172,49.3938057966474,464444000,"NVDA",-0.00944542666508631,116.978756767929,"Technology"
"NVDA","2023-12-20",48.0816078186035,49.9684548790202,48.0686152726536,49.6246632684945,397894000,"NVDA",-0.0300983875352652,113.457884813335,"Technology"
"NVDA","2023-12-21",48.960075378418,49.0650107800603,48.3894212242004,48.7811838693656,300425000,"NVDA",0.0182703449337349,115.530799504326,"Technology"
"NVDA","2023-12-22",48.8001708984375,49.3528306535697,48.437389884823,49.1649457798955,252507000,"NVDA",-0.00326601784708355,115.153473851257,"Technology"
"NVDA","2023-12-26",49.2488899230957,49.5696929385365,48.930084587696,48.9380791202265,244200000,"NVDA",0.00919502977954879,116.212313472538,"Technology"
"NVDA","2023-12-27",49.3868141174316,49.6496539554564,49.0550161831231,49.4807584677537,233648000,"NVDA",0.00280055437901874,116.53777237593,"Technology"
"NVDA","2023-12-28",49.4917449951172,49.853523351286,49.3818115871918,49.6126732687818,246587000,"NVDA",0.00212467395519871,116.785377145694,"Technology"
"NVDA","2023-12-29",49.4917449951172,49.9664570918524,48.721216111915,49.782567581127,389293000,"NVDA",0,116.785377145694,"Technology"
"NVDA","2024-01-02",48.1385726928711,49.2648830932029,47.5659246993529,49.2139155613448,411254000,"NVDA",-0.0273413738468829,113.592304489304,"Technology"
"NVDA","2024-01-03",47.5399398803711,48.1545620359789,47.2910914479061,47.4559915627733,320896000,"NVDA",-0.0124356161600249,112.179714191942,"Technology"
"NVDA","2024-01-04",47.9686813354492,48.4703735888609,47.4789789763883,47.7378196367836,306535000,"NVDA",0.00901855274022232,113.191412860765,"Technology"
"NVDA","2024-01-05",49.0670051574707,49.516731000213,48.2764880392774,48.4323947771992,415039000,"NVDA",0.0228966857425329,115.783121069792,"Technology"
"NVDA","2024-01-08",52.2210731506348,52.243062881105,49.448769729782,49.4817505131209,642510000,"NVDA",0.0642808335874936,123.22575660752,"Technology"
"NVDA","2024-01-09",53.1075325012207,54.2918098754937,51.6584176436921,52.3689855932025,773100000,"NVDA",0.0169751270340403,125.317529479798,"Technology"
"NVDA","2024-01-10",54.3167991638184,54.5666464530951,53.4563250385514,53.5832501759093,533796000,"NVDA",0.0227701534159935,128.171028851766,"Technology"
"NVDA","2024-01-11",54.7885093688965,55.3121913458639,53.5272830648412,54.9654031964735,596759000,"NVDA",0.00868442567198146,129.284120625131,"Technology"
"NVDA","2024-01-12",54.6765785217285,54.9364218310927,54.2968133962993,54.5866333473127,352994000,"NVDA",-0.00204296208196371,129.019998068894,"Technology"
"NVDA","2024-01-16",56.3475532531738,56.8002756072827,54.8664602400266,54.9843881781462,449580000,"NVDA",0.0305610697783744,132.962987232683,"Technology"
"NVDA","2024-01-17",56.0187606811523,56.4365046083092,54.7065630191848,56.3125798063803,474394000,"NVDA",-0.00583508161470995,132.187137350444,"Technology"
"NVDA","2024-01-18",57.0721130371094,57.5648119047759,56.0727239150656,57.2250194507863,491650000,"NVDA",0.0188035640765511,134.672726657709,"Technology"
"NVDA","2024-01-19",59.454662322998,59.4636556970798,57.1900438072446,57.9535770731806,543501000,"NVDA",0.0417462953288499,140.294814077504,"Technology"
"NVDA","2024-01-22",59.617561340332,60.2941497656213,59.0339184264956,60.0123205230393,452955000,"NVDA",0.00273988634312657,140.679205922606,"Technology"
"NVDA","2024-01-23",59.83642578125,59.8734019281728,58.5492105838786,59.5336094754373,294654000,"NVDA",0.0036711404491801,141.195659045827,"Technology"
"NVDA","2024-01-24",61.3245124816895,62.8106035615482,59.9013826396295,60.2671601728177,560271000,"NVDA",0.0248692444612183,144.7070884075,"Technology"
"NVDA","2024-01-25",61.5793609619141,62.6806889790572,60.8128273903059,62.3119110940508,482777000,"NVDA",0.00415573593513203,145.308452854864,"Technology"
"NVDA","2024-01-26",60.9937171936035,61.7452605457148,60.5360005941614,60.9227614182159,390309000,"NVDA",-0.0095103904808749,143.926512728042,"Technology"
"NVDA","2024-01-29",62.4268417358398,62.4508253363583,60.8697948237811,61.1945932389414,348733000,"NVDA",0.0234962649954153,147.308248210966,"Technology"
"NVDA","2024-01-30",62.7356491088867,63.4542116348139,62.2219631767103,62.8615753978369,410735000,"NVDA",0.00494670825017223,148.03693913771,"Technology"
"NVDA","2024-01-31",61.4894218444824,62.2309692357974,60.6629272832218,61.4024731816627,453795000,"NVDA",-0.0198647385036423,145.09622405286,"Technology"
"NVDA","2024-02-01",62.9884948730469,63.1523961432558,61.6123372318613,62.0620592601206,369146000,"NVDA",0.0243793645085145,148.633577787854,"Technology"
"NVDA","2024-02-02",66.1195831298828,66.5593091265455,63.6510871469704,63.9349140333218,476578000,"NVDA",0.0497088914911626,156.021988178053,"Technology"
"NVDA","2024-02-05",69.2896423339844,69.4545424421724,67.1639429229822,68.1833163989143,680078000,"NVDA",0.0479443313772021,163.502358081392,"Technology"
"NVDA","2024-02-06",68.1813201904297,69.711383089789,66.2594984830259,69.5874582959559,683111000,"NVDA",-0.0159954952316313,160.88705689234,"Technology"
"NVDA","2024-02-07",70.0561676025391,70.1770958658525,67.5586939758014,68.2772564261748,495575000,"NVDA",0.0274979628859187,165.311123211591,"Technology"
"NVDA","2024-02-08",69.5984573364258,70.7507528828607,69.412573946893,70.0311914883412,414422000,"NVDA",-0.00653347566355731,164.231067011172,"Technology"
"NVDA","2024-02-09",72.0889511108398,72.1409136812772,70.1691190330097,70.489922142119,436637000,"NVDA",0.0357837496652474,170.107870400357,"Technology"
"NVDA","2024-02-12",72.2038650512695,74.5654204659953,71.2064736279646,72.5556473928109,613710000,"NVDA",0.0015940576004914,170.379032144072,"Technology"
"NVDA","2024-02-13",72.0839462280273,73.4051374145103,69.5774823791023,70.357004774696,602580000,"NVDA",-0.00166083662082407,170.096060408066,"Technology"
"NVDA","2024-02-14",73.854866027832,74.1906593470084,71.894066360726,73.1572942933905,504917000,"NVDA",0.0245674646363371,174.274889356922,"Technology"
"NVDA","2024-02-15",72.6136093139648,73.9298060816412,72.355771321729,73.8238756574002,420122000,"NVDA",-0.0168067018549519,171.345903250695,"Technology"
"NVDA","2024-02-16",72.5686416625977,74.3565502752598,72.4567105683247,74.0547328068878,495327000,"NVDA",-0.000619273050768728,171.239793350452,"Technology"
"NVDA","2024-02-20",69.4095764160156,71.9120445685286,67.6926235954553,71.9030473825712,704833000,"NVDA",-0.043532098358267,163.785365823471,"Technology"
"NVDA","2024-02-21",67.4307861328125,68.8459215621048,66.2075347659216,67.9644565331779,673755000,"NVDA",-0.0285088943828583,159.116026127752,"Technology"
"NVDA","2024-02-22",78.4900283813477,78.5270007176893,74.1746651668873,74.97917375101,865100000,"NVDA",0.164008798989125,185.212454472887,"Technology"
"NVDA","2024-02-23",78.7688598632812,82.3436708813263,77.5226198848099,80.7406543265175,829388000,"NVDA",0.003552444656777,185.870411467148,"Technology"
"NVDA","2024-02-26",79.0436935424805,80.59674521461,78.4570464697624,79.6513162598183,503973000,"NVDA",0.00348911587239229,186.518934870006,"Technology"
"NVDA","2024-02-27",78.6529159545898,79.4314469973946,77.1148623296948,79.3325008302499,391705000,"NVDA",-0.00494381740499777,185.596819313434,"Technology"
"NVDA","2024-02-28",77.6155548095703,78.8847755646464,77.0778814807684,77.5725818118375,393110000,"NVDA",-0.0131890996338705,183.14896437178,"Technology"
"NVDA","2024-02-29",79.0636672973633,79.941129250324,78.3021317921465,79.0456805510973,507289000,"NVDA",0.0186575035293623,186.566066820945,"Technology"
"NVDA","2024-03-01",82.2287445068359,82.2497354012104,79.3864798119298,79.9511371580234,479135000,"NVDA",0.0400320060738975,194.034680741104,"Technology"
"NVDA","2024-03-04",85.1849365234375,87.641435353428,83.6678659788368,84.0786104250899,615616000,"NVDA",0.0359508348854312,201.010389510475,"Technology"
"NVDA","2024-03-05",85.9155120849609,86.0484403042854,83.3699515538247,85.2219032659031,520639000,"NVDA",0.00857634684416803,202.734324330198,"Technology"
"NVDA","2024-03-06",88.6499710083008,89.6733955562348,86.9809147021624,87.9723596158146,582520000,"NVDA",0.0318273016942012,209.186810834426,"Technology"
"NVDA","2024-03-07",92.6167297363281,92.7146740334454,89.5514583036648,90.1071444536625,608119000,"NVDA",0.0447463059819378,218.547147879408,"Technology"
"NVDA","2024-03-08",87.478630065918,97.3450634515258,86.4572033488195,95.084338286405,1142269000,"NVDA",-0.0554770146283278,206.422804559523,"Technology"
"NVDA","2024-03-11",85.7256317138672,88.7469219574668,84.1185368020684,86.3802611210133,678364000,"NVDA",-0.0200391610011478,202.286264744646,"Technology"
"NVDA","2024-03-12",91.8611602783203,91.9081308408521,86.1014102980457,87.9993412781643,668075000,"NVDA",0.0715716926406811,216.764235110382,"Technology"
"NVDA","2024-03-13",90.8367309570312,91.4523807900414,88.3851117557753,91.0036365700453,635713000,"NVDA",-0.0111519310031057,214.34689531649,"Technology"
"NVDA","2024-03-14",87.8943939208984,90.5948732884495,86.5511502581524,89.5264760322502,602318000,"NVDA",-0.0323914897105295,207.403880062362,"Technology"
"NVDA","2024-03-15",87.7874526977539,89.4954883541629,86.2083497067418,86.8809666176956,642086000,"NVDA",-0.00121670129770477,207.151531492341,"Technology"
"NVDA","2024-03-18",88.4051055908203,92.3528744005449,87.0358756437946,90.3370138703025,668976000,"NVDA",0.00703577645877187,208.609003361013,"Technology"
"NVDA","2024-03-19",89.3475799560547,90.4929296798703,84.9620544077868,86.6510960212303,672171000,"NVDA",0.0106608589960469,210.832954531151,"Technology"
"NVDA","2024-03-20",90.3210296630859,90.3590102431951,88.1732396768037,89.7463494018757,479063000,"NVDA",0.0108950875615214,213.129998031622,"Technology"
"NVDA","2024-03-21",91.3834228515625,92.5957437114043,90.3540050520513,92.2479404308415,480372000,"NVDA",0.0117624122802794,215.636920937765,"Technology"
"NVDA","2024-03-22",94.2358093261719,94.724531875997,90.7827565977024,91.0895826139038,586719000,"NVDA",0.0312133906304058,222.367680385333,"Technology"
"NVDA","2024-03-25",94.9484176635742,96.7114227045233,93.4572623863471,93.8880190578432,552136000,"NVDA",0.00756196972783289,224.049218052856,"Technology"
"NVDA","2024-03-26",92.5087890625,96.3206408094852,92.4498242317819,95.7969342915261,513648000,"NVDA",-0.0256942523225445,218.292440911537,"Technology"
"NVDA","2024-03-27",90.199089050293,93.1874002256318,89.0727259005533,93.0594740787629,586067000,"NVDA",-0.0249673575409853,212.842255490804,"Technology"
"NVDA","2024-03-28",90.3050384521484,91.2485062428548,89.1426924170734,89.9492364441801,435212000,"NVDA",0.00117461720479676,213.092263666011,"Technology"
"NVDA","2024-04-01",90.3120346069336,92.1729839586744,89.1536916941527,90.248075338723,452441000,"NVDA",7.74724744606961e-05,213.108772450966,"Technology"
"NVDA","2024-04-02",89.4015426635742,90.0431787966056,87.5705753820224,88.3981036014631,433064000,"NVDA",-0.0100816236432068,210.96029001205,"Technology"
"NVDA","2024-04-03",88.9138336181641,90.3230422351369,88.350156271449,88.4341085411765,370067000,"NVDA",-0.00545526431512986,209.809445870037,"Technology"
"NVDA","2024-04-04",85.8565444946289,90.5828810298909,85.8315570707356,90.3550051790967,434965000,"NVDA",-0.0343848532801378,202.595178857009,"Technology"
"NVDA","2024-04-05",87.9583587646484,88.4310915228816,85.8775324688636,86.8169970388208,399678000,"NVDA",0.0244805364854978,207.554817524804,"Technology"
"NVDA","2024-04-08",87.0838470458984,88.7798882782831,86.683072294521,88.6499567378822,283220000,"NVDA",-0.00994233784068146,205.491237408511,"Technology"
"NVDA","2024-04-09",85.3058471679688,87.5855662873634,82.9751695673752,87.3926743677333,501700000,"NVDA",-0.0204171030362562,201.295701641294,"Technology"
"NVDA","2024-04-10",86.9899063110352,87.350702746647,83.6617827983128,83.87866326449,431929000,"NVDA",0.0197414268655051,205.269566013586,"Technology"
"NVDA","2024-04-11",90.5648880004883,90.687819723934,86.8769744225739,87.3706914652105,431637000,"NVDA",0.0410965115500948,213.705429104147,"Technology"
"NVDA","2024-04-12",88.1362609863281,90.1241452492344,87.4806327328079,89.6484081574212,426805000,"NVDA",-0.0268164303824575,207.974612342222,"Technology"
"NVDA","2024-04-15",85.9524841308594,90.5618818980313,85.8805261508811,89.0477371575194,443077000,"NVDA",-0.0247772804408789,202.821567047636,"Technology"
"NVDA","2024-04-16",87.3656921386719,88.0682908956024,86.0154562804977,86.3842438050948,370453000,"NVDA",0.0164417354786506,206.156305602398,"Technology"
"NVDA","2024-04-17",83.9876098632812,88.724934477864,83.902651091235,88.2901746227426,495400000,"NVDA",-0.0386660048435115,198.185064891455,"Technology"
"NVDA","2024-04-18",84.6232376098633,86.1413856130468,82.3555202810833,84.922072553247,447260000,"NVDA",0.0075681132921479,199.684951915366,"Technology"
"NVDA","2024-04-19",76.1570205688477,84.2764392265133,75.5633614376527,83.1031053821079,875198000,"NVDA",-0.100046007221412,179.707269774034,"Technology"
"NVDA","2024-04-22",79.47314453125,80.027831780939,76.3569070636932,78.0599406532052,596341000,"NVDA",0.0435432470655085,187.532307821272,"Technology"
"NVDA","2024-04-23",82.3765106201172,82.7223161499343,80.2187316946302,80.7234441336971,438559000,"NVDA",0.0365326690669141,194.383363562262,"Technology"
"NVDA","2024-04-24",79.6320724487305,84.0345872689531,79.1383477190771,83.9026579211158,512208000,"NVDA",-0.0333157856617988,187.907329085602,"Technology"
"NVDA","2024-04-25",82.5853958129883,83.2760003254753,78.1788784678111,78.8235113052867,424641000,"NVDA",0.0370871091689752,194.87626871305,"Technology"
"NVDA","2024-04-26",87.6855239868164,88.2811885540185,83.3399763925944,83.7707330936579,551011000,"NVDA",0.0617558119522389,206.911010917647,"Technology"
"NVDA","2024-04-29",87.70751953125,87.9423800048104,85.2179192105478,87.5456083174718,388971000,"NVDA",0.000250845788831698,206.962913673399,"Technology"
"NVDA","2024-04-30",86.353271484375,88.7689081633165,86.2513316332989,87.1907963076602,363709000,"NVDA",-0.0154405010438413,203.767302588788,"Technology"
"NVDA","2024-05-01",82.9941558837891,85.9514863083234,81.2091602780234,85.0290104613813,559863000,"NVDA",-0.0388996912664015,195.840817427897,"Technology"
"NVDA","2024-05-02",85.7686004638672,86.188361753404,83.1530720625636,84.4013681742581,377898000,"NVDA",0.033429396932032,202.387657849188,"Technology"
"NVDA","2024-05-03",88.7389144897461,89.2306337134158,86.9909005732954,87.7394786021279,398341000,"NVDA",0.034631718482223,209.396690240097,"Technology"
"NVDA","2024-05-06",92.0880279541016,92.1679846602373,89.0047689589728,89.3395790876885,376203000,"NVDA",0.0377412038857255,217.299573419445,"Technology"
"NVDA","2024-05-07",90.5029144287109,91.7292195883969,88.9607856507503,91.0466062477757,437342000,"NVDA",-0.0172130249784551,213.559190434368,"Technology"
"NVDA","2024-05-08",90.3610153198242,91.1425719981307,89.3695703595311,89.4325383691454,325721000,"NVDA",-0.00156789546262063,213.224351948685,"Technology"
"NVDA","2024-05-09",88.6969451904297,91.0206307579062,88.1812373917504,90.4779377611797,378013000,"NVDA",-0.0184157971610292,209.297655533407,"Technology"
"NVDA","2024-05-10",89.8273086547852,91.3494523311295,89.1766748319536,90.2540697859055,335325000,"NVDA",0.012744108175638,211.964967496432,"Technology"
"NVDA","2024-05-13",90.348014831543,90.9466760049107,88.4790668121535,90.4269650275519,289680000,"NVDA",0.00579674694205674,213.19367477359,"Technology"
"NVDA","2024-05-14",91.3044738769531,91.5993056535463,88.8838352977899,89.548461122628,296507000,"NVDA",0.0105863869526465,215.4506255106,"Technology"
"NVDA","2024-05-15",94.5766220092773,94.8084934086799,91.5473333880384,92.4198420778355,417735000,"NVDA",0.0358377634017578,223.171894052409,"Technology"
"NVDA","2024-05-16",94.3057861328125,95.7649618311796,94.0499261764009,94.8564778899874,323952000,"NVDA",-0.00286366620747225,222.532804240954,"Technology"
"NVDA","2024-05-17",92.4268341064453,94.6865603902655,91.7542171847164,94.3157750794435,359691000,"NVDA",-0.0199240375741211,218.099052287783,"Technology"
"NVDA","2024-05-20",94.7265472412109,95.1463085506035,93.3873065993133,93.6971293336137,318764000,"NVDA",0.0248814444095003,223.525671733046,"Technology"
"NVDA","2024-05-21",95.3321990966797,95.3461911389766,93.1274421103353,93.5462044922995,328946000,"NVDA",0.00639368659692117,224.954824824473,"Technology"
"NVDA","2024-05-22",94.8964385986328,95.9658347398017,93.1964016790409,95.405154171545,548648000,"NVDA",-0.00457096869867604,223.926563361584,"Technology"
"NVDA","2024-05-23",103.740463256836,106.260037564499,101.46274160839,101.970458340655,835065000,"NVDA",0.0931965918722111,244.795755896541,"Technology"
"NVDA","2024-05-24",106.408950805664,106.414944127487,102.941905632383,104.390085862046,429494000,"NVDA",0.0257227263601243,251.092570139587,"Technology"
"NVDA","2024-05-28",113.836753845215,114.874170362749,109.821022500004,110.181818934924,652728000,"NVDA",0.0698043067177334,268.619912920155,"Technology"
"NVDA","2024-05-29",114.760231018066,115.426854620158,110.838448338404,112.986238289741,557442000,"NVDA",0.00811229362800722,270.799036528093,"Technology"
"NVDA","2024-05-30",110.437675476074,115.753675682586,109.601149576216,114.585336306303,484553000,"NVDA",-0.0376659710741755,260.599127851311,"Technology"
"NVDA","2024-05-31",109.571166992188,112.653427159355,106.879685130491,112.456532051082,613263000,"NVDA",-0.00784613113370395,258.554432920861,"Technology"
"NVDA","2024-06-03",114.93514251709,114.93514251709,111.939831112472,113.556922438933,438392000,"NVDA",0.0489542611632931,271.211774154996,"Technology"
"NVDA","2024-06-04",116.371322631836,116.534232708153,113.980673496925,115.650736250738,403324000,"NVDA",0.012495569964883,274.60071985425,"Technology"
"NVDA","2024-06-05",122.370941162109,122.379931144674,117.401745455935,118.304236004188,528402000,"NVDA",0.051555816283488,288.757984118369,"Technology"
"NVDA","2024-06-06",120.929748535156,125.516156860581,118.253257738623,123.978023515824,664696000,"NVDA",-0.0117772455884271,285.357210423788,"Technology"
"NVDA","2024-06-07",120.819816589355,121.62336396697,117.955435770091,119.702443326671,412386000,"NVDA",-0.000909056267232891,285.097804663252,"Technology"
"NVDA","2024-06-10",121.721298217773,123.030556796437,116.943995873397,120.302101080968,313434100,"NVDA",0.0074613722638062,287.225025515438,"Technology"
"NVDA","2024-06-11",120.851745605469,122.810800303752,118.682785380836,121.711324216082,222551200,"NVDA",-0.00714380001722425,285.173147373214,"Technology"
"NVDA","2024-06-12",125.139663696289,126.818854417726,122.510933825385,123.000695561637,299595000,"NVDA",0.035480812207865,295.291322261889,"Technology"
"NVDA","2024-06-13",129.54753112793,129.73744199188,127.098715030244,129.327635943507,260704500,"NVDA",0.035223583805838,305.692540898717,"Technology"
"NVDA","2024-06-14",131.816452026367,132.775980862421,128.258170027414,129.897379102823,309320400,"NVDA",0.0175141963623908,311.046500086535,"Technology"
"NVDA","2024-06-17",130.916885375977,133.665560338013,129.517566041333,132.925926654603,288504400,"NVDA",-0.00682438828053637,308.923797996643,"Technology"
"NVDA","2024-06-18",135.5146484375,136.264286916298,130.627006165791,131.076786202784,294335100,"NVDA",0.0351197100994211,319.773112225097,"Technology"
"NVDA","2024-06-20",130.716979980469,140.692166659614,129.457592625652,139.73263779445,517768400,"NVDA",-0.0354033199535913,308.452082420436,"Technology"
"NVDA","2024-06-21",126.508987426758,130.567035514916,124.24008502122,127.058725353022,649445800,"NVDA",-0.0321916292308748,298.522507347667,"Technology"
"NVDA","2024-06-24",118.053070068359,124.400007761404,117.98310411429,123.180594597008,476060900,"NVDA",-0.0668404477056935,278.569129306322,"Technology"
"NVDA","2024-06-25",126.029235839844,126.439041928574,119.262501536215,121.14159285282,414192600,"NVDA",0.0675642384129928,297.390440373275,"Technology"
"NVDA","2024-06-26",126.339088439941,128.058253153749,122.540916637469,126.069214284516,362975900,"NVDA",0.00245857715499769,298.121597716091,"Technology"
"NVDA","2024-06-27",123.930236816406,126.349076213555,122.86075284304,124.040184408355,252571700,"NVDA",-0.0190665585234159,292.437444826143,"Technology"
"NVDA","2024-06-28",123.48046875,127.648457456266,122.690848524653,124.51996850391,315516700,"NVDA",-0.00362920363875806,291.376129787271,"Technology"
"NVDA","2024-07-01",124.240112304688,124.779845408998,118.772746662838,123.410510388585,284885500,"NVDA",0.00615193287146879,293.16865617807,"Technology"
"NVDA","2024-07-02",122.610877990723,123.350526842024,120.971668990392,121.07161927076,218374000,"NVDA",-0.0131135933777112,289.324161629861,"Technology"
"NVDA","2024-07-03",128.218170166016,128.218170166016,121.301507309627,121.601365765401,215749000,"NVDA",0.0457324200526257,302.555655720892,"Technology"
"NVDA","2024-07-05",125.76936340332,128.787912312925,125.619434164309,127.318611871189,214176700,"NVDA",-0.0190987498848613,296.777220926028,"Technology"
"NVDA","2024-07-08",128.13818359375,130.706951754337,126.978746868739,127.428526844895,237677300,"NVDA",0.018834636085684,302.366911880691,"Technology"
"NVDA","2024-07-09",131.316696166992,133.755522832668,128.588000704209,130.287193718169,285366600,"NVDA",0.0248053506308421,309.867229149056,"Technology"
"NVDA","2024-07-10",134.845001220703,135.034912114987,132.356195463895,133.965420342518,248978600,"NVDA",0.0268686706009119,318.192949659079,"Technology"
"NVDA","2024-07-11",127.338607788086,136.084383559548,126.988777977342,135.684582419108,374782700,"NVDA",-0.0556668275773259,300.480157594087,"Technology"
"NVDA","2024-07-12",129.177734375,131.856435762221,127.158703391918,128.198195582864,252680500,"NVDA",0.0144428042591348,304.819933693972,"Technology"
"NVDA","2024-07-15",128.378112792969,131.326688266043,127.118717796942,130.497086376755,208326200,"NVDA",-0.00619008829888568,302.933071389146,"Technology"
"NVDA","2024-07-16",126.299102783203,128.97780386568,124.519961854947,128.378102180011,214769500,"NVDA",-0.0161944272628339,298.027243799027,"Technology"
"NVDA","2024-07-17",117.933135986328,121.791276380682,116.663751381526,121.291517341265,390086200,"NVDA",-0.0662393208860357,278.286121564243,"Technology"
"NVDA","2024-07-18",121.031631469727,122.341005240732,116.503816130759,121.791267288129,320979500,"NVDA",0.0262733239261749,285.597622980259,"Technology"
"NVDA","2024-07-19",117.873161315918,121.541390647536,117.313433660615,120.291993112867,217223800,"NVDA",-0.0260962371196212,278.144599690166,"Technology"
"NVDA","2024-07-22",123.48046875,124.01021213044,119.802241784517,120.292003525301,258068900,"NVDA",0.047570688454292,291.376129787271,"Technology"
"NVDA","2024-07-23",122.530914306641,124.62990831594,122.041152596472,122.720825176707,173911000,"NVDA",-0.00768991608933599,289.135471798771,"Technology"
"NVDA","2024-07-24",114.194938659668,119.892188566581,113.385331469138,119.112565697816,327776900,"NVDA",-0.0680316122191939,269.465119502543,"Technology"
"NVDA","2024-07-25",112.225883483887,116.573785400696,106.248769919145,112.985519323888,460067000,"NVDA",-0.017242928617437,264.818751682072,"Technology"
"NVDA","2024-07-26",113.005508422852,116.143994493407,111.526225977551,116.134004803412,293399100,"NVDA",0.00694692627727704,266.658428026848,"Technology"
"NVDA","2024-07-29",111.536224365234,116.223966830914,111.246370818429,113.635218536906,248152100,"NVDA",-0.0130018799802159,263.19136714993,"Technology"
"NVDA","2024-07-30",103.68000793457,111.936021318291,102.490579046357,111.466246627124,486833300,"NVDA",-0.0704364566343778,244.653099831131,"Technology"
"NVDA","2024-07-31",116.963584899902,118.282948263451,110.826545415215,112.845575905711,473174200,"NVDA",0.128120909999495,275.998277615693,"Technology"
"NVDA","2024-08-01",109.157371520996,120.10209936513,106.758526539698,117.473361863969,523462300,"NVDA",-0.0667405448079146,257.578002201576,"Technology"
"NVDA","2024-08-02",107.218292236328,108.667597908131,101.321142151662,103.709989555625,482027500,"NVDA",-0.0177640708790335,253.002368313587,"Technology"
"NVDA","2024-08-05",100.401588439941,103.360168677811,90.6462974352404,92.0156323292122,552842400,"NVDA",-0.0635778061206337,236.917032792884,"Technology"
"NVDA","2024-08-06",104.199760437012,107.65809209854,100.50154657011,103.789954361519,409012100,"NVDA",0.0378297998675819,245.879556728661,"Technology"
"NVDA","2024-08-07",98.8623352050781,108.747568231432,98.6424400112514,107.758039859212,411440400,"NVDA",-0.0512230086667046,233.284866063383,"Technology"
"NVDA","2024-08-08",104.919410705566,105.449154050825,97.4729966734662,101.950840883262,391910000,"NVDA",0.0612677769336887,247.57771119936,"Technology"
"NVDA","2024-08-09",104.699516296387,106.548623173614,103.380152768373,105.589086755578,290844200,"NVDA",-0.00209584106221082,247.05882766614,"Technology"
"NVDA","2024-08-12",108.967460632324,111.016475801256,106.208796148471,106.26876479464,325559900,"NVDA",0.0407637445416239,257.129870603876,"Technology"
"NVDA","2024-08-13",116.084022521973,116.17398310937,111.526222779646,112.385808889045,312646700,"NVDA",0.0653090550917856,273.922779488888,"Technology"
"NVDA","2024-08-14",118.023101806641,118.54284787534,114.015031997781,118.472881911752,339246400,"NVDA",0.0167041014132753,278.498413376876,"Technology"
"NVDA","2024-08-15",122.800796508789,123.180610648127,117.413394466281,118.702773752761,318086700,"NVDA",0.0404810128611585,289.772311230598,"Technology"
"NVDA","2024-08-16",124.519973754883,124.9397695504,121.121610497968,121.881246432036,302589900,"NVDA",0.0139997239022037,293.82904358233,"Technology"
"NVDA","2024-08-19",129.937347412109,129.937347412109,123.36051676677,124.220102905862,318333600,"NVDA",0.0435060616691957,306.612388072624,"Technology"
"NVDA","2024-08-20",127.188674926758,129.817412342049,125.829329735951,128.338114611376,300087400,"NVDA",-0.021153829442384,300.126361910413,"Technology"
"NVDA","2024-08-21",128.438064575195,129.287660986189,126.598955092984,127.258633015702,257883600,"NVDA",0.00982312025152371,303.074539254112,"Technology"
"NVDA","2024-08-22",123.680366516113,130.686990473245,123.040675547564,129.957346536798,376189100,"NVDA",-0.0370427417667649,291.84782736044,"Technology"
"NVDA","2024-08-23",129.307647705078,129.53754784198,125.159653819334,125.799344773432,323230300,"NVDA",0.0454985811206479,305.126489408484,"Technology"
"NVDA","2024-08-26",126.399047851562,131.196729770517,124.31005885081,129.507557128491,331964700,"NVDA",-0.0224936413672105,298.263083584094,"Technology"
"NVDA","2024-08-27",128.238174438477,129.137734621997,123.820298669932,124.989740634801,303134600,"NVDA",0.0145501617154099,302.602859683979,"Technology"
"NVDA","2024-08-28",125.549461364746,128.268151648254,122.580891571736,128.05824614964,448101100,"NVDA",-0.0209665576222032,296.258319389771,"Technology"
"NVDA","2024-08-29",117.533325195312,124.370032701571,116.653752046422,121.301512557694,453023300,"NVDA",-0.0638484313855009,277.34269041183,"Technology"
"NVDA","2024-08-30",119.312477111816,121.691327420025,117.163511693835,119.472396040794,333751600,"NVDA",0.0151374251817293,281.540944637638,"Technology"
"NVDA","2024-09-03",107.947944641113,116.153986554764,107.238287771985,115.954086003863,477155100,"NVDA",-0.0952501594619697,254.72412476583,"Technology"
"NVDA","2024-09-04",106.158813476562,113.215408622295,104.069824367125,105.35920359466,372470300,"NVDA",-0.0165740178796269,250.502322567589,"Technology"
"NVDA","2024-09-05",107.158340454102,109.597167191886,104.709524025287,104.939408930474,306850700,"NVDA",0.00941539326604979,252.860900448621,"Technology"
"NVDA","2024-09-06",102.78044128418,108.097876920951,100.901342499475,107.987929327135,413638100,"NVDA",-0.0408544883335239,242.530397741239,"Technology"
"NVDA","2024-09-09",106.41869354248,106.498656820815,103.640034438972,104.829455794891,273912000,"NVDA",0.0353982938080729,251.115560017872,"Technology"
"NVDA","2024-09-10",108.047897338867,109.347273826002,104.899414024439,107.758036195561,268283700,"NVDA",0.0153093760330404,254.959982553933,"Technology"
"NVDA","2024-09-11",116.853660583496,117.133524421447,107.368228660675,109.337280467896,441422400,"NVDA",0.0814987006828247,275.738889858194,"Technology"
"NVDA","2024-09-12",119.0927734375,120.742120918612,115.334261730025,116.793682084874,366052700,"NVDA",0.0191616834493942,281.022511180344,"Technology"
"NVDA","2024-09-13",119.052780151367,119.912439806329,117.553374840578,119.032791436159,238358300,"NVDA",-0.000335816229469213,280.928139260244,"Technology"
"NVDA","2024-09-16",116.733695983887,118.133142414844,114.314657334391,116.743694154311,248772300,"NVDA",-0.0194794625084094,275.455810103967,"Technology"
"NVDA","2024-09-17",115.544174194336,118.75290839853,114.784480964241,118.12315326202,231925900,"NVDA",-0.0101900464945013,272.648902591827,"Technology"
"NVDA","2024-09-18",113.325050354004,117.653327667647,113.1751083053,115.844047792028,310318900,"NVDA",-0.0192058479434856,267.41244922669,"Technology"
"NVDA","2024-09-19",117.823280334473,119.612571712726,117.203523350368,117.30348218616,293506400,"NVDA",0.0396931655129842,278.026895834077,"Technology"
"NVDA","2024-09-20",115.954025268555,118.572989619252,115.344266422119,117.013602714191,382462400,"NVDA",-0.0158649042923571,273.616025740968,"Technology"
"NVDA","2024-09-23",116.213920593262,116.94362697512,114.81447398076,116.503806562209,206228500,"NVDA",0.00224136526614839,274.229299197326,"Technology"
"NVDA","2024-09-24",120.822090148926,121.751721804069,115.334260881611,116.473808378061,354966800,"NVDA",0.0396524747821928,285.103169568286,"Technology"
"NVDA","2024-09-25",123.461036682129,124.890470064682,121.561788410528,121.971621900602,284692900,"NVDA",0.0218415898115183,291.33027605196,"Technology"
"NVDA","2024-09-26",123.990821838379,127.619379879336,121.751712083501,126.749729695691,302582900,"NVDA",0.00429111216370247,292.580406943182,"Technology"
"NVDA","2024-09-27",121.351875305176,123.980829957056,119.212724268753,123.920856183106,271009200,"NVDA",-0.0212834022234563,286.353300459508,"Technology"
"NVDA","2024-09-30",121.391860961914,121.45183473616,118.103164274882,118.263096881661,226553700,"NVDA",0.000329501762026547,286.447654376571,"Technology"
"NVDA","2024-10-01",116.953605651855,122.391450953371,115.744086371817,121.721710834367,302094500,"NVDA",-0.0365613911417922,275.97472964326,"Technology"
"NVDA","2024-10-02",118.802886962891,119.332675653473,115.094358502446,116.393846239865,221845900,"NVDA",0.0158120931862507,280.33846778543,"Technology"
"NVDA","2024-10-03",122.801300048828,124.310703611781,120.292292891458,120.872064806549,277118000,"NVDA",0.0336558579353922,289.773499431042,"Technology"
"NVDA","2024-10-04",124.870468139648,124.990423305862,121.781696966754,124.890464480535,243678100,"NVDA",0.0168497246364458,294.656103103394,"Technology"
"NVDA","2024-10-07",127.669364929199,130.588205426072,124.900458861737,124.94044391837,346250200,"NVDA",0.0224144013492497,301.26064325836,"Technology"
"NVDA","2024-10-08",132.837310791016,133.427073205508,129.368685366102,130.208348659895,285722500,"NVDA",0.0404791381603751,313.455414459098,"Technology"
"NVDA","2024-10-09",132.597427368164,134.466696696588,131.327941625631,134.056855510695,246191600,"NVDA",-0.00180584371531697,312.889362968865,"Technology"
"NVDA","2024-10-10",134.756546020508,134.946473126828,130.948059108256,131.857701958138,242311300,"NVDA",0.0162832620149472,317.984222447777,"Technology"
"NVDA","2024-10-11",134.746566772461,135.726174018366,133.607019291747,133.956871396058,170209500,"NVDA",-7.40539019555778e-05,317.960674475345,"Technology"
"NVDA","2024-10-14",138.015274047852,139.544666309863,136.245971434896,136.415902213704,232347700,"NVDA",0.0242581859685547,325.673823647455,"Technology"
"NVDA","2024-10-15",131.547836303711,138.515074427518,128.688969474912,137.815339724249,377831000,"NVDA",-0.0468603043305068,310.412649158855,"Technology"
"NVDA","2024-10-16",135.666213989258,136.565851208911,131.527855323919,133.926898078155,264879700,"NVDA",0.0313070727825471,320.130760558695,"Technology"
"NVDA","2024-10-17",136.875701904297,140.834138532492,136.815728133872,139.284750034637,306435900,"NVDA",0.00891517408405626,322.984782018737,"Technology"
"NVDA","2024-10-18",137.945297241211,138.844934382992,137.22558142669,138.615029825024,176090200,"NVDA",0.00781435508299289,325.508699791834,"Technology"
"NVDA","2024-10-21",143.653030395508,143.653030395508,137.945287512586,138.075240852714,264554500,"NVDA",0.0413767868020636,338.977203865338,"Technology"
"NVDA","2024-10-22",143.533096313477,144.362769241922,141.723815997782,142.853373096577,226311600,"NVDA",-0.00083488723976825,338.694196123258,"Technology"
"NVDA","2024-10-23",139.504669189453,142.373526501023,137.40551088321,141.973691181568,285930000,"NVDA",-0.0280661898021439,329.188340529978,"Technology"
"NVDA","2024-10-24",140.354339599609,141.293969386979,138.405115707055,140.764180720099,172354900,"NVDA",0.00609062345434734,331.193302757708,"Technology"
"NVDA","2024-10-25",141.48388671875,144.072871632746,140.7441898171,140.874127913132,205122100,"NVDA",0.00804782468688106,333.858688395771,"Technology"
"NVDA","2024-10-28",140.464309692383,143.083266384268,139.994494754912,142.943322482856,173586700,"NVDA",-0.00720631196960232,331.452798533429,"Technology"
"NVDA","2024-10-29",141.194000244141,142.203594330121,138.844925820399,140.234374133046,157593600,"NVDA",0.00519484667212502,333.174645000857,"Technology"
"NVDA","2024-10-30",139.284759521484,140.274372559122,136.75576367804,139.484677187431,179418100,"NVDA",-0.0135221094335096,328.669420990685,"Technology"
"NVDA","2024-10-31",132.707382202148,137.555466265822,132.05764589589,137.545475719773,270039600,"NVDA",-0.0472225198358575,313.148822738512,"Technology"
"NVDA","2024-11-01",135.346328735352,137.255575376346,134.516671124424,134.646609227661,207127800,"NVDA",0.0198854539168236,319.375929222186,"Technology"
"NVDA","2024-11-04",135.996078491211,138.904928748946,135.516273014007,137.155622376133,187528200,"NVDA",0.0048006455877341,320.909139867635,"Technology"
"NVDA","2024-11-05",139.854553222656,140.314362369624,137.275573922025,137.395521481627,160537400,"NVDA",0.0283719558258783,330.013959808081,"Technology"
"NVDA","2024-11-06",145.552291870117,146.43194798586,141.903744553873,142.903348229857,242043900,"NVDA",0.0407404586848869,343.458879903078,"Technology"
"NVDA","2024-11-07",148.820999145508,148.870967126773,146.112066490876,146.331980518311,207323300,"NVDA",0.0224572710837658,351.172029075188,"Technology"
"NVDA","2024-11-08",147.571472167969,149.710623085288,146.202004977144,148.711019567798,175665800,"NVDA",-0.00839617382434957,348.223527676823,"Technology"
"NVDA","2024-11-11",145.202407836914,148.790996214396,143.513090630462,148.621050186548,182325600,"NVDA",-0.0160536741705617,342.633260624975,"Technology"
"NVDA","2024-11-12",148.231185913086,149.5906471879,145.952091313065,146.721790224878,198634700,"NVDA",0.0208590072388723,349.78025028863,"Technology"
"NVDA","2024-11-13",146.212020874023,149.270805408398,145.84215717514,149.010913966884,191903300,"NVDA",-0.0136217289676575,345.015638520959,"Technology"
"NVDA","2024-11-14",146.701812744141,148.940930206009,145.492300979975,147.581468756435,194463300,"NVDA",0.00334987415664813,346.17139749208,"Technology"
"NVDA","2024-11-15",141.923706054688,145.182423350326,140.02446543358,144.812559669402,250132900,"NVDA",-0.0325701952830434,334.896527474359,"Technology"
"NVDA","2024-11-18",140.094421386719,141.493875408023,137.095610951732,139.4446852269,221205300,"NVDA",-0.0128892115265358,330.57997529224,"Technology"
"NVDA","2024-11-19",146.951721191406,147.071683996451,140.93411844215,141.263989463726,227834900,"NVDA",0.0489477006779485,346.761104972968,"Technology"
"NVDA","2024-11-20",145.832168579102,147.501504760603,142.673417542764,147.351570321715,309871700,"NVDA",-0.00761850629055551,344.119303313411,"Technology"
"NVDA","2024-11-21",146.611862182617,152.829397964509,140.644227307545,149.290807835149,400946600,"NVDA",0.00534651312609884,345.95914168552,"Technology"
"NVDA","2024-11-22",141.89372253418,147.101663801894,141.04406865837,145.872140439018,236406200,"NVDA",-0.032181159001723,334.825775538839,"Technology"
"NVDA","2024-11-25",135.966079711914,141.99368792347,135.766162051624,141.933714150657,344941900,"NVDA",-0.0417752294914792,320.838351926042,"Technology"
"NVDA","2024-11-26",136.865707397461,139.244768573708,135.616203040649,137.645396895893,190287700,"NVDA",0.00661655971440092,322.96119804023,"Technology"
"NVDA","2024-11-27",135.286331176758,137.165590598009,131.747741572576,134.956460198385,226370900,"NVDA",-0.0115396051409473,319.234353338999,"Technology"
"NVDA","2024-11-29",138.195205688477,139.294775813134,135.996080691903,136.725787091317,141863200,"NVDA",0.0215016142903467,326.098407272722,"Technology"
"NVDA","2024-12-02",138.57502746582,140.394297764972,137.76535113331,138.774945099951,171682800,"NVDA",0.00274844395253447,326.994670468122,"Technology"
"NVDA","2024-12-03",140.204406738281,140.484294548607,137.895324676726,138.205199377248,164414000,"NVDA",0.0117581017464552,330.839507074035,"Technology"
"NVDA","2024-12-04",145.082458496094,145.732194701867,140.234375182203,141.943703962249,231224300,"NVDA",0.0347924282217344,342.350216876822,"Technology"
"NVDA","2024-12-05",145.012496948242,146.492008043894,143.902859813055,145.062483626255,172621200,"NVDA",-0.000482219205386888,342.185129027276,"Technology"
"NVDA","2024-12-06",142.393356323242,145.65228325014,141.263721493367,144.552652629382,188505600,"NVDA",-0.0180614821489132,336.004758427726,"Technology"
"NVDA","2024-12-09",138.764526367188,139.904152317377,137.085084021137,138.924477615513,189308600,"NVDA",-0.0254845454152861,327.441829901822,"Technology"
"NVDA","2024-12-10",135.025756835938,141.773545458284,133.746162145176,138.964453233427,210020900,"NVDA",-0.0269432658989284,318.619477612346,"Technology"
"NVDA","2024-12-11",139.264358520508,140.124077387974,135.165710864652,137.315000406424,184905200,"NVDA",0.031391060371692,328.621280869672,"Technology"
"NVDA","2024-12-12",137.295013427734,138.394659246722,135.755524534943,137.035104076788,159211400,"NVDA",-0.0141410560009396,323.974228933793,"Technology"
"NVDA","2024-12-13",134.206024169922,139.554277789569,132.496577597319,138.894490322684,231514900,"NVDA",-0.022498918064773,316.685159301914,"Technology"
"NVDA","2024-12-16",131.956741333008,134.355948710274,130.377257295688,134.13601958775,237951100,"NVDA",-0.0167599245326438,311.377539931406,"Technology"
"NVDA","2024-12-17",130.347290039062,131.546893927326,126.818447513743,129.047712804364,259410300,"NVDA",-0.0121968099370056,307.57972725821,"Technology"
"NVDA","2024-12-18",128.867797851562,136.655240653082,128.237999235649,133.816174144871,277444500,"NVDA",-0.011350387008864,304.088578317748,"Technology"
"NVDA","2024-12-19",130.637176513672,133.986085016847,129.507557120913,131.716824491527,209719200,"NVDA",0.0137301846668277,308.263770653124,"Technology"
"NVDA","2024-12-20",134.655868530273,135.235680349719,128.17799568296,129.7674711298,306528600,"NVDA",0.0307622387734397,317.746654371156,"Technology"
"NVDA","2024-12-23",139.624252319336,139.74420813475,135.075739521448,136.235363249758,176053500,"NVDA",0.0368968975752104,329.470520132355,"Technology"
"NVDA","2024-12-24",140.174072265625,141.853514661079,138.604579196115,139.954143106155,105157000,"NVDA",0.00393785418475555,330.767926998812,"Technology"
"NVDA","2024-12-26",139.884155273438,140.803867328858,137.684878986601,139.654234886478,116205600,"NVDA",-0.00206826403415118,330.083811591749,"Technology"
"NVDA","2024-12-27",136.965118408203,138.974469817503,134.665883950635,138.504622540468,170582600,"NVDA",-0.0208675304184981,323.195777612704,"Technology"
"NVDA","2024-12-30",137.444946289062,140.224033987354,133.97608228188,134.785814382304,167734700,"NVDA",0.00350328526296252,324.328024617467,"Technology"
"NVDA","2024-12-31",134.246017456055,138.024793656153,133.786176633988,137.984798212795,155659200,"NVDA",-0.0232742557611402,316.779531222014,"Technology"
"NVDA","2025-01-02",138.264694213867,138.834514832578,134.58590691716,135.955453293388,198247200,"NVDA",0.0299351655562372,326.262378933973,"Technology"
"NVDA","2025-01-03",144.42268371582,144.852535558346,139.684230691897,139.964137764656,229322500,"NVDA",0.0445376857553236,340.793350240718,"Technology"
"NVDA","2025-01-06",149.381042480469,152.11015917129,147.771584527028,148.541321308119,265377400,"NVDA",0.0343322713376866,352.493560011262,"Technology"
"NVDA","2025-01-07",140.094085693359,153.079835305479,139.964123403702,152.979861966698,351782200,"NVDA",-0.0621695807774512,330.57918315861,"Technology"
"NVDA","2025-01-08",140.064117431641,143.902856248744,137.514949454076,142.533309777125,227349900,"NVDA",-0.000213915252527827,330.508467229165,"Technology"
"NVDA","2025-01-10",135.865493774414,139.874175026888,134.176044800868,137.404982719981,207602500,"NVDA",-0.0299764403204535,320.600999885865,"Technology"
"NVDA","2025-01-13",133.186370849609,133.446295477543,129.46758770745,129.947441518807,204808900,"NVDA",-0.0197189356206441,314.279089409202,"Technology"
"NVDA","2025-01-14",131.716842651367,136.335339957912,130.007411224425,136.005446203602,195590500,"NVDA",-0.0110336229515672,310.811452435098,"Technology"
"NVDA","2025-01-15",136.195388793945,136.405311479754,131.246997646785,133.606225389894,185217300,"NVDA",0.0340013171620891,321.379451206954,"Technology"
"NVDA","2025-01-16",133.526245117188,138.704540646158,133.446269497531,138.594576075855,209235600,"NVDA",-0.0195979004898327,315.081088702723,"Technology"
"NVDA","2025-01-17",137.664901733398,138.454636268315,135.415638689328,136.645231549025,201188800,"NVDA",0.0309950797506415,324.847052174983,"Technology"
"NVDA","2025-01-21",140.783874511719,141.783546972709,137.04509401625,139.11442333232,197749000,"NVDA",0.0226562670589814,332.206873742382,"Technology"
"NVDA","2025-01-22",147.021835327148,147.741585461498,143.622939826753,144.612621048894,237651400,"NVDA",0.0443087735514087,346.926552883255,"Technology"
"NVDA","2025-01-23",147.171783447266,147.181774680682,143.67292977389,145.002496000228,155915500,"NVDA",0.00101990374275717,347.280384573002,"Technology"
"NVDA","2025-01-24",142.573272705078,148.921198542066,141.833524892032,148.321389000978,234657600,"NVDA",-0.0312458722349806,336.429306046919,"Technology"
"NVDA","2025-01-27",118.381210327148,128.357937160063,116.661772483715,124.759125473228,818830900,"NVDA",-0.169681609455459,279.343439928895,"Technology"
"NVDA","2025-01-28",128.94775390625,128.957745139315,116.211921491824,121.770097833966,579666400,"NVDA",0.0892586209407789,304.277250145801,"Technology"
"NVDA","2025-01-29",123.659477233887,126.848434744081,120.010678945436,126.458563104346,467120600,"NVDA",-0.0410110026127951,291.798535045058,"Technology"
"NVDA","2025-01-30",124.609169006348,124.959052828889,118.061311587356,123.059673700511,392925500,"NVDA",0.00767989476993108,294.039517088224,"Technology"
"NVDA","2025-01-31",120.030670166016,127.808120567809,119.150961160098,123.739454021736,388161100,"NVDA",-0.0367428727503897,283.235660528265,"Technology"
"NVDA","2025-02-03",116.621795654297,118.531166132914,112.972989562007,114.712417548784,371235700,"NVDA",-0.0284000289842913,275.191759559878,"Technology"
"NVDA","2025-02-04",118.611129760742,121.160289761092,116.66176403788,116.921680992974,256550000,"NVDA",0.0170579958513271,279.885979452769,"Technology"
"NVDA","2025-02-05",124.789115905762,124.959058394724,120.720449269505,121.720121736663,262230800,"NVDA",0.0520860576699803,294.464136719565,"Technology"
"NVDA","2025-02-06",128.63786315918,128.727845286282,125.169005635332,127.37828117148,251483600,"NVDA",0.0308420107433445,303.5460027878,"Technology"
"NVDA","2025-02-07",129.797454833984,130.327279961512,124.959044299613,129.177662855471,228186300,"NVDA",0.00901438850371589,306.282284385679,"Technology"
"NVDA","2025-02-10",133.526245117188,134.955769277343,129.917427269323,130.047374304198,216989100,"NVDA",0.028727761171992,315.081088702723,"Technology"
"NVDA","2025-02-11",132.756500244141,134.435942585611,130.977084559292,132.53657109174,178902400,"NVDA",-0.00576474589225001,313.264726290898,"Technology"
"NVDA","2025-02-12",131.097045898438,132.196691706828,129.037723069807,129.977417623561,160278600,"NVDA",-0.0124999856327289,309.348921713021,"Technology"
"NVDA","2025-02-13",135.245666503906,136.455276767875,131.127021273151,131.516892882336,197430000,"NVDA",0.0316454163939189,319.13839715164,"Technology"
"NVDA","2025-02-14",138.80451965332,139.204382514143,135.455610992218,136.435285678886,195479600,"NVDA",0.0263139902476008,327.536201821923,"Technology"
"NVDA","2025-02-18",139.354339599609,143.39302501858,137.88481981273,141.223737536471,219176600,"NVDA",0.00396110982309725,328.83360868838,"Technology"
"NVDA","2025-02-19",139.18440246582,141.313709841823,137.175066166328,139.464309554691,167536000,"NVDA",-0.00121946065172655,328.432609041619,"Technology"
"NVDA","2025-02-20",140.064117431641,140.613940368573,136.745197342371,139.98414179956,143903600,"NVDA",0.00632049964101649,330.508467229164,"Technology"
"NVDA","2025-02-21",134.385955810547,141.413666941561,133.986092944921,139.99411868487,228217600,"NVDA",-0.0405397308405204,317.109742927181,"Technology"
"NVDA","2025-02-24",130.237335205078,138.544611438826,130.037403751039,136.51527743543,251381100,"NVDA",-0.0308709387111652,307.320267488563,"Technology"
"NVDA","2025-02-25",126.588523864746,130.157354326465,124.399246311741,129.937425159749,271428700,"NVDA",-0.0280166308269931,298.710189008683,"Technology"
"NVDA","2025-02-26",131.236999511719,133.68619399138,128.447920056093,129.947428748186,322553800,"NVDA",0.0367211458436733,309.679169424262,"Technology"
"NVDA","2025-02-27",120.110649108887,134.965775035055,119.970695572874,134.955783801694,443175800,"NVDA",-0.0847805911764884,283.424386365429,"Technology"
"NVDA","2025-02-28",124.87907409668,125.049016573843,116.36186862367,117.981333026814,389091100,"NVDA",0.0397002682374161,294.676410529162,"Technology"
"NVDA","2025-03-03",114.022636413574,123.659478154416,112.24322068525,123.469545576526,411381400,"NVDA",-0.0869356035960081,269.058538914304,"Technology"
"NVDA","2025-03-04",115.952011108398,119.270923502433,110.073939555656,110.613763620739,398163300,"NVDA",0.016920979513455,273.611272939193,"Technology"
"NVDA","2025-03-05",117.261581420898,118.241256150713,114.472494370524,117.54148848656,284337900,"NVDA",0.0112940715730729,276.701458238968,"Technology"
"NVDA","2025-03-06",110.533782958984,115.312216069894,110.183899125383,113.492812508274,321181900,"NVDA",-0.0573742770683377,260.825912108752,"Technology"
"NVDA","2025-03-07",112.653099060059,113.442841268474,107.524774135738,111.213568186299,341755500,"NVDA",0.0191734693623996,265.82684974349,"Technology"
"NVDA","2025-03-10",106.944953918457,111.813353498265,105.425447639028,109.863995419867,366487400,"NVDA",-0.0506701119563376,252.357373505986,"Technology"
"NVDA","2025-03-11",108.72437286377,112.203228560842,104.735674477906,106.954948436502,354865700,"NVDA",0.0166386433404727,256.556257838091,"Technology"
"NVDA","2025-03-12",115.712730407715,116.73249437499,112.853403591578,114.093116948956,323857500,"NVDA",0.0642759057594349,273.046643688885,"Technology"
"NVDA","2025-03-13",115.552772521973,117.732259244339,113.763193309918,117.002427867737,299033100,"NVDA",-0.00138237067934163,272.669192014557,"Technology"
"NVDA","2025-03-14",121.641334533691,121.851284145515,118.122167149287,118.582057864842,277593500,"NVDA",0.0526907479486136,287.036335684348,"Technology"
"NVDA","2025-03-17",119.501838684082,122.861047711249,118.002192069368,122.711081524258,255501500,"NVDA",-0.0175885594959236,281.987780016672,"Technology"
"NVDA","2025-03-18",115.402809143066,118.991959806764,114.513019405308,117.972203438271,299686900,"NVDA",-0.0343009746640963,272.315324318736,"Technology"
"NVDA","2025-03-19",117.492309570312,120.421619583334,115.652746725563,117.242368468954,273426200,"NVDA",0.0181061487390286,277.245906084768,"Technology"
"NVDA","2025-03-20",118.502067565918,120.17167220516,116.44255543913,116.52253841801,248829700,"NVDA",0.00859424756648592,279.628626038455,"Technology"
"NVDA","2025-03-21",117.672264099121,117.962196683707,115.392802540417,116.912448664618,266498500,"NVDA",-0.00700243872399347,277.670543719146,"Technology"
"NVDA","2025-03-24",121.381401062012,122.191207795834,119.311881404294,119.851755102708,228452500,"NVDA",0.0315209109919585,286.422972212806,"Technology"
"NVDA","2025-03-25",120.661567687988,121.26142480153,118.891980431303,120.521601282415,167447200,"NVDA",-0.00593034326285035,284.724385669218,"Technology"
"NVDA","2025-03-26",113.733200073242,118.811997419048,112.683444404109,118.702030352637,293463300,"NVDA",-0.0574198375464651,268.375557698575,"Technology"
"NVDA","2025-03-27",111.403755187988,114.423040530996,110.633939902295,111.323772199771,236902100,"NVDA",-0.020481661324519,262.878780418013,"Technology"
"NVDA","2025-03-28",109.644165039062,112.843415845064,109.044307896561,111.463736026954,229872500,"NVDA",-0.015794711282008,258.726685979145,"Technology"
"NVDA","2025-03-31",108.354461669922,110.933855622642,103.625580384198,105.10522740759,299212700,"NVDA",-0.011762626571885,255.68338058779,"Technology"
"NVDA","2025-04-01",110.124053955078,110.174037600231,106.444920532037,108.494433045634,222614000,"NVDA",0.0163315128688187,259.859077008203,"Technology"
"NVDA","2025-04-02",110.393981933594,111.953619566223,106.764839949732,107.264722143919,220601200,"NVDA",0.00245112642353081,260.496024458252,"Technology"
"NVDA","2025-04-03",101.776023864746,105.605115903887,101.576066398573,103.485620155637,338769400,"NVDA",-0.0780654698553377,240.160279913471,"Technology"
"NVDA","2025-04-04",94.2877807617188,100.106409427443,92.0883020712074,98.8867032324927,532273800,"NVDA",-0.0735757088818752,222.490317073568,"Technology"
"NVDA","2025-04-07",97.6169891357422,101.726021166022,86.599589511545,87.4393878923572,611041300,"NVDA",0.0353090119114895,230.34623032931,"Technology"
"NVDA","2025-04-08",96.2773132324219,105.82505852328,94.4377427994698,103.785538264562,476243400,"NVDA",-0.0137237986459244,227.185005045422,"Technology"
"NVDA","2025-04-09",114.303070068359,115.072885329754,97.507024452867,98.8667046992448,612918300,"NVDA",0.187227460247273,269.720276546341,"Technology"
"NVDA","2025-04-10",107.544654846191,110.833880596009,99.1266405350102,109.344233794528,437812400,"NVDA",-0.0591271539611847,253.772484228532,"Technology"
"NVDA","2025-04-11",110.903869628906,111.523726327611,107.454685362113,108.474441734721,313417300,"NVDA",0.031235534555568,261.699203428905,"Technology"
"NVDA","2025-04-14",110.683921813965,114.263080390779,109.044308719214,114.083122483912,264705000,"NVDA",-0.00198322940107834,261.180193874426,"Technology"
"NVDA","2025-04-15",112.173561096191,113.593232321766,110.473964690454,110.943855172449,228966900,"NVDA",0.0134584974747309,264.695286854134,"Technology"
"NVDA","2025-04-16",104.465385437012,106.764846727282,100.426336136267,104.525376490888,397016900,"NVDA",-0.0687165102351502,246.506350465826,"Technology"
"NVDA","2025-04-17",101.466079711914,104.445380771337,100.026424263537,104.425381213284,292517500,"NVDA",-0.0287110004194271,239.42890653421,"Technology"
"NVDA","2025-04-21",96.8871765136719,99.4165793518327,95.0176142461804,98.7467313733384,288501100,"NVDA",-0.0451274279172189,228.624095813289,"Technology"
"NVDA","2025-04-22",98.86669921875,99.7864806204317,97.2570779520085,98.7567245264188,241004800,"NVDA",0.0204312147005212,233.295163800563,"Technology"
"NVDA","2025-04-23",102.68579864502,104.775310167412,101.99595878138,104.495369733584,247526000,"NVDA",0.0386287744655001,242.307070066907,"Technology"
"NVDA","2025-04-24",106.404914855957,106.51488953927,103.085697681884,103.455613219172,220815000,"NVDA",0.0362184085824207,251.083046532999,"Technology"
"NVDA","2025-04-25",110.983856201172,111.893637904577,105.705101008061,106.824832335329,251064700,"NVDA",0.0430331752195232,261.887947269106,"Technology"
"NVDA","2025-04-28",108.704391479492,110.344004559363,105.995023120795,109.664164431544,207708500,"NVDA",-0.0205387053550192,256.509107884115,"Technology"
"NVDA","2025-04-29",108.99430847168,110.174030735661,107.414686561004,107.644628095093,170444300,"NVDA",0.00266702189526717,257.193223291177,"Technology"
"NVDA","2025-04-30",108.894332885742,108.894332885742,104.055477016809,104.445384509239,235044600,"NVDA",-0.000917255105696431,256.957311493963,"Technology"
"NVDA","2025-05-01",111.583702087402,114.912919274347,111.27377757314,113.053356933581,236121500,"NVDA",0.0246970538355011,263.303400049355,"Technology"
"NVDA","2025-05-02",114.473030090332,115.372819625295,113.343299002188,114.153105769856,190194800,"NVDA",0.0258938173665049,270.121330202212,"Technology"
"NVDA","2025-05-05",113.793182373047,114.642980577596,112.63345964895,112.88340074603,133163200,"NVDA",-0.00593893353525001,268.517097575688,"Technology"
"NVDA","2025-05-06",113.513259887695,114.712974211739,110.79389928376,111.453747501302,158525600,"NVDA",-0.00245992316511455,267.856566147132,"Technology"
"NVDA","2025-05-07",117.032424926758,117.652281636198,112.253552041441,113.02337494499,206758800,"NVDA",0.0310022374702673,276.160719018796,"Technology"
"NVDA","2025-05-08",117.342353820801,118.652042782441,115.822707616708,118.222143772709,198428100,"NVDA",0.00264823098587362,276.892056391983,"Technology"
"NVDA","2025-05-09",116.622520446777,118.202150051902,115.182857249439,117.322352485707,132972200,"NVDA",-0.00613447191559435,275.193469848395,"Technology"
"NVDA","2025-05-12",122.97102355957,122.97102355957,120.251663118976,121.941267428227,225023300,"NVDA",0.054436339469187,290.173994992766,"Technology"
"NVDA","2025-05-13",129.899383544922,131.189088187415,124.44067836401,124.950560353061,330430100,"NVDA",0.0563414029159096,306.522804960372,"Technology"
"NVDA","2025-05-14",135.30810546875,135.408088007306,131.648964232391,133.168610338318,281180800,"NVDA",0.0416377797663503,319.285734006676,"Technology"
"NVDA","2025-05-15",134.798248291016,136.267903314715,132.628761173934,134.25836692241,226632600,"NVDA",-0.00376811999523657,318.082627048172,"Technology"
"NVDA","2025-05-16",135.368103027344,136.317891477238,133.428572771463,136.18791721458,226542500,"NVDA",0.00422746395856619,319.427309889864,"Technology"
"NVDA","2025-05-19",135.538055419922,135.837972510075,132.358796967565,132.358796967565,193154600,"NVDA",0.00125548329907375,319.828345542699,"Technology"
"NVDA","2025-05-20",134.348342895508,134.548292721406,132.58874781514,134.258352506939,161514200,"NVDA",-0.00877770099864657,317.020987954633,"Technology"
"NVDA","2025-05-21",131.768951416016,137.367622921806,130.559229775645,133.0286490724,270608700,"NVDA",-0.0191992801987767,310.934413177999,"Technology"
"NVDA","2025-05-22",132.798706054688,134.218369661075,131.519008853009,132.198841317253,187344000,"NVDA",0.00781485036957436,313.364319091737,"Technology"
"NVDA","2025-05-23",131.259063720703,132.648735651449,129.129575883996,129.96937433383,198821300,"NVDA",-0.0115938052389632,309.731234207347,"Technology"
"NVDA","2025-05-27",135.468063354492,135.62802930457,133.278577085275,134.118375440396,192953600,"NVDA",0.0320663542347452,319.663185681004,"Technology"
"NVDA","2025-05-28",134.778244018555,137.217671734669,134.758244457958,135.997957876612,304021100,"NVDA",-0.00509211779408394,318.035423085085,"Technology"
"NVDA","2025-05-29",139.157211303711,143.456201337366,137.877514073487,142.216487971439,369241900,"NVDA",0.032490164247528,328.368446217651,"Technology"
"NVDA","2025-05-30",135.098175048828,139.587107667288,132.88868890141,138.687325764109,333170900,"NVDA",-0.0291687093816788,318.790362439815,"Technology"
"NVDA","2025-06-02",137.347640991211,138.087456899171,135.368096454575,135.458086846381,197663100,"NVDA",0.0166506019905139,324.098413883212,"Technology"
"NVDA","2025-06-03",141.186721801758,141.96653676923,137.917488127238,138.74729436292,225578800,"NVDA",0.0279515598727505,333.157470103532,"Technology"
"NVDA","2025-06-04",141.886566162109,142.356456664914,139.507121935586,142.15650682983,167120800,"NVDA",0.0049568709537305,334.808888690107,"Technology"
"NVDA","2025-06-05",139.95703125,143.966081214163,138.797300823417,142.136510434776,231397900,"NVDA",-0.0135991374257717,330.25577660144,"Technology"
"NVDA","2025-06-06",141.686599731445,143.236237468429,141.476642513323,142.476406826836,153986200,"NVDA",0.0123578534497195,334.337029089604,"Technology"
"NVDA","2025-06-09",142.596405029297,144.965841838372,141.9065651342,143.15627066729,185114500,"NVDA",0.00642125154796586,336.483891255188,"Technology"
"NVDA","2025-06-10",143.926086425781,144.255995245622,141.496651056961,142.656381395532,155881900,"NVDA",0.00932478905208857,339.621532560568,"Technology"
"NVDA","2025-06-11",142.806259155273,144.9659037593,141.846412023622,144.585962044818,167694000,"NVDA",-0.00778057194715203,336.979082791679,"Technology"
"NVDA","2025-06-12",144.97590637207,144.97590637207,141.826435887868,141.946411066313,162365000,"NVDA",0.0151929420295074,342.098786461689,"Technology"
"NVDA","2025-06-13",141.946411132812,143.556144221465,140.826602116794,142.456320897695,180820600,"NVDA",-0.0208965428468012,334.950104512554,"Technology"
"NVDA","2025-06-16",144.665954589844,146.155697183999,143.176196739435,143.3261809628,183133700,"NVDA",0.0191589448111281,341.367395079391,"Technology"
"NVDA","2025-06-17",144.096038818359,145.195862073722,143.756098996248,144.465987689483,139108000,"NVDA",-0.0039395293322482,340.022568213403,"Technology"
"NVDA","2025-06-18",145.455810546875,145.62578045464,143.096202272534,143.986053705098,161494100,"NVDA",0.00943656563821084,343.231213496822,"Technology"
"NVDA","2025-06-20",143.826095581055,146.175695813988,142.626282838171,145.425820477812,242956200,"NVDA",-0.0112041929414371,339.38558475728,"Technology"
"NVDA","2025-06-23",144.146041870117,144.755941118486,142.006398077788,142.476321199789,154308900,"NVDA",0.00222453573372706,340.140560118084,"Technology"
"NVDA","2025-06-24",147.875396728516,147.935399565199,145.475801973718,145.53578955415,187566100,"NVDA",0.0258720587122245,348.940696659868,"Technology"
"NVDA","2025-06-25",154.284362792969,154.424338925203,149.235198673533,149.245206776285,269146500,"NVDA",0.0433403135764318,364.063895872686,"Technology"
"NVDA","2025-06-26",154.994232177734,156.693946501275,153.974397481109,155.954064034115,198145700,"NVDA",0.00460104557529388,365.738970449915,"Technology"
"NVDA","2025-06-27",157.723785400391,158.68363258214,155.234193691677,156.014062852237,263234500,"NVDA",0.017610676115523,372.179881001333,"Technology"
"NVDA","2025-06-30",157.963760375977,158.6336472456,155.934098817732,158.373680672497,194580300,"NVDA",0.00152148881652027,372.746148528011,"Technology"
"NVDA","2025-07-01",153.274536132812,157.173882143932,151.464839259543,156.264029655919,213143600,"NVDA",-0.0296854432434568,361.681013891665,"Technology"
"NVDA","2025-07-02",157.223861694336,157.573809619368,152.94457434217,152.954567187706,171224100,"NVDA",0.0257663514186162,371.000213997039,"Technology"
"NVDA","2025-07-03",159.313522338867,160.953249246131,157.743791124256,158.343682281789,143716100,"NVDA",0.0132909891794531,375.931173826849,"Technology"
"NVDA","2025-07-07",158.213714599609,159.283528890478,157.31385497697,158.173712701934,140139000,"NVDA",-0.00690341738172401,373.33596402712,"Technology"
"NVDA","2025-07-08",159.973419189453,160.193383861339,158.363686048609,159.303532327348,138133000,"NVDA",0.0111223264955066,377.488328511545,"Technology"
"NVDA","2025-07-09",162.852935791016,164.392673145061,161.133220417989,161.193208005565,183656400,"NVDA",0.017999969095818,384.283106758785,"Technology"
"NVDA","2025-07-10",164.072738647461,164.472666079499,161.583146902699,164.292703311958,167704100,"NVDA",0.00749021103316583,387.161468324889,"Technology"
"NVDA","2025-07-11",164.892593383789,167.862101078866,163.442837381795,163.692795839251,193633300,"NVDA",0.00499689798004607,389.096074683913,"Technology"
"NVDA","2025-07-14",164.042739868164,165.462502041888,161.993077514679,165.34251161092,136975800,"NVDA",-0.00515398234805464,387.090680383295,"Technology"
"NVDA","2025-07-15",170.671630859375,172.371345310456,169.171880122023,171.161554925828,230627400,"NVDA",0.0404095359327598,402.73283514148,"Technology"
"NVDA","2025-07-16",171.341522216797,171.721463962295,168.871931383564,171.031576163892,158831500,"NVDA",0.0039250305047699,404.313573804683,"Technology"
"NVDA","2025-07-17",172.971252441406,174.131063344711,170.801614862921,171.991419560599,160841100,"NVDA",0.00951158950570833,408.159238550299,"Technology"
"NVDA","2025-07-18",172.381362915039,174.221053592767,171.231544799268,173.611154315707,146456400,"NVDA",-0.00341033274628691,406.767279733371,"Technology"
"NVDA","2025-07-21",171.351531982422,173.351199704448,170.971590233236,172.721299490009,123126100,"NVDA",-0.00597414311618337,404.337193789263,"Technology"
"NVDA","2025-07-22",167.002258300781,171.361534798673,164.552668250032,171.311540051463,193114300,"NVDA",-0.0253821698080108,394.07423847681,"Technology"
"NVDA","2025-07-23",170.751617431641,171.231533390321,167.942086856992,169.501825164893,154082200,"NVDA",0.0224509486818229,402.921578981681,"Technology"
"NVDA","2025-07-24",173.711135864258,173.801117247844,171.271538867555,172.411348828412,128984600,"NVDA",0.0173323010178923,409.905137075196,"Technology"
"NVDA","2025-07-25",173.471176147461,174.690974687269,172.931272571339,173.581158483222,122316800,"NVDA",-0.00138137210146611,409.338905554593,"Technology"
"NVDA","2025-07-28",176.720626831055,176.970585284847,173.941090045386,173.991084787395,140023500,"NVDA",0.0187319343522034,417.006615061244,"Technology"
"NVDA","2025-07-29",175.480834960938,179.350202366435,174.990926134421,177.930440118538,154077500,"NVDA",-0.00701554703799479,414.081085538127,"Technology"
"NVDA","2025-07-30",179.240219116211,179.860111223129,176.010744786209,176.480667917664,174312200,"NVDA",0.0214233318191715,422.952082033653,"Technology"
"NVDA","2025-07-31",177.840438842773,183.269544484608,175.900758767399,182.869601797995,221685400,"NVDA",-0.00780952110156677,419.649028824059,"Technology"
"NVDA","2025-08-01",173.691131591797,176.510655017324,170.861600064116,174.061065221409,204529000,"NVDA",-0.0233316296224669,409.857933112109,"Technology"
"NVDA","2025-08-04",179.970092773438,180.170056491935,174.491007554086,175.13090060703,148174600,"NVDA",0.0361501541506289,424.674360573969,"Technology"
"NVDA","2025-08-05",178.230377197266,180.230044903869,175.870768693224,179.590151848006,156407600,"NVDA",-0.00966669266744217,420.569164046558,"Technology"
"NVDA","2025-08-06",179.390182495117,179.87009845788,176.220711110435,176.300699646937,137192300,"NVDA",0.00650733795265376,423.305949729474,"Technology"
"NVDA","2025-08-07",180.739959716797,183.849443435052,178.770285916628,181.539829805476,151878400,"NVDA",0.00752425357344417,426.491011034386,"Technology"
"NVDA","2025-08-08",182.669631958008,183.269538339686,180.370011169914,181.519829192087,123396700,"NVDA",0.0106765114047528,431.04444717772,"Technology"
"NVDA","2025-08-11",182.029739379883,183.809442325268,180.220042640966,182.019746534123,138323200,"NVDA",-0.00350300469358858,429.534496456111,"Technology"
"NVDA","2025-08-12",183.12956237793,184.449335060018,179.43018037103,182.92959866928,145485700,"NVDA",0.00604199622431818,432.129742261913,"Technology"
"NVDA","2025-08-13",181.559814453125,183.939423757797,179.320196525201,182.589642037394,179871700,"NVDA",-0.00857178876212872,428.425617393411,"Technology"
"NVDA","2025-08-14",181.98974609375,182.989579858292,179.430174097522,179.720119176488,129554000,"NVDA",0.00236798898434653,429.44012453601,"Technology"
"NVDA","2025-08-15",180.420013427734,181.869769444893,178.010410211153,181.84978375259,156602200,"NVDA",-0.00862539071408449,425.736035673582,"Technology"
"NVDA","2025-08-18",181.979751586914,182.909604990655,180.559989365951,180.569997468345,132008000,"NVDA",0.00864503959148871,429.416540557504,"Technology"
"NVDA","2025-08-19",175.610809326172,182.469669855369,175.460840357559,182.399674165848,185229200,"NVDA",-0.0349980819580379,414.387785276935,"Technology"
"NVDA","2025-08-20",175.370849609375,175.970756016478,168.771955412509,175.140892097695,215142700,"NVDA",-0.00136642908097522,413.821553756332,"Technology"
"NVDA","2025-08-21",174.950912475586,176.870591523535,173.781108770879,174.820944457009,140040900,"NVDA",-0.00239456634169499,412.830630592239,"Technology"
"NVDA","2025-08-22",177.960433959961,178.560325121286,171.1715535175,172.581322919432,172789400,"NVDA",0.0172020908138731,419.932180590435,"Technology"
"NVDA","2025-08-25",179.780120849609,181.879778022186,176.540668962638,178.320371982488,163012800,"NVDA",0.0102252329304718,424.226084951973,"Technology"
"NVDA","2025-08-26",181.739791870117,182.359683936518,178.780277145641,180.030069380322,168688200,"NVDA",0.0109003765891732,428.8503090369,"Technology"
"NVDA","2025-08-27",181.56982421875,182.459675690678,179.070239718251,181.949750688574,235518900,"NVDA",-0.000935225299964342,428.449237377991,"Technology"
"NVDA","2025-08-28",180.140060424805,184.439348971415,176.380690693207,180.789961572041,281787800,"NVDA",-0.00787445711365989,425.075432232878,"Technology"
"NVDA","2025-08-29",174.15104675293,178.120388223065,173.12121914292,178.080401583175,243257900,"NVDA",-0.0332464286830578,410.943192190228,"Technology"
"NVDA","2025-09-02",170.751617431641,172.351357635579,167.192211496944,169.97174827769,231164900,"NVDA",-0.0195200051028799,402.921578981681,"Technology"
"NVDA","2025-09-03",170.591659545898,172.381370816666,168.851958278929,171.031588914272,164424900,"NVDA",-0.000936786943211391,402.544127307353,"Technology"
"NVDA","2025-09-04",171.631484985352,171.831448707168,169.381858788342,170.541669733635,141670100,"NVDA",0.00609540608386751,404.997797229967,"Technology"
"NVDA","2025-09-05",166.992263793945,169.001924459277,164.042756812922,168.002090550032,224441400,"NVDA",-0.0270301290686974,394.050654498303,"Technology"
"NVDA","2025-09-08",168.282028198242,170.931596981214,167.322196272291,167.52215998551,163769100,"NVDA",0.00772349793334341,397.094103913953,"Technology"
"NVDA","2025-09-09",170.73161315918,170.951577814344,166.712292292085,169.061892554067,157548400,"NVDA",0.014556426417988,402.874375018593,"Technology"
"NVDA","2025-09-10",177.300537109375,179.260202897041,175.4408455522,176.610649317096,226852000,"NVDA",0.0384751472128999,418.375025905739,"Technology"
"NVDA","2025-09-11",177.15055847168,180.260217842143,176.460631739698,179.660277573346,151159300,"NVDA",-0.000845900639335301,418.021122203843,"Technology"
"NVDA","2025-09-12",177.800476074219,178.580389180641,176.430616176333,177.750478514656,124911000,"NVDA",0.00366873019281484,419.554728916107,"Technology"
"NVDA","2025-09-15",177.730484008789,178.830369337568,174.490834250751,175.650710550716,147061600,"NVDA",-0.000393655106977728,419.389569054412,"Technology"
"NVDA","2025-09-16",174.860809326172,177.480516861799,174.360864208251,176.980571743879,140737800,"NVDA",-0.0161462154262477,412.618014724939,"Technology"
"NVDA","2025-09-17",170.271301269531,173.180985512773,168.391518004065,172.621049422757,211843800,"NVDA",-0.0262466362492908,401.788179782549,"Technology"
"NVDA","2025-09-18",176.220657348633,177.080563545596,172.941018657219,173.960895693506,191763300,"NVDA",0.034940451119734,415.826840038728,"Technology"
"NVDA","2025-09-19",176.650588989258,178.060437746659,175.160747189899,175.750693967191,237182100,"NVDA",0.00243973463210064,416.841347181327,"Technology"
"NVDA","2025-09-22",183.58984375,184.529742997147,174.690826902334,175.28075846993,269637000,"NVDA",0.0392823754534108,433.21586548581,"Technology"
"NVDA","2025-09-23",178.410400390625,182.39996776616,176.19065819153,181.950020229277,192559600,"NVDA",-0.0282120364263069,420.99396370827,"Technology"
"NVDA","2025-09-24",176.950561523438,179.760250411062,175.380726660466,179.750257002097,143564100,"NVDA",-0.0081824762681504,417.549190591192,"Technology"
"NVDA","2025-09-25",177.670501708984,180.240211728565,173.111004590995,174.460847279889,191586700,"NVDA",0.00406859508864298,419.248029177299,"Technology"
"NVDA","2025-09-26",178.170440673828,179.750269051669,174.91078879334,178.150438597444,148573700,"NVDA",0.00281385463560308,420.427732187667,"Technology"
"NVDA","2025-09-29",181.830047607422,183.979805536662,180.300216749344,180.410190029737,193063500,"NVDA",0.0205399218846481,429.063284964941,"Technology"
"NVDA","2025-09-30",186.559509277344,187.329428978287,181.460063320403,182.06000352373,236981000,"NVDA",0.0260103417017905,440.223367618572,"Technology"
"NVDA","2025-10-01",187.219451904297,188.119347007233,183.879806945211,185.219671447004,173844900,"NVDA",0.00353743762250167,441.78063032149,"Technology"
"NVDA","2025-10-02",188.869262695312,191.029029228215,188.039351983398,189.579191463326,136805800,"NVDA",0.00881217616136905,445.673679060564,"Technology"
"NVDA","2025-10-03",187.599395751953,190.339100411649,185.359651452863,189.169230700332,137596900,"NVDA",-0.00672352359106706,442.677181565482,"Technology"
"NVDA","2025-10-06",185.519622802734,187.20943969834,183.309873983184,185.479633907475,157678100,"NVDA",-0.0110862454587469,437.769553671661,"Technology"
"NVDA","2025-10-07",185.019683837891,189.039246886445,183.979804698378,186.209555668111,140088000,"NVDA",-0.0026948036940294,436.589850661293,"Technology"
"NVDA","2025-10-08",189.089233398438,189.579185081396,186.519508300894,186.549519042973,130168900,"NVDA",0.0219952249194875,446.192742624154,"Technology"
"NVDA","2025-10-09",192.548858642578,195.278554552865,191.039014711271,192.208884387108,182997200,"NVDA",0.018296257179544,454.356399794851,"Technology"
"NVDA","2025-10-10",183.139892578125,195.598515918279,182.030013846541,193.488746987325,268774400,"NVDA",-0.0488653432213725,432.154118374049,"Technology"
"NVDA","2025-10-13",188.299331665039,190.089128427756,185.939590159224,187.949363988704,153482800,"NVDA",0.0281721203080488,444.328816188501,"Technology"
"NVDA","2025-10-14",180.010223388672,184.779703700135,179.68025780666,184.749708216053,205641400,"NVDA",-0.0440209118273052,424.769056548736,"Technology"
"NVDA","2025-10-15",179.810256958008,184.849696865802,177.270527299511,184.779712485322,214450500,"NVDA",-0.0011108615216387,424.297196948233,"Technology"
"NVDA","2025-10-16",181.7900390625,183.259878911364,179.750269720037,182.209991125445,179723300,"NVDA",0.0110103958360648,428.968877038766,"Technology"
"NVDA","2025-10-17",183.199890136719,184.079798426081,179.730269799574,180.160215277348,173135200,"NVDA",0.00775538132611347,432.295694257237,"Technology"
"NVDA","2025-10-20",182.61994934082,185.179665865269,181.710045578064,183.109901041638,128544700,"NVDA",-0.00316561759652606,430.927211400593,"Technology"
"NVDA","2025-10-21",181.140106201172,182.769916797517,179.780254964625,182.769916797517,124240200,"NVDA",-0.00810340351637396,427.435234320429,"Technology"
"NVDA","2025-10-22",180.260208129883,183.419864895359,176.740590273946,181.120114331699,162249600,"NVDA",-0.00485755523579002,425.358944059994,"Technology"
"NVDA","2025-10-23",182.139999389648,183.009898966547,179.770249281197,180.400184978738,111363700,"NVDA",0.0104282097489379,429.794676347239,"Technology"
"NVDA","2025-10-24",186.239532470703,187.449406256396,183.479841169649,183.819800156431,131296700,"NVDA",0.0225075935807194,439.468320245619,"Technology"
"NVDA","2025-10-27",191.468978881836,191.978917388588,188.40930206998,189.969143589738,153452700,"NVDA",0.0280791427134593,451.80821392784,"Technology"
"NVDA","2025-10-28",201.007934570312,203.127697005733,191.888940425514,193.028814693614,297986200,"NVDA",0.0498198493781255,474.317231093525,"Technology"
"NVDA","2025-10-29",207.017272949219,212.166716948257,204.757526451648,207.95717223581,308829600,"NVDA",0.0298960257054141,488.497431226818,"Technology"
"NVDA","2025-10-30",202.867721557617,206.137366775388,201.38788833733,205.127467911374,178864400,"NVDA",-0.0200444693937179,478.705759417682,"Technology"
"NVDA","2025-10-31",202.4677734375,207.94716749796,202.04782138156,206.427330111858,179802200,"NVDA",-0.001971472430638,477.762004210602,"Technology"
"NVDA","2025-11-03",206.857284545898,211.316786188012,205.537422189828,208.057149705982,180267300,"NVDA",0.0216800483053341,488.119907540342,"Technology"
"NVDA","2025-11-04",198.668182373047,203.947601304677,197.908256071435,202.977706609177,188919300,"NVDA",-0.0395881739955574,468.796131709939,"Technology"
"NVDA","2025-11-05",195.188583374023,202.897728695392,194.628632015298,198.748190240363,171350300,"NVDA",-0.0175146264362034,460.585342588302,"Technology"
"NVDA","2025-11-06",188.059356689453,197.598302790822,186.359546346259,196.398437563692,223029800,"NVDA",-0.0365248139073235,443.762548661824,"Technology"
"NVDA","2025-11-07",188.129348754883,188.299343527547,178.890372397271,184.879705367758,264942300,"NVDA",0.000372180712844121,443.927708523518,"Technology"
"NVDA","2025-11-10",199.02815246582,199.918054156359,193.768720114381,195.088582535646,198897100,"NVDA",0.0579325011385531,469.645551002992,"Technology"
"NVDA","2025-11-11",193.138793945312,195.398540295995,191.278997570235,195.138574337564,176483300,"NVDA",-0.0295905802648658,455.748466630001,"Technology"
"NVDA","2025-11-12",193.778732299805,195.868499247639,191.109027179713,195.698519737046,154935300,"NVDA",0.00331336000096069,457.258525369832,"Technology"
"NVDA","2025-11-13",186.839477539062,191.418976342697,183.829813623748,191.029019787177,207423100,"NVDA",-0.0358101979427037,440.88400706535,"Technology"
"NVDA","2025-11-14",190.149124145508,190.98902828114,180.56018045425,182.839928969318,186591900,"NVDA",0.0177138506810123,448.693760534152,"Technology"
"NVDA","2025-11-17",186.579513549805,188.979243877145,184.299765161697,185.949577854605,173628900,"NVDA",-0.0187726901806371,440.270571581659,"Technology"
"NVDA","2025-11-18",181.340087890625,184.779712631302,179.630268929759,183.359870373393,213598900,"NVDA",-0.0280814627474152,427.907129927005,"Technology"
"NVDA","2025-11-19",186.49951171875,187.839360834111,182.809914690015,184.769690805027,247246400,"NVDA",0.0284516451278931,440.081791735384,"Technology"
"NVDA","2025-11-20",180.620162963867,195.978476863008,179.830256428417,195.928479302181,343504800,"NVDA",-0.0315247407389953,426.208327346973,"Technology"
"NVDA","2025-11-21",178.860366821289,184.539735927959,172.911007827041,181.220108342665,346926200,"NVDA",-0.00974307692840566,422.055746826105,"Technology"
"NVDA","2025-11-24",182.529968261719,183.479860948175,176.460627118383,179.470306536637,256618300,"NVDA",0.0205165711423159,430.714883581886,"Technology"
"NVDA","2025-11-25",177.800476074219,178.140435067867,169.531380155792,174.890792038736,320600300,"NVDA",-0.0259107708862287,419.554728916107,"Technology"
"NVDA","2025-11-26",180.240203857422,182.889922069592,178.220436617275,181.610063820684,183852000,"NVDA",0.0137217168202897,425.311740096907,"Technology"
"NVDA","2025-11-28",176.980560302734,179.270302081657,176.480615217133,178.990334054289,121332800,"NVDA",-0.0180849970479729,417.619978532786,"Technology"
"NVDA","2025-12-01",179.900253295898,180.280216476019,173.660932596629,174.740815905567,188131000,"NVDA",0.0164972525127606,424.509560773015,"Technology"
"NVDA","2025-12-02",181.440078735352,185.63961443899,179.980232359748,181.740033583594,182632200,"NVDA",0.00855932891278609,428.143077730294,"Technology"
"NVDA","2025-12-03",179.570281982422,182.429968638378,179.090338946049,181.060123911364,165138000,"NVDA",-0.0103053127289311,423.730929421556,"Technology"
"NVDA","2025-12-04",183.370086669922,184.510024402049,179.950273473542,181.610172095436,167364900,"NVDA",0.0211605430784586,432.697306007256,"Technology"
"NVDA","2025-12-05",182.400131225586,184.650009450564,180.900212408934,183.880046852453,143971100,"NVDA",-0.00528960563825179,430.408507897744,"Technology"
"NVDA","2025-12-08",185.539962768555,187.989827145184,182.390124063206,182.630116569449,204378100,"NVDA",0.0172139763380187,437.817549768378,"Technology"
"NVDA","2025-12-09",184.959991455078,185.709950868366,183.31008684903,185.549955864953,144719700,"NVDA",-0.00312585658001898,436.448994899586,"Technology"
"NVDA","2025-12-10",183.770050048828,185.469954969583,182.03013874897,184.959988070746,162785400,"NVDA",-0.00643350703516336,433.64109722041,"Technology"
"NVDA","2025-12-11",180.920196533203,181.31019006497,176.610432331998,180.270237829518,182136600,"NVDA",-0.0155077147493174,426.916314781135,"Technology"
"NVDA","2025-12-12",175.010528564453,182.810109318476,174.610541065961,181.100195185593,204274900,"NVDA",-0.0326645011557095,412.971306323575,"Technology"
"NVDA","2025-12-15",176.280456542969,178.410346199108,175.020530197937,177.930376437852,164775600,"NVDA",0.007256294743707,415.967947842953,"Technology"
"NVDA","2025-12-16",177.710388183594,178.480350805821,174.890533396146,176.250460442823,148588100,"NVDA",0.00811168559843417,419.342149054881,"Technology"
"NVDA","2025-12-17",170.930755615234,176.120477308719,170.300784811897,176.090480152176,222775500,"NVDA",-0.0381498945427731,403.344290291097,"Technology"
"NVDA","2025-12-18",174.130569458008,176.140455120748,171.810703023488,174.520547728628,176096000,"NVDA",0.0187199420680982,410.894872038845,"Technology"
"NVDA","2025-12-19",180.980209350586,181.440175908478,176.330451878562,176.660435848161,324925900,"NVDA",0.039336228635202,427.057926670397,"Technology"
"NVDA","2025-12-22",183.680053710938,184.15002947617,182.340129947832,183.910036981808,129064400,"NVDA",0.0149178983162825,433.428733395628,"Technology"
"NVDA","2025-12-23",189.199768066406,189.319756690345,182.890096700291,182.960100236231,174873600,"NVDA",0.030050700900574,446.453570624615,"Technology"
"NVDA","2025-12-24",188.599792480469,188.899779295176,186.579897536601,187.929830573802,65528500,"NVDA",-0.00317112220627521,445.037811792736,"Technology"
"NVDA","2025-12-26",190.519683837891,192.679570561401,187.989822028044,189.909716251843,139740300,"NVDA",0.0101797108690917,449.5681680426,"Technology"
"NVDA","2025-12-29",188.209808349609,188.749772392931,185.899935886687,187.69984146103,120006100,"NVDA",-0.0121240778997234,444.117568552015,"Technology"
"NVDA","2025-12-30",187.529846191406,188.979779943645,186.919878585929,188.229820523369,97687300,"NVDA",-0.00361278811219052,442.513065879935,"Technology"
"NVDA","2025-12-31",186.48991394043,190.549691931317,186.479919974104,189.559755236355,120100500,"NVDA",-0.00554542261990198,440.059143914803,"Technology"
"NVDA","2026-01-02",188.839782714844,192.919548417175,188.249803058422,189.829719356131,148240500,"NVDA",0.0126005140158126,445.604115325488,"Technology"
"NVDA","2026-01-05",188.109817504883,193.61952916959,186.139922864603,191.749619964361,183529700,"NVDA",-0.00386552663568363,443.881620748727,"Technology"
"NVDA","2026-01-06",187.229873657227,192.159599563752,186.809898215009,190.509694950898,176862600,"NVDA",-0.00467781989971581,441.80522247007,"Technology"
"NVDA","2026-01-07",189.099761962891,191.359634110851,186.549896971427,188.559797912657,153543200,"NVDA",0.00998712582099683,446.217586815252,"Technology"
"NVDA","2026-01-08",185.029983520508,189.539749316492,183.700068894061,189.099770677082,172457000,"NVDA",-0.021521859150629,436.614154761281,"Technology"
"NVDA","2026-01-09",184.849990844727,186.329906433727,183.660052839356,185.069980152844,131327500,"NVDA",-0.000972775721840242,436.189427111717,"Technology"
"NVDA","2026-01-12",184.929992675781,187.109867360779,183.010098425574,183.210084549103,137968500,"NVDA",0.000432793264901424,436.378206957993,"Technology"
"NVDA","2026-01-13",185.799942016602,188.099820598322,183.390068777469,184.989988292918,160128900,"NVDA",0.00470420902652338,438.431021258142,"Technology"
"NVDA","2026-01-14",183.130081176758,184.450017014061,180.79021156477,184.310025206283,159586100,"NVDA",-0.014369546141221,432.130966468431,"Technology"
"NVDA","2026-01-15",187.039886474609,189.689737046489,186.319924195087,186.489913169701,206188600,"NVDA",0.0213498802202671,441.356910842,"Technology"
"NVDA","2026-01-16",186.219909667969,190.429688371421,186.069923895027,189.069761417556,187967200,"NVDA",-0.00438396762367548,439.422016434383,"Technology"
"NVDA","2026-01-20",178.060363769531,182.370127916009,177.600381967776,181.890142925144,223345300,"NVDA",-0.0438167213859464,420.167984369427,"Technology"
"NVDA","2026-01-21",183.310089111328,185.369975217306,178.390341872436,179.040315860085,200381000,"NVDA",0.029482840710085,432.555730124068,"Technology"
"NVDA","2026-01-22",184.829986572266,186.15991637883,183.920032190201,184.739995108008,139636600,"NVDA",0.00829140102602009,436.14222314863,"Technology"
"NVDA","2026-01-23",187.65983581543,189.589739239833,186.809890997812,187.489846851906,142748100,"NVDA",0.0153105526632587,442.819801624818,"Technology"
"NVDA","2026-01-26",186.459915161133,189.109765720908,185.979945396298,187.149880280687,124799600,"NVDA",-0.00639412610100033,439.988355973209,"Technology"
"NVDA","2026-01-27",188.509796142578,189.989711730141,185.68994151834,187.229866673665,143711600,"NVDA",0.0109936818306169,444.825447967954,"Technology"
"NVDA","2026-01-28",191.509643554688,192.339600484873,189.829726504034,191.259657079016,148552700,"NVDA",0.0159134828719483,451.904170115199,"Technology"
"NVDA","2026-01-29",192.499572753906,193.469521462463,186.049924983767,191.329637924175,171764400,"NVDA",0.00516908277225249,454.240100175651,"Technology"
"NVDA","2026-01-30",191.119659423828,194.479478164522,189.459745614172,191.199656924555,179489500,"NVDA",-0.00716839684544247,450.983926874478,"Technology"
"NVDA","2026-02-02",185.599960327148,190.289709070195,184.870004087589,187.18987065667,165794100,"NVDA",-0.0288808546086783,437.959125651566,"Technology"
"NVDA","2026-02-03",180.330230712891,186.259917530488,176.220452663954,186.229920375661,204019600,"NVDA",-0.028392945801115,425.524175933837,"Technology"
"NVDA","2026-02-04",174.180572509766,179.570280106974,171.900697160243,179.45029148583,207014100,"NVDA",-0.0341022033788448,411.012863943526,"Technology"
"NVDA","2026-02-05",171.870697021484,176.81043194569,171.020736948564,174.920519647694,206312900,"NVDA",-0.0132613841773413,405.562264452942,"Technology"
"NVDA","2026-02-06",185.399963378906,186.989873615652,174.590551201008,176.68043436186,231346200,"NVDA",0.0787177022720207,437.487194038915,"Technology"
"NVDA","2026-02-09",190.029708862305,193.649523333618,183.940042097692,184.250022880099,196387400,"NVDA",0.0249716634190295,448.41197699859,"Technology"
"NVDA","2026-02-10",188.52978515625,192.469574273915,188.109809727286,191.369642986046,136764800,"NVDA",-0.00789310111052967,444.872615924968,"Technology"
"NVDA","2026-02-11",190.03971862793,193.249536376551,188.759789114877,192.439582650412,144192700,"NVDA",0.00800899163189669,448.435596983171,"Technology"
"NVDA","2026-02-12",186.929885864258,193.599523074873,186.4999012003,193.019552631607,189932500,"NVDA",-0.0163641200172501,441.097343054131,"Technology"
"NVDA","2026-02-13",182.800109863281,187.489858635218,181.580174629124,187.469855444733,161888000,"NVDA",-0.0220926471007181,431.352335116972,"Technology"
"NVDA","2026-02-17",184.959991455078,187.139866159212,179.170296240037,181.740164486726,162276900,"NVDA",0.0118155377117239,436.448994899586,"Technology"
"NVDA","2026-02-18",187.969818115234,190.359688105544,186.749882947833,188.739780698127,164749100,"NVDA",0.0162728525043604,443.551265019264,"Technology"
"NVDA","2026-02-19",187.889831542969,188.419801657896,185.649962455871,187.049880635307,126554500,"NVDA",-0.000425528805994745,443.362521179063,"Technology"
"NVDA","2026-02-20",189.80973815918,190.319705075574,185.929943182641,186.559913982513,178422300,"NVDA",0.0102182571587003,447.892913435,"Technology"
"NVDA","2026-02-23",191.539642333984,193.939506417579,189.569747668365,191.389641292532,171584800,"NVDA",0.00911388525995406,451.974958056793,"Technology"
"NVDA","2026-02-24",192.839569091797,193.759517470587,187.389851838561,191.479642084462,175123600,"NVDA",0.00678672436667622,455.042387517765,"Technology"
"NVDA","2026-02-25",195.549407958984,197.619303192034,193.779499532488,194.439467455312,250637100,"NVDA",0.0140522968390245,461.436778221503,"Technology"
"NVDA","2026-02-26",184.879989624023,194.279474613936,184.310028417413,194.25948668245,360807900,"NVDA",-0.0545612407949545,436.260215053311,"Technology"
"NVDA","2026-02-27",177.180419921875,182.580121784123,176.370466168334,181.240197913871,311636500,"NVDA",-0.0416463118469796,418.091586090771,"Technology"
"NVDA","2026-03-02",182.470123291016,183.450081257306,174.630551108474,175.00052620838,209095300,"NVDA",0.0298548980269549,430.573667759439,"Technology"
"NVDA","2026-03-03",180.040252685547,180.89019750016,176.910417303947,178.480339606527,178099400,"NVDA",-0.0133165395059959,424.839916502478,"Technology"
"NVDA","2026-03-04",183.030090332031,184.690004183494,180.050255830246,180.430240153776,177731200,"NVDA",0.0166064955024604,431.895018665143,"Technology"
"NVDA","2026-03-05",183.330078125,184.050040395526,177.870382041138,181.160197347264,198779700,"NVDA",0.00163900805831734,432.602898081082,"Technology"
"NVDA","2026-03-06",177.81037902832,182.750098728897,176.810433174623,179.830258667056,189021900,"NVDA",-0.0301079842060406,419.578096858169,"Technology"
"NVDA","2026-03-09",182.640106201172,182.900101891257,175.550493677822,176.820429199034,177213600,"NVDA",0.0271622342815113,430.974775424421,"Technology"
"NVDA","2026-03-10",184.760009765625,186.429917601682,182.000149293369,182.390127587323,179118500,"NVDA",0.0116069991884374,435.97709929301,"Technology"
"NVDA","2026-03-11",186.029998779297,187.619995117188,184.449996948242,185.910003662109,145280400,"NVDA",0.00687372237792639,438.973884836684,"Technology"
"NVDA","2026-03-12",183.139999389648,184.940002441406,181.75,184.050003051758,155762700,"NVDA",-0.0155351255636844,432.154370416567,"Technology"
"NVDA","2026-03-13",180.25,186.089996337891,179.940002441406,184.919998168945,160988400,"NVDA",-0.0157802741033087,425.334855996451,"Technology"
"NVDA","2026-03-16",183.220001220703,188.880004882812,181.410003662109,182.970001220703,217307400,"NVDA",0.0164771218901699,432.343150262842,"Technology"
"NVDA","2026-03-17",181.929992675781,185.399993896484,181.679992675781,185.059997558594,182497800,"NVDA",-0.00704076266961682,429.299124750007,"Technology"
"NVDA","2026-03-18",180.399993896484,183.380004882812,180.330001831055,182.479995727539,156683100,"NVDA",-0.00840982158463281,425.688795704421,"Technology"
"NVDA","2026-03-19",178.559997558594,179.979995727539,175.789993286133,178.009994506836,170968500,"NVDA",-0.0101995365861622,421.346967258314,"Technology"
"NVDA","2026-03-20",172.699996948242,178.259994506836,171.720001220703,178,241323500,"NVDA",-0.0328181042253242,407.519158571806,"Technology"
"NVDA","2026-03-23",175.639999389648,178.369995117188,174.759994506836,177.259994506836,182836300,"NVDA",0.0170237550281333,414.456664896604,"Technology"
"NVDA","2026-03-24",175.199996948242,176.220001220703,173.979995727539,174.830001831055,147667800,"NVDA",-0.00250513802627684,413.418393745128,"Technology"
"NVDA","2026-03-25",178.679992675781,181.220001220703,176.850006103516,177.100006103516,162602100,"NVDA",0.0198629896584252,421.63011902469,"Technology"
"NVDA","2026-03-26",171.240005493164,176.509994506836,171.139999389648,176.070007324219,185384200,"NVDA",-0.0416386136533888,404.074025393989,"Technology"
"NVDA","2026-03-27",169.315002441406,170.970001220703,167.550003051758,169.990005493164,89300636,"NVDA",-0.0112415498131636,399.531607109316,"Technology"
